00003093
00003326
00003945
00005589
00006696
00006934
00010044
00010108
00010532
00015036
00016289
00016854
00017753
00019759
00020338
00022914
00025816
00026190
00026710
00028457
00030838
00031243
00032325
00032565
00033259
00034071
00038631
00038679
00038772
00040895
00042215
00044591
00044782
00048357
00049194
00050070
00050108
00053622
00053740
00055860
00056038
00056297
00056914
00056987
00057626
00059211
00059458
00059546
00059563
00060524
00061086
00061347
00063918
00066226
00068639
00069111
00071306
00071620
00074679
00075099
00075198
00075383
00076107
00076238
00076275
00079131
00082474
00082890
00083099
00084099
00085240
00085975
00086123
00086344
00087204
00087877
00087988
00088262
00089075
00089400
00089616
00090299
00092279
00092305
00092577
00092879
00093202
00093279
00093303
00093329
00093722
00093839
00094180
00095716
00095968
00096040
00096906
00096952
00096955
00097352
00097567
00097602
00098468
00099034
00099535
00099745
00100088
00100355
00100429
00100513
00100620
00101961
00101982
00102322
00102365
00103068
00103080
00103118
00103989
00105101
00105436
00105572
00105720
00106290
00106565
00106946
00107083
00107899
00107981
00108519
00108664
00109402
00109542
00109554
00110745
00111064
00112252
00113597
00113858
00114015
00114150
00114230
00114862
00114966
00115598
00115975
00116198
00116212
00116542
00117558
00117659
00117855
00118208
00118275
00118946
00119815
00119952
00119993
00120274
00121262
00121803
00121991
00122109
00122482
00122748
00122832
00123214
00123552
00124179
00124424
00124475
00124491
00124653
00125333
00125661
00125932
00125943
00126139
00126862
00127096
00127112
00127424
00127898
00128070
00128101
00128153
00128346
00128438
00128486
00128505
00129145
00129331
00129567
00130339
00130355
00130423
00150033
00150047
00150085
00150412
00152136
00152538
00153007
00153175
00153424
00155593
00156856
00156878
00156991
00157336
00158415
00158525
00158623
00158705
00158973
00159949
00162182
00162743
00162774
00162917
00162982
00164434
00165293
00165451
00165739
00170151
00170206
00170848
00171696
00171807
00172195
00172249
00172424
00173196
00173334
00173747
00173985
00174139
00175949
00176016
00176583
00177159
00177407
00177778
00181807
00181938
00182927
00183586
00185014
00185102
00185565
00185894
00186137
00186580
00187522
00187542
00187555
00187556
00187687
00187730
00187880
00188070
00188176
00188257
00190045
00190913
00190933
00191023
00191026
00191054
00191111
00191140
00191235
00191468
00203477
00203782
00204807
00205733
00207179
00207883
00207901
00208174
00208265
00208780
00209838
00210892
00211584
00212241
00212777
00213570
00214028
00216103
00216944
00217133
00217498
00218215
00219393
00221034
00221257
00221577
00222131
00222401
00223227
00223263
00223408
00224039
00225208
00225453
00225980
00226803
00227200
00227215
00227325
00227404
00227759
00227767
00228721
00229709
00229785
00230081
00230842
00231606
00231962
00233309
00233599
00233881
00234019
00234180
00234827
00235555
00235717
00235878
00236141
00236218
00236254
00236380
00236532
00236681
00236755
00236950
00237241
00238157
00238554
00239094
00239462
00240298
00240806
00240970
00241529
00241700
00241786
00242002
00242055
00242160
00242261
00243876
00244014
00244729
00244911
00245137
00245768
00246148
00246231
00246368
00246606
00246807
00246906
00246996
00247037
00247213
00247476
00248704
00249048
00249066
00249760
00249795
00250931
00251793
00252372
00252937
00253152
00253194
00253645
00253794
00254205
00254675
00254943
00255076
00255151
00255290
00255506
00255540
00255577
00255741
00255852
00256597
00257270
00320564
00321050
00321333
00321793
00321989
00322011
00322352
00322409
00322505
00322577
00322641
00323055
00323059
00323178
00323538
00323654
00323733
00323886
00323978
00324213
00324889
00325039
00325083
00325144
00325158
00325199
00325232
00325447
00326060
00326335
00326659
00326736
00326761
00326813
00326948
00327173
00328182
00328252
00328477
00361290
00364395
00365004
00365378
00365438
00365444
00366276
00366344
00366686
00366688
00367209
00367554
00367643
00367688
00367780
00367844
00367848
00368444
00368469
00368914
00369171
00369323
00369807
00369980
00370071
00370172
00370371
00370724
00371267
00371299
00371529
00371815
00371882
00372562
00372850
00372936
00373127
00373247
00373377
00373441
00373486
00373963
00373968
00374055
00374314
00374322
00374522
00374628
00374635
00374895
00400666
00400909
00402729
00402858
00403791
00404544
00406251
00406647
00408087
00408638
00409131
00411726
00412362
00412616
00413630
00414804
00414819
00415805
00417117
00417836
00418536
00419645
00419660
00419681
00419683
00421458
00422037
00425198
00425295
00426210
00426705
00427117
00427362
00427726
00428265
00428325
00428783
00428907
00429622
00429884
00431940
00432037
00433354
00433738
00434427
00436260
00438079
00438458
00438591
00438930
00440157
00440600
00441155
00442010
00442402
00442464
00442592
00443454
00443851
00444285
00445737
00445986
00446570
00446588
00446662
00446677
00446718
00447036
00447474
00447583
00447979
00448221
00448357
00448383
00448424
00449675
00450354
00450386
00450520
00450592
00450733
00450834
00450957
00452313
00452685
00453746
00454084
00455213
00455908
00456554
00456852
00457676
00457707
00458330
00458379
00458744
00459273
00459321
00459343
00460347
00460415
00461097
00461315
00461328
00461350
00462485
00462648
00462788
00462844
00463027
00463273
00463292
00463331
00463798
00463842
00467131
00467436
00467443
00467473
00468191
00468549
00470058
00472353
00472412
00475040
00475644
00475805
00475972
00476626
00476676
00476854
00477473
00477990
00478045
00478086
00479285
00479459
00479790
00479975
00480417
00480547
00480628
00480967
00480976
00481431
00481509
00482021
00482244
00482440
00482878
00482905
00483605
00483949
00484278
00484347
00484533
00484891
00485072
00485448
00485507
00485529
00485663
00485706
00486236
00486267
00486440
00486787
00486935
00487179
00487570
00487813
00488255
00488896
00489403
00489678
00490568
00491041
00491593
00491706
00492511
00492598
00493245
00493312
00493925
00494071
00494473
00494755
00494849
00495182
00495809
00495927
00496073
00496080
00496102
00496153
00496799
00497333
00497525
00497736
00497871
00498095
00498490
00499790
00499919
00500682
00500918
00501206
00501228
00501363
00501405
00501977
00502092
00502428
00503546
00503896
00504131
00504274
00504528
00504684
00504949
00505043
00505481
00505482
00505642
00505965
00506201
00506238
00506441
00506727
00506828
00507415
00508566
00508719
00508906
00510096
00510744
00510914
00511548
00511967
00512280
00512306
00512461
00512510
00512590
00512620
00513820
00513880
00514185
00514480
00514526
00514549
00514708
00515154
00515241
00515328
00515382
00515886
00516095
00516096
00516765
00517218
00517402
00517430
00517446
00517489
00517689
00517846
00517858
00517916
00517921
00518021
00518339
00520190
00520409
00520466
00520532
00520688
00520803
00520986
00521078
00521704
00521879
00522170
00522187
00523270
00523298
00660061
00660228
00660445
00661321
00661457
00662037
00662168
00662180
00662206
00662231
00662315
00662487
00662665
00664154
00664250
00664654
00664805
00664900
00665292
00666176
00666344
00666349
00666357
00666539
00668512
00668614
00668649
00668667
00669270
00669309
00669358
00669374
00669396
00669471
00670379
00670462
00670840
00671182
00671230
00671329
00671358
00671749
00671827
00672732
00672739
00672766
00672778
00672788
00673787
00673843
00673890
00673938
00673949
00673975
00674035
00675202
00675233
00675261
00675322
00675375
00676093
00676136
00676188
00676241
00676472
00676558
00677615
00677707
00677725
00678811
00682929
00683263
00683479
00683992
00790002
00790304
00790314
00790389
00791145
00791765
00791919
00792502
00792861
00793012
00793013
00793244
00793456
00793777
00793955
00794009
00794139
00794260
00794581
00795349
00795353
00795390
00795755
00796829
00797029
00797042
00797478
00797628
00798991
00799147
00799689
00799892
00801436
00803854
00805349
00808624
00808645
00809150
00809297
00809394
00810286
00811592
00813550
00814020
00814936
00816558
00817828
00818051
00818560
00821715
00822361
00822574
00822866
00823356
00824307
00824526
00827476
00827926
00828444
00828698
00829238
00831058
00831316
00831413
00831934
00831980
00833574
00834125
00834864
00834906
00835387
00835726
00835889
00837062
00837340
00837473
00837700
00838116
00838657
00838747
00841711
00843619
00844052
00844968
00845395
00845569
00847094
00847412
00847419
00847808
00847813
00849315
00849483
00850318
00850414
00850995
00851241
00851300
00852473
00852623
00853044
00859708
00859745
00859826
00860043
00860405
00860991
00864719
00865116
00865220
00865582
00868076
00868923
00869071
00869760
00869837
00870070
00870439
00875979
00876051
00877479
00877587
00878718
00878980
00879323
00880943
00881171
00882268
00882297
00883021
00883425
00883470
00883517
00884430
00884733
00884820
00884998
00885368
00885414
00885857
00886458
00886640
00888455
00890037
00890126
00890478
00890527
00890655
00896995
00897153
00897551
00900257
00900339
00900576
00900849
00901323
00902718
00903308
00905933
00906079
00906158
00906555
00906680
00906811
00907532
00907555
00907804
00908102
00908275
00908836
00909040
00910424
00910794
00912308
00913938
00913960
00914167
00914744
00916232
00916496
00916541
00917312
00921473
00922340
00922345
00924465
00925756
00929615
00931007
00931441
00931619
00931654
00931696
00933153
00933417
00933534
00933555
00944835
00944846
00946847
00947041
00948159
00948664
00948792
00949135
00949270
00949292
00949296
00950513
00951040
00951943
00952034
00952317
00952350
00952744
00953562
00953666
00954302
00954536
00955204
00955375
00957204
00958406
00959684
00959732
00961177
00961293
00961323
00962588
00963141
00963526
00963938
00964251
00964349
00965278
00966059
00966219
00966457
00966461
00966503
00966744
00966892
00966915
00967141
00967572
00968794
00968970
00969010
00969930
00970822
00970877
00971498
00972152
00972517
00973007
00973338
00973421
00974216
00974346
00974484
00974516
00974766
00975116
00975443
00977452
00977953
00978645
00981338
00982481
00982900
00982968
00983180
00983458
00984878
00985380
00987510
00987517
00987653
00989630
00990381
00991039
00992389
00993507
00994026
00995546
00998398
00999072
01002805
01004623
01011164
01011220
01012054
01012094
01013179
01013890
01015159
01015276
01015384
01016352
01016582
01017208
01020845
01021696
01023145
01023757
01026509
01034223
01039995
01041237
01041314
01041527
01042037
01042050
01042298
01043733
01044260
01045213
01045353
01045358
01045798
01046346
01047017
01047067
01047452
01048326
01049572
01049584
01049880
01049956
01050126
01050136
01051000
01051116
01051444
01052090
01052655
01053318
01053341
01053396
01053531
01054707
01055093
01055191
01055971
01056026
01056793
01056998
01057662
01058208
01058336
01058605
01059574
01060852
01061164
01061814
01061868
01061983
01062789
01063748
01063910
01063963
01065589
01066159
01066193
01066487
01068239
01069055
01072645
01073615
01075127
01075230
01075509
01075632
01076581
01076583
01076650
01078170
01078379
01078619
01079122
01079264
01080199
01080913
01081122
01081464
01081727
01081899
01084078
01084981
01085187
01085731
01086232
01086695
01086711
01087213
01087550
01089135
01090587
01090785
01091218
01091629
01092194
01092779
01092990
01093036
01093633
01093751
01093983
01094909
01095495
01095976
01096368
01096445
01096765
01096828
01096858
01096997
01098980
01099180
01099488
01100413
01100474
01100847
01101016
01101785
01101786
01103706
01105391
01105972
01106007
01106164
01106269
01108442
01108550
01108597
01108701
01108956
01109110
01109439
01111755
01113291
01113573
01113950
01114720
01114790
01115939
01117400
01117855
01117884
01117979
01118050
01118332
01118553
01118976
01119725
01120074
01120508
01120617
01120723
01120832
01122370
01122392
01123233
01123657
01123668
01123872
01123893
01123988
01124001
01124887
01125021
01125205
01126012
01126958
01127130
01127637
01127710
01128328
01128451
01128632
01128789
01128861
01130704
01131251
01131297
01131465
01131710
01131733
01131922
01131990
01132066
01132180
01132387
01132520
01132617
01133499
01133603
01133683
01133702
01134727
01134794
01135332
01135350
01135851
01135922
01136507
01136684
01136876
01136996
01137068
01137436
01137670
01137786
01137863
01137962
01137984
01138079
01138291
01139627
01139904
01140166
01140303
01140329
01140480
01140647
01141313
01141327
01141381
01141389
01141407
01141482
01142181
01142185
01142404
01142673
01143008
01143633
01143665
01143698
01144087
01144258
01144507
01144616
01146998
01147311
01147559
01147599
01147705
01147902
01148013
01148062
01149616
01150475
01150525
01150611
01150735
01150993
01151114
01151473
01152113
01152687
01152909
01152910
01153290
01153523
01153976
01153977
01154670
01154933
01155223
01155602
01155645
01156097
01156637
01156750
01157567
01157752
01158685
01158687
01158696
01158812
01159129
01159339
01159478
01159767
01159909
01160211
01160259
01160720
01161549
01161586
01161757
01161937
01161969
01162256
01162455
01162486
01162547
01162561
01162694
01162774
01163077
01163166
01163745
01165079
01170291
01170331
01172075
01172176
01174844
01186534
01187184
01187214
01188655
01189033
01189344
01189481
01189542
01189746
01189750
01189773
01202027
01202467
01202605
01209812
01210495
01212523
01212702
01213377
01213433
01214814
01217446
01218898
01219114
01221814
01224199
01224791
01228208
01228232
01228732
01230668
01231778
01232491
01234468
01234598
01236046
01236148
01247613
01248484
01248791
01249171
01250686
01251447
01251528
01253267
01255641
01255702
01258008
01259614
01262981
01265040
01265065
01265143
01266010
01266862
01266966
01267083
01267120
01267128
01267200
01268394
01269379
01269918
01270683
01271623
01272173
01272212
01272241
01272329
01272384
01273693
01275057
01275567
01276643
01278435
01278824
01280452
01281354
01281827
01281871
01282685
01284200
01284322
01285489
01286719
01287034
01287492
01287899
01292154
01292912
01293110
01293319
01293398
01293752
01294008
01294389
01294482
01295189
01295589
01295767
01295842
01295965
01295986
01296078
01296193
01296894
01297143
01297205
01297231
01297638
01298080
01298134
01298246
01298292
01298400
01298856
01299391
01299589
01300173
01301117
01301418
01302690
01303221
01304272
01304294
01304307
01304734
01305258
01306180
01306743
01306815
01307102
01308150
01308480
01308632
01308868
01308890
01309128
01309426
01309580
01310220
01310290
01310400
01311142
01311146
01311210
01312372
01313506
01313571
01313692
01313753
01314194
01314409
01314734
01315171
01315437
01315533
01315833
01316114
01316230
01316734
01316747
01317367
01317582
01318002
01318686
01318778
01319307
01319828
01319901
01319972
01320251
01320373
01320647
01320798
01320876
01321011
01321021
01321496
01321805
01321875
01322113
01322219
01322720
01322888
01323337
01323354
01323917
01324076
01324111
01324389
01324912
01324998
01325300
01325958
01326626
01327635
01327954
01328183
01328731
01328863
01329050
01329856
01329872
01330276
01330464
01330690
01330914
01331038
01331892
01332100
01332642
01332889
01332923
01333029
01333141
01333479
01333682
01333792
01334119
01335307
01335446
01335601
01335681
01335795
01335824
01338382
01338984
01339207
01339876
01339947
01340052
01340512
01340637
01340847
01340923
01341094
01341103
01341698
01342107
01342314
01342483
01342829
01343052
01343184
01343372
01343834
01344280
01344287
01345059
01480167
01480726
01482591
01483908
01487949
01489036
01489448
01491000
01491056
01491068
01491082
01491160
01491373
01491550
01494908
01500501
01502637
01502879
01506422
01507191
01507494
01508575
01511653
01511727
01512748
01512967
01513973
01514116
01514177
01514281
01514348
01519134
01519377
01519405
01520072
01520985
01522166
01522257
01523733
01525959
01526613
01526805
01529485
01529707
01529875
01535443
01535675
01536046
01536490
01536519
01536753
01537739
01538281
01538856
01538970
01539687
01539825
01539845
01539951
01540732
01541800
01542795
01543331
01543752
01543798
01544184
01545683
01546506
01547035
01547370
01548415
01548603
01548802
01548824
01549475
01549761
01550137
01550282
01550554
01550560
01550843
01550968
01551114
01551317
01551420
01552617
01552626
01552772
01552807
01553261
01553411
01553452
01553738
01553895
01554194
01554272
01554517
01555332
01556016
01556069
01556364
01556691
01556825
01557393
01557567
01557677
01557702
01557789
01557863
01557933
01558184
01558230
01558317
01558468
01558511
01558533
01558554
01558559
01559231
01559244
01559312
01559630
01559890
01560110
01561119
01562015
01562848
01683173
01683444
01683918
01683952
01685076
01687264
01687453
01687764
01688998
01689123
01689185
01690365
01690911
01691007
01691403
01691560
01692736
01694503
01694562
01694591
01694982
01695951
01696005
01696338
01696779
01696941
01697176
01698576
01698616
01698861
01698871
01699751
01700202
01700217
01700288
01700303
01700424
01700469
01700473
01700581
01700621
01700892
01700917
01701322
01701355
01701821
01701852
01702188
01702540
01702824
01703337
01703417
01703429
01703488
01703501
01703838
01703846
01704509
01704775
01704899
01704936
01704969
01705243
01705734
01772186
01772294
01772310
01773045
01773920
01776462
01776599
01776722
01776784
01776971
01776985
01777282
01777577
01777838
01778673
01778846
01779411
01781624
01781858
01787511
01790393
01793310
01795435
01800228
01801053
01802400
01802550
01802689
01802716
01802793
01812265
01822535
01828891
01831092
01834993
01835027
01835217
01835694
01836673
01836678
01840520
01841984
01842347
01842757
01843557
01843965
01844456
01844465
01848469
01850083
01850346
01850386
01850402
01850801
01851049
01851142
01851165
01851286
01851304
01852830
01852920
01853648
01853898
01856220
01856724
01857254
01857377
01857535
01857878
01859149
01860322
01860687
01860708
01861264
01861953
01862581
01862926
01863931
01864088
01864116
01865263
01865546
01865709
01865933
01866301
01866396
01866601
01866820
01866830
01867058
01867098
01867250
01867542
01868185
01869014
01869515
01870464
01870537
01870781
01870953
01872310
01872437
01872690
01872759
01873167
01873559
01873586
01873644
01873689
01874314
01874463
01874645
01878011
01878402
01888758
01889038
01889174
01889434
01980311
01984074
01990955
01991724
01991822
01993196
01994275
01994344
01994879
01995320
01995732
01995949
01996133
01996327
01996735
01997508
02001787
02005871
02007310
02010467
02010583
02010744
02011454
02011516
02011921
02012498
02012984
02015538
02020431
02027818
02028881
02029076
02029159
02030191
02030192
02030599
02030634
02030694
02030784
02030840
02031171
02031194
02031196
02031862
02031993
02032061
02032250
02032289
02032769
02033083
02033393
02033519
02034237
02034661
02035337
02035534
02035738
02035787
02035817
02035953
02036434
02036494
02036687
02038069
02038391
02038741
02039328
02039721
02040513
02041347
02041563
02041591
02041642
02041973
02042401
02042472
02042735
02042821
02042974
02042988
02043036
02043392
02043531
02043724
02043827
02043897
02044080
02044375
02044378
02044814
02044967
02045487
02045736
02045740
02046186
02046325
02047297
02047585
02047587
02047844
02048247
02049219
02049458
02049597
02050015
02050261
02050274
02050465
02050596
02050625
02050676
02050746
02050811
02059174
02064362
02064614
02144778
02145353
02145493
02146486
02146745
02146976
02147160
02147323
02147672
02147741
02147782
02150027
02150835
02150862
02151024
02151212
02151705
02152730
02154513
02155092
02155654
02156154
02156416
02157267
02157431
02157456
02157480
02160541
02163719
02164028
02164534
02164575
02164632
02164668
02165745
02165894
02165914
02165922
02166018
02166058
02166068
02167073
02167117
02167288
02167311
02167410
02167441
02167655
02168058
02168083
02168383
02168517
02168707
02168723
02168885
02168951
02169283
02169294
02169797
02169890
02171611
02171678
02171872
02172212
02172331
02172671
02174049
02174250
02260036
02261985
02262105
02262208
02264701
02264822
02265431
02265850
02266824
02273426
02273485
02273545
02273579
02274161
02274355
02275222
02275290
02275897
02277879
02279535
02282508
02284988
02286850
02286966
02287143
02287210
02287571
02287576
02287680
02287715
02287755
02288462
02290567
02290791
02290797
02291011
02292311
02292803
02292887
02292927
02292955
02293292
02293606
02293629
02294267
02294766
02295719
02295749
02295889
02296051
02296393
02296642
02296702
02296890
02297286
02298787
02298857
02299108
02299302
02299955
02300387
02300391
02301207
02301236
02301283
02301486
02301611
02301705
02302925
02303051
02303101
02305310
02305443
02305450
02307073
02307649
02307663
02307761
02307803
02307876
02361969
02362415
02362453
02362908
02367232
02368566
02370250
02371676
02371703
02371730
02372007
02372313
02373401
02373673
02374524
02374654
02375038
02378615
02378711
02380043
02382506
02383997
02387081
02388733
02390560
02390703
02391138
02392418
02392842
02393079
02393421
02393591
02394458
02394585
02394778
02396051
02396253
02397155
02398124
02398245
02398401
02398556
02399796
02399797
02401118
02403299
02405457
02405511
02405557
02405838
02409858
02410893
02411598
02412480
02413926
02414130
02414826
02415470
02415796
02415992
02416231
02416681
02416914
02417040
02417112
02417158
02417562
02417590
02417645
02417834
02418066
02418193
02418262
02421794
02422645
02425801
02425893
02426170
02427747
02428133
02428405
02428806
02429707
02429870
02430074
02430129
02430302
02430379
02430586
02431152
02431490
02431682
02431697
02431830
02431871
02432546
02432591
02432872
02434257
02434419
02435852
02436023
02436322
02437125
02437181
02437311
02437428
02437926
02438231
02438593
02438783
02438947
02439217
02439234
02439279
02439586
02439636
02439766
02440114
02440451
02440536
02440546
02441506
02442783
02442997
02443917
02443978
02444075
02444160
02444757
02444895
02445266
02445852
02446320
02446505
02446954
02447047
02447461
02447864
02448030
02448510
02448702
02449363
02449741
02525429
02525591
02526653
02526973
02526980
02527486
02527822
02530628
02530831
02530877
02531400
02531698
02531714
02532311
02532552
02533328
02533480
02533522
02533560
02535060
02535254
02535261
02536041
02537604
02538542
02539964
02540649
02540844
02540987
02541691
02541785
02542250
02542385
02542449
02542802
02543906
02544576
02544998
02545082
02545096
02545947
02546327
02549395
02549417
02549472
02549488
02549653
02549764
02551276
02551619
02552242
02552654
02553626
02553825
02553907
02553912
02553962
02553981
02554091
02554554
02554835
02555018
02555439
02555493
02555661
02555729
02556018
02556703
02557036
02557105
02557875
02557915
02600181
02604515
02607481
02607876
02609436
02610130
02611233
02613073
02613372
02615497
02615909
02616132
02617059
02617281
02617531
02619427
02620171
02621022
02622207
02622370
02623580
02623674
02625501
02630467
02631146
02631937
02632265
02634767
02635372
02636167
02640034
02640116
02640502
02641474
02645088
02646147
02646566
02646588
02648969
02649190
02650724
02651278
02652679
02652736
02653487
02653627
02654883
02654917
02654973
02655029
02655199
02655220
02655528
02655903
02656276
02656680
02657547
02658389
02658997
02659031
02659409
02660914
02661130
02661179
02661260
02662444
02662528
02662767
02663338
02663547
02664462
02664715
02665436
02666163
02666744
02667233
02667879
02668588
02669602
02669976
02670766
02672585
02674090
02675003
02675824
02677997
02678005
02678167
02678877
02680984
02683351
02683894
02686413
02687244
02688308
02689171
02689229
02689765
02691010
02691089
02692880
02692907
02701756
02701996
02703611
02704939
02705464
02705960
02706275
02707939
02708669
02709698
02709767
02709953
02710208
02712847
02713237
02713701
02713711
02713847
02714001
02714158
02714696
02714749
02715216
02715310
02715364
02716341
02722199
02723614
02723843
02725439
02726857
02729687
02729867
02731500
02733189
02735536
02737104
02737571
02737641
02737763
02739547
02743343
02743838
02743921
02744505
02745133
02748675
02750257
02750877
02751076
02753155
02753571
02754862
02756705
02756971
02757619
02758544
02758999
02759720
02763432
02763486
02763779
02764390
02766711
02766815
02766983
02767495
02768260
02769143
02769663
02769720
02769937
02770132
02772995
02773437
02773976
02776287
02776504
02777629
02778906
02779314
02779554
02780771
02780951
02783786
02783849
02784015
02784501
02784973
02785154
02785660
02786080
02786496
02787994
02788110
02788581
02790608
02790726
02790732
02790761
02790905
02792044
02792673
02793140
02793490
02793540
02793641
02793672
02793749
02794010
02794401
02795569
02795732
02795835
02798408
02798627
02799060
02800128
02800440
02801845
02802277
02803420
02804276
02807902
02808463
02808612
02808823
02810886
02811166
02811199
02811267
02811430
02811552
02811747
02812165
02813052
02814125
02814392
02814434
02815249
02815652
02817252
02817535
02818127
02818515
02818519
02818709
02818846
02818914
02819093
02820471
02820865
02821018
02822417
02822520
02822938
02823699
02824926
02825553
02826640
02826705
02827461
02827728
02828653
02828884
02829039
02829237
02830006
02830422
02830504
02830692
02832091
02832254
02832328
02832359
02833031
02834398
02834653
02835788
02836091
02836564
02836702
02836729
02837290
02838424
02838512
02838675
02838826
02839102
02840319
02840412
02841516
02841893
02843556
02843670
02843717
02843950
02844151
02844298
02845059
02846812
02847052
02847307
02847618
02847775
02847868
02847919
02848526
02849264
02850190
02850231
02850325
02850628
02851225
02851580
02852538
02853863
02853914
02854058
02854314
02854395
02854881
02855029
02855079
02855454
02856695
02856761
02857109
02857494
02857973
02858169
02858937
02859304
02859577
02860794
02860831
02860925
02861412
02862455
02863952
02863998
02864395
02864438
02865144
02865196
02865234
02865668
02865803
02866040
02866868
02866986
02867494
02867990
02868220
02868227
02868558
02869166
02869374
02869449
02870746
02871329
02871534
02871766
02871802
02872024
02873162
02873535
02873761
02874034
02874069
02874547
02874679
02875447
02875951
02876494
02877304
02877312
02877390
02877700
02878230
02879646
02879654
02879782
02880064
02881000
02881947
02882635
02883640
02884380
02884739
02884935
02884977
02885232
02885557
02885934
02886006
02886356
02886660
02887250
02887355
02887687
02887907
02887917
02888023
02888201
02889418
02890298
02890693
02890923
02891440
02891620
02891686
02891734
02891918
02893686
02893857
02894880
02895067
02897057
02897463
02898061
02898165
02898677
02899943
03082803
03087172
03092074
03097599
03097691
03097706
03097808
03098044
03098755
03099079
03099395
03099687
03101024
03102722
03102749
03102888
03108042
03110371
03110538
03110711
03113225
03114990
03115375
03115640
03116134
03116443
03116575
03116597
03116793
03116843
03116969
03116985
03117033
03118459
03118653
03118795
03120471
03120728
03121057
03121125
03121797
03121846
03122754
03124214
03124278
03124633
03124775
03125495
03126570
03127287
03127332
03127333
03127975
03128021
03128736
03129629
03129835
03129869
03130216
03130423
03130712
03130775
03131414
03131554
03131561
03132440
03132497
03132917
03133384
03200823
03201798
03202033
03206045
03207949
03208522
03208766
03209586
03212645
03212847
03212924
03213756
03214011
03216099
03220072
03220735
03222261
03223054
03223467
03229614
03231119
03231541
03231552
03231555
03231559
03232103
03232650
03232743
03232861
03232942
03233469
03234574
03234664
03235462
03235721
03235976
03236061
03237180
03237208
03238224
03238264
03238871
03239050
03239442
03239853
03239947
03240000
03240327
03241285
03241364
03241457
03241599
03241713
03241757
03242648
03242859
03242959
03243259
03243296
03244330
03245793
03301262
03302036
03302776
03304268
03304932
03306724
03306882
03308930
03309935
03310044
03310639
03310778
03314433
03314678
03314890
03318700
03318925
03320655
03321446
03321775
03322212
03323154
03326625
03329981
03331944
03332586
03333236
03333877
03337185
03339004
03343129
03344010
03344144
03344382
03344565
03348404
03351145
03351394
03353117
03354229
03354351
03354783
03356313
03356532
03356893
03357597
03358487
03358583
03359549
03361203
03362049
03362461
03362597
03363188
03363731
03364705
03364875
03365374
03365913
03366786
03367247
03368802
03368809
03368933
03369116
03369163
03369577
03369590
03369829
03369858
03370514
03370595
03370605
03370981
03371013
03371360
03371576
03371814
03373005
03373287
03373422
03373804
03374754
03374810
03375148
03375182
03375260
03376259
03376300
03376446
03376448
03376768
03377076
03377786
03378196
03378357
03378664
03378699
03378981
03379808
03379925
03380649
03380687
03381111
03381261
03381695
03382107
03382902
03385418
03385631
03385809
03385907
03386004
03386442
03460197
03461500
03462075
03462583
03463030
03463864
03463869
03464324
03464512
03464541
03464952
03465475
03466288
03466812
03466918
03467789
03468283
03469144
03469769
03470046
03470405
03470593
03472085
03473224
03473274
03473634
03473811
03473835
03474176
03474614
03475329
03475834
03476671
03477710
03478197
03478557
03478666
03480100
03480448
03480873
03481591
03482951
03482984
03483537
03483638
03484697
03484942
03485428
03486021
03486094
03486207
03486243
03486830
03487245
03487562
03488229
03488910
03489161
03489299
03489736
03489777
03490471
03490843
03491354
03492166
03492173
03492317
03492478
03494184
03494257
03495621
03495752
03495802
03495845
03496231
03496726
03497182
03497192
03497810
03498234
03498697
03498702
03498837
03499591
03499674
03499831
03499876
03499910
03500210
03500879
03500913
03501144
03502101
03502194
03502440
03502612
03502636
03502678
03502687
03502821
03502854
03503521
03503753
03504099
03504115
03504334
03504706
03505219
03505818
03505841
03505885
03506366
03506699
03506953
03507155
03507292
03560675
03562187
03568572
03569756
03570415
03572179
03573380
03575560
03576605
03576632
03576925
03579692
03580672
03583735
03586603
03591813
03591831
03592751
03594623
03594860
03597020
03598081
03599567
03602903
03603220
03606393
03612304
03612305
03614662
03615024
03616239
03616992
03620337
03620700
03622971
03623338
03623626
03624176
03624377
03624564
03627553
03629084
03629765
03630359
03632063
03633241
03633387
03634827
03635411
03636340
03637139
03638199
03638732
03638930
03639012
03640477
03640503
03640698
03641513
03641571
03643503
03643741
03644932
03646402
03646699
03647176
03648199
03648236
03649574
03651264
03651609
03651634
03651706
03651777
03652606
03654165
03654847
03655331
03656318
03656357
03656895
03657404
03657559
03658168
03658708
03658860
03659311
03660389
03660472
03660553
03661177
03661683
03662020
03663385
03664210
03664929
03665082
03665113
03665947
03666110
03666591
03666665
03667038
03667126
03667296
03667814
03668247
03668644
03670286
03670534
03671710
03671732
03672256
03672632
03672923
03672972
03673422
03676007
03676327
03676570
03678012
03678902
03678989
03679041
03679563
03679929
03682221
03682885
03683282
03683680
03684111
03685313
03685441
03686893
03686896
03688518
03688567
03688577
03689039
03689907
03690593
03691174
03691428
03691966
03692364
03692617
03692704
03692915
03693449
03693450
03693690
03694051
03694224
03694321
03694462
03694898
03695022
03695439
03695911
03696066
03696126
03697721
03698155
03698457
03698814
03699439
03699517
03700143
03700430
03700615
03701380
03701640
03701797
03820271
03820284
03822724
03824902
03825302
03826001
03826468
03826924
03827494
03828632
03829475
03830613
03834198
03835872
03835892
03837608
03837874
03838639
03840790
03843910
03844802
03845035
03845204
03846157
03846168
03846427
03847161
03848028
03848759
03849808
03850605
03852428
03852676
03853128
03853527
03853547
03853594
03853647
03853734
03854700
03854921
03855339
03855758
03857442
03857878
03858324
03859817
03861231
03862176
03862535
03864438
03865415
03866184
03866624
03868487
03869001
03869206
03869367
03869622
03869819
03870630
03871388
03872123
03872453
03873610
03874344
03875139
03876114
03876355
03876708
03876921
03877373
03877400
03877422
03877673
03877894
03878346
03878624
03878763
03879025
03879086
03879087
03879123
03879951
03880282
03880312
03880850
03881824
03881837
03881852
03881993
03882123
03882633
03882767
03883032
03883266
03883401
03883715
03884485
03884575
03884586
03884597
03884769
03884781
03885536
03886260
03886742
03887067
03887134
03887156
03888720
03889824
03891253
03891326
03892338
03892508
03893526
03893784
03894783
03894920
03894973
03895160
03895555
03895756
03896688
03897028
03897619
03898078
03898667
03898903
03899060
03899171
03899224
03899583
03899802
03899823
03900350
03901444
04000570
04001808
04003350
04003522
04005620
04006726
04007893
04008037
04008262
04008500
04008620
04009872
04010852
04011025
04011968
04012137
04012186
04012459
04013155
04013356
04013818
04014254
04014404
04014692
04015103
04015244
04015275
04015440
04015466
04015712
04018089
04018350
04020065
04021160
04021885
04022088
04024590
04024896
04025157
04026182
04026245
04028034
04028944
04029580
04030079
04030595
04030718
04030795
04031224
04031372
04031489
04031571
04031575
04031607
04031782
04032012
04033535
04033788
04033791
04033887
04034779
04034935
04035033
04036135
04037417
04038963
04040414
04040932
04041038
04041248
04041394
04041410
04041437
04041901
04042528
04043021
04043975
04044557
04044611
04044659
04044675
04044680
04044684
04044809
04044912
04045033
04045383
04045586
04045859
04045912
04046776
04047045
04047232
04047402
04049779
04049888
04049991
04050098
04050150
04050172
04050202
04050346
04050379
04050908
04051780
04052591
04052650
04053312
04056729
04056898
04058252
04059281
04060429
04060485
04060519
04060813
04060832
04062332
04064624
04065280
04065887
04066924
04066950
04067142
04067893
04068053
04068318
04068788
04069117
04069930
04069982
04070223
04070258
04070426
04070497
04071316
04071770
04071803
04071984
04072926
04073297
04073582
04074492
04075214
04075266
04075527
04075653
04075756
04075792
04076438
04076468
04078073
04078409
04078823
04079239
04079298
04079363
04079492
04079733
04080081
04080134
04080217
04080703
04081168
04081217
04081233
04081708
04081739
04081807
04082516
04082967
04083299
04083517
04083594
04083679
04083865
04084218
04084256
04084274
04084375
04084465
04084480
04084758
04085130
04085208
04085217
04085547
04086055
04086158
04086460
04087013
04200028
04200811
04201276
04202635
04202800
04202869
04203259
04203355
04204368
04205071
04205292
04205391
04205884
04205923
04207372
04208062
04208063
04208435
04208441
04209503
04209904
04209930
04210014
04210128
04212037
04212398
04212478
04212496
04212513
04212519
04212618
04212797
04213639
04213676
04214124
04214871
04215189
04216092
04216500
04216749
04216792
04216793
04216985
04217033
04217142
04218144
04218234
04219236
04219488
04220504
04220816
04221104
04221168
04221300
04221381
04221424
04221610
04222028
04222066
04222336
04222342
04222603
04222666
04222712
04222801
04223058
04300402
04301154
04301694
04302310
04304901
04305576
04305617
04305646
04306402
04306684
04307003
04307024
04307107
04307230
04310813
04311026
04311969
04312416
04313969
04314135
04315775
04317573
04321524
04321599
04322848
04323840
04325238
04325372
04325557
04326266
04326325
04326935
04327285
04327384
04327451
04328404
04328565
04328599
04328786
04328859
04328884
04330020
04330210
04332475
04332557
04333438
04338751
04338761
04338781
04339140
04339935
04340097
04340387
04340476
04340614
04340918
04341412
04341548
04342183
04342248
04342303
04346627
04346690
04346819
04346824
04346957
04348843
04348914
04349144
04349403
04350921
04351323
04351372
04351402
04351424
04351450
04351964
04400148
04400456
04401882
04403918
04404798
04405723
04405822
04406447
04406722
04407449
04407644
04409460
04409583
04410202
04411956
04412467
04413451
04413533
04415320
04415511
04415748
04415774
04416050
04416259
04416370
04416538
04417166
04417189
04417349
04417365
04417642
04419426
04419570
04419821
04419928
04419999
04420600
04421606
04421951
04422798
04422998
04423081
04424286
04425051
04425761
04426133
04426304
04427030
04427546
04427761
04429249
04429378
04429638
04429753
04429757
04429930
04429948
04430180
04430347
04430361
04430762
04430842
04430875
04431160
04431307
04431679
04431836
04432286
04432466
04432893
04432932
04433050
04433137
04433204
04433435
04433739
04433977
04434001
04434041
04434205
04434306
04434316
04434532
04434962
04434964
04435716
04435768
04435824
04435845
04435917
04435921
04435951
04435977
04436195
04436233
04436438
04436959
04437053
04437553
04437595
04437660
04438125
04438159
04438188
04438196
04438558
04438689
04438754
04438890
04438998
04439034
04439130
04439624
04439688
04439830
04439887
04440082
04440099
04621293
04621364
04621576
04622455
04622848
04623012
04623224
04623352
04623646
04624184
04625296
04627336
04627860
04627927
04628102
04628762
04629080
04629488
04630137
04630445
04631930
04632181
04632323
04632615
04632629
04632906
04633171
04633830
04634439
04636339
04636832
04637978
04639013
04639393
04639628
04640098
04640630
04640946
04641110
04641174
04641238
04641324
04641352
04641683
04642131
04642265
04642702
04642799
04642916
04643132
04644216
04644317
04644374
04644503
04644967
04645016
04645515
04645585
04645810
04645914
04645946
04647788
04647963
04648307
04649632
04649918
04650059
04650143
04650180
04650299
04650667
04650898
04651049
04651372
04651618
04651657
04652198
04652322
04652814
04653122
04653158
04653357
04720168
04720999
04721388
04721430
04721444
04721689
04721772
04721908
04722484
04722655
04722770
04722838
04722840
04722930
04722948
04723033
04723149
04723232
04723303
04723659
04723678
04723722
04723741
04724205
04724943
04725430
04725567
04725719
04725801
04725804
04726204
04727312
04727451
04727493
04727531
04727587
04728093
04728326
04728403
04728416
04728418
04730294
04730358
04731237
04731281
04731427
04731456
04731465
04732370
04732421
04732564
04733136
04733225
04733464
04733539
04734169
04742249
04742413
04742614
04742875
04742910
04743005
04743540
04743572
04743621
04743928
04744171
04744342
04744411
04744439
04744575
04744586
04744752
04744812
04744821
04745018
04745231
04745486
04745566
04748315
04748401
04748776
04749313
04749816
04749888
04800025
04800096
04800766
04801115
04801191
04801796
04802036
04802422
04804741
04804759
04806395
04806844
04807184
04809007
04809463
04810430
04811529
04811967
04812869
04812949
04813181
04813193
04813489
04815458
04815550
04816334
04816506
04816675
04816888
04817041
04818484
04818601
04818705
04819452
04819629
04820207
04821322
04821457
04821513
04822236
04823490
04823524
04823657
04823929
04824105
04824508
04824614
04824807
04824836
04825192
04825812
04825956
04825976
04827016
04827202
04827409
04827465
04827902
04828268
04828413
04828424
04828576
04828925
04828935
04960768
04961056
04961328
04961362
04963296
04963830
04963940
04964144
04964150
05060162
05060218
05060221
05060326
05060831
05060940
05060942
05062853
05062855
05062886
05063517
05063563
05064025
05064279
05064364
05064397
05070001
05070290
05070602
05070632
05070693
05070734
05071734
05200720
05201584
05202947
05205975
05206806
05207317
05207459
05207531
05207540
05208401
05209368
05210419
05210489
05210955
05218873
05219114
05222489
05224259
05225092
05229216
05230736
05232763
05233460
05234482
05238613
05243231
05243395
05243981
05246026
05249301
05249993
05250768
05251141
05256020
05256769
05257174
05257290
05257375
05260604
05260879
05262175
05262769
05263226
05266023
05268250
05275100
05275188
05276769
05280586
05282844
05283841
05292572
05294462
05295842
05296297
05296469
05296495
05296612
05296614
05296825
05296827
05297067
05297315
05298689
05299477
05299582
05299877
05301642
05301650
05301753
05303002
05303295
05303828
05305117
05305924
05306700
05306796
05306830
05307041
05307043
05307050
05307186
05307366
05307959
05308650
05309336
05309341
05309618
05309692
05309694
05309856
05309990
05309996
05310045
05310209
05310222
05310226
05310556
05310561
05310825
05311675
05311920
05312537
05312548
05313511
05314470
05315265
05316392
05317763
05317892
05317989
05319280
05319816
05320094
05320605
05320893
05321095
05321482
05322124
05322692
05323321
05323657
05325173
05326093
05327130
05327219
05327350
05327530
05328151
05328657
05328824
05329678
05330200
05330437
05330812
05330832
05332406
05333232
05333386
05333673
05333689
05333952
05334334
05334905
05335047
05335460
05335740
05336672
05337467
05337481
05337574
05337853
05337926
05339221
05339580
05339623
05339786
05339976
05340858
05341544
05342258
05342360
05342628
05342678
05342765
05342782
05344307
05344796
05345330
05346286
05346819
05347320
05347608
05347779
05348480
05348792
05348827
05349588
05349787
05350050
05350384
05350914
05351319
05352261
05352339
05353008
05353484
05353693
05354253
05354968
05355418
05355989
05356011
05356102
05356376
05356610
05356947
05357281
05357424
05357504
05357977
05358195
05358501
05358548
05358643
05358940
05359170
05359285
05359338
05359630
05360098
05360310
05360421
05360911
05361432
05361588
05361725
05362241
05362579
05362749
05362830
05362873
05363090
05363873
05363884
05364536
05365485
05365811
05366368
05368055
05368234
05368353
05369074
05370446
05370535
05370940
05371494
05372092
05372276
05372854
05372855
05373247
05373433
05374369
05375007
05375523
05376201
05376308
05376402
05376614
05376749
05376873
05377010
05377263
05377319
05377906
05379575
05379978
05381870
05381872
05382365
05382423
05382686
05382808
05382975
05383102
05384153
05384694
05384829
05384945
05384981
05385521
05385690
05385875
05386780
05387850
05387959
05387983
05388930
05389164
05389256
05389434
05389497
05389914
05390279
05390923
05392202
05392417
05392419
05392629
05392923
05393359
05393391
05393474
05393654
05393734
05394530
05394868
05394961
05395327
05395483
05396087
05396614
05396827
05397048
05397329
05397349
05397814
05397955
05398083
05398595
05398849
05399160
05399412
05399651
05399730
05399803
05399949
05400344
05400772
05400878
05400965
05401953
05402030
05402574
05402731
05402866
05403017
05403212
05403402
05403563
05403783
05404170
05404319
05404584
05404974
05405160
05405387
05405570
05405741
05405837
05406208
05406616
05407002
05407378
05407411
05408280
05408745
05408880
05409804
05409813
05409838
05410155
05410520
05410893
05411388
05411766
05412512
05412586
05412781
05412861
05413360
05414476
05414548
05414560
05414701
05414717
05414761
05414887
05415364
05415444
05415717
05415953
05415979
05416069
05416082
05416317
05416918
05417726
05417898
05581072
05581510
05583193
05583803
05583817
05584874
05587309
05588571
05591640
05591664
05594206
05595801
05597004
05597059
05597327
05597504
05597521
05597702
05598134
05598578
05598798
05599452
05600150
05600560
05600695
05600746
05603175
05603309
05604963
05606286
05606827
05607420
05608201
05608457
05608631
05608650
05609380
05609600
05609835
05610073
05610242
05610253
05610639
05610649
05610960
05611392
05611554
05611589
05613034
05613360
05613696
05614283
05614294
05614520
05614893
05615782
05616359
05616450
05616754
05616996
05617574
05617652
05620028
05620212
05620358
05620399
05620558
05620589
05620592
05620892
05620925
05621244
05624194
05624268
05624315
05624551
05624585
05624654
05624733
05625721
05625888
05625963
05625988
05625989
05627394
05627395
05627811
05630519
05630706
05630882
05631530
05631882
05631918
05632697
05633264
05633515
05633558
05640406
05640509
05643097
05643360
05643669
05643934
05643995
05644102
05644348
05644412
05644851
05645362
05645556
05645952
05700092
05700144
05702100
05703489
05704036
05705253
05706545
05707466
05707593
05707644
05708484
05708596
05709793
05710114
05710958
05711038
05711156
05711430
05711980
05712109
05712821
05713506
05714416
05714550
05715064
05715245
05715296
05715300
05715348
05715390
05716053
05716285
05780551
05782111
05782627
05782691
05785310
05785910
05786161
05786644
05786775
05787146
05787177
05787399
05787737
05788002
05788088
05788580
05788585
05788691
05789143
05789362
05789534
05789659
05789667
05789777
05789810
05789899
05790134
05790242
05790435
05791467
05791587
05791733
05791952
05792205
05792306
05792342
05792490
05792705
05792902
05793101
05793385
05793465
05793471
05793618
05793711
05794102
05794129
05794144
05795154
05795218
05840598
05842097
05842729
05843492
05843748
05844718
05844727
05844753
05845169
05845187
05845214
05845309
05845311
05845866
05845874
05845936
05845990
05846030
05846255
05847174
05848091
05848282
05848782
05848971
05849059
05849443
05849663
05849754
05849755
05849883
05850135
05850323
05850560
05850732
05851098
05851130
05851154
05851641
05851930
05851985
05852854
05853381
05853543
05853559
05854114
05854148
05854279
05854322
05854740
05854839
05855214
05855224
05856028
05856065
05856645
05856680
05856929
05856947
05857226
05857625
05857800
05857890
05857905
05857937
05858229
05858303
05858528
05858739
05858994
05859030
05859297
05860093
05860396
05860487
05860947
05861462
05861830
05861918
05862416
05863558
05864657
05865277
05865313
05865409
05865554
05865581
05865634
05866091
05866206
05866705
05866759
05866858
05867452
05867652
05868384
05868462
05868980
05869238
05869788
05869847
05921828
05922182
05922267
05922877
05925320
05925696
05926084
05926166
05926332
05926349
05926373
05926395
05926409
05928063
05930244
05930514
05934740
05934852
05935377
05935948
05935960
05936924
05937161
05937802
05954036
05954717
05954984
05955716
05955835
05955846
05956942
05957346
05958094
05961416
06000647
06001683
06002085
06002110
06003121
06005595
06007549
06007781
06007942
06009147
06015947
06016708
06023072
06026420
06026618
06031176
06032488
06045542
06047566
06048149
06048176
06048416
06051199
06051653
06053465
06053831
06054273
06054290
06057741
06060112
06060706
06061045
06063300
06067915
06069529
06070491
06076528
06078124
06081592
06081856
06086200
06089763
06089795
06090036
06096837
06101062
06101136
06106380
06109355
06112201
06112679
06113592
06115577
06116071
06121533
06126512
06127578
06129911
06130757
06134344
06135340
06135465
06136774
06141362
06142868
06144958
06145026
06152976
06153301
06153834
06156233
06159143
06160372
06165620
06165652
06168953
06169263
06169929
06173484
06173813
06173933
06177250
06179937
06183411
06184631
06186769
06187095
06187252
06188111
06188188
06189815
06191159
06192446
06194699
06194772
06195656
06195703
06203096
06204655
06206808
06207533
06208698
06208968
06209798
06212280
06216667
06220219
06221575
06222432
06224253
06224763
06225965
06226209
06226945
06227244
06227448
06229479
06230467
06232191
06234544
06236441
06238836
06241433
06242215
06243785
06245095
06245413
06247715
06248538
06251850
06253404
06253568
06253647
06254402
06256908
06259374
06260735
06260913
06261709
06263279
06265346
06267366
06268066
06272852
06273497
06274670
06276175
06276310
06276745
06278875
06279876
06280344
06281459
06283992
06285776
06287030
06288054
06288810
06290700
06290835
06291123
06291418
06294273
06297025
06300417
06301053
06303606
06307036
06308605
06310040
06310349
06310702
06318750
06352239
06362465
06366323
06369234
06379397
06379562
06380387
06382046
06384790
06387245
06388016
06389723
06392756
06421305
06430785
06435998
06441263
06441358
06443754
06460440
06462208
06464711
06465156
06468266
06487609
06506154
06506965
06519596
06530607
06541365
06541985
06545207
06546740
06546934
06547334
06547602
06548012
06549176
06552406
06553361
06553413
06553570
06553893
06555395
06555663
06556662
06559701
06560597
06563874
06564580
06565250
06569971
06570093
06572397
06574394
06575842
06576060
06577425
06577931
06585697
06585771
06589913
06591105
06592773
06593047
06594502
06596169
06598487
06605911
06605914
06606954
06607129
06608684
06609216
06610260
06610614
06610686
06611066
06612430
06612940
06613250
06614354
06615071
06618728
06622414
06624214
06625277
06630210
06634844
06635030
06640172
06643900
06644165
06644610
06646627
06647369
06647719
06648987
06649240
06650549
06653575
06654005
06655696
06656211
06656728
06657059
06660217
06661826
06662452
06663946
06664261
06666184
06666207
06666533
06666789
06667082
06667794
06667833
06668493
06669350
06669423
06669762
06669959
06672464
06672594
06673648
06674508
06678245
06678700
06681104
06682041
06685106
06685410
06685892
06686526
06686941
06688194
06689240
06691446
06691562
06692377
06694989
06696583
06696989
06697576
06699274
06701775
06703116
06704729
06705587
06706134
06707373
06710503
06714781
06715710
06715826
06717714
06718077
06722878
06722902
06723449
06726422
06726470
06728433
06728735
06729352
06731335
06732910
06733004
06734350
06734648
06735195
06735769
06739169
06739820
06742593
06743534
06744369
06745644
06746032
06746477
06748616
06752767
06753038
06756296
06757711
06759383
06762066
06762685
06763046
06763549
06763679
06764379
06765221
06767357
06767732
06769766
06769943
06771114
06772100
06774460
06775349
06775874
06776095
06776876
06776959
06777746
06778672
06780173
06780485
06781216
06781385
06781515
06781863
06782065
06782820
06783019
06783270
06783323
06783470
06784122
06785144
06785344
06785774
06786066
06786391
06789146
06789345
06789373
06790366
06790607
06790803
06792013
06792017
06792265
06794439
06794898
06795254
06795408
06795422
06795870
06796137
06798564
06799088
06799138
06799817
06800221
06800733
06800841
06801610
06801613
06801933
06802339
06802371
06802700
06803203
06803677
06803746
06804791
06805281
06805321
06805658
06806067
06806211
06806474
06806597
06807007
06808342
06809421
06809598
06810368
06810638
06810816
06810949
06811282
06811943
06812300
06812344
06812426
06812526
06812653
06812935
06814467
06814759
06814987
06814997
06816321
06816913
06818447
06818871
06818904
06820299
06820312
06821298
06821404
06821858
06823045
06827423
06827634
06827782
06828050
06828247
06830212
06830506
06830947
06831698
06832590
06832768
06833838
06833902
06834482
06837420
06838125
06838775
06843465
06845709
06846767
06848333
06849406
06850475
06852588
06855324
06856666
06857036
06858863
06859371
06864386
06869415
06871108
06871645
06873250
06873624
06873733
06874796
06878505
06878572
06879871
06881580
06882166
06883104
06885406
06886276
06888004
06888865
06893646
06894975
06897393
06902183
06902558
06903101
06903880
06904832
06904955
06905262
06910766
06911102
06916032
06917719
06923396
06923791
06924472
06924633
06924984
06925411
06925630
06929235
06933821
06937257
06938993
06943971
06944761
06948151
06948537
06950102
06950464
06951854
06953531
06956741
06959586
06960719
06960892
06961181
06961584
06962129
06963190
06965005
06965175
06965898
06966005
06966097
06966610
06969491
06970455
06970671
06971309
06972193
06972622
06972883
06973798
06974030
06975205
06976620
06977567
06989107
06990174
06992877
06993831
06994408
06995992
06996803
06996936
06999158
07002453
07002597
07003306
07004010
07009368
07009422
07009781
07010168
07012285
07018479
07019303
07020184
07023808
07024258
07024503
07025657
07026854
07027032
07032759
07033192
07035149
07036362
07036409
07036981
07037916
07040540
07043088
07043452
07043503
07044058
07044264
07050172
07050455
07052774
07053986
07054514
07056136
07058497
07058993
07061012
07064544
07064680
07065115
07065565
07067175
07068464
07071336
07071602
07071603
07071709
07072511
07074574
07075989
07076252
07076659
07077322
07079074
07084719
07085686
07085999
07087295
07088868
07092570
07097653
07098616
07100892
07103419
07104258
07107114
07107672
07110327
07111561
07113370
07115541
07117621
07123090
07126698
07130532
07130653
07131459
07132127
07132471
07135876
07139282
07139390
07140299
07141142
07141968
07142570
07145644
07149120
07151591
07151745
07152343
07152787
07152884
07153246
07155640
07157501
07158015
07158645
07160511
07161180
07161628
07162348
07163739
07163809
07164120
07165783
07165878
07165879
07170075
07170958
07171135
07172531
07173206
07174429
07176614
07177895
07178118
07179307
07179878
07181309
07181599
07182927
07183150
07184149
07184910
07186815
07190880
07191773
07195089
07195180
07195774
07198099
07198167
07198736
07199811
07200222
07202276
07203097
07205881
07207990
07208946
07214043
07215027
07215833
07215987
07217393
07217413
07219128
07220264
07221676
07222022
07222137
07224143
07224562
07227583
07228275
07228724
07228768
07229720
07230305
07235335
07235342
07238534
07238973
07240300
07242537
07242841
07243426
07243685
07244141
07244514
07244863
07245121
07245587
07245926
07246565
07247160
07247459
07248883
07249154
07249493
07250460
07251868
07253586
07253895
07253944
07253960
07255022
07255088
07256709
07256980
07258099
07259267
07259336
07260150
07260189
07260837
07262110
07262239
07262376
07263217
07264035
07266065
07266092
07266638
07267173
07267211
07268270
07269594
07269661
07271940
07272200
07272640
07273516
07275039
07275304
07275406
07278066
07281318
07284067
07285516
07285769
07286770
07287830
07290533
07293470
07294374
07295951
07295979
07296129
07298215
07298362
07299928
07302841
07303178
07303361
07304100
07307569
07310364
07311387
07312576
07312893
07312972
07313344
07317803
07318262
07322173
07322576
07327549
07328428
07328647
07328976
07329681
07332056
07332124
07334237
07337556
07339716
07340052
07341995
07342663
07344188
07346928
07348435
07348542
07351252
07353429
07354076
07354403
07354896
07357806
07358898
07361791
07364969
07368966
07371002
07371265
07372756
07374084
07375138
07377834
07379274
07380857
07384048
07386195
07392605
07394820
07397048
07399887
07405857
07408226
07408995
07413119
07414635
07415434
07418632
07420468
07421238
07425064
07426513
07426816
07427486
07429351
07429368
07432855
07432998
07434678
07436678
07437963
07438024
07442149
07446261
07447803
07449935
07450191
07450417
07450471
07450755
07450805
07451389
07451625
07454460
07454862
07456157
07456314
07456434
07456491
07457635
07457729
07460257
07460640
07461106
07461820
07461961
07463958
07464082
07465062
07465125
07465419
07466082
07466551
07468134
07469498
07470088
07470262
07472046
07473180
07473708
07475453
07476295
07476298
07476926
07478334
07478637
07478905
07479710
07480114
07480202
07483224
07483857
07485530
07486544
07487165
07487596
07487642
07488086
07488601
07488844
07490127
07490352
07491071
07491653
07491715
07492200
07492425
07493679
07493684
07494029
07494105
07494520
07495679
07496415
07497858
07499053
07499431
07499557
07500512
07500629
07500904
07501025
07501519
07501810
07502721
07502978
07503905
07505852
07506045
07506065
07507486
07508300
07508313
07511089
07511203
07511463
07512047
07512167
07513131
07513326
07513355
07514034
07514213
07514976
07515489
07515818
07517377
07517551
07518139
07518530
07519371
07519783
07520222
07521024
07521206
07521299
07521384
07522448
07522858
07523215
07524337
07524801
07525248
07525882
07526209
07526292
07528162
07528221
07529730
07529889
07530112
07531845
07533374
07533813
07534179
07535282
07536268
07536814
07537499
07537869
07538016
07538490
07538601
07540069
07543025
07543976
07544349
07550403
07550524
07550985
07552288
07556165
07556746
07557063
07557301
07557360
07558058
07562097
07562334
07566566
07567519
07567598
07571057
07573317
07573888
07575582
07575607
07578211
07579084
07585634
07589533
07589981
07594000
07594894
07595208
07597977
07598285
07599193
07599897
07601161
07601798
07601812
07602085
07603237
07605303
07605672
07605860
07605886
07607393
07608376
07608413
07609233
07609252
07611628
07612520
07612591
07613196
07613223
07613713
07613843
07615578
07616446
07617264
07617751
07619716
07620307
07621503
07622678
07623167
07623336
07623660
07624288
07624332
07624931
07625048
07625091
07625740
07626701
07627260
07628599
07628713
07629221
07629466
07629789
07629825
07629848
07630741
07631111
07631167
07631940
07631994
07632059
07633845
07634101
07634177
07635596
07635761
07636010
07636948
07637806
07638347
07639210
07639501
07641045
07641055
07641225
07643013
07644346
07644901
07644996
07645426
07646352
07646741
07648033
07648108
07648702
07648816
07648920
07649901
07651508
07651800
07651806
07652876
07653017
07653205
07653289
07654462
07654526
07654751
07655112
07656086
07656959
07658592
07658628
07660668
07664646
07665046
07665502
07666130
07667737
07669226
07669405
07669865
07671333
07672976
07672985
07673881
07674260
07675377
07675741
07676659
07677342
07677864
07677999
07680358
07682257
07682398
07682734
07683328
07683849
07684052
07684220
07684322
07684477
07684635
07684753
07684879
07685101
07685251
07685595
07687210
07687293
07687641
07687894
07688556
07688801
07688952
07690586
07695433
07695465
07696139
07696413
07696470
07698065
07698794
07703180
07704123
07706060
07706569
07708777
07709501
07712518
07712535
07713261
07713784
07715450
07717237
07719159
07720146
07722239
07723103
07727735
07730918
07733408
07737230
07738002
07738992
07739889
07741103
07742587
07744319
07744493
07745474
07748301
07748777
07750880
07751029
07751915
07752653
07752979
07754521
07756432
07757413
07757560
07757569
07757764
07758013
07761140
07762284
07762704
07762747
07762790
07764063
07765405
07765876
07765995
07766329
07767874
07770735
07771521
07773463
07775378
07781782
07786725
07786826
07787435
07788150
07788253
07788603
07792290
07797172
07799622
07802186
07803059
07803834
07804290
07809853
07811798
07818376
07821059
07826394
07826871
07827187
07827758
07830443
07830648
07833183
07833300
07833461
07834726
07838695
07839113
07841606
07842489
07843893
07845838
07846151
07846805
07847917
07848927
07849975
07853230
07853454
07856885
07857194
07857614
07858221
07859127
07859189
07859569
07859636
07860248
07860404
07861973
07862329
07863875
07863965
07864250
07865373
07866043
07867088
07867168
07867552
07870294
07870857
07871835
07873243
07874607
07874930
07875355
07875753
07876005
07877425
07878389
07878562
07880115
07880616
07881220
07881448
07881671
07881722
07882250
07882895
07883287
07883648
07884904
07889625
07891584
07891618
07891639
07891732
07892071
07892865
07893144
07893502
07893840
07894687
07895283
07895762
07896317
07896906
07896994
07897497
07902943
07903507
07905194
07906373
07908662
07910883
07911907
07915138
07922483
07923230
07924724
07925043
07926776
07927346
07928865
07928931
07930760
07931696
07932283
07933576
07933944
07937577
07939142
07941113
07942687
07943181
07943188
07943355
07943859
07944242
07945492
07945838
07947121
07950367
07951210
07951445
07953205
07954077
07957061
07958357
07958390
07958538
07960559
07962093
07963549
07963695
07964330
07964474
07964883
07965091
07965532
07965994
07966621
07966624
07966883
07968308
07968358
07968678
07968680
07968896
07969129
07969735
07970084
07971140
07972020
07972147
07974498
07974912
07974959
07976059
07976525
07976639
07977534
07980402
07980801
07980923
07983209
07986772
07988296
07988818
07989049
07990175
07994044
07994493
07995536
07995695
07998730
07998910
07999275
07999281
07999886
07999995
08000786
08001903
08004119
08005916
08008037
08008301
08009688
08017470
08021032
08021578
08022400
08024445
08025041
08029209
08030613
08034616
08038312
08039844
08043491
08043598
08043615
08043844
08044674
08044711
08044864
08053379
08056280
08056561
08061129
08066886
08068417
08071910
08074369
08074558
08077824
08079719
08080056
08081315
08081469
08081871
08082746
08085166
08088306
08089506
08095497
08096936
08098398
08101124
08103300
08103517
08104971
08105720
08106013
08106476
08106715
08107076
08108118
08109485
08109754
08110926
08111966
08113498
08113903
08114069
08114299
08115687
08115816
08115894
08117161
08117311
08117711
08118845
08122720
08122797
08123991
08124878
08125106
08128064
08128144
08128307
08129798
08130624
08131354
08131467
08132660
08133978
08134445
08135933
08136098
08136390
08136695
08136863
08137463
08138448
08139050
08140355
08141058
08141297
08141311
08141688
08141718
08141930
08142335
08142464
08144515
08144573
08145032
08146506
08147886
08148527
08149998
08150499
08150754
08150982
08151517
08151629
08152317
08152556
08153847
08153868
08154137
08154518
08154523
08155463
08155511
08158071
08158356
08159056
08159579
08160674
08160956
08162053
08163624
08164202
08165516
08165629
08166038
08166645
08166841
08167306
08168254
08168371
08168671
08168825
08169067
08169105
08171225
08171461
08173123
08173824
08174269
08174506
08174764
08174844
08175168
08175267
08175382
08175897
08176284
08176452
08176527
08177183
08177195
08177267
08177686
08178293
08178672
08179454
08179759
08179992
08180353
08180419
08180842
08181210
08183534
08184876
08185218
08185259
08187424
08188984
08189002
08191919
08194206
08194313
08195809
08197778
08198243
08198771
08200529
08206558
08208558
08210208
08211575
08211844
08212525
08212684
08212807
08213159
08215225
08215873
08216799
08219712
08224788
08225218
08228388
08232548
08236618
08237795
08238318
08239280
08239401
08242162
08245269
08247831
08248138
08248330
08249365
08253328
08256677
08256711
08259198
08259299
08261786
08262491
08265808
08269774
08270435
08271179
08272605
08273464
08273712
08274605
08275427
08277568
08281595
08281720
08285136
08285418
08286488
08286761
08286788
08288950
08292555
08295834
08296377
08298429
08299509
08301296
08301319
08301665
08302892
08303712
08305173
08306303
08307156
08311109
08313030
08313233
08314105
08315661
08316844
08320254
08323204
08323842
08325032
08325165
08327552
08328443
08331985
08333330
08343754
08345387
08345870
08347688
08349473
08351887
08351948
08351962
08352672
08352818
08353192
08353269
08354230
08356358
08358511
08359079
08360859
08363433
08363684
08363933
08363996
08365361
08366263
08368300
08369360
08373835
08373847
08374619
08375682
08376231
08382485
08383801
08384230
08386321
08387081
08390254
08391558
08394671
08395671
08396342
08397999
08399453
08401379
08401757
08405315
08406894
08408475
08408967
08409211
08411594
08412214
08412742
08413301
08414127
08414455
08414541
08414969
08415387
08416460
08416702
08419544
08420748
08421922
08422011
08423344
08423618
08424233
08424397
08424595
08425789
08426360
08433045
08433058
08434582
08435442
08437055
08438153
08443553
08444244
08446696
08447107
08450367
08451512
08453598
08454917
08457218
08459792
08462113
08462636
08465470
08466342
08474694
08475026
08476030
08476209
08478041
08480292
08481866
08482599
08484971
08486138
08488868
08490857
08490943
08496455
08498409
08499122
08499566
08499978
08502222
08502740
08503018
08503918
08504334
08504818
08510457
08513238
08514574
08515962
08518455
08518811
08521611
08522300
08522594
08525412
08528867
08531881
08533025
08533456
08533820
08536727
08537663
08537716
08541942
08544254
08544317
08544397
08545671
08548492
08549071
08563349
08564190
08568152
08568838
08570987
08571259
08572547
08573202
08574059
08575235
08577223
08579312
08580616
08586851
08587586
08588159
08588483
08590751
08591346
08598057
08599226
08599511
08602510
08602578
08605113
08605267
08608018
08608360
08608938
08610137
08612840
08613706
08613748
08615286
08615781
08616376
08617027
08618807
08619478
08620378
08620683
08621991
08622897
08622967
08623006
08623008
08625688
08631479
08631538
08631606
08634477
08636997
08640709
08640832
08641292
08641734
08642305
08643572
08643942
08644387
08644430
08644961
08646593
08650874
08651230
08651609
08654579
08656125
08657864
08658060
08658224
08658807
08659937
08660715
08661405
08661489
08661853
08662394
08663273
08663518
08663693
08666454
08666659
08667366
08671610
08674320
08677159
08677204
08678331
08678621
08679249
08679546
08680909
08681470
08682206
08682246
08682924
08683928
08684446
08684449
08686088
08686195
08686353
08687300
08690130
08690501
08691001
08691554
08692810
08693773
08693912
08693968
08694510
08695375
08701609
08703343
08704438
08711525
08711993
08712798
08716996
08720470
08724237
08727715
08729535
08729589
08732834
08734166
08736356
08739748
08739765
08739816
08740141
08740520
08740971
08743394
08744250
08746073
08746760
08747909
08747929
08753426
08756332
08756414
08756883
08757776
08758486
08763539
08764893
08765650
08769995
08773826
08774821
08778170
08778400
08778564
08780108
08782496
08784782
08790792
08791614
08792073
08794246
08794337
08795528
08798529
08798951
08800778
08803658
08803945
08804327
08805812
08809168
08809795
08810008
08811665
08814545
08814921
08815101
08817759
08822221
08823307
08823877
08824473
08826669
08826869
08827930
08829429
08838347
08838774
08839749
08842327
08842328
08845937
08847561
08847639
08848915
08849921
08851773
08852140
08852499
08852684
08853116
08854192
08858146
08859994
08860165
08862138
08863802
08865606
08866777
08867925
08868482
08868643
08869820
08870342
08870610
08872442
08873249
08873340
08873362
08873665
08873746
08873759
08873764
08873948
08874252
08875263
08875814
08876056
08878977
08880066
08880337
08880430
08881169
08882101
08882544
08883652
08884050
08884383
08884403
08884685
08884747
08884818
08885163
08885868
08885944
08885993
08886048
08887042
08887113
08887389
08888185
08888712
08890360
08891038
08891040
08891830
08892875
08894065
08894288
08895160
08897669
08898668
08899349
08899464
08900691
08905251
08905677
08906692
08907130
08908072
08909291
08911480
08914943
08915136
08915726
08915809
08916983
08918314
08921725
08922294
08922873
08925139
08926118
08927707
08927997
08930462
08932350
08933279
08939380
08941092
08941713
08944812
08947373
08948662
08949541
08952389
08953544
08954080
08954094
08954351
08954916
08959079
08963036
08963540
08963680
08963756
08965019
08969803
08970621
08970685
08971858
08971877
08974145
08974234
08974339
08975311
08976481
08976496
08976621
08978220
08982781
08985659
08986185
08987222
08990058
08990901
08993229
08995584
08997514
09000332
09000703
09001390
09008057
09008839
09009375
09009501
09009906
09010726
09011228
09013187
09013597
09013666
09014349
09014369
09014856
09015152
09016826
09017902
09018901
09019924
09020108
09020929
09021104
09021277
09024564
09027573
09028696
09030446
09031280
09032365
09038992
09039389
09039671
09042415
09042464
09042696
09044003
09044648
09045055
09045997
09046102
09047164
09047265
09048328
09050027
09050871
09051213
09053152
09053795
09054573
09054827
09055041
09057489
09057673
09058214
09058395
09059153
09059207
09059460
09059787
09059953
09060148
09062534
09063757
09064899
09065324
09065354
09065622
09065956
09066290
09066819
09066982
09067070
09067374
09067714
09068110
09069990
09073064
09076396
09076570
09077646
09080536
09083060
09084712
09084875
09085197
09086224
09086914
09092469
09092726
09096581
09098040
09098318
09100501
09103297
09104423
09105504
09107451
09108207
09108966
09108989
09111230
09113832
09115435
09117012
09117521
09117781
09117919
09118211
09121291
09124809
09126638
09126920
09129217
09130832
09131873
09134700
09136283
09137371
09138075
09140783
09140929
09141563
09141632
09143127
09143580
09146877
09148864
09150538
09151097
09151398
09151962
09155168
09155994
09160098
09162582
09163002
09163615
09163997
09166289
09166741
09167556
09168606
09169836
09170238
09171120
09171276
09171873
09173380
09173471
09173557
09174529
09177250
09179841
09180646
09180807
09181343
09181981
09183043
09183669
09184882
09187007
09187935
09188374
09188496
09188845
09189317
09189660
09189998
09190927
09193221
09193793
09194382
09199640
09200398
09202233
09206920
09207040
09207180
09207225
09207954
09208280
09210731
09211532
09211546
09213574
09213628
09215588
09217014
09217369
09219521
09220189
09220304
09221709
09221816
09222330
09222624
09223176
09223408
09223529
09224185
09225417
09225980
09226770
09227871
09227893
09234978
09235492
09235702
09236906
09237722
09238391
09239098
09240444
09242136
09242319
09242784
09242845
09243955
09245263
09248099
09251197
09251392
09251584
09252454
09254434
09254535
09255320
09255364
09257412
09257474
09258226
09259360
09259534
09263309
09263793
09264934
09265809
09266558
09266594
09266813
09268232
09269537
09272178
09272622
09273179
09276514
09277334
09277418
09281025
09282354
09282894
09283655
09283854
09286350
09286866
09287066
09287131
09287733
09287760
09287828
09287909
09288040
09288599
09288991
09289136
09289220
09289450
09290135
09291980
09292794
09292900
09293479
09294449
09294876
09296008
09297317
09300746
09301802
09302592
09302631
09305035
09305240
09305329
09307547
09308542
09308771
09310345
09310408
09311947
09312363
09312382
09312391
09312696
09313236
09313479
09313946
09313954
09314220
09314341
09316860
09318955
09319766
09320153
09322553
09324043
09324097
09325354
09326659
09328468
09329168
09329746
09330294
09330517
09330986
09333247
09335388
09336731
09337643
09338276
09338530
09338733
09339797
09341798
09342181
09343260
09343965
09344393
09346966
09348124
09348376
09348826
09349267
09349706
09351020
09351378
09352674
09353526
09353941
09354272
09354828
09354960
09355541
09356386
09357286
09357994
09358507
09358745
09359862
09360059
09362604
09363544
09363703
09363775
09364620
09366534
09367216
09367315
09368770
09369182
09369212
09370328
09370514
09370627
09371112
09371512
09372222
09372340
09373210
09373444
09374004
09375356
09375894
09381038
09383201
09383325
09383442
09383817
09385040
09386731
09387498
09388206
09389101
09389424
09389655
09390085
09390634
09392252
09392596
09393091
09393341
09394188
09396439
09396757
09396975
09397382
09397652
09398419
09398675
09399020
09399052
09399401
09400012
09400289
09400434
09400982
09401074
09401281
09401945
09402294
09403074
09403399
09403452
09404182
09404782
09405123
09405167
09405183
09406630
09407537
09407683
09409001
09410463
09411102
09412054
09412762
09412768
09413208
09413310
09413865
09414221
09415118
09416192
09417184
09417343
09418294
09418430
09418515
09418929
09421472
09421968
09422795
09423239
09424293
09425126
09425642
09425964
09426445
09428407
09429305
09430422
09430674
09430791
09431194
09431895
09432296
09433369
09433797
09434782
09435527
09436439
09436637
09436697
09438127
09438252
09438881
09440197
09440341
09440445
09443105
09443863
09443920
09445404
09445686
09446633
09446641
09447392
09447846
09448145
09450416
09450434
09450600
09451008
09451694
09451869
09454411
09454960
09455340
09456336
09457000
09457122
09458123
09459025
09460020
09460102
09460503
09461021
09461993
09462187
09462566
09463265
09464007
09464686
09465195
09465985
09467062
09467104
09467322
09467631
09467668
09467896
09468215
09468370
09469619
09470480
09470515
09471670
09472755
09472973
09473210
09473882
09474443
09474529
09474655
09475963
09476283
09476742
09477238
09478316
09479029
09480240
09481273
09481981
09482285
09482737
09484532
09484739
09485068
09485602
09486499
09487145
09487252
09487537
09488280
09488546
09488873
09489498
09489571
09490582
09490861
09491372
09492526
09492929
09492980
09494125
09496452
09496668
09496698
09496896
09497306
09498110
09498645
09498788
09499436
09500129
09501652
09502477
09503258
09503790
09504286
09504317
09504487
09504527
09504978
09506136
09506299
09506734
09506994
09508327
09510167
09510372
09510654
09511035
09511174
09511380
09512603
09513176
09513694
09513902
09514298
09515662
09515706
09518044
09519954
09520795
09520877
09521169
09521819
09522296
09522351
09522613
09522774
09523373
09523434
09523440
09523470
09523965
09523999
09524015
09524526
09524584
09524782
09524985
09525870
09525962
09526397
09526404
09526506
09526509
09526669
09526678
09526776
09526850
09526887
09527575
09529484
09530592
09530917
09530967
09531090
09531920
09532173
09532211
09532847
09533186
09533270
09533421
09536207
09538176
09541710
09542252
09543068
09543402
09545462
09545500
09545635
09546752
09547348
09547778
09548288
09548426
09548573
09548839
09549105
09549214
09550011
09550278
09552268
09552599
09553848
09554195
09554226
09554280
09554531
09556150
09556207
09556724
09556758
09556925
09557213
09557863
09558177
09558598
09558840
09559442
09559576
09559665
09559826
09560020
09560646
09561711
09561879
09561922
09562959
09563048
09563830
09564770
09566510
09566888
09566915
09567481
09569260
09569335
09570485
09571439
09571824
09572368
09572937
09573309
09574539
09574685
09576037
09576111
09576348
09576543
09577466
09577572
09578504
09579701
09580157
09582322
09583673
09583682
09584533
09584757
09585587
09586760
09586799
09587314
09587452
09587976
09588123
09588912
09589066
09589977
09590121
09590696
09590912
09591626
09591768
09592244
09593052
09593431
09593495
09593549
09593634
09593899
09593949
09594992
09595258
09595296
09595329
09595356
09595540
09595827
09596073
09596080
09596127
09596591
09597974
09598220
09598221
09598300
09598973
09599619
09599741
09599750
09599892
09600252
09601743
09601966
09602744
09603068
09603083
09604054
09604214
09604775
09605531
09605794
09606170
09607360
09607831
09607937
09608094
09608649
09608812
09611600
09611870
09612379
09612412
09612705
09612973
09614066
09614882
09615359
09616210
09618270
09619224
09619625
09619693
09619792
09619827
09620169
09620234
09620762
09621160
09621514
09623397
09623796
09625138
09625222
09625397
09625607
09626165
09626479
09628062
09628846
09628957
09629599
09631158
09631241
09631523
09632012
09632311
09633411
09633648
09634180
09634380
09634726
09635662
09635904
09636002
09636159
09636232
09636411
09636697
09636926
09637040
09637187
09637995
09638369
09638402
09638418
09638462
09638607
09638698
09638982
09639265
09640420
09641161
09642838
09644609
09644840
09645548
09645672
09647526
09648097
09649169
09649366
09649607
09649665
09650196
09650203
09650223
09650738
09651246
09652293
09652677
09653303
09653974
09655026
09656143
09656544
09657216
09657472
09659167
09659685
09659696
09659920
09661336
09662188
09662342
09662682
09663858
09666466
09669540
09669756
09670011
09670244
09671188
09672407
09672589
09673289
09673503
09673540
09673546
09673801
09674348
09674679
09674746
09675520
09676917
09678112
09678372
09678468
09678655
09678917
09679456
09679498
09680192
09682485
09683107
09683377
09683444
09683494
09684438
09684487
09686204
09686276
09686327
09687313
09688223
09688357
09688477
09688657
09689202
09690054
09690398
09690779
09691285
09693211
09694661
09696219
09696633
09697609
09698175
09698368
09698915
09699382
09699695
09699780
09700995
09701231
09701594
09703123
09703609
09704286
09704299
09704644
09704780
09705054
09706092
09706233
09706637
09706718
09706991
09707153
09708073
09708262
09708398
09708400
09708747
09708789
09709187
09709660
09709855
09710993
09711651
09711745
09712025
09712154
09712481
09713814
09714822
09716377
09716700
09718498
09718681
09718821
09718854
09719408
09720147
09720867
09721051
09721369
09721619
09723337
09723350
09723929
09723954
09724512
09725020
09725156
09725841
09726079
09728070
09728245
09728355
09729046
09730045
09731250
09731768
09732567
09733582
09733743
09735309
09735442
09737319
09737803
09737925
09738571
09739308
09739421
09740025
09740680
09741348
09741894
09742191
09745054
09746372
09747809
09748438
09748603
09749681
09750483
09750885
09751888
09752075
09752076
09752234
09752460
09754349
09754415
09755039
09755800
09756029
09756262
09756568
09757086
09757212
09759895
09760493
09760962
09761127
09761948
09762041
09762389
09762738
09762741
09763574
09763992
09764614
09764768
09764852
09765006
09765275
09767347
09767614
09767877
09768150
09768821
09769579
09769601
09769747
09770290
09770700
09770845
09771215
09771589
09771763
09771840
09772147
09772885
09775429
09775733
09775838
09776360
09776559
09777069
09777346
09777518
09778077
09778280
09778539
09778901
09779513
09780095
09781161
09782463
09784045
09784320
09784823
09784939
09784994
09785321
09785472
09786025
09786232
09786256
09786731
09787910
09788283
09788418
09788429
09788619
09789180
09789394
09789685
09789807
09789984
09790929
09791072
09791131
09791177
09791749
09791901
09792524
09792728
09793526
09793705
09794348
09794801
09795264
09795376
09795869
09796442
09796723
09797774
09798467
09798692
09802148
09803242
09804388
09804457
09805640
09806304
09808198
09810235
09810326
09812009
09812068
09812787
09813148
09821197
09822375
09822619
09822817
09823164
09823284
09823510
09823910
09824136
09824160
09824498
09824712
09824770
09826271
09826573
09828220
09829196
09829605
09831150
09831587
09831941
09832166
09832971
09833870
09834254
09834332
09834548
09834945
09835668
09836161
09836537
09836921
09837326
09838358
09838636
09838735
09839051
09839083
09840613
09841733
09842259
09842366
09842392
09842687
09842713
09842915
09843111
09843666
09844290
09845080
09847661
09849167
09849542
09849811
09849970
09850674
09851550
09851934
09853027
09853156
09853628
09853813
09854105
09858660
09860694
09861539
09862326
09862403
09864058
09864653
09865256
09865552
09865726
09865797
09866155
09867179
09867568
09868194
09869308
09870032
09870290
09870494
09871037
09871573
09873189
09873395
09874455
09875135
09875483
09876029
09876058
09876147
09876759
09876969
09877693
09878250
09878655
09879649
09879816
09879957
09880869
09881401
09881579
09881887
09882068
09883004
09883153
09883786
09884284
09885037
09885038
09885406
09886600
09887548
09888099
09889214
09889586
09889673
09889818
09889988
09890497
09890590
09890614
09892860
09893205
09893557
09894027
09894215
09894292
09894451
09895118
09895761
09895820
09897139
09897528
09897955
09898688
09899400
09899601
09899816
09901614
09903212
09903617
09903877
09903985
09904425
09904594
09905394
09906797
09907583
09907767
09907798
09908261
09908271
09909672
09910196
09910704
09911578
09911595
09912255
09912294
09913983
09914398
09914735
09914916
09914925
09915054
09915098
09915595
09919765
09919951
09920034
09920073
09921837
09922222
09922610
09924741
09924788
09925303
09925551
09925583
09925988
09926906
09927597
09928402
09928540
09928924
09928990
09929147
09929939
09931305
09931522
09931772
09932218
09932314
09933197
09933568
09934006
09934390
09935532
09935647
09936362
09936785
09936791
09936990
09937106
09937528
09938466
09942044
09942455
09942792
09943652
09945306
09945923
09946167
09947433
09949397
09950474
09950499
09951088
09951538
09952185
09952312
09953549
09954148
09954263
09954486
09955098
09955147
09956772
09958073
09958141
09959000
09959459
09960606
09962872
09963900
09964093
09964503
09964627
09965239
09966409
09966700
09967552
09968232
09969083
09969223
09970753
09971018
09971265
09971418
09972191
09972735
09973559
09974994
09976741
09977796
09978309
09978367
09978964
09979037
09979312
09979369
09979664
09980052
09980259
09981685
09983095
09983740
09984652
09984712
09984917
09987201
09988346
09988489
09988496
09988638
09988968
09990075
09990635
09995673
09996331
09997156
09998899
09999095
09999615
09999914
10000982
10001838
10002303
10002305
10002450
10003995
10004044
10004273
10005798
10007617
10008020
10008239
10008388
10008768
10010693
10011800
10012190
10012856
10013725
10013859
10014447
10014499
10014542
10015129
10015544
10017208
10019199
10019553
10019949
10020109
10020309
10020387
10020830
10021062
10021529
10021590
10021742
10021752
10023776
10023958
10024266
10025997
10026102
10026455
10028053
10029337
10029477
10029526
10029595
10030229
10030531
10030892
10031168
10031452
10031834
10032058
10032921
10033054
10033116
10033461
10034090
10034175
10034304
10034618
10035168
10035671
10036105
10036936
10038358
10040121
10041549
10041560
10042691
10042835
10045155
10046010
10046017
10047328
10047517
10047883
10048064
10048111
10048171
10048495
10048588
10048782
10049082
10049439
10050636
10050913
10052023
10052599
10052800
10054454
10054562
10054662
10054704
10055005
10055015
10055124
10055444
10056060
10056241
10056285
10056467
10056499
10056542
10056917
10057086
10058607
10059106
10059524
10060405
10061523
10062129
10062854
10063183
10064716
10065735
10066075
10067375
10068382
10070534
10073191
10073281
10074955
10076196
10076389
10076521
10077208
10078461
10078880
10079989
10081107
10081393
10082979
10083244
10083392
10083923
10084149
10084516
10084615
10084793
10085259
10086978
10087890
10088007
10088159
10088304
10088755
10089070
10089149
10091720
10092593
10092964
10093124
10093574
10093591
10093857
10094094
10094240
10095228
10095342
10097013
10098189
10098961
10100281
10101567
10101929
10102054
10102065
10105177
10105233
10105471
10106356
10106948
10108062
10108657
10108683
10108921
10110151
10111199
10111970
10112245
10112334
10112632
10112816
10114011
10116284
10116652
10116701
10116899
10117069
10118628
10118944
10119332
10119514
10119856
10120101
10121124
10121904
10121997
10123977
10124980
10125068
10125385
10128050
10128667
10130402
10131090
10131135
10131328
10131622
10131957
10132154
10132419
10132800
10133018
10133820
10134341
10135369
10135466
10135983
10136532
10136681
10138126
10139093
10139419
10140444
10140758
10140990
10141630
10141857
10141896
10142772
10143344
10143640
10143664
10143710
10144309
10144733
10146117
10147686
10147826
10148586
10150255
10150493
10151331
10153820
10154264
10154929
10155184
10155452
10156625
10157685
10157809
10158471
10159181
10159548
10159592
10159630
10159759
10160440
10160589
10160910
10161019
10161414
10161985
10162422
10162700
10162751
10163540
10163990
10164888
10165220
10165283
10165389
10165684
10165690
10166345
10166816
10167788
10168125
10168462
10169188
10169670
10169941
10170107
10171558
10171813
10171873
10173909
10173979
10174071
10175581
10175653
10176213
10176224
10177373
10177406
10177976
10178704
10178892
10180016
10180196
10180312
10180367
10181454
10182205
10182562
10182777
10182893
10183019
10183772
10184649
10184707
10184736
10185361
10185376
10185612
10185788
10186112
10186626
10186931
10187471
10187577
10189221
10189383
10190390
10190744
10191026
10191295
10191767
10191930
10192029
10193113
10193577
10193606
10193607
10194485
10196394
10196967
10197852
10199317
10200509
10201500
10202021
10202105
10202341
10202956
10204257
10205486
10205905
10205958
10206130
10206468
10206478
10208674
10208859
10208948
10209179
10209478
10209746
10210722
10211111
10211273
10211692
10212306
10213220
10213479
10215319
10215427
10216761
10216895
10217056
10217495
10217570
10217606
10217871
10218696
10219033
10219745
10220120
10220318
10220438
10226150
10226162
10226166
10226177
10226362
10226586
10226725
10226816
10226866
10226868
10227939
10228610
10228803
10232050
10233250
10233962
10234212
10234997
10235182
10235323
10236465
10236632
10236791
10237457
10237694
10238933
10238947
10239905
10240353
10240483
10241394
10242763
10242916
10243308
10244151
10244732
10244950
10245216
10246625
10246770
10247781
10248393
10248790
10248864
10249371
10249504
10249723
10251547
10254670
10255165
10257721
10258282
10258707
10259072
10259983
10260311
10261467
10262700
10262980
10263544
10264021
10264126
10265312
10267211
10269519
10270647
10271326
10271638
10272239
10272377
10272499
10272782
10273762
10273957
10275684
10275884
10276962
10278773
10279150
10279227
10281005
10281973
10283021
10283109
10283534
10284017
10285800
10286138
10287199
10287850
10288288
10288356
10288394
10288526
10289775
10289782
10290674
10291053
10291103
10292263
10292489
10293497
10294282
10295303
10295808
10296242
10298029
10298188
10300067
10300761
10301214
10301662
10301980
10303135
10303290
10303506
10304343
10304933
10305075
10305457
10305501
10305820
10305920
10306071
10306852
10306942
10307918
10308318
10309443
10309969
10310578
10311021
10311203
10312181
10312717
10313904
10314774
10315214
10315268
10315570
10315849
10315869
10317308
10317458
10317550
10317705
10318201
10319224
10319717
10321496
10322575
10322912
10322957
10323342
10323347
10324575
10324894
10325904
10326932
10326945
10327519
10328273
10328500
10328640
10329203
10329681
10330217
10330755
10331373
10331376
10332223
10333539
10333842
10334322
10334353
10335707
10336958
10337520
10338284
10338920
10339614
10340380
10340383
10340623
10340835
10341812
10341981
10342132
10343775
10344354
10344361
10344881
10345630
10346264
10347376
10347978
10348623
10348970
10351245
10352452
10353008
10353561
10354107
10354166
10354648
10354723
10355013
10355388
10355478
10355899
10357549
10358636
10359259
10360691
10360981
10361221
10361715
10362596
10362968
10364057
10365256
10365822
10368977
10369870
10370659
10371106
10371345
10371745
10376940
10377749
10377794
10377857
10377908
10378319
10379403
10380019
10382278
10382483
10382656
10382732
10383729
10383775
10383959
10384115
10384191
10385158
10385690
10385725
10386989
10389283
10390880
10391678
10393897
10393951
10395256
10395409
10395985
10396633
10396722
10398753
10399038
10399203
10399250
10399769
10399794
10400439
10401140
10401804
10403357
10403399
10403460
10403674
10404209
10404744
10404825
10405159
10405937
10406913
10406997
10407033
10407514
10407730
10407777
10409133
10409473
10410208
10410358
10411261
10411889
10412373
10413624
10413761
10415745
10416626
10417299
10418387
10418443
10419176
10419857
10420828
10422027
10422165
10422275
10422300
10423133
10423314
10424180
10424723
10426772
10426963
10428016
10431990
10432637
10432704
10432869
10434966
10435298
10435817
10438362
10438393
10439904
10439955
10440419
10441471
10443933
10443960
10444076
10444181
10444221
10444468
10445892
10447380
10447605
10447751
10447848
10448670
10449621
10449981
10450775
10451276
10453047
10454151
10454666
10455322
10455508
10455977
10457010
10459489
10460141
10461320
10461837
10463226
10463333
10463377
10463545
10463847
10464491
10467203
10467736
10467740
10467765
10467789
10468693
10469129
10469228
10469911
10470023
10470182
10470604
10470800
10471164
10471572
10472852
10474585
10474708
10474733
10475318
10477549
10478749
10478871
10479192
10480314
10480412
10480654
10480888
10481715
10481926
10482458
10484236
10484665
10484906
10485410
10486650
10487044
10487823
10488572
10489766
10490089
10490132
10490708
10490716
10491480
10491595
10492740
10493697
10493717
10493794
10494214
10495422
10496971
10497013
10497527
10497811
10498660
10499117
10499433
10500172
10500345
10500751
10500993
10501139
10501156
10501702
10502570
10503452
10504227
10504421
10505291
10505531
10505986
10506823
10506920
10507100
10507467
10508106
10508237
10509821
10509987
10510141
10510629
10511330
10511715
10512189
10512302
10512807
10513424
10513970
10515620
10515917
10516151
10517199
10517673
10518074
10518135
10518212
10519032
10519450
10520478
10520777
10522748
10523020
10524937
10526698
10526804
10527108
10527133
10527714
10527859
10528409
10528690
10528814
10529002
10530097
10531117
10532769
10535040
10536489
10537102
10537186
10537346
10538063
10538352
10538462
10539129
10541863
10542909
10543455
10544274
10545450
10549619
10549867
10550262
10550373
10550971
10551025
10553056
10553237
10553416
10554756
10556034
10556247
10556522
10556908
10556919
10556993
10557381
10557432
10559671
10559895
10561029
10561107
10562247
10562660
10563852
10563875
10563999
10566464
10567390
10567721
10570663
10576091
10577182
10577561
10577590
10580894
10580948
10582609
10583244
10585915
10585942
10586151
10586247
10586696
10587621
10587837
10589069
10590382
10592278
10592804
10592851
10592983
10593181
10593257
10594107
10594270
10594638
10594908
10596213
10598214
10599279
10599522
10600352
10600545
10601253
10602201
10602475
10602932
10602983
10604224
10604230
10604367
10604498
10604591
10605587
10606412
10606877
10607872
10609001
10610098
10610162
10610215
10611569
10613289
10613379
10614078
10614244
10614730
10615509
10616548
10617486
10618793
10618831
10620480
10620620
10620795
10621266
10621393
10622664
10622928
10622930
10623517
10624788
10625476
10625783
10626227
10626439
10627012
10627107
10629369
10629669
10630285
10630475
10630823
10630983
10631513
10631570
10631582
10631636
10631671
10634093
10634278
10635617
10635643
10635665
10635822
10636002
10636064
10636222
10636631
10637040
10638290
10638429
10640232
10640249
10641011
10641308
10641541
10641664
10641868
10641869
10642422
10642955
10643071
10643921
10644197
10644294
10644498
10644921
10645515
10646513
10646736
10647249
10647445
10647534
10648072
10648594
10648813
10649082
10649172
10649705
10649867
10650019
10650067
10650127
10651117
10652165
10652791
10652918
10652981
10653543
10653642
10654285
10656078
10656182
10656284
10656428
10657093
10658359
10659372
10660154
10660198
10660386
10660873
10661217
10662185
10662224
10662589
10663732
10664063
10664699
10665173
10665542
10665830
10667055
10667867
10668552
10668907
10668965
10669660
10670177
10670335
10670605
10670752
10670892
10670979
10671842
10672636
10672699
10672903
10673282
10673772
10675509
10675683
10675724
10675809
10675948
10677306
10677339
10677830
10678017
10679200
10679445
10680045
10680092
10680601
10681553
10681750
10681809
10681901
10682302
10682542
10683246
10683322
10683575
10683802
10683902
10684278
10684555
10685810
10685908
10686887
10687500
10688108
10689465
10691380
10693232
10693867
10694226
10694535
10695003
10695145
10696066
10696482
10696520
10697951
10699013
10699125
10699726
10699823
10700441
10700457
10700953
10701693
10702496
10702554
10705612
10706102
10706722
10706902
10708085
10708376
10708793
10709414
10710523
10710665
10710763
10712468
10712717
10712764
10713485
10713674
10714033
10714953
10717247
10718611
10718946
10719602
10720004
10720039
10720511
10720657
10720662
10721804
10722441
10722979
10723181
10723338
10724852
10724929
10725185
10725239
10727533
10728815
10728987
10730625
10731652
10731663
10732343
10734190
10734743
10734957
10735327
10738514
10740446
10740767
10741259
10741889
10743494
10743779
10744214
10744424
10744550
10744662
10745055
10745512
10745774
10745828
10746059
10747405
10747746
10747772
10747986
10749413
10750446
10751096
10751128
10751423
10752104
10752492
10752835
10753071
10753306
10754526
10755364
10755466
10755617
10755764
10760272
10760466
10760600
10761386
10762318
10762568
10763052
10764418
10764953
10765508
10765566
10765851
10766238
10766828
10767026
10767133
10767306
10770472
10770621
10770738
10771171
10771250
10771804
10774641
10774646
10776069
10776353
10776369
10776403
10776471
10776891
10776927
10777392
10777440
10777745
10778060
10778568
10778664
10779134
10779226
10779564
10779779
10779813
10782040
10782049
10782334
10783646
10786072
10788097
10788874
10789583
10789764
10790084
10790199
10790215
10790738
10790968
10791818
10792074
10793373
10797804
10798244
10798883
10799720
10799962
10801276
10802016
10802175
10802296
10803306
10803653
10804074
10804452
10805192
10805621
10806054
10806176
10808364
10809904
10810447
10811639
10811727
10812421
10812668
10813280
10813533
10813601
10814240
10815596
10816119
10816973
10817803
10818003
10818293
10818537
10818951
10819951
10830151
10833503
10846877
10860084
10860361
10860376
10861669
10862047
10863246
10866096
10866338
10866479
10866768
10867334
10867941
10868457
10868782
10874093
10874271
10874413
10875225
10875507
10876863
10878243
10880194
10880661
10881315
10881518
10881598
10886559
10886570
10887064
10887326
15200313
15200995
15201010
15201213
15201539
15201870
15201909
15201954
15201982
15202434
15202699
15202702
15203064
15203258
15203290
15203473
15203566
15203567
15203580
15204014
15204053
15204640
15204686
15204846
15204853
15205376
15205398
15205498
15206252
15206374
15206484
15206617
15207241
15207258
15207288
15207528
15207533
15207565
15207649
15207718
15207723
15207732
15208408
15208514
15208539
15208552
15209264
15209946
15211653
15213793
15213909
15214909
15217290
15217336
15217485
15217497
15217512
15218043
15218071
15218073
15218240
15218263
15218400
15218454
15222037
15222056
15222134
15280061
15280079
15280092
15280276
15280437
15280722
15282362
15282400
15282567
15282619
15282637
15282853
15282868
15283011
15283131
15283217
15283609
15283828
15285240
15285251
15285258
15285309
15285346
15285350
15285604
15285648
15285883
15285961
15286070
15286330
15286368
15287488
15287827
15287858
15287998
15288995
15289012
15289252
15289278
15289337
15289342
15289379
15289399
15289541
15289563
15289664
15290424
15290439
15290542
15290614
15290625
15290634
15290649
15291281
15291492
15292276
15292323
15292413
15292583
15293049
15297866
15299385
15299502
15299651
15299721
15300166
15300430
15300691
15340803
15341477
15341600
15341618
15342314
15342660
15343910
15345059
15346935
15347898
15349701
15351031
15354010
15354294
15354535
15354749
15355427
15355613
15355636
15356850
15356900
15357019
15357074
15357194
15358091
15358552
15359138
15359214
15359394
15359775
15359830
15359868
15360409
15360808
15360809
15360859
15360956
15361313
15361467
15361754
15362574
15362651
15362672
15362743
15362822
15363203
15363716
15363804
15363822
15364788
15365209
15365271
15365355
15365464
15365501
15365801
15366152
15366250
15366268
15366446
15368141
15369289
15369780
15369950
15370081
15370225
15370744
15372080
15372328
15372692
15372771
15374268
15374350
15374939
15376576
15376900
15377218
15377227
15378574
15378648
15379830
15379933
15379968
15380511
15380575
15380660
15381341
15381413
15381426
15382302
15382473
15382676
15383448
15384295
15384413
15384733
15384762
15384812
15385043
15385087
15385320
15385517
15385519
15385524
15385543
15386723
15387240
15388844
15389087
15390900
15392033
15392849
15393220
15393581
15393952
15395218
15395293
15395507
15396997
15397314
15398022
15398068
15398209
15398342
15398576
15399111
15399195
15399594
15399833
15399976
15400152
15400258
15400839
15402352
15403440
15403695
15403972
15404379
15404709
15405436
15405477
15405554
15405663
15406491
15406856
15407204
15407340
15407986
15408210
15408427
15408627
15409349
15409355
15410047
15410329
15412071
15412258
15412850
15412991
15413051
15413069
15413629
15414058
15414084
15415279
15415780
15415964
15417034
15417497
15417620
15417628
15417632
15418563
15418576
15418592
15418789
15419318
15421014
15421103
15421650
15421710
15422156
15422267
15422318
15422497
15422737
15422829
15422976
15423139
15423245
15423358
15423499
15423570
15423726
15423787
15424120
15424332
15424482
15425183
15425229
15425378
15425573
15425829
15426052
15426054
15426146
15426227
15426461
15426751
15427016
15427170
15427191
15427461
15427542
15427591
15427843
15428434
15429169
15429601
15429602
15429790
15429801
15429924
15430208
15430240
15430279
15430542
15430646
15430859
15430941
15430994
15431003
15431236
15431290
15431336
15431555
15431578
15431583
15431780
15431854
15431954
15431960
15432142
15432366
15432480
15432651
15433331
15433527
15433770
15433842
15433973
15434194
15434242
15434307
15434548
15434872
15434949
15435085
15435252
15435825
15436066
15436104
15436154
15436190
15436578
15436636
15436822
15437284
15437286
15437322
15437364
15437434
15437503
15437547
15437572
15437934
15438012
15438080
15438320
15438822
15438988
15439245
15439861
15440059
15440111
15440505
15440592
15440771
15441208
15441232
15441454
15441625
15441648
15443077
15443230
15443262
15443560
15444104
15444153
15444259
15444324
15444448
15447051
15447560
15447767
15447975
15448008
15448130
15448156
15448377
15448470
15449779
15449897
15449919
15450003
15450066
15450348
15450894
15451164
15451409
15451623
15451625
15451840
15451883
15452211
15452249
15452332
15452343
15452616
15452619
15452634
15453339
15453444
15453467
15582468
15583068
15583251
15584437
15585400
15585691
15586517
15586679
15586758
15588776
15590032
15590125
15591701
15592273
15594009
15594196
15595563
15595651
15596389
15597769
15598373
15598850
15599910
15601078
15601523
15603695
15603719
15604981
15607071
15608247
15608536
15608732
15608821
15608997
15609187
15609531
15612111
15613089
15614457
15614526
15615523
15616100
15616824
15617016
15617052
15617428
15617845
15617973
15618554
15619136
15620350
15620944
15621313
15622354
15622732
15624295
15625910
15626502
15626555
15626938
15627376
15627432
15628452
15629178
15629901
15629952
15630249
15630982
15631116
15631196
15631469
15631714
15632309
15632323
15632418
15632756
15633331
15633614
15635481
15635617
15638452
15640061
15640549
15640550
15640784
15640801
15640897
15641095
15641099
15641827
15642048
15642120
15642319
15642635
15643281
15643758
15643929
15644475
15644686
15644790
15644847
15645033
15645270
15645720
15645814
15645953
15646398
15646481
15647547
15647647
15648003
15648193
15648213
15648461
15648551
15648579
15648585
15648628
15648740
15648806
15648992
15650652
15650920
15651492
15652601
15653840
15654329
15655549
15657175
15658087
15658156
15658416
15658685
15659790
15660126
15660138
15660174
15660623
15660877
15661162
15663203
15663686
15664737
15665048
15665327
15667498
15667891
15669423
15670437
15672022
15672238
15672830
15672890
15674053
15674670
15674714
15677185
15677265
15677500
15678286
15679104
15679444
15680670
15681035
15681811
15682449
15685006
15685113
15685151
15685165
15685172
15686819
15687126
15687714
15689713
15691992
15692654
15693366
15693386
15693396
15693637
15694295
15695651
15696880
15698491
15698680
15698762
15699066
15699239
15699401
15699769
15699778
15699910
15700012
15700427
15700656
15701053
15701254
15701256
15701529
15701742
15702408
15702768
15702976
15703615
15703936
15704023
15704531
15705138
15706803
15707424
15707599
15707704
15708112
15708720
15708871
15709116
15709469
15709537
15710446
15710827
15711271
15711792
15712317
15712433
15713505
15714013
15714089
15714126
15714264
15715824
15716049
15717640
15717959
15719919
15720377
15720392
15720591
15720661
15720747
15721297
15721515
15721568
15722423
15722902
15723168
15723263
15723887
15724100
15724191
15724615
15724775
15725035
15725767
15726106
15726284
15727244
15727745
15727925
15728275
15728708
15729074
15729962
15731306
15731405
15731969
15732288
15733151
15733863
15733888
15733925
15734205
15734397
15734470
15734549
15734854
15735426
15735582
15735634
15735945
15736141
15737654
15737977
15738021
15738667
15738736
15739072
15739235
15739975
15740121
15740432
15740591
15740796
15740846
15741529
15741557
15741929
15741983
15742020
15742544
15743157
15743839
15743844
15743892
15743902
15743943
15744071
15744320
15744566
15744597
15744694
15744976
15745071
15745559
15746926
15747177
15748561
15748744
15748814
15749159
15749546
15749772
15749830
15749948
15750098
15750301
15751072
15751320
15751462
15751616
15751664
15751876
15752220
15752445
15753265
15753304
15753523
15753753
15753788
15754387
15754714
15755091
15755444
15755513
15755653
15755978
15756607
15756830
15757264
15757288
15757966
15757970
15758098
15758280
15758641
15758906
15759061
15759133
15760010
15760363
15760714
15760912
15761219
15761234
15761718
15762004
15762389
15762412
15762477
15762975
15763278
15764554
15764568
15765485
15765542
15765553
15765590
15766260
15840226
15840931
15841195
15842136
15842180
15842722
15842839
15844022
15844483
15844487
15844604
15845537
15845557
15845767
15845816
15846076
15846646
15846994
15847000
15847158
15847885
15847908
15848135
15848199
15848236
15848417
15848846
15849040
15849444
15849838
15849993
15850018
15851463
15851576
15851710
15851766
15851922
15852058
15852114
15852232
15853506
15853648
15853739
15854034
15854342
15854394
15854608
15855159
15855169
15855539
15855772
15855960
15855980
15856063
15856194
15856206
15857241
15857603
15857858
15858016
15858481
15858734
15858945
15858975
15859262
15859615
15860381
15860717
15860753
15861080
15861331
15862522
15862817
15862882
15863196
15863409
15864427
15864479
15864702
15864785
15865031
15865635
15865683
15866931
15866976
15940322
15940595
15940793
15941775
15942155
15945060
15947568
15948172
15949225
15949716
15950223
15950541
15950926
15951086
15952630
15953911
15955173
15955371
15956248
15956533
15956879
15957795
15958192
15958201
15958861
15959446
15959675
15960633
15961328
15961376
15962311
15962448
15962532
15964405
15964466
15964991
15966032
15967144
15967530
15968118
15969062
15969087
15970010
15970071
15970130
15970135
15970277
15970735
15970763
15970963
15971128
15972769
15973467
15973534
15974765
15975028
15975161
15975735
15977252
15978001
15978107
15978217
15979113
15979483
15979628
15980229
15980579
15982156
15985061
15985185
15985787
15986169
15987898
15987930
15988364
15988695
15989320
15989879
15989983
15990278
15990320
15990339
15990394
15990660
15990662
15990711
15990712
15990738
15991038
15991387
15991426
15992413
15992655
15992749
15993379
15993470
15994577
15995113
15995447
15995608
15995636
15996192
15996230
15997757
15998280
15998552
15999558
15999983
16000854
16001073
16002187
16002299
16002318
16002329
16002495
16002641
16003853
16004058
16004076
16004453
16005846
16006052
16008401
16009815
16009972
16010007
16010431
16010692
16011121
16011135
16012126
16012290
16012313
16012391
16012616
16012650
16012851
16014390
16014778
16015234
16015572
16016548
16016566
16016697
16017916
16018346
16018498
16018703
16019123
16019386
16020018
16020869
16021202
16021417
16021788
16021817
16022087
16022091
16022489
16022617
16022652
16022845
16022854
16022967
16023144
16023229
16023499
16023900
16024019
16026614
16027611
16027653
16027683
16120340
16120414
16121505
16121633
16122648
16123162
16123723
16123738
16123829
16124097
16124174
16124262
16124373
16124534
16124990
16125225
16125345
16125576
16125732
16126613
16126666
16126829
16126969
16127150
16127176
16127244
16127254
16127255
16127350
16127450
16127471
16128037
16128159
16128190
16128191
16128278
16128344
16128616
16128666
16129003
16129658
16129702
16129782
16129899
16129941
16130020
16130090
16130158
16130163
16130238
16130240
16130310
16130324
16130344
16130387
16131433
16131434
16131442
16131470
16131476
16131477
16131490
16131536
16132438
16132681
16133664
16133956
16134243
16134606
16134630
16135020
16135151
16135514
16135780
16135855
16135859
16135936
16136081
16136195
16136196
16136330
16136505
16136611
16136798
16137327
16137355
16137368
16137408
16137580
16137622
16137676
16138554
16139036
16139076
16139087
16139216
16139351
16139369
16139628
16139671
16139804
16139857
16139888
16139919
16139943
16140001
16140211
16140800
16141136
16141186
16141329
16141653
16142150
16142965
16143217
16143237
16143265
16143415
16143521
16143541
16143584
16143706
16144023
16144080
16144095
16144106
16144251
16144352
16144363
16144812
16145025
16145605
16145618
16145746
16145767
16146007
16146181
16146409
16146411
16146486
16146509
16147344
16147511
16147735
16147876
16148150
16148264
16148441
16148463
16148477
16148806
16148831
16148985
16148999
16149004
16149667
16149713
16149823
16149839
16149881
16150663
16150707
16151102
16151174
16151177
16151332
16151373
16152384
16152448
16152805
16153361
16153933
16154710
16155317
16155629
16155799
16156062
16156100
16156150
16156172
16156450
16157770
16157925
16157944
16158039
16158100
16158119
16158446
16158462
16158510
16158554
16158574
16158578
16158583
16158584
16159257
16159265
16159497
16159612
16160005
16160333
16160378
16160546
16161202
16162262
16162461
16162706
16162766
16162786
16163228
16163339
16163576
16164461
16164564
16164886
16164912
16165014
16165416
16165778
16165808
16165985
16166018
16167257
16167502
16167800
16167943
16168270
16168284
16168314
16168360
16168503
16168646
16168857
16169743
16169915
16170492
16170667
16170771
16170786
16170805
16174440
16174442
16174450
16174560
16174633
16175474
16175582
16176006
16176183
16176234
16176394
16178109
16178215
16178219
16178382
16178452
16178584
16280221
16280919
16281357
16281415
16281420
16281569
16281620
16281624
16282804
16284183
16284521
16284805
16284863
16285056
16285159
16285229
16285830
16285972
16285995
16286584
16286644
16286667
16286701
16288027
16288036
16288835
16289107
16289258
16289364
16289861
16290051
16290057
16290061
16290074
16290126
16290130
16290545
16290599
16290651
16291293
16291342
16291476
16292168
16292230
16292232
16292862
16293277
16293313
16293329
16293380
16293416
16294404
16294630
16294757
16294912
16294922
16294926
16296130
16296225
16296231
16296267
16297004
16297102
16297201
16297226
16297352
16297406
16297433
16297436
16297441
16298493
16298700
16298710
16298746
16298772
16299704
16299744
16300244
16300268
16300270
16300273
16301204
16301222
16301239
16301722
16302202
16302977
16303029
16303035
16303063
16303100
16303222
16303251
16303314
16303469
16304047
16304075
16304865
16305030
16305644
16305662
16305741
16305790
16305794
16305795
16305888
16305901
16305909
16305912
16305915
16306798
16307699
16307813
16307868
16307876
16307922
16307932
16307938
16307974
16308928
16309276
16309277
16310130
16311228
16311270
16311317
16311394
16311420
16311425
16316065
16316070
16316304
16316428
16316447
16316455
16400723
16404806
16405140
16407413
16408146
16408539
16410833
16411189
16411217
16412768
16419212
16426404
16431206
16433646
16434281
16436958
16438509
16439319
16439538
16439544
16439679
16441956
16443485
16445506
16446052
16448148
16455751
16456817
16457874
16458175
16458551
16459123
16462069
16463233
16465349
16466076
16466722
16469234
16470160
16470872
16473292
16478595
16482180
16483836
16485474
16486737
16489220
16490650
16493566
16499096
16499770
16500568
16503623
16504751
16505492
16506105
16506699
16511399
16512585
16513347
16514141
16514147
16515710
16516555
16516570
16518500
16519032
16520088
16520200
16520453
16520680
16520870
16520917
16521177
16523368
16523615
16523643
16525844
16525863
16526724
16526789
16527295
16528590
16528696
16534297
16535433
16540154
16542017
16545269
16547951
16548495
16548752
16549460
16551341
16551800
16553722
16553987
16555758
16557741
16557978
16559516
16559704
16561240
16561622
16562026
16562476
16562577
16562693
16562748
16562764
16562985
16563035
16563090
16563989
16564129
16564175
16564957
16565062
16566162
16567013
16567216
16567484
16567624
16569429
16569841
16570050
16570155
16570926
16570964
16571970
16572455
16572771
16573404
16575054
16575198
16575573
16575601
16578520
16578683
16579021
16580907
16581164
16581293
16581300
16581714
16581720
16582510
16583558
16585078
16585306
16586719
16587448
16587748
16588726
16589079
16589275
16589500
16591084
16592047
16592063
16592207
16592760
16592794
16594814
16595635
16595849
16597573
16598888
16600921
16600947
16601081
16601909
16602208
16603139
16604335
16604608
16605034
16606928
16607165
16608997
16610406
16611417
16612511
16612525
16612723
16613527
16616251
16617369
16620529
16620745
16621659
16623425
16625995
16626474
16626511
16626712
16626980
16627061
16627274
16627848
16627882
16630196
16630206
16630360
16630488
16630533
16630671
16630779
16631107
16631239
16632754
16634085
16634368
16635862
16637844
16638208
16639198
16639737
16639970
16639997
16640083
16640086
16641387
16644393
16647243
16650003
16652250
16652448
16653661
16654124
16655374
16655572
16656309
16657453
16658418
16659617
16659948
16661724
16662033
16663049
16663237
16663366
16663490
16664424
16664653
16667146
16667162
16667606
16668332
16668440
16668442
16668681
16668788
16669344
16669472
16669951
16670830
16671416
16671660
16671935
16671989
16672869
16673224
16673344
16673505
16673687
16674380
16674910
16674912
16676243
16678195
16678475
16679115
16679397
16680524
16681661
16682106
16682632
16683565
16684203
16685518
16686100
16686783
16687492
16687715
16687971
16688504
16689191
16689341
16689768
16691125
16691531
16691644
16692798
16693480
16693506
16694464
16694540
16694674
16694828
16694863
16695353
16695888
16696020
16697179
16697182
16697739
16698472
16699102
16699910
16700750
16700898
16701309
16701523
16702176
16703323
16703732
16703753
16705471
16705934
16706721
16708021
16708500
16709062
16709151
16709581
16709769
16710667
16711674
16712740
16713532
16713549
16713999
16716108
16716271
16717176
16717614
16717634
16717918
16719393
16720449
16721531
16722572
16723909
16724552
16724999
16725039
16725456
16726074
16726144
16726465
16726816
16727198
16727592
16728937
16729033
16729180
16729837
16730217
16730253
16730454
16730557
16730748
16730856
16731151
16731667
16731884
16732080
16734042
16735076
16736139
16736546
16736879
16736950
16737122
16737260
16737353
16738009
16738039
16738212
16738261
16738655
16738784
16739182
16740161
16740169
16740408
16741572
16742589
16742712
16742789
16742790
16744140
16744185
16744461
16744672
16744747
16744851
16744880
16745927
16746341
16747036
16747343
16748180
16748492
16748726
16749410
16749651
16749824
16749891
16752671
16753468
16753694
16754209
16755010
16755265
16755445
16755637
16756662
16757127
16757381
16757559
16758731
16759191
16759823
16759862
16760621
16761401
16761936
16762068
16762225
16762583
16763027
16763342
16763816
16763896
16764637
16764888
16765092
16765712
16765790
16765832
16766580
16766636
16767337
16768175
16768391
16768952
16768982
16770120
16770167
16772399
16772822
16773136
16773868
16774031
16774076
16775246
16775424
16775645
16775783
16776455
16777833
16778304
16778531
16778721
16778984
16779161
16779252
16780338
16780436
16780856
16781260
16781849
16782655
16783390
16783700
16783963
16784008
16784084
16784537
16784644
16784771
16784780
16785675
16785908
16786277
16786739
16787065
16788449
16789383
16789419
16790045
16790257
16790765
16790878
16791069
16791776
16791920
16791943
16793035
16793458
16793474
16793812
16794151
16794830
16795389
16795392
16795467
16795898
16796097
16796198
16796363
16796389
16796685
16796751
16797407
16797629
16797889
16800207
16800435
16801594
16801948
16802066
16802278
16803602
16803614
16806022
16806203
16806210
16806439
16807035
16807892
17400118
17400501
17401553
17404655
17405952
17407692
17408673
17410891
17411305
17411953
17412406
17414200
17414655
17415665
17415997
17416701
17420473
17420533
17420638
17420798
17420999
17421269
17423596
17423972
17425908
17426890
17429766
17430107
17430241
17431185
17431717
17432292
17432465
17432786
17432961
17433274
17433349
17433452
17433796
17434147
17434259
17434300
17434612
17434705
17434819
17435136
17435192
17435391
17435418
17435833
17435960
17436002
17436212
17436766
17436793
17436828
17437539
17437717
17438383
17438853
17438865
17439451
17439693
17439919
17440150
17440200
17440707
17440748
17441515
17442215
17442506
17442566
17443261
17443591
17443974
17444200
17444477
17444783
17445114
17445681
17446110
17446344
17446401
17446596
17446747
17447815
17448269
17448407
17448423
17448571
17449105
17449216
17449245
17449781
17450236
17450348
17451715
17451784
17452171
17452328
17452350
17452758
17455026
17521303
17521656
17522255
17522627
17523378
17524543
17524747
17524885
17525124
17525205
17525409
17525527
17526886
17527317
17527717
17528477
17528751
17529063
17529469
17530121
17530400
17530847
17531184
17531588
17532043
17533030
17533685
17534647
17535115
17536310
17537150
17537657
17538019
17538876
17539030
17540635
17541922
17542033
17542269
17543726
17543958
17544138
17544522
17544868
17545202
17546106
17547922
17548777
17549232
17549476
17549618
17549699
17549755
17549803
17549965
17551386
17553760
17555488
17555578
17556277
17557727
17558312
17561947
17562761
17563493
17564952
17566147
17566895
17567999
17569201
17569731
17569936
17570327
17570469
17571761
17572548
17572873
17572883
17573340
17573753
17575201
17576615
17577317
17577573
17577959
17578644
17579305
17579316
17580945
17584338
17584414
17584787
17585331
17585429
17585680
17585854
17586768
17587272
17587376
17587432
17587527
17587542
17587696
17587739
17587820
17588423
17588505
17588628
17588713
17588737
17589191
17589367
17589919
17590578
17591908
17592774
17592826
17593225
17595901
17596912
17598042
17598117
17598755
17599206
17601707
17602179
17602927
17603599
17605804
17606227
17606637
17606777
17607733
17608309
17609311
17609705
17609783
17610346
17610651
17612464
17612774
17614009
17614451
17614488
17616332
17616771
17617256
17617308
17617335
17617337
17617603
17617707
17617774
17618111
17618224
17618444
17618831
17619029
17619284
17619291
17620655
17620677
17620733
17620896
17621186
17621485
17622079
17622209
17623977
17624225
17624734
17624801
17624929
17625950
17626511
17626660
17626689
17627464
17627730
17628409
17628708
17628905
17629901
17630587
17631437
17631457
17631536
17632026
17632273
17632299
17632389
17632616
17633706
17633831
17634149
17634289
17634616
17634923
17635195
17635480
17635671
17635977
17636114
17636792
17638266
17639853
17639882
17641820
17642623
17642729
17643428
17800166
17801352
17802332
17802438
17803999
17804833
17806816
17811849
17813363
17815983
17816364
17816981
17817132
17817876
17820460
17823587
17825087
17826408
17826787
17827990
17828788
17829695
17831527
17835466
17837487
17839088
17842124
17842995
17844770
17847114
17848439
17850680
17852571
17856093
17857706
17858090
17859640
17859789
17859838
17860659
17866717
17868390
17869891
17871164
17874668
17877961
17878878
17878913
17879474
17879594
17882037
17882280
17885094
17887972
17890542
17892242
17892392
17892821
17893838
17894398
17894945
17895594
17898127
17898340
17899724
17900087
17902494
17902561
17904145
17904516
17905869
17906061
17906113
17906580
17906969
17909041
17909472
17911175
17912136
17912915
17913280
17913284
17913944
17914535
17914908
17915053
17916395
17916827
17918619
17919293
17919927
17920877
17922807
17923620
17925249
17927125
17928269
17929475
17929536
17931147
17932593
17937136
17939040
17939270
17939977
17940016
17947284
17947768
17950517
17952940
17955162
17955177
17955626
17957802
17960890
17963197
17966919
17968626
17969748
17971046
17971091
17971463
17974508
17975542
17979046
17979049
17979469
17981161
17983629
17986732
17986813
17987516
17993147
17995012
17995579
17996769
17997387
17998765
18000982
18001393
18002732
18003434
18003963
18004562
18005895
18007798
18008733
18008808
18009894
18010383
18010708
18010794
18011127
18011358
18012047
18012396
18013990
18014289
18014986
18015123
18015507
18015825
18016166
18017498
18018557
18018704
18018730
18018943
18020126
18022569
18023111
18023749
18023965
18024896
18025075
18025212
18027216
18027384
18027687
18028298
18028758
18029740
18030237
18030270
18031316
18033572
18033582
18033851
18033875
18034049
18034119
18034493
18035031
18036872
18037754
18037877
18038443
18038596
18039030
18039416
18039864
18041952
18042068
18043704
18044223
18048301
18048302
18049170
18049938
18050869
18051834
18052885
18053080
18056786
18057489
18058303
18058502
18060041
18061937
18061991
18063429
18064652
18064705
18065590
18066319
18067108
18067264
18067460
18067773
18068266
18068686
18068700
18068855
18068908
18068924
18069021
18069665
18069933
18070820
18072475
18072629
18073319
18073519
18073977
18074305
18074328
18074695
18075002
18075390
18076405
18077184
18077521
18077687
18077726
18077736
18078031
18078053
18078723
18078748
18079541
18080344
18080806
18080939
18082121
18082288
18082410
18082547
18083100
18083127
18083312
18083644
18083665
18084557
18084617
18085655
18086732
18087870
18088709
18089234
18090373
18090472
18091260
18091567
18092186
18092516
18093357
18093515
18093588
18096026
18096508
18096842
18096940
18097351
18097581
18098011
18098418
18098594
18099548
18099931
18099955
18100075
18100480
18101446
18101948
18103390
18103910
18104082
18105134
18105332
18107845
18108714
18109263
18109394
18109659
18110341
18110869
18112406
18113498
18113962
18114483
18115733
18116006
18116747
18116790
18116867
18117081
18117974
18118032
18118231
18118844
18120021
18120531
18120546
18120656
18121889
18122471
18122888
18122961
18124199
18124308
18125225
18125874
18126395
18126583
18126877
18127176
18127222
18127771
18127942
18128228
18128423
18128481
18129016
18129081
18129310
18129342
18129561
18129697
18129768
18129785
18129828
18129939
18130029
18130640
18130852
18131450
18132858
18133806
18134156
18135052
18135317
18135987
18136156
18138473
18138891
18139280
18141289
18141320
18141380
18141943
18141965
18142021
18142706
18143029
18143914
18147171
18147854
18148258
18149419
18149588
18149689
18150967
18151167
18151274
18151561
18151659
18151792
18151851
18152493
18153381
18153478
18153590
18153900
18154120
18154223
18154229
18154492
18155706
18156600
18157494
18157752
18158802
18158881
18159113
18160059
18160794
18162462
18164201
18164427
18164790
18164852
18164933
18165694
18165854
18166461
18166733
18167070
18167216
18168229
18168917
18169229
18169983
18170139
18170377
18170467
18170551
18170605
18170880
18172189
18172600
18172737
18173147
18173833
18173902
18174222
18175275
18176947
18177870
18178056
18178173
18178201
18178571
18178736
18179993
18180392
18181288
18181820
18182809
18183001
18185146
18185370
18187648
18188205
18188384
18188812
18189409
18189831
18190208
18190224
18190425
18190718
18191383
18191465
18192160
18192525
18193615
18194434
18194715
18195321
18195680
18195716
18195724
18195954
18196009
18196575
18196868
18196890
18197684
18198517
18198855
18199055
18200476
18200741
18200902
18201442
18202454
18202579
18203088
18203191
18203705
18203771
18204584
18205002
18205040
18205062
18205367
18205612
18205906
18206578
18206838
18207037
18207263
18207967
18208014
18208354
18208846
18208858
18210216
18210226
18210457
18210895
18211160
18211664
18211736
18212084
18212765
18213133
18213319
18213707
18215560
18216288
18216475
18216975
18217392
18217721
18217722
18220084
18220193
18220636
18220834
18220858
18224416
18224866
18225631
18226033
18226079
18226200
18226211
18226603
18226884
18227402
18228018
18228478
18229055
18229141
18820177
18821541
18823891
18824625
18826601
18826975
18827542
18828078
18828384
18829597
18829654
18829832
18832673
18832986
18834073
18834304
18836166
18836768
18836981
18837206
18837427
18837564
18838123
18838650
18838759
18839198
18839959
18840042
18840375
18840659
18840792
18842231
18843073
18843916
18844539
18845342
18845996
18846722
18847103
18850467
18850473
18850677
18852801
18852867
18854373
18854829
18854943
18855027
18855342
18855881
18856043
18856192
18857227
18857692
18857944
18858056
18858069
18858095
18858414
18858428
18858754
18858852
18859794
18859827
18859932
18860177
18860952
18861000
18861277
18861581
18861593
18861678
18861815
18862422
18862572
18863686
18863829
18863866
18865792
18866592
18867654
18869158
18869662
18869698
18869834
18871000
18871042
18871148
18871523
18872160
18872205
18872282
18872361
18872369
18872502
18872902
18872993
18873030
18873268
18873404
18874597
18877016
18878724
18879818
18879850
18881871
18882122
18882948
18883015
18885455
18886826
18887783
18887847
18888038
18888556
18889512
18889521
18890351
18890562
18890606
18890714
18890853
18891598
18892001
18892384
18892773
18896559
18896609
18897134
18897176
18897852
18898062
18898147
18898901
18899120
18899216
18899347
18900610
18901452
18903501
18903749
18904705
18904851
18906083
18906416
18906526
18906654
18906810
18906923
18907049
18907381
18907684
18981277
18981782
18981843
18981879
18982076
18982186
18983642
18983830
18983844
18983998
18984923
18984932
18984933
18985546
18985930
18986000
18986138
18986325
18986433
18986521
18986524
18986606
18986613
18987260
18988032
18988176
18990064
19020408
19023681
19026739
19027840
19031822
19032188
19033225
19033334
19035627
19036096
19036280
19036792
19036948
19037221
19037296
19037384
19037688
19037707
19038873
19040287
19041179
19043565
19047549
19048142
19048659
19048796
19050538
19051409
19051738
19051769
19051782
19053319
19053525
19054210
19054634
19054678
19055501
19055605
19055637
19055690
19055814
19056316
19056362
19056372
19056408
19057325
19059295
19060264
19060797
19060890
19061461
19061546
19061575
19062548
19065642
19068334
19068735
19073464
19073578
19074731
19075132
19075674
19075740
19075914
19076529
19076633
19078937
19080086
19080539
19080723
19080894
19081320
19082875
19083432
19083445
19084277
19084317
19085691
19086018
19086346
19087578
19087842
19088318
19088471
19088520
19088524
19088540
19088663
19088684
19088937
19088941
19089045
19089167
19089260
19089371
19089507
19089765
19090036
19090038
19090678
19091348
19091538
19091876
19092239
19092471
19094417
19096091
19096341
19096537
19096857
19096990
19097355
19097986
19099113
19099386
19099638
19100143
19100443
19100743
19180221
19180563
19181838
19183825
19183913
19184513
19185422
19186797
19187633
19187766
19187866
19188862
19190765
19191411
19191949
19192285
19192456
19193541
19195629
19196236
19197664
19199720
19200511
19200873
19201457
19201829
19201999
19210342
19210771
19211017
19211090
19211667
19211857
19212529
19213760
19213917
19214375
19214648
19215281
19215561
19215665
19216244
19218828
19219179
19220323
19220457
19220709
19221315
19221807
19221811
19222451
19222785
19223083
19223483
19223780
19223790
19224353
19227093
19227621
19228411
19228665
19229136
19229390
19229950
19230409
19231367
19232027
19232375
19235378
19235646
19236575
19237225
19237487
19237531
19238295
19238607
19238782
19238852
19239003
19239049
19239186
19239645
19239940
19239959
19240151
19240848
19242273
19242310
19242806
19243581
19243802
19244049
19244537
19245531
19246032
19246813
19247266
19247435
19247971
19249010
19249054
19249339
19249563
19249949
19250641
19250761
19250792
19251296
19251570
19252016
19252669
19254001
19254118
19254251
19254468
19254485
19254744
19254953
19254982
19254999
19255008
19255083
19255803
19255822
19256214
19256609
19256612
19256699
19257025
19257522
19258582
19258595
19258907
19259162
19259189
19259290
19260016
19260046
19260156
19260245
19260675
19260991
19320285
19320374
19320401
19320877
19321346
19321683
19321794
19322215
19322396
19322893
19323515
19323866
19324026
19324989
19325575
19326053
19326140
19326143
19326288
19326602
19327152
19327284
19327943
19327972
19328113
19328205
19329674
19329769
19330192
19330254
19331091
19332338
19332469
19332597
19333006
19333775
19333977
19336036
19336521
19336741
19337051
19400324
19400967
19401242
19402366
19403264
19404728
19406580
19406836
19409648
19409964
19412758
19413371
19415546
19415695
19416247
19416864
19419239
19420326
19420348
19422200
19422241
19422418
19423833
19423960
19424117
19424141
19424368
19424377
19424598
19424631
19424928
19425403
19425544
19425591
19426303
19426487
19426528
19426533
19426558
19426891
19426938
19426947
19427319
19427432
19427978
19428248
19428321
19428739
19428768
19428975
19429168
19429241
19429497
19429646
19431434
19431900
19431924
19432047
19432698
19433070
19433186
19433205
19433346
19433972
19434226
19434229
19434425
19434933
19520623
19521406
19522722
19523120
19523152
19532377
19532940
19533663
19536257
19536436
19536469
19536595
19536702
19536880
19539446
19539636
19540113
19543425
19551069
19555837
19556357
19557041
19557342
19557344
19557998
19558055
19558255
19558603
19558910
19559031
19559054
19559237
19560322
19560354
19560490
19560522
19560749
19560796
19560868
19560891
19561215
19561359
19561410
19562259
19562427
19562893
19565689
19565757
19565891
19566881
19566971
19567255
19567272
19568210
19568532
19568871
19568939
19569011
19569249
19570452
19570869
19570928
19571066
19571113
19571711
19572095
19572479
19573045
19573294
19573357
19573881
19574255
19574292
19574966
19575143
19576437
19576439
19576487
19577753
19661503
19664804
19664844
19666551
19666919
19667369
19667614
19669052
19669773
19670416
19670620
19670686
19670898
19671287
19671477
19671692
19671979
19672771
19674668
19674879
19675235
19676008
19676601
19676775
19676970
19677062
19677155
19677176
19677201
19677939
19678154
19678489
19678836
19678937
19678953
19679016
19679957
19682565
19684784
19685143
19685145
19685723
19686470
19687511
19691485
19691675
19691832
19691833
19691851
19693052
19693253
19693782
19695632
19695871
19696094
19696121
19696540
19696573
19696577
19700347
19700735
19702485
19702593
19702794
19702818
19702838
19702923
19703145
19703841
19704123
19704262
19704286
19704308
19704514
19704888
19705345
19705514
19800988
19801476
19801796
19801884
19804866
19805872
19807437
19807447
19809525
19810114
19811609
19814062
19814528
19818198
19819392
19820251
19823545
19823577
19823974
19824872
19825940
19830380
19831802
19833525
19834253
19834560
19836019
19836607
19837110
19837531
19837874
19838054
19838676
19840863
19841571
19842728
19843984
19844515
19845039
19845147
19853320
19853731
19854116
19854481
19856072
19861417
19862973
19864463
19864938
19865013
19865243
19865596
19865641
19866366
19866389
19866478
19866506
19866605
19866772
19867090
19867096
19867202
19867329
19867408
19867442
19867515
19867654
19867889
19867993
19868260
19868475
19868572
19868784
19868927
19868936
19869981
19870570
19871491
19872057
19872155
19872828
19872961
19873015
19873070
19873313
19873325
19873659
19873764
19873826
19874560
19874737
19874880
19874983
19875052
19875077
19875373
19875692
19876640
19877563
19877864
19881157
19882104
19883188
19884408
19885980
19886479
19887482
19889702
19892699
19893073
19894046
19894529
19894546
19894730
19894858
19895071
19895347
19895469
19895661
19896146
19896338
19896963
19897066
19897339
19897412
19897663
19897766
19897906
19898446
19898496
19898603
19898723
19900112
19900666
19900995
19901141
19901381
19902735
19906442
19906751
19907225
19908286
19908333
19908341
19908643
19911034
19911694
19912261
19912322
19916944
19917535
19918448
19918703
19918947
19921483
19921764
19922835
19924376
19926736
19927353
19927793
19928795
19930604
19931981
19932273
19933360
19933494
19933847
19934045
19934474
19934798
19935323
19935392
19935393
19935906
19935940
19936699
19936704
19936796
19937018
19937864
19937924
19938299
19938312
19938813
19939679
19939719
19939842
19939983
19942441
19942788
19943403
19943404
19943499
19943508
19944332
19944341
19945314
19947892
19948434
19948921
19949101
19949183
19949199
19949291
19949308
19950014
19952077
19952133
19953146
19954037
19954132
19954859
19955513
19955526
19957163
19957370
19957616
19957617
19957746
19957782
19957803
19958501
19958997
19959044
19959101
19959223
19959436
19959960
19960129
19960912
19960957
19961200
19961499
19961727
19962379
19962422
19962791
19963797
19963948
19964068
19965757
19966675
19967614
19967813
19968054
19968141
19968730
19968739
19968933
19969152
19969257
19969845
19970083
19970090
19970124
19970604
19970684
19970729
19972451
19972642
19972880
19973052
19973067
19973181
19973302
19973349
19973462
19973545
19973666
19977054
19977074
19977350
19977477
19977833
19978003
19979044
19981995
19982728
19983327
19983514
19984711
19985031
19985040
19985516
19985709
19986015
19986424
19986510
19986525
19986897
19986965
19987010
19987074
19987079
19987417
19988494
19988520
19988629
19988689
19988832
19989116
19989276
19989565
19989964
19989967
19990707
19991208
19991635
19993476
19993595
19993596
19993679
19994747
19995488
19996294
19996406
19997102
19999649
20000014
20000276
20000550
20001792
20002930
20003175
20003371
20003525
20003720
20004097
20004697
20004903
20005211
20005504
20005807
20006324
20006388
20007363
20007420
20007604
20007967
20012007
20012164
20012468
20014722
20015238
20015248
20015822
20015928
20015953
20016655
20016917
20017027
20017030
20017051
20017231
20017334
20018075
20018402
20018425
20018449
20018639
20018876
20019337
20019522
20019733
20019859
20020201
20022210
20022952
20023362
20023614
20023727
20024788
20024800
20025298
20025326
20025462
20025592
20025737
20025872
20025883
20026092
20026651
20027252
20027999
20028238
20028451
20028760
20028943
20032129
20032650
20032675
20032982
20033134
20033709
20033847
20034311
20034338
20034893
20035535
20035883
20036016
20036036
20036118
20037089
20037233
20037235
20037253
20037514
20037694
20037798
20037850
20038261
20038564
20038905
20039149
20039401
20039462
20040272
20040844
20040920
20041160
20041215
20041344
20041410
20041805
20042781
20042814
20042826
20042914
20043141
20043179
20043220
20043789
20044013
20044472
20044594
20044685
20045011
20045095
20045759
20046395
20046642
20046944
20047229
20047422
20048018
20048402
20049258
20049734
20050352
20050962
20051858
20051994
20052289
20052568
20052658
20052685
20052889
20052988
20053447
20053518
20054203
20054613
20054909
20055080
20055183
20055312
20055735
20055768
20057320
20057597
20057616
20057727
20057962
20058070
20058118
20058153
20058180
20058365
20058446
20058818
20058883
20059109
20059269
20059334
20059588
20060028
20060035
20060166
20060174
20060199
20060272
20060480
20060763
20060785
20060886
20061866
20061991
20062093
20062096
20062294
20062419
20062650
20062819
20063494
20063499
20063834
20063896
20064330
20064676
20066329
20066669
20066675
20066866
20066912
20068019
20068150
20068742
20068770
20068896
20069067
20069085
20069197
20069467
20070152
20070321
20070429
20070794
20070816
20070940
20071065
20071096
20071345
20071631
20071764
20072198
20072474
20072499
20072670
20072806
20072902
20072937
20072939
20073859
20074091
20074433
20074943
20075069
20075977
20076251
20076319
20076807
20077453
20077591
20077655
20078075
20078563
20079525
20079978
20080087
20080266
20080887
20081221
20081303
20081340
20081404
20081472
20081480
20081493
20081538
20081595
20081714
20082015
20082108
20082118
20082611
20082655
20082887
20083075
20083463
20083510
20083594
20083974
20084035
20084719
20085060
20085112
20085156
20085429
20085445
20086021
20087247
20087280
20087756
20087816
20087912
20087953
20087987
20089100
20089302
20090034
20090338
20090619
20091279
20091470
20091744
20092342
20092894
20092983
20093139
20093151
20093161
20093221
20093246
20093717
20093764
20094008
20094960
20095104
20095269
20095684
20097373
20097469
20097548
20097948
20098042
20098496
20098684
20099349
20099395
20099708
20100441
20100558
20100697
20100851
20101337
20101570
20101935
20102641
20102968
20103028
20103234
20103624
20104496
20104707
20105038
20105608
20106177
20106506
20106570
20106636
20107184
20107490
20107998
20108115
20108819
20109115
20109347
20109810
20111198
20112252
20112364
20112589
20112682
20112961
20113283
20113323
20113335
20113466
20113479
20113603
20113628
20113778
20114371
20114672
20114711
20114880
20114970
20115025
20115099
20115284
20115680
20115683
20115721
20115731
20116033
20116426
20116657
20116812
20116851
20117067
20117181
20118205
20118260
20118695
20118728
20119161
20119323
20119521
20119645
20119797
20119829
20120026
20120604
20120809
20121652
20122026
20122207
20123523
20400636
20400798
20401167
20401801
20401881
20401956
20403064
20403366
20403607
20403701
20404049
20404195
20404871
20405371
20405597
20406101
20406149
20406199
20406408
20406415
20407053
20407171
20407391
20407881
20408125
20408434
20408477
20409372
20409470
20409682
20409703
20409715
20409814
20409816
20411283
20412581
20413527
20413595
20413683
20413725
20413748
20415153
20417004
20417251
20417351
20417374
20417619
20418113
20418211
20418386
20419282
20419493
20420027
20420074
20420170
20420979
20421146
20421171
20421185
20421202
20421252
20421431
20421600
20421907
20421970
20421972
20422082
20422106
20422992
20423050
20423079
20423186
20423964
20424606
20424776
20425056
20426056
20426074
20426168
20426260
20426634
20427018
20427019
20427065
20427127
20427184
20427297
20427321
20427331
20427332
20427352
20428049
20428070
20428258
20428609
20428617
20428694
20428747
20431638
20431860
20432273
20432551
20432814
20433008
20433470
20433567
20433806
20433965
20434031
20434365
20435135
20436096
20436224
20436239
20436240
20436331
20436455
20436466
20436544
20436552
20437925
20438100
20438441
20438602
20438726
20438826
20438843
20439633
20439772
20439817
20440534
20440886
20442806
20442808
20521007
20521038
20521534
20521733
20522766
20523536
20523763
20525654
20526457
20527071
20528931
20531841
20533067
20536612
20537939
20539858
20540140
20541480
20543336
20544866
20546967
20547020
20547268
20549014
20549369
20550596
20550696
20550786
20552802
20554648
20554724
20555257
20556450
20556684
20556921
20556954
20557093
20557773
20558554
20560223
20561533
20561673
20562609
20563595
20563820
20564434
20564523
20565084
20565340
20565815
20567915
20569038
20570232
20574194
20574727
20574737
20575495
20576531
20576865
20578461
20578859
20579010
20579056
20579437
20579445
20582601
20582850
20583003
20583004
20583102
20583448
20583599
20584841
20585502
20585560
20586053
20586439
20587063
20587315
20587343
20587497
20587976
20588354
20588699
20588941
20589755
20591356
20591423
20591425
20592181
20592378
20592910
20593275
20593931
20594023
20594744
20595109
20595858
20596002
20642209
20642486
20643143
20644494
20645484
20645583
20645871
20646126
20646464
20647196
20648581
20649079
20650403
20650509
20651668
20651972
20652749
20654689
20656493
20656532
20656993
20657656
20657924
20658520
20659225
20659789
20659863
20660876
20662893
20663404
20663407
20663564
20663716
20663762
20663862
20663875
20663950
20665162
20665202
20665429
20665915
20666808
20667140
20667162
20667870
20668111
20668158
20668398
20668957
20669230
20669250
20669328
20669428
20670470
20670799
20670894
20670961
20670995
20671007
20671043
20672037
20672165
20672180
20672383
20672407
20672444
20672446
20672522
20672552
20672559
20673513
20673669
20674069
20674080
20674167
20674182
20674187
20674380
20674434
20674894
20675091
20675196
20675634
20675688
20675689
20675699
20675716
20675786
20676037
20676250
20676549
20676823
20676839
20676857
20676922
20676979
20676986
20676987
20677024
20677033
20677812
20677837
20677859
20678078
20678706
20678713
20678791
20678808
20679004
20679068
20679072
20679238
20679482
20679580
20680020
20680876
20680909
20680957
20681883
20682150
20683497
20683710
20683823
20684795
20685143
20685182
20685541
20685830
20685885
20685888
20685968
20686070
20686123
20687415
20687641
20687696
20687697
20687789
20687829
20688026
20688059
20688078
20688295
20688901
20688911
20689787
20689929
20690115
20690325
20690344
20691306
20691432
20691656
20691744
20692461
20692541
20692563
20692595
20693032
20693275
20693832
20693900
20694614
20694615
20695256
20695872
20695925
20696037
20696078
20696111
20696150
20696291
20696825
20696957
20697440
20697473
20698136
20698621
20699619
20699668
20699800
20699981
20702496
20702835
20702857
20702881
20703084
20703112
20703298
20703302
20704556
20704575
20704850
20704975
20705011
20707750
20708163
20708455
20708704
20708948
20709042
20709065
20710264
20710461
20710499
20710761
20710954
20711204
20712451
20712663
20712815
20712931
20712949
20713119
20713668
20714340
20714939
20715488
20715796
20715850
20715896
20715901
20716810
20717242
20717684
20718511
20718532
20718746
20719074
20719576
20719600
20719732
20719926
20719927
20720020
20720039
20720303
20721361
20721400
20721433
20721513
20721660
20721975
20722359
20722440
20722646
20722672
20722722
20722733
20722912
20723098
20723167
20723186
20723589
20723702
20724069
20724166
20724638
20724846
20725278
20726055
20726352
20726437
20726520
20727725
20727899
20728101
20734227
20734348
20735637
20735696
20738091
20738705
20741142
20741143
20741160
20741245
20741350
20741424
20741502
20741577
20741618
20741778
20741791
20741916
20880048
20880376
20881327
20882253
20883997
20884088
20884096
20887641
20887671
20891415
20891462
20892023
20892544
20892568
20892662
20893263
20893403
20893462
20893481
20894308
20894826
20895283
20895934
20896894
20897732
20898674
20899505
20900129
20900771
20900773
20900854
20901338
20901584
20902018
20902311
20902319
20902349
20902411
20902540
20903127
20903681
20903702
20904086
20904383
20904703
20904945
20905488
20905845
20905889
20905890
20906050
20906189
20906204
20906314
20906817
20960700
20962211
20962589
20965311
20965316
20966107
20966762
20966897
20968003
20968198
20968394
20970561
20971461
20972306
20972557
20973616
20976555
20978775
20981320
20981834
20982602
20984133
20985162
20987950
20990254
20990807
20991850
20993073
20994182
20994218
20995039
20995170
20995943
20996557
20996593
20996738
20996758
20996762
20996808
20997747
20998458
20998602
20999022
20999276
20999286
20999519
20999591
21000179
21000181
21000354
21000626
21000918
21000958
21001532
21001772
21001842
21002242
21002700
21002833
21003275
21003535
21003679
21004936
21006038
21006525
21006724
21007100
21007171
21007179
21007316
21007568
21007772
21010747
21010830
21011626
21011858
21012550
21012654
21012798
21012822
21012980
21013571
21013772
21013826
21013849
21014410
21015225
21060093
21060811
21062186
21063039
21063410
21063757
21065037
21065176
21065821
21069656
21070602
21070767
21070910
21074744
21075577
21075998
21077665
21079138
21080964
21082401
21087021
21088417
21090433
21090516
21093350
21093701
21093765
21095424
21095658
21095914
21100761
21101491
21101907
21102504
21102916
21102976
21103044
21103102
21103159
21103373
21103433
21104560
21104758
21106468
21106566
21107784
21109184
21109349
21109732
21109868
21110526
21111022
21111363
21112377
21112752
21113901
21114371
21115834
21115878
21117340
21117630
21117877
21119390
21119474
21119864
21120069
21120687
21121159
21122538
21122721
21122863
21122992
21123161
21123428
21123747
21124075
21124368
21124376
21124428
21124479
21124498
21124511
21126048
21126159
21128142
21130593
21131441
21131505
21131962
21132877
21133145
21134423
21135540
21135665
21135970
21136384
21137373
21137446
21137714
21138238
21138352
21139840
21140038
21140137
21140328
21140475
21141414
21141439
21141485
21142124
21143053
21143482
21144441
21144540
21144870
21145009
21145219
21146121
21146166
21146889
21146971
21147444
21147954
21147994
21148078
21148296
21148468
21148632
21148695
21149307
21149645
21149668
21149743
21240081
21240872
21241634
21245004
21245773
21246717
21247105
21247267
21247719
21248188
21248290
21248838
21249536
21250944
21251141
21251215
21253390
21254832
21255026
21257993
21258625
21258906
21259089
21259444
21260395
21260554
21260973
21261127
21261596
21261880
21262050
21262540
21263018
21263037
21263174
21263480
21263613
21264009
21264137
21264153
21264562
21264616
21264649
21264669
21264707
21264733
21264765
21264776
21265810
21266047
21266082
21266095
21266112
21266150
21266174
21266188
21266200
21267147
21269418
21269697
21270133
21270579
21271543
21271753
21272328
21273202
21273473
21274053
21274150
21274304
21274348
21275094
21275444
21275517
21275549
21275590
21275614
21275623
21276717
21276762
21277787
21277809
21278008
21278565
21278769
21278796
21279231
21279614
21279625
21279637
21279643
21279675
21279760
21279904
21279910
21280016
21280018
21280047
21280137
21280833
21281152
21282026
21282786
21282801
21283004
21283737
21283902
21283987
21284038
21284237
21284278
21284413
21285230
21285713
21286326
21287067
21287536
21287760
21288356
21288690
21288928
21289879
21298783
21298789
21299155
21299612
21299676
21299726
21299873
21400316
21403482
21403654
21409108
21409771
21411537
21411845
21412415
21412635
21413811
21414019
21415749
21416316
21418032
21418042
21418226
21418351
21418804
21420224
21421347
21421456
21421926
21422601
21423755
21424917
21426137
21427029
21427166
21427701
21427716
21429602
21429603
21431734
21431809
21433189
21433623
21435823
21436461
21436577
21436983
21440839
21441424
21441628
21442085
21443496
21443652
21446041
21446211
21447267
21448048
21448183
21448207
21450455
21450758
21453462
21453552
21453846
21453946
21455426
21456030
21457200
21457421
21457455
21457601
21459848
21460842
21460876
21461129
21461301
21461473
21462198
21462271
21462984
21463205
21463345
21463349
21463434
21463436
21464497
21465032
21465392
21465470
21465796
21466270
21466750
21467148
21467196
21467660
21467864
21468762
21469584
21471110
21471436
21472291
21472429
21472501
21473116
21473161
21473817
21474492
21474902
21475868
21475895
21475932
21476094
21476161
21476382
21477118
21477131
21477134
21477430
21478315
21478497
21478608
21478865
21478873
21479381
21480297
21480518
21480661
21481165
21481396
21481430
21481620
21482243
21482739
21483451
21484081
21485228
21485834
21486162
21486895
21487054
21487467
21487737
21487742
21487859
21488255
21488366
21488767
21489459
21489478
21489587
21490085
21490192
21490522
21491569
21492110
21492217
21492720
21493337
21494408
21495838
21497067
21497115
21497168
21497395
21497634
21498718
21499394
21500727
21501329
21501370
21501394
21501626
21501731
21502442
21502461
21505287
21505469
21506102
21506259
21506883
21509417
21510066
21510408
21511054
21511583
21512431
21512613
21512651
21512915
21513198
21513226
21513250
21513460
21515710
21515946
21515953
21516644
21516901
21517051
21517664
21518279
21518373
21518771
21518793
21518795
21519246
21520097
21520763
21520786
21520859
21521502
21523041
21523307
21523468
21524034
21524207
21524281
21524608
21524620
21524689
21526156
21526352
21526774
21527699
21527907
21527908
21528080
21528668
21528724
21529209
21530258
21530427
21530540
21530642
21530894
21531007
21531291
21531542
21531615
21531668
21531702
21531807
21532193
21532227
21532250
21533017
21533104
21533143
21533481
21533564
21534205
21534253
21534301
21534401
21534434
21534809
21535067
21535250
21535547
21536039
21536202
21536203
21536206
21536213
21536298
21536644
21536651
21536654
21536681
21536911
21536948
21537085
21537338
21537371
21537438
21537521
21537534
21537775
21538071
21538106
21538560
21538786
21538840
21539599
21539837
21539864
21539941
21541776
21541973
21542436
21542738
21543001
21543121
21543155
21543189
21543304
21543351
21543838
21544032
21544301
21544329
21544578
21544785
21544838
21545046
21545101
21545683
21545789
21545969
21546141
21546274
21546408
21546509
21546964
21547040
21547368
21547437
21547561
21547761
21548070
21548922
21549185
21549588
21549740
21549826
21550068
21550983
21551220
21551388
21551789
21552010
21552320
21552386
21553100
21553224
21553311
21553424
21553627
21553685
21553793
21553983
21554302
21554849
21555047
21555739
21555920
21556265
21556467
21556629
21556649
21556650
21556885
21556957
21557012
21557113
21557158
21557222
21557410
21557883
21558088
21558207
21558242
21558409
21558962
21559132
21559210
21559565
21560120
21560371
21561599
21561744
21561966
21562060
21562215
21562230
21562460
21562498
21562541
21562791
21563509
21564327
21564618
21564626
21564902
21564978
21565321
21565584
21565911
21566226
21566262
21566435
21566738
21566756
21567016
21567082
21567629
21568000
21568247
21568583
21569051
21569252
21570196
21570271
21570351
21570432
21571114
21571214
21571512
21571757
21571776
21571909
21572524
21572698
21573013
21573034
21573309
21573347
21573394
21573406
21573658
21574141
21574455
21574472
21574684
21574700
21574912
21575118
21575271
21575515
21575523
21575863
21575871
21576304
21576699
21577003
21577110
21577647
21577665
21577879
21578087
21578244
21578251
21578294
21578336
21578364
21578382
21578550
21578828
21579317
21780181
21781832
21782089
21782746
21782905
21783089
21784207
21784747
21786017
21790223
21790265
21791025
21791633
21794255
21794940
21795460
21795935
21797594
21798589
21799054
21799129
21800380
21801529
21801743
21801996
21803136
21803770
21804930
21805711
21805881
21806759
21806887
21807123
21807267
21807855
21807949
21809426
21810727
21811077
21811349
21811881
21811994
21812415
21812448
21812502
21812680
21812803
21812974
21813235
21814003
21814180
21814630
21814745
21814778
21814904
21815109
21815125
21815711
21815782
21816379
21816904
21817054
21817366
21817568
21817736
21817819
21817852
21817895
21818452
21818508
21818988
21819010
21819067
21819290
21819436
21821827
21822534
21822535
21822604
21823007
21823545
21824410
21824704
21824953
21825046
21825506
21826412
21827015
21827510
21828012
21828115
21828243
21828390
21828555
21828895
21829332
21829895
21830070
21830193
21830262
21830275
21830992
21831911
21832651
21833069
21834780
21834810
21835563
21836747
21836848
21837099
21837933
21838407
21838562
21838998
21839795
21841280
21841695
21841708
21842207
21842290
21842936
21844139
21844368
21844372
21844522
21844668
21844736
21844751
21844769
21844903
21845009
21845028
21845202
21845206
21845530
21845738
21845990
21846016
21846874
21847318
21848171
21848948
21849214
21849536
21850934
21851096
21852032
21852513
21853163
21853409
21853777
21854140
21854308
21854633
21855023
21855865
21856464
21856504
21856696
21856764
21856870
21857695
21858389
21858425
21858435
21858715
21858796
21859452
21859551
21860173
21860343
21860345
21860728
21861128
21861210
21861681
21862847
21863332
21863419
21863673
21863802
21864084
21864495
21864543
21864930
21865013
21865824
21865904
21866366
21866590
21866607
21866820
21868592
21868721
21868883
21868932
21868989
21869180
21869614
21869867
21870017
21870238
21870364
21870885
21870988
21871165
21871258
21871298
21871399
21871435
21871478
21871666
21872022
21872194
21872225
21872591
21872703
21872777
21872851
21872995
21873159
21873430
21873446
21873464
21873551
21873920
21874187
21874718
21874809
21875011
21875167
21875340
21875424
21875569
21875685
21875745
21876139
21876170
21876499
21876641
21876973
21877286
21877310
21877788
21878406
21878470
21878506
21878512
21878954
21879461
21879499
21879636
21879966
21880182
21880209
21880902
21881677
21881742
21882262
21882857
21883324
21883373
21883419
21883441
21883621
21883624
21883815
21884576
21884852
21884981
21884994
21885035
21885083
21885115
21885259
21885521
21885643
21885882
21885911
21885947
21886436
21886482
21886696
21886859
21886963
21887495
21887504
21887644
21887854
21887968
22064324
22065886
22067354
22069020
22072428
22074215
22075245
22075703
22075848
22075925
22075965
22077232
22077406
22077729
22077753
22077952
22078379
22078621
22079228
22079298
22079667
22079709
22079763
22080023
22080171
22080387
22080402
22080597
22081405
22081930
22081973
22082111
22082513
22082686
22082777
22084180
22085126
22086456
22086548
22087167
22088407
22088499
22090977
22091941
22092002
22092548
22092675
22093103
22093586
22093930
22094127
22095445
22095855
22096298
22096567
22097521
22097611
22097861
22097913
22097949
22098249
22098477
22098552
22098601
22098647
22098765
22099066
22099137
22099264
22099669
22099728
22099902
22100055
22100122
22100412
22100931
22101072
22101448
22101480
22101559
22101995
22102035
22102093
22102400
22103051
22103217
22103228
22103232
22103317
22103352
22103601
22180122
22180264
22180348
22180750
22180795
22181176
22181563
22181996
22182766
22184373
22184510
22184538
22184657
22184899
22185125
22185261
22185461
22185657
22185671
22185688
22185751
22185997
22186044
22186780
22186828
22187213
22188179
22188180
22188375
22188443
22188444
22188636
22188972
22188982
22189254
22189292
22189318
22189340
22189369
22189386
22189671
22190001
22190112
22190152
22190282
22190966
22190983
22191010
22191018
22191046
22191074
22191968
22194333
22196115
22196148
22196436
22196590
22196592
22197059
22240232
22241137
22241389
22242707
22244702
22244712
22245012
22245569
22247800
22248700
22252232
22254721
22254984
22255232
22257846
22259428
22262670
22262866
22264606
22265081
22265203
22266169
22266924
22267835
22269272
22269844
22270370
22270806
22271145
22271348
22271797
22271983
22272226
22272302
22272791
22272937
22274795
22276271
22277060
22277103
22277158
22277295
22277800
22277882
22278381
22280175
22280180
22281291
22281446
22281903
22281930
22282046
22282092
22282094
22283441
22285609
22286705
22287558
22288093
22288189
22288478
22288898
22289988
22290510
22290626
22290638
22290888
22290931
22290935
22291296
22291555
22291569
22292319
22292516
22292561
22292590
22292891
22293014
22293158
22294217
22294533
22294825
22295228
22295585
22296248
22297533
22297569
22298188
22298661
22299067
22299121
22299435
22299686
22300234
22300280
22301019
22301207
22301612
22301711
22301920
22302169
22302781
22302785
22303727
22303742
22303772
22304127
22304444
22304475
22304969
22305168
22305244
22305583
22305979
22306093
22306094
22306159
22306361
22306468
22306685
22306717
22306981
22307065
22307239
22307248
22307253
22307306
22307495
22307889
22308716
22309518
22309723
22310443
22310527
22311001
22311157
22311195
22312264
22312361
22312810
22312819
22312917
22313916
22314153
22314441
22314546
22318047
22318158
22318835
22319014
22319604
22319693
22400207
22400493
22400793
22401169
22401989
22402284
22402836
22404225
22405078
22405304
22405600
22408707
22409473
22409923
22413455
22413618
22413995
22414041
22414254
22415756
22416006
22417522
22418911
22419275
22419611
22421203
22421286
22421294
22421430
22421661
22424260
22424500
22425091
22425146
22427253
22427587
22428334
22428818
22429537
22430209
22430230
22431761
22432490
22434368
22435798
22436123
22436963
22437690
22442035
22445232
22445403
22446358
22446507
22446596
22446975
22448198
22448331
22448426
22448850
22450403
22450499
22450786
22450959
22451170
22451865
22453411
22453928
22454035
22455308
22455649
22456414
22458950
22460794
22460803
22461241
22461577
22461687
22461829
22461883
22462368
22463142
22463210
22464068
22464891
22465172
22465185
22465354
22467095
22468221
22468272
22468721
22468878
22468992
22469248
22469521
22471052
22471306
22471631
22471842
22471981
22473891
22474125
22474286
22474287
22474480
22474632
22475179
22475677
22476116
22476149
22476195
22476729
22476999
22477529
22478825
22479154
22479463
22480552
22480663
22481063
22481439
22481921
22482071
22482197
22482252
22482271
22482584
22482762
22482981
22483071
22483148
22483618
22483779
22483914
22483971
22484621
22484929
22485048
22486008
22486420
22486616
22486754
22486789
22487711
22487775
22487922
22487992
22488014
22488056
22488186
22488781
22488886
22488919
22489134
22489242
22489333
22489784
22489799
22489853
22490024
22490061
22490176
22490178
22490401
22490429
22491596
22491661
22493392
22493690
22493926
22494009
22494098
22494388
22494522
22494751
22494854
22494969
22494974
22495051
22495096
22495193
22495455
22495723
22496040
22496186
22496557
22496707
22496975
22497778
22497880
22497898
22497943
22498733
22498935
22498937
22499173
22499220
22499472
22499841
22500308
22500626
22501030
22501279
22501540
22501560
22501728
22501935
22502907
22502943
22502965
22503116
22503147
22503331
22503423
22503543
22504228
22504329
22504973
22505034
22505103
22505142
22505357
22505455
22505928
22505998
22506459
22506516
22506891
22507536
22507737
22507904
22507960
22508434
22508577
22508609
22508637
22509375
22509519
22509549
22509867
22510018
22510191
22510331
22510341
22510360
22510456
22510469
22510549
22510598
22510987
22511050
22511070
22511120
22511211
22511235
22511995
22512115
22512316
22512384
22512811
22512823
22512947
22512974
22513033
22513714
22513828
22513842
22514245
22514715
22514871
22515067
22515570
22515798
22515857
22515930
22516111
22516336
22516605
22516825
22516874
22516885
22517063
22517388
22517504
22517577
22517923
22518199
22518217
22518296
22519153
22519404
22519602
22519676
22519699
22519924
22519980
22520068
22520415
22520586
22520666
22520868
22521163
22521192
22521383
22521637
22521659
22521822
22521851
22522871
22527228
22527279
22527498
22527551
22527662
22527824
22530111
22530306
22530399
22530455
22641430
22643139
22645454
22645921
22646185
22646189
22646366
22646382
22646406
22647312
22647395
22647718
22648699
22648754
22648942
22649001
22649754
22649940
22650032
22650294
22650818
22652750
22653221
22653406
22653745
22653910
22656929
22657379
22657550
22657908
22657973
22658089
22658750
22659004
22659119
22659907
22660093
22660845
22661679
22661680
22661800
22661818
22662088
22662428
22663377
22663577
22664521
22664597
22664637
22665322
22665657
22665688
22665782
22665906
22666132
22666138
22666321
22667091
22670091
22670181
22670465
22671784
22671905
22671997
22672038
22672072
22672271
22672493
22672701
22672852
22672894
22672943
22673246
22673467
22674035
22674211
22674588
22674921
22675078
22675267
22675329
22675848
22675938
22700073
22700766
22701383
22701511
22701891
22702332
22702345
22702609
22702762
22702789
22702871
22703020
22703023
22703150
22703388
22703489
22703552
22703600
22703648
22703652
22703685
22703696
22703768
22703817
22703841
22703849
22703946
22704301
22704405
22704883
22705068
22705296
22705897
22705958
22706390
22706566
22706734
22706740
22706776
22706783
22706786
22707039
22707048
22707075
22707103
22707425
22707990
22708013
22708422
22708538
22708898
22709301
22709826
22712108
22713227
22714001
22714525
22714730
22715081
22715825
22716387
22716694
22718154
22718314
22718668
22719096
22719405
22719593
22721603
22722024
22723184
22724444
22724575
22725411
22725509
22727408
22727562
22728219
22729811
22730826
22730969
22731176
22731248
22731302
22731340
22731413
22731710
22731830
22731836
22731871
22731874
22731934
22732032
22732117
22732174
22732903
22733256
22733270
22733274
22735898
22738568
22739092
22739127
22739186
22739440
22739547
22740066
22740195
22740291
22740515
22741152
22741168
22741215
22741276
22742307
22742324
22742502
22742819
22744247
22744668
22744684
22744685
22744740
22744792
22744842
22745398
22745681
22746487
22746657
22746710
22746740
22747607
22747762
22747906
22748004
22748547
22748694
22749040
22749069
22749548
22749649
22749801
22750060
22750270
22750310
22750330
22750567
22750625
22750671
22750803
22750833
22750926
22751077
22751210
22751217
22751728
22751780
22751856
22752128
22752141
22752454
22752634
22752976
22753204
22753222
22753323
22753451
22753543
22753732
22753862
22754199
22754240
22754301
22754521
22754646
22754659
22754893
22755096
22755240
22755293
22755471
22755527
22755597
22755731
22755905
22755994
22756802
22756905
22756962
22757137
22757220
22757353
22757415
22757471
22757682
22757772
22757822
22757837
22758176
22758189
22758200
22758234
22758312
22758313
22758637
22758716
22758792
22758912
22759054
22759297
22759430
22759469
22759627
22759680
22759690
22759755
22759921
22760169
22760316
22760366
22763613
22764068
22860021
22860279
22860699
22862820
22864386
22864751
22865652
22865733
22865892
22866028
22866630
22868161
22868835
22868931
22869192
22869531
22870624
22871233
22871284
22871810
22872134
22872151
22872293
22872823
22872834
22873177
22873607
22873736
22873807
22874446
22875772
22876008
22876885
22877023
22877220
22877730
22877902
22878731
22878991
22879772
22880503
22880853
22880937
22882398
22882725
22882749
22882919
22883023
22883110
22883742
22884898
22884928
22885228
22885682
22885695
22885877
22885883
22886589
22886596
22886844
22887043
22887115
22887413
22887420
22887516
22887553
22887686
22887761
22887923
22888275
22889026
22889153
22889276
22889419
22889457
22890283
22890313
22890819
22890893
22890937
22891087
22891458
22891621
22891624
22891676
22892363
22892381
22892385
22892662
22892687
22892706
22893298
22893324
22893988
22894782
22894977
22895081
22895180
22896184
22960257
22960556
22961244
22961503
22962196
22963858
22964848
22965878
22968025
22968390
22968768
22968949
22968979
22969057
22969931
22971379
22972138
22972913
22974035
22976564
22976963
22977360
22977664
22978017
22978132
22980395
22980826
22981481
22981807
22982795
22983216
22983440
22983757
22986001
22988775
22989632
22989921
22993288
22993303
22993333
22994977
22996898
22997113
22997290
22997304
22997680
22997684
22997780
22997946
22998169
23000509
23000850
23000943
23002709
23003089
23003175
23003610
23003668
23003920
23004480
23004891
23005425
23005512
23005533
23005561
23005589
23005801
23006683
23006734
23007581
23007654
23008400
23008423
23008582
23008641
23008764
23009077
23009601
23009610
23009630
23009633
23009730
23010164
23010299
23010424
23010849
23010861
23011911
23012314
23012449
23012690
23012731
23012798
23013187
23013731
23013968
23014077
23014119
23014139
23014160
23014284
23014312
23014497
23014584
23014668
23015130
23015282
23016294
23016488
23017008
23017376
23017428
23017458
23017661
23018016
23018143
23018549
23018612
23018756
23018788
23019153
23019239
23019291
23019367
23019401
23019442
23019636
23019642
23019650
23019762
23019865
23020093
23020272
23020412
23020472
23020658
23020732
23020964
23021008
23080056
23080869
23081987
23082433
23083951
23084621
23084789
23084912
23085035
23085270
23085792
23086723
23086733
23091133
23092817
23092892
23093189
23093500
23093537
23093600
23093607
23093810
23094559
23094604
23094712
23096052
23096090
23096190
23096375
23096705
23097651
23097703
23097726
23097922
23097987
23098284
23098341
23098473
23098623
23098739
23098771
23099438
23099672
23099736
23100011
23100045
23100119
23100146
23100822
23101203
23140264
23141726
23141742
23143164
23145000
23148340
23150427
23150924
23151463
23156079
23158127
23158459
23158919
23159685
23160282
23160524
23161330
23164027
23164839
23165257
23165689
23166058
23166134
23166748
23166896
23167068
23167383
23167849
23168437
23168579
23168913
23168950
23169094
23169257
23169570
23170373
23170396
23170511
23170537
23170818
23171174
23171636
23171754
23171816
23172001
23172231
23172393
23172437
23174125
23174469
23181232
23181286
23200788
23201663
23201846
23206088
23209337
23212833
23213755
23214472
23214538
23214570
23214805
23214848
23214851
23214856
23217072
23218429
23220350
23220426
23222185
23222217
23222266
23222308
23222366
23222368
23222388
23222567
23222813
23222866
23222920
23224197
23224442
23224459
23224915
23225013
23225075
23225888
23226277
23226431
23227306
23227376
23227582
23229254
23229399
23229769
23229913
23230295
23230450
23230451
23232212
23232532
23232910
23233341
23233353
23233538
23233558
23233775
23235059
23235253
23235360
23235376
23235494
23238039
23238086
23238149
23238153
23238385
23238895
23238968
23239264
23239336
23239352
23239370
23241119
23241216
23241269
23241472
23241492
23241656
23241668
23242567
23243948
23244688
23244852
23245514
23245875
23246301
23246317
23246345
23246366
23246399
23247684
23247783
23248057
23248142
23248696
23248923
23248962
23249040
23251715
23252140
23252268
23253753
23254080
23256559
23257216
23257545
23257669
23257672
23258208
23258810
23259767
23261011
23261528
23262071
23262131
23262235
23262640
23263399
23263526
23263708
23264494
23264629
23265104
23265395
23266286
23266826
23266987
23267062
23267214
23267235
23267304
23267572
23267635
23267662
23267918
23268708
23269677
23270041
23270097
23270359
23270709
23270745
23270812
23271660
23271797
23272444
23272606
23272607
23272730
23273087
23274535
23274994
23274998
23275352
23276802
23276814
23276840
23276874
23276945
23277567
23277598
23278074
23360769
23360849
23361866
23362306
23364909
23364951
23367611
23369089
23369277
23373132
23374417
23379074
23379225
23381484
23382215
23382335
23385167
23385173
23392256
23392308
23392418
23392444
23392502
23393004
23394468
23394470
23394603
23443747
23444232
23447429
23449086
23449233
23449257
23450039
23451058
23451220
23451246
23452205
23453621
23453995
23454050
23455119
23455226
23456348
23457176
23457215
23459305
23459370
23459379
23460058
23460296
23461140
23461591
23461903
23461911
23462088
23462161
23462204
23463549
23463595
23464112
23464191
23464247
23464356
23464870
23465231
23465284
23465819
23467213
23467512
23467589
23467747
23467959
23469204
23470041
23470090
23470209
23470670
23470753
23470890
23471713
23471764
23471847
23520998
23521740
23522926
23523068
23523116
23523175
23523259
23523296
23523488
23523696
23524278
23524490
23524498
23525024
23526107
23526271
23526746
23526840
23526852
23527563
23527864
23528541
23528548
23528906
23528929
23530226
23531013
23531153
23531449
23532256
23532288
23532525
23532532
23532598
23533131
23533382
23533572
23534464
23534610
23534659
23534661
23534688
23535213
23535430
23535448
23535479
23536178
23536921
23537021
23537399
23537407
23537553
23538741
23538855
23539000
23539003
23542231
23542571
23542979
23543700
23544336
23544490
23544531
23544832
23545259
23545376
23545395
23545633
23545672
23545730
23545805
23546476
23546578
23546850
23546851
23547018
23547086
23547109
23547303
23548336
23548358
23548857
23549841
23552423
23552437
23552439
23552451
23553643
23553655
23553726
23554361
23554498
23554546
23554553
23554567
23555579
23555603
23555651
23556860
23557363
23557527
23557579
23557666
23558103
23558535
23558782
23559205
23559239
23559298
23559438
23560019
23560343
23561137
23561705
23561870
23562081
23562209
23562259
23562479
23562575
23562777
23562782
23562809
23563558
23563581
23563768
23564713
23564957
23565269
23565313
23565461
23565498
23565520
23568628
23568662
23568871
23569316
23600806
23607707
23607832
23608817
23640309
23641638
23641725
23645133
23645166
23645708
23645737
23646417
23646724
23648659
23652857
23656445
23658284
23659622
23663168
23663237
23663260
23664130
23664506
23664552
23664737
23664745
23666763
23666795
23668804
23668902
23669908
23671722
23671908
23672070
23672823
23673779
23673991
23674222
23674414
23674427
23674448
23674477
23674486
23676389
23676418
23676513
23676651
23676814
23678310
23678339
23680431
23682259
23682670
23682836
23682965
23683143
23683518
23683642
23683662
23683851
23684006
23684623
23684969
23684988
23685481
23686476
23687267
23687362
23687994
23688341
23688433
23688566
23688826
23688836
23688892
23690920
23691003
23691042
23691489
23691520
23692093
23692194
23692867
23693462
23694297
23695459
23696041
23697624
23697647
23697712
23697911
23698674
23698678
23698698
23699935
23699942
23700535
23700984
23701001
23701261
23702186
23702357
23702415
23702495
23702818
23702824
23704218
23704401
23704623
23704887
23705200
23705201
23705211
23705363
23705594
23706107
23706186
23706200
23706535
23706617
23706721
23708076
23708719
23709065
23709775
23709799
23710171
23710417
23710701
23711253
23711335
23712644
23712662
23712791
23713875
23714625
23714946
23715302
23715338
23715430
23716768
23717172
23717302
23717417
23717470
23717522
23719281
23719319
23801711
23801882
23804781
23805409
23807034
23807895
23810859
23812048
23812083
23812168
23812260
23812785
23813602
23814221
23814465
23814537
23817192
23817802
23818638
23821071
23822255
23823475
23824095
23825954
23826307
23826897
23827844
23829340
23830150
23831633
23832596
23833987
23834586
23835240
23835768
23836469
23837623
23837687
23838783
23838946
23839592
23839778
23840194
23840455
23840623
23840679
23841132
23843915
23846343
23846458
23846540
23847182
23847460
23847757
23848140
23848191
23849334
23849683
23851224
23852964
23853046
23853058
23853218
23854438
23854472
23855533
23856375
23856552
23857512
23857810
23857890
23858250
23858869
23859021
23861049
23861177
23863080
23863909
23863986
23864034
23864464
23864528
23864675
23864705
23864824
23864852
23865504
23865870
23866354
23866774
23866915
23866916
23866969
23866979
23868715
23870405
23870789
23871882
23872298
23873560
23873698
23875954
23879364
23880470
23880471
23881689
23881791
23882184
23882403
23882904
23883243
23883586
23884321
23885198
23885789
23886446
23887382
23888052
23889727
23890502
23891042
23892225
23892303
23892972
23893453
23893848
23894406
23894656
23895734
23896274
23896992
23897092
23897300
23898800
23899323
23899511
23899576
23900059
23900264
23900323
23901881
23904482
23904494
23905299
23905612
23906697
23909264
23909408
23910275
23910424
23911574
23913549
23913980
23914888
23916804
23917417
23919112
23920468
23920562
23920701
23922420
23922668
23923171
23923181
23923677
23923691
23923893
23924537
23924685
23926108
23926868
23926881
23927007
23927910
23928353
23928594
23928972
23930842
23931097
23931104
23932409
23932469
23933165
23933263
23933335
23933650
23933978
23934192
23934204
23935693
23935910
23935972
23936040
23936229
23936325
23936332
23936454
23936617
23937146
23937277
23937325
23937367
23938076
23939430
23939547
23939579
23940751
23940824
23940974
23941042
23941170
23941182
23941248
23942196
23942776
23943878
23944168
23944224
23944758
23944936
23945112
23945346
23945715
23945818
23946003
23946062
23946109
23946447
23946496
23946610
23946715
23946801
23947050
23947565
23947601
23947832
23947844
23948053
23948320
23949071
23949129
23949248
23949398
23949705
23950166
23950366
23950596
23951626
23951847
23952058
23952219
23952551
23952637
23952657
23953074
23953662
23954513
23954593
23955538
23956032
23956786
23957212
23957225
23958074
23958258
23958592
23958830
23959539
23959617
23959987
23960707
23961108
23961324
23961603
23961741
23961993
23962155
23962158
23962162
23962364
23962378
23962557
23962792
23963188
23963829
23963843
23963848
23963886
23964147
23964198
23964199
23964273
23964430
23965192
23965760
23966017
23966113
23966936
23967400
23967516
23967598
23967638
23968130
23968423
23968470
23968692
23969072
23969765
23969771
23971695
23971769
23971997
23972543
23972897
23973361
23974077
23974145
23974166
23974865
23974872
23974892
23975011
23975092
23975112
23975339
23975501
23975571
23975782
23976481
23976565
23977078
23977125
23977149
23977389
23978274
23978844
23979125
23979357
23979625
23979735
23979957
23980148
23980863
23980869
23981007
23981113
23981267
23981389
23981713
23981765
23981819
23982193
23982435
23982947
23983024
23983271
23984118
23984121
23984236
23984516
23984778
23984825
23985809
23986184
23986408
23986474
23986760
23986946
23987106
23987232
23987281
23987297
23987406
23987740
23988101
23988235
23988394
23988801
23988889
23989351
23989510
23989967
23990661
23990749
23991024
23991415
23991490
23991580
23991796
23991850
23991944
23992434
23992740
23993257
23993482
23994003
23994341
23994396
23994416
23994588
23995010
23995208
23995874
23996414
23996534
23996787
23997188
23997341
23997445
23997589
23998241
23998281
23998807
23999568
23999664
24000154
24000530
24000739
24001646
24001723
24002078
24002814
24002916
24003145
24003191
24003274
24003602
24003687
24003760
24003971
24004252
24004913
24005203
24005677
24005785
24005954
24006342
24006396
24006766
24006778
24007350
24007408
24008007
24281991
24283004
24283144
24283202
24284526
24285005
24286458
24286999
24287253
24288346
24288528
24288586
24290557
24291181
24291277
24291298
24291664
24291910
24291979
24293293
24293386
24293773
24294160
24295866
24295947
24296087
24296145
24296306
24296310
24296437
24296528
24300456
24300583
24301345
24301350
24360022
24360170
24361689
24365371
24365634
24365668
24366082
24366174
24367065
24367165
24367201
24367355
24367384
24367431
24367524
24367558
24369395
24369651
24369816
24369885
24370688
24372233
24372277
24372730
24373008
24373451
24374530
24375719
24375762
24376855
24376858
24377124
24377146
24378370
24378480
24378564
24382381
24382476
24382559
24382792
24382858
24382974
24383188
24383418
24384361
24384499
24385176
24386597
24387029
24387122
24387473
24387898
24388097
24388466
24388828
24388860
24389206
24389847
24390022
24390205
24390220
24390530
24390890
24391260
24391633
24392232
24392423
24392804
24460158
24460179
24460315
24460629
24462307
24462772
24462777
24463327
24463456
24463877
24467146
24467784
24467970
24468154
24468440
24468469
24469768
24470546
24470804
24471008
24471679
24472776
24472797
24473073
24473121
24473161
24473496
24474784
24474849
24477478
24479239
24480779
24481388
24481401
24482197
24482336
24484735
24484879
24484905
24485107
24485790
24485865
24485875
24485901
24485932
24486291
24486304
24486340
24486385
24486421
24487686
24487731
24487736
24487766
24488333
24488759
24489026
24489147
24489418
24489426
24489751
24490152
24490314
24490520
24491054
24491195
24491737
24491988
24492158
24492704
24493523
24493589
24493862
24495122
24495422
24495505
24495506
24495982
24495987
24496016
24564110
24565821
24566222
24566893
24568022
24568927
24570064
24570610
24571151
24571247
24571475
24571682
24572130
24572595
24573869
24573911
24573957
24574046
24574204
24574489
24574638
24574747
24575017
24575057
24575301
24575322
24575630
24576099
24576668
24576683
24576761
24576767
24576827
24576840
24576895
24578502
24578905
24578914
24578971
24580086
24580331
24580507
24580705
24580799
24581039
24581097
24581300
24581327
24581805
24581854
24583646
24583647
24583870
24583997
24584007
24584070
24584203
24584243
24586065
24586178
24586198
24586224
24586255
24586292
24586294
24586298
24586316
24661115
24661459
24663453
24664064
24664159
24665695
24667868
24668197
24670269
24672661
24674634
24676861
24678175
24678372
24678975
24679641
24680251
24680423
24680667
24680668
24680689
24681351
24682915
24682928
24682949
24683901
24687740
24689013
24690387
24690622
24693014
24693758
24693804
24693976
24694798
24695862
24700244
24701108
24701372
24701758
24701867
24702504
24703057
24703062
24703936
24704885
24705047
24705198
24705433
24705937
24706497
24706673
24707026
24707255
24707674
24707808
24708055
24708740
24709038
24709110
24709260
24709330
24710089
24711539
24712110
24712260
24712580
24712643
24712682
24713008
24713069
24713317
24713349
24713484
24713495
24713609
24713681
24714002
24714329
24714471
24714758
24714769
24714973
24715045
24715868
24715949
24716144
24716444
24716780
24717084
24717480
24717497
24717634
24717650
24717811
24717897
24718538
24718881
24718894
24719161
24719246
24719301
24720538
24721827
24783029
24785484
24785578
24789128
24789133
24789181
24791400
24793507
24793682
24794106
24794967
24798224
24800431
24803412
24803784
24804273
24804309
24804569
24804715
24804793
24805119
24805133
24805173
24805546
24806054
24806678
24807157
24808214
24809484
24809709
24809749
24809794
24809799
24810521
24810815
24811244
24812414
24812517
24812690
24813040
24813083
24813172
24813230
24813800
24813891
24813920
24813982
24814122
24860261
24860314
24864131
24865583
24866067
24866740
24866836
24867992
24868143
24868240
24868324
24870138
24871307
24871480
24871505
24871833
24872345
24873216
24873284
24873786
24873900
24874105
24874889
24875578
24876167
24876292
24876644
24878190
24878494
24878986
24879032
24881698
24882457
24882716
24883215
24883616
24883792
24884012
24884656
24884812
24884901
24886526
24886863
24887039
24887046
24887120
24887506
24887554
24887561
24887598
24887721
24887845
24887848
24887971
24888134
24888346
24888660
24888925
24888961
24889345
24889348
24889451
24889659
24889896
24890079
24890110
24890280
24890547
24890807
24890852
24891011
24891078
24891206
24891217
24891227
24891912
24893067
24893100
24893400
24893472
24893733
24894163
24894322
24894391
24894579
24894770
24894776
24895686
24940659
24942422
24943168
24943297
24943686
24944497
24947606
24948141
24948289
24948635
24950482
24951868
24951967
24952678
24952906
24954751
24957403
24963000
24963604
24965523
24965624
24966496
24967005
24967080
24968914
24969558
24970140
24970200
24970237
24970871
24972287
24974946
24978828
24978835
24981611
24984394
24985191
24986271
24986376
24986679
24988233
24988407
24990142
24990226
24990295
24990404
24990678
24991328
24991918
24992252
24992477
24992814
24993095
24993431
24993476
24993643
24993686
24993988
24994272
24995198
24995275
24995663
24996063
24998744
24998887
24999385
24999457
24999899
25000393
25000965
25001840
25001905
25002105
25002115
25002965
25002970
25003726
25003830
25003852
25003875
25003909
25004420
25004966
25004988
25005128
25006072
25006099
25006126
25006207
25006237
25006358
25006639
25006653
25006827
25007720
25007742
25007803
25008036
25008136
25008167
25008516
25009013
25009479
25012256
25012499
25012567
25013639
25013691
25019642
25061066
25062096
25062105
25062475
25062739
25063204
25063677
25063985
25064050
25064259
25064843
25065239
25065873
25066346
25066362
25066451
25067737
25068518
25068682
25068683
25068690
25068725
25070158
25070262
25070295
25070312
25070341
25071532
25071548
25072181
25073533
25076920
25076932
25076971
25076989
25078563
25078624
25078638
25121283
25122066
25124276
25124564
25127258
25127287
25127371
25127494
25127590
25127599
25130101
25130309
25131337
25132188
25132475
25132665
25133230
25133247
25133641
25134460
25134844
25135421
25135708
25135715
25135772
25135805
25135864
25135944
25135945
25136142
25136162
25136267
25136341
25136431
25136524
25137384
25137571
25138079
25138190
25138806
25139347
25139372
25139845
25139993
25140065
25140611
25140633
25140672
25140721
25182548
25183377
25184292
25184577
25185379
25187447
25187848
25187925
25187949
25187955
25187996
25188105
25188547
25188656
25189405
25189552
25190547
25190736
25190749
25190888
25190909
25190954
25191297
25191890
25194615
25197023
25197035
25197244
25198221
25198412
25198475
25198501
25198505
25198961
25199184
25199407
25199410
25199730
25199907
25200880
25201691
25203042
25203558
25203622
25203711
25204688
25205415
25205961
25207809
25208326
25209003
25209308
25209403
25209786
25209819
25209834
25209871
25211140
25214222
25214351
25214608
25214732
25215145
25215257
25215539
25215568
25215584
25215751
25215801
25216075
25216262
25216290
25216315
25217197
25217377
25217427
25217847
25217939
25217977
25218168
25218536
25218804
25218863
25219214
25219438
25219807
25219838
25220233
25220242
25220393
25220745
25221409
25222362
25222630
25223223
25300260
25300978
25301053
25301140
25301293
25301893
25303187
25303614
25304304
25304570
25304680
25304731
25304758
25308062
25308376
25308592
25310300
25310482
25310555
25310639
25311371
25311624
25311631
25311937
25313031
25314878
25315038
25315176
25317001
25317473
25317804
25317892
25317897
25318215
25318391
25318502
25319187
25319340
25319570
25319685
25319733
25319738
25319759
25320085
25320148
25320327
25321020
25321327
25321482
25321615
25322565
25322590
25326490
25326640
25327116
25327162
25327194
25327285
25327491
25328017
25328517
25328583
25328679
25328848
25331307
25403994
25406939
25408646
25414507
25423774
25424496
25427454
25449808
25450182
25455588
25458246
25459604
25463098
25467980
25472394
25476470
25477989
25479877
25479952
25482714
25484602
25485204
25486905
25487508
25488889
25490632
25495763
25497163
25497821
25502134
25502258
25506881
25509609
25516861
25518676
25521974
25529219
25538762
25539466
25539870
25541325
25541871
25546033
25546143
25546418
25548572
25550945
25553738
25553886
25554491
25554925
25557279
25557329
25560899
25563066
25564233
25564697
25565331
25566086
25566713
25569658
25570623
25572007
25572553
25574808
25575300
25578548
25580268
25580617
25580651
25582060
25582112
25582629
25583422
25585385
25585396
25588307
25588428
25591171
25594760
25595079
25598084
25599820
25602769
25606140
25608261
25608262
25609691
25610000
25610720
25611395
25615544
25617844
25620933
25627646
25628118
25631333
25631741
25632792
25634728
25634792
25635827
25637163
25638287
25640826
25641417
25642063
25642070
25643307
25643571
25643747
25644863
25645150
25646622
25654700
25658146
25659273
25660726
25662907
25666924
25670402
25672359
25672541
25674843
25676676
25677534
25677778
25677803
25678753
25678765
25678940
25679021
25680425
25681370
25681735
25683932
25685389
25689560
25690075
25692000
25693019
25693919
25697242
25699342
25700031
25700146
25700515
25701660
25701989
25702124
25703333
25703614
25705923
25707712
25708484
25710298
25711498
25712308
25712941
25713129
25714213
25714270
25716532
25717277
25717769
25718325
25719592
25720654
25720662
25720730
25720972
25720998
25722234
25722299
25722384
25722519
25723370
25724539
25724701
25725938
25728640
25729054
25731743
25732051
25732789
25733410
25737337
25737794
25738359
25740756
25742495
25743313
25744762
25745646
25745960
25750183
25750445
25751949
25754054
25755942
25759768
25761995
25762762
25764143
25764924
25766420
25767672
25768277
25770561
25771065
25771488
25772127
25772718
25773719
25775363
25775472
25776347
25776567
25778385
25778756
25779130
25779988
25781831
25782094
25782138
25784195
25784236
25786864
25786921
25787595
25787851
25789328
25790155
25790395
25790556
25792814
25794111
25794391
25794548
25795094
25795423
25795538
25795867
25796067
25796669
25796798
25798108
25799460
25800700
25802664
25802843
25803469
25804442
25805331
25805541
25807251
25811838
25812317
25817095
25817096
25817278
25817642
25817739
25817742
25819684
25819929
25820317
25820716
25821928
25825911
25825961
25826038
25826148
25826512
25826747
25826789
25827192
25827438
25830168
25830214
25831235
25831243
25832023
25832085
25832413
25833807
25834244
25834316
25834970
25835113
25835309
25835438
25835683
25835893
25836604
25837066
25837074
25837119
25838113
25838145
25838447
25838717
25839619
25841031
25841380
25842735
25842817
25843384
25846182
25847367
25847395
25847921
25848261
25851111
25851127
25851357
25852212
25852467
25853208
25853287
25854013
25854208
25854394
25855710
25857143
25857198
25857631
25858011
25858175
25858246
25858512
25859990
25861618
25862084
26600870
26605571
26606101
26607843
26608523
26608940
26611587
26612022
26616896
26617234
26618975
26619725
26621471
26623940
26624674
26625336
26629128
26629661
26630594
26631486
26631846
26635977
26637087
26638203
26641179
26643350
26644131
26644250
26644455
26646158
26648977
26652198
26653181
26653669
26654119
26655254
26655387
26655718
26659953
26661523
26661882
26662285
26662644
26663107
26663169
26663197
26663371
26663781
26665167
26666040
26666826
26670374
26670613
26671204
26672590
26672850
26674727
26674916
26675620
26676045
26677476
26678017
26678019
26678058
26678116
26679843
26680137
26682208
26683149
26683615
26683690
26685604
26685815
26685960
26686127
26686294
26686321
26686413
26686854
26687900
26688144
26688677
26688981
26689782
26689971
26690824
26692497
26692579
26692957
26693481
26696459
26697359
26697696
26698025
26698460
26699250
26700492
26700538
26702069
26702502
26702786
26703721
26704056
26704590
26705059
26705916
26706290
26706951
26707169
26707185
26707316
26707797
26708611
26709638
26709840
26709861
26709865
26710679
26711472
26712284
26712699
26713167
26713333
26713361
26713677
26713729
26713804
26714411
26715239
26716027
26716465
26717412
26717454
26718226
26719500
26722609
26722793
26723101
26723180
26723238
26723300
26724144
26724402
26724674
26724767
26724816
26725059
26725157
26725309
26728534
26728589
26729252
26729256
26729534
26729546
26729796
26729895
26729962
26730649
26730685
26730763
26730845
26730943
26731663
26731975
26732189
26733239
26733570
26733743
26733754
26735137
26920187
26921076
26921413
26923810
26925243
26925534
26925848
26928285
26932496
26933592
26934308
26934562
26935961
26936495
26936655
26937266
26937953
26943265
26944141
26944177
26945742
26946549
26949785
26950429
26950499
26950747
26951861
26952155
26953125
26953142
26953307
26954472
26954806
26954828
26954979
26955113
26955249
26955431
26955504
26955509
26956326
26956341
26956606
26957010
26957388
26957712
26958001
26958459
26958960
26959383
26960772
26961099
26961219
26961821
26961824
26962062
26962579
26963239
26963335
27040669
27041535
27041796
27042844
27044203
27045676
27046216
27047829
27048009
27048372
27048378
27048501
27048540
27048975
27049128
27049488
27049878
27052084
27052168
27052361
27053786
27054411
27057271
27057679
27057835
27058102
27058184
27058238
27058277
27058302
27058354
27058383
27058395
27058894
27059011
27060151
27060636
27060651
27060701
27060796
27064049
27064112
27065318
27066773
27066813
27066837
27066841
27066865
27067033
27067119
27067140
27069986
27071072
27071362
27072543
27072870
27073161
27073975
27074518
27074622
27074713
27074761
27074969
27075163
27075276
27075398
27075415
27075481
27075568
27076953
27077831
27077872
27078188
27078414
27078666
27078752
27080136
27080209
27080616
27081306
27081319
27081409
27081485
27081659
27081737
27081865
27081932
27140445
27140888
27140921
27143193
27143896
27143960
27144023
27144567
27144931
27144946
27145193
27145517
27150699
27150733
27151887
27151916
27151944
27152287
27152297
27152921
27152977
27153004
27153032
27153106
27154156
27155446
27155463
27155474
27155756
27155832
27156040
27156062
27159671
27160462
27160686
27160747
27160916
27161026
27161053
27161071
27161082
27161107
27161178
27161971
27162078
27162269
27162273
27162853
27162871
27163446
27163472
27163558
27163592
27164643
27165591
27166055
27166711
27167939
27168548
27168610
27168840
27168890
27169112
27169412
27169469
27169491
27171790
27171950
27172134
27172334
27240156
27240346
27240574
27240661
27241980
27243548
27244288
27245759
27246754
27247096
27248743
27251413
27253086
27253349
27253994
27254221
27254369
27254764
27255049
27256019
27256257
27258551
27258706
27258727
27264496
27265171
27265213
27265650
27265698
27265870
27265942
27266109
27266977
27267079
27268424
27268568
27268572
27268808
27269205
27271872
27274631
27275038
27277574
27278985
27278991
27279120
27279506
27279564
27279907
27279936
27280740
27280831
27283055
27283081
27283173
27283415
27283433
27283629
27284475
27284898
27285003
27285369
27285773
27285899
27286003
27287198
27287346
27287359
27287400
27287441
27287980
27288106
27288387
27289199
27289676
27289826
27290323
27290827
27291882
27291929
27292211
27292542
27292743
27293085
27294071
27294212
27295418
27295631
27295899
27295916
27296524
27360139
27360354
27361172
27361179
27361473
27361619
27362714
27366135
27366747
27372951
27374189
27375136
27375710
27376502
27376532
27376586
27376740
27377239
27378575
27378939
27379551
27379653
27379697
27382225
27382891
27383406
27385425
27386266
27386386
27386914
27389765
27390989
27391736
27393260
27393996
27395696
27397853
27398111
27398138
27398748
27399139
27399717
27399901
27400679
27401296
27403702
27403985
27404264
27406618
27406795
27407157
27408298
27409351
27409636
27412195
27413065
27413072
27413080
27413156
27413157
27413271
27413332
27413422
27414715
27414771
27414937
27415612
27415623
27415778
27415796
27415801
27415922
27415988
27416007
27416168
27416313
27416323
27416770
27416829
27416973
27416980
27417212
27417249
27417282
27417378
27417518
27417710
27418581
27418582
27418936
27419060
27419169
27419913
27420814
27421179
27421371
27421536
27421601
27421671
27421957
27422021
27422547
27422611
27422962
27422968
27423593
27423604
27423745
27423773
27423954
27424237
27424290
27424911
27425348
27425511
27425810
27426604
27426610
27426975
27427065
27427597
27427810
27428419
27428437
27428773
27429231
27429348
27429776
27430242
27430450
27430707
27431920
27432735
27433468
27433681
27433708
27434297
27434890
27435002
27435453
27436054
27436432
27436496
27437007
27437271
27438117
27438207
27438210
27438609
27438846
27439133
27439731
27439866
27439903
27440153
27443490
27540462
27543848
27544341
27545282
27545735
27557712
27558481
27558588
27558852
27558969
27559424
27559449
27559735
27561697
27563937
27564396
27564403
27565343
27566187
27566615
27567008
27567558
27568335
27568376
27568556
27568623
27569262
27569415
27569883
27570736
27570753
27571619
27572150
27572168
27572204
27572462
27574567
27575194
27575566
27575685
27575786
27576547
27576729
27576872
27576968
27577065
27577358
27577554
27577671
27660728
27660954
27661280
27664921
27665587
27665779
27666001
27666590
27668650
27669936
27671175
27673097
27674460
27675283
27678431
27678866
27681359
27682989
27685341
27685402
27689289
27689903
27691680
27693467
27694705
27694721
27695328
27695599
27695779
27696147
27701609
27703348
27704739
27710092
27710594
27711997
27712445
27712631
27712682
27713927
27714553
27715833
27716656
27717236
27717721
27717892
27717929
27717954
27718744
27719081
27719237
27719279
27719575
27720725
27721022
27721025
27721303
27721931
27722530
27722549
27722835
27722881
27723249
27723678
27725500
27725835
27725867
27726207
27726256
27726413
27727215
27727285
27727672
27728025
27728028
27728716
27729518
27729852
27729992
27730163
27730176
27731018
27731106
27731289
27731947
27732297
27733671
27733762
27733840
27734319
27734360
27734615
27734686
27734767
27734998
27735046
27735307
27735485
27735805
27737592
27737751
27737965
27738014
27738131
27738398
27739198
27739632
27739791
27740179
27740438
27740553
27740606
27741082
27741137
27741384
27744602
27745097
27745710
27746002
27746530
27747125
27747197
27747523
27747631
27747764
27747781
27747838
27747867
27748564
27749532
27749612
27749638
27749685
27750407
27751430
27751703
27752462
27752765
27753451
27753563
27754112
27823470
27823813
27824137
27829231
27831194
27833246
27834525
27834666
27834674
27834690
27835644
27836042
27836966
27838820
27838914
27839731
27840090
27841076
27841898
27843365
27843428
27843865
27844092
27844632
27845009
27845193
27845231
27845267
27845482
27846010
27847063
27847470
27847583
27848343
27848520
27848979
27848991
27848994
27849190
27850156
27850342
27850929
27851393
27852596
27852597
27852628
27852929
27853372
27854375
27854563
27854766
27854885
27854893
27855195
27855360
27855390
27856729
27856826
27857894
27858514
27858745
27858776
27859696
27860170
27861213
27861268
27904688
27906972
27908257
27909567
27909618
27909770
27909829
27911638
27913269
27913625
27913630
27914187
27914222
27914714
27915265
27915866
27916761
27916889
27916968
27917048
27917119
27919994
27920474
27920541
27920552
27921441
27923191
27923840
27923949
27924087
27924158
27924183
27925104
27925596
27925667
27926365
27927580
27927985
27928567
27929088
27929424
27964164
27964913
27965577
27965720
27965869
27965891
27966152
27966164
27966452
27966487
27967499
27972892
27973286
27973620
27973718
27973839
27974410
27974521
27974623
27974780
27975880
27978616
27978769
27978824
27979003
27979145
27979256
27979361
27979569
27979721
27979735
27980092
27980271
27980947
27981004
27981412
27981508
27982364
27983318
27983608
27983925
27984159
27984745
27984813
27985275
27985685
27986856
27986968
27987656
27987678
27988338
27988673
27988691
27988743
27989042
27989154
27989176
27989908
27990008
27990040
27990398
27990478
27990514
27990628
27990819
27991341
27991478
27992009
27992179
27992180
27992625
27992896
27992910
27993017
27993230
27993424
27996170
27996758
27997432
27998251
27998666
27998675
28061281
28061637
28062432
28064307
28064311
28064521
28064888
28066551
28067520
28068023
28068318
28068407
28068484
28069282
28069613
28070864
28070973
28073643
28073670
28073802
28073912
28100022
28103932
28104473
28105108
28105279
28105565
28105824
28105852
28105889
28106067
28107358
28107645
28107771
28107807
28110413
28111204
28112069
28112076
28112100
28112246
28112288
28112301
28112456
28112459
28112486
28114134
28114143
28114235
28114299
28114335
28114445
28115669
28116407
28116993
28117311
28118538
28119209
28119390
28119686
28121641
28122020
28122510
28122522
28123202
28123220
28124236
28124382
28131127
28201343
28202571
28202606
28204843
28205269
28205383
28206025
28208311
28208482
28209613
28210558
28210630
28211158
28212388
28215196
28218124
28218215
28219116
28219460
28219979
28221020
28221581
28221891
28222299
28224370
28224593
28225456
28225775
28226930
28227496
28229162
28229326
28231947
28233237
28233318
28234814
28236025
28236946
28237920
28239206
28239934
28241380
28241607
28241746
28243149
28243326
28243396
28243438
28243477
28243528
28243592
28243735
28244763
28246670
28247474
28247488
28247745
28249132
28249566
28250680
28250878
28250946
28251299
28254572
28254781
28254855
28255160
28261430
28263219
28264650
28264710
28264952
28265116
28265256
28265587
28265714
28266762
28266932
28267121
28267221
28267263
28267394
28267971
28267975
28268247
28270042
28270091
28271002
28271062
28271326
28271584
28271706
28271876
28272157
28272244
28272942
28273332
28274046
28274197
28274456
28274911
28274919
28274920
28275011
28275135
28276294
28276781
28276986
28277179
28281779
28281936
28282342
28282520
28283194
28283772
28283798
28283857
28284253
28284868
28285021
28285273
28285444
28285517
28286228
28286740
28287191
28287583
28287772
28287910
28288196
28288530
28288735
28288895
28288989
28289013
28289408
28289547
28289656
28289704
28289767
28290350
28290698
28291185
28291190
28291399
28292009
28292033
28292080
28292083
28292727
28293368
28293710
28293872
28294111
28294190
28294261
28294464
28295021
28295134
28295168
28295196
28295252
28295649
28295759
28295905
28296023
28296101
28296176
28296212
28296273
28296323
28296514
28296630
28296725
28296727
28296821
28297139
28297313
28297340
28297604
28297953
28298021
28298045
28298086
28298141
28298186
28298871
28298899
28298990
28299123
28299374
28300074
28300097
28300119
28300254
28300483
28300548
28300587
28300932
28300976
28301306
28301315
28301317
28301611
28301668
28301944
28302190
28302201
28302602
28302814
28302880
28302918
28302935
28303020
28303130
28303369
28303382
28303449
28303552
28303844
28303845
28303923
28304833
28305242
28305372
28305490
28305531
28306459
28306640
28307911
28308138
28308266
28308345
28308372
28308823
28308854
28309024
28309390
28309426
28309434
28309585
28310314
28310476
28310527
28310530
28310581
28310596
28311232
28311498
28311566
28311657
28311889
28311948
28312015
28312052
28312337
28312649
28312777
28312972
28313124
28313136
28313151
28313353
28313389
28313442
28313632
28314050
28314052
28314063
28314294
28314328
28314437
28314491
28314565
28314683
28315013
28315202
28315505
28315583
28315635
28315755
28316333
28316863
28317309
28317391
28317473
28317676
28321002
28444656
28445183
28445184
28445411
28447269
28447340
28447361
28447365
28447712
28447741
28447864
28452555
28452622
28452932
28453617
28454756
28456622
28459501
28461909
28462157
28464339
28464909
28465773
28466253
28472861
28472892
28473023
28473038
28473648
28473886
28474387
28474464
28475091
28475647
28475663
28480230
28480316
28480349
28481612
28482002
28482004
28482035
28482601
28484946
28484968
28485216
28485241
28485255
28485268
28486474
28487925
28528225
28529323
28529530
28561645
28563824
28567988
28569982
28571169
28571862
28572545
28573130
28573624
28574324
28575613
28576119
28576358
28576403
28576533
28576581
28576605
28576715
28577671
28577739
28578669
28579115
28579374
28579381
28579394
28579398
28579467
28579523
28580154
28582316
28582565
28584728
28585452
28586476
28590309
28590932
28590958
28591187
28591214
28594480
28594493
28594519
28595715
28596007
28596159
28596173
28596201
28596337
28596490
28596618
28596712
28596999
28597144
28599970
28600563
28602195
28602203
28602618
28602737
28602747
28603228
28603283
28603322
28603774
28603914
28604234
28604365
28604476
28604632
28604640
28604653
28604658
28604794
28604840
28605319
28605391
28605451
28605534
28686404
28694499
28700748
28701311
28701864
28702057
28704450
28706151
28706194
28706196
28706758
28706810
28708348
28709730
28710131
28710457
28711187
28711789
28712402
28712966
28713112
28713156
28713348
28715666
28716030
28716119
28716198
28716392
28720883
28801966
28803699
28805638
28806638
28806731
28808958
28809318
28809860
28809865
28809915
28809954
28811384
28811480
28811529
28812671
28812722
28812868
28812935
28814447
28815859
28815900
28815901
28818532
28818622
28818671
28818786
28821131
28821152
28821346
28821838
28822781
28822963
28823136
28823151
28824789
28825148
28825164
28825240
28825264
28825676
28825937
28828085
28829141
28829762
28830156
28830259
28831315
28832863
28833917
28834508
28834539
28835036
28835177
28835313
28835336
28835684
28835832
28835894
28836988
28837371
28837567
28838923
28838992
28839035
28841355
28841516
28841745
28842554
28843785
28843792
28843882
28844951
28845407
28846204
28848386
28848537
28848672
28848745
28848979
28849270
28850209
28850339
28850418
28850525
28850692
28850938
28850974
28850988
28851021
28851196
28851231
28851326
28851623
28851756
28851935
28851988
28851993
28854616
28854723
28854897
28855831
28960082
28961790
28962205
28963704
28965005
28965166
28965371
28966138
28967056
28967090
28969891
28969944
28971223
28971300
28974925
28976197
28977349
28977600
28977711
28977970
28978261
28978470
28979277
28981135
28981196
28981463
28981481
28981541
28981622
28988202
28988315
28988322
28993008
28993192
28993214
28994457
28994474
28994748
28995572
28996521
28996923
28997027
28997334
28997630
28997720
28997819
28997844
28997849
28998050
28998052
28998204
28998237
28998431
28998608
28998626
28998806
28998811
28999005
28999017
28999251
28999603
28999778
29081703
29081815
29081832
29081834
29081940
29082059
29082113
29082131
29082175
29082214
29082441
29082490
29082962
29083188
29084485
29084500
29084621
29084630
29086921
29086956
29087016
29087084
29087609
29087621
29088358
29089230
29089278
29089330
29089428
29089487
29089507
29089575
29090042
29091113
29091308
29091309
29091317
29092973
29094472
29094533
29094544
29096812
29096880
29096902
29096964
29098507
29098544
29098597
29098865
29098889
29100801
29100975
29101439
29101445
29101494
29101835
29102004
29102168
29102171
29102257
29102366
29102558
29102885
29103225
29103457
29103722
29104947
29105710
29106368
29106672
29107243
29108199
29108369
29109201
29109216
29109246
29116062
29116071
29116076
29116125
29116755
29117608
29160225
29160485
29160631
29160663
29167731
29168031
29168218
29168280
29168416
29168487
29168546
29168691
29168695
29200181
29201274
29205894
29210528
29211308
29211800
29211948
29212297
29212455
29213705
29214055
29215080
29215841
29215898
29217546
29218759
29220133
29220195
29221806
29225954
29227867
29227871
29229429
29229885
29231395
29231985
29233042
29234555
29235065
29235356
29238829
29239992
29240862
29240904
29246122
29246280
29246508
29246888
29247040
29251719
29251802
29252080
29254618
29255700
29256320
29256650
29258185
29259264
29260082
29260287
29260746
29261882
29263522
29265724
29267118
29268109
29268891
29271286
29271677
29272510
29272599
29272690
29273281
29274444
29274893
29275964
29276184
29276388
29278389
29278820
29279073
29279719
29279762
29281360
29283040
29284091
29284196
29284645
29284900
29285064
29285875
29286175
29286183
29289793
29290153
29290821
29291246
29291252
29291301
29292072
29292534
29292625
29292709
29294282
29294444
29295222
29297404
29298710
29298951
29299399
29299418
29300274
29303896
29304080
29304671
29305729
29307631
29308649
29309246
29309681
29310132
29311117
29311467
29311605
29311665
29312190
29312270
29312353
29312757
29314178
29314353
29314451
29315594
29316447
29317927
29318210
29318967
29322716
29323396
29324566
29325355
29325721
29326794
29326934
29327449
29327583
29328042
29328098
29328246
29328818
29329221
29329250
29330865
29331153
29332380
29333809
29334186
29335845
29336088
29336201
29337343
29338226
29338249
29340102
29341724
29342441
29343080
29343537
29343546
29344368
29344395
29344518
29345536
29345556
29345793
29345957
29347892
29350417
29350448
29350908
29351161
29351308
29351911
29351945
29351956
29352015
29352022
29352090
29352512
29352617
29352815
29353897
29354011
29354516
29354745
29358526
29359684
29360504
29360796
29360841
29363128
29363450
29364293
29364639
29364674
29364675
29364809
29364892
29365005
29365192
29365607
29366970
29367039
29368637
29369362
29369949
29369974
29370573
29371831
29373050
29373333
29374460
29376196
29377971
29379481
29379680
29380407
29381534
29382542
29384128
29384130
29384343
29384615
29384636
29386575
29387333
29388688
29389906
29390073
29390377
29390659
29394258
29394600
29397231
29397630
29398582
29399027
29400390
29401311
29402056
29403494
29404845
29404868
29405589
29405940
29405999
29406599
29408786
29409581
29409857
29409975
29410082
29410161
29410321
29411220
29411224
29411915
29412063
29412251
29413754
29415015
29415361
29416353
29416893
29417128
29417496
29417514
29417802
29418132
29418498
29418676
29418714
29419055
29419186
29419188
29419474
29420705
29420999
29421714
29422369
29423093
29424747
29424930
29424945
29425174
29425452
29425488
29425736
29425815
29426039
29426601
29427023
29427090
29427261
29427607
29427644
29427802
29428045
29428222
29428626
29428709
29429218
29429287
29429782
29429996
29430786
29431132
29432126
29433057
29433448
29434392
29434672
29436160
29436224
29437194
29437334
29438997
29439410
29440035
29441528
29442774
29444544
29445359
29447473
29447830
29449452
29449679
29449881
29453761
29454438
29454828
29455624
29456553
29456880
29458343
29459404
29459911
29460316
29460375
29460883
29461604
29462159
29462869
29462888
29463035
29463057
29465327
29465737
29466479
29466930
29467681
29468038
29468165
29468342
29468464
29468478
29468483
29468507
29468529
29468683
29468731
29468849
29469150
29469798
29469807
29469971
29470142
29470181
29470339
29471565
29471648
29471688
29472330
29472925
29473011
29473155
29473388
29473598
29473964
29475235
29475776
29476328
29476901
29476922
29478461
29479380
29480024
29480648
29481316
29481352
29481389
29481419
29481428
29481472
29481478
29481527
29481545
29481674
29481730
29481964
29481995
29482017
29482839
29482919
29482921
29482953
29483030
29483048
29483054
29483077
29483084
29483105
29483142
29483161
29483673
29484560
29485165
29486711
29486999
29487254
29489066
29492838
29494162
29497406
29498641
29500886
29501136
29504589
29505361
29505793
29509084
29510782
29511463
29511991
29512083
29513757
29513870
29514286
29515241
29515253
29515390
29515811
29515873
29516069
29516747
29517156
29517173
29517511
29517532
29517903
29519426
29521456
29525228
29525796
29526118
29526566
29526576
29527047
29528248
29528336
29528970
29530223
29530720
29530723
29530785
29530880
29530961
29530996
29531640
29531905
29532031
29532578
29533146
29533719
29534594
29536094
29536122
29537108
29537463
29537466
29538234
29538317
29538592
29539220
29539419
29540353
29540406
29540597
29540816
29542169
29542312
29542378
29542484
29542669
29542701
29542765
29542775
29543095
29543719
29545169
29545565
29547197
29547324
29547701
29548123
29548339
29548633
29548782
29548785
29549449
29549710
29549864
29549949
29549978
29550267
29550824
29551621
29551787
29552264
29552669
29553293
29553315
29553333
29553486
29554296
29555016
29555763
29556184
29556473
29556787
29556981
29557183
29557433
29557887
29558023
29558999
29559179
29559614
29560175
29560749
29561045
29561824
29561948
29562660
29563434
29563813
29565509
29565568
29565781
29566574
29566691
29567098
29567191
29567715
29567762
29567856
29567876
29568095
29569009
29569336
29569534
29570389
29570424
29570552
29571266
29571414
29572059
29572281
29572358
29572577
29573136
29573824
29575074
29575097
29575666
29576545
29576767
29577503
29579368
29579869
29579967
29580065
29580170
29580395
29581045
29582435
29582600
29582768
29583077
29583833
29584768
29585053
29585279
29585469
29586292
29586540
29586572
29586830
29587839
29587968
29588038
29588453
29589106
29589273
29589372
29590175
29590271
29590896
29591072
29591712
29592460
29592519
29592907
29592984
29593184
29593802
29594577
29594640
29595748
29595839
29595880
29596367
29597254
29597908
29599331
29599353
29599924
29600558
29600877
29600977
29601108
29601515
29603075
29603082
29603237
29603327
29603344
29603363
29603404
29603602
29603689
29605288
29605501
29605863
29606099
29606597
29606848
29606869
29607126
29607175
29608245
29609636
29610650
29611304
29611731
29611932
29611992
29612624
29612687
29613985
29614764
29615025
29615237
29615276
29616388
29617182
29617227
29617439
29617479
29617600
29618138
29618718
29618999
29619418
29619602
29619800
29619844
29620068
29620875
29621367
29621649
29621810
29621986
29622296
29622520
29622557
29623300
29623516
29624100
29624225
29624367
29624626
29624805
29624940
29625065
29625123
29625415
29625572
29625616
29625885
29626207
29626307
29626346
29627518
29628044
29628228
29629015
29629055
29629398
29629417
29629742
29630297
29630401
29630461
29630656
29631083
29631430
29631624
29632477
29632482
29632983
29633170
29633402
29633844
29634435
29634491
29634558
29634809
29635158
29635916
29635975
29636177
29636958
29637085
29637627
29638641
29638997
29639187
29639606
29640045
29640986
29641001
29641275
29641483
29641651
29641899
29642228
29642666
29642725
29642849
29642984
29643206
29644360
29644527
29644591
29645514
29645692
29645740
29645957
29646309
29646349
29646632
29647005
29647019
29648087
29648131
29648192
29648772
29648784
29649018
29649046
29649210
29649422
29649846
29650390
29650979
29651011
29651120
29651438
29651533
29652302
29652340
29653482
29653761
29653768
29653820
29653834
29654423
29654529
29655698
29655966
29656502
29656676
29656903
29657244
29657647
29657899
29658112
29658285
29658317
29660200
29660343
29660363
29660709
29661829
29662205
29663105
29663321
29663559
29664349
29664381
29665136
29665235
29665295
29665957
29666041
29666189
29666596
29666691
29667015
29667710
29667985
29668031
29668238
29668773
29669201
29669289
29669531
29669577
29669654
29669958
29670231
29670475
29670605
29671375
29672516
29672733
29673453
29674313
29674812
29674830
29675059
29676282
29677886
29677950
29678204
29679918
29680003
29680419
29681079
29681207
29681437
29681773
29681920
29682140
29682581
29683437
29683864
29683868
29684997
29685865
29687501
29687844
29687947
29688218
29688350
29689381
29689638
29689642
29689884
29689889
29690661
29691753
29692701
29692827
29693098
29693211
29693495
29693642
29694078
29694190
29694893
29695376
29695787
29695930
29697249
29697653
29698592
29699398
29699947
29700028
29700119
29700131
29700135
29700295
29701511
29701518
29701967
29702142
29702426
29703374
29703460
29703686
29704195
29704624
29705222
29705680
29706521
29706651
29706930
29707306
29707371
29708677
29708792
29709124
29710546
29710727
29711174
29711348
29711808
29711887
29712235
29712418
29712427
29712758
29713071
29713397
29713746
29714272
29714355
29714456
29714749
29714758
29715363
29715543
29715814
29715827
29716027
29716801
29717014
29718008
29718410
29718755
29719745
29719880
29720029
29720408
29720885
29722046
29722305
29722450
29722785
29723036
29723332
29723509
29723543
29723660
29723767
29724293
29724349
29724800
29724901
29725451
29726378
29726982
29727193
29727520
29727639
29727817
29728051
29728398
29728836
29728920
29729343
29729383
29729525
29730528
29730742
29730761
29731210
29731419
29731474
29731742
29732264
29732324
29732609
29732719
29733451
29733709
29734053
29734384
29734576
29734824
29734832
29734895
29735064
29735182
29735386
29735476
29735515
29736031
29736892
29737249
29737846
29737988
29738822
29738936
29739408
30400508
30401778
30403590
30403630
30404023
30404657
30404672
30406081
30406276
30406912
30407042
30407257
30407339
30407362
30407603
30407729
30408001
30408544
30408606
30409511
30410013
30410032
30410037
30410173
30410231
30410762
30412557
30412995
30413087
30413164
30413195
30413581
30413675
30413881
30413944
30415163
30415529
30415550
30415646
30415739
30416349
30417672
30417737
30417925
30417993
30418301
30418321
30418351
30418388
30418492
30418518
30418580
30418908
30420444
30420622
30421213
30421233
30421344
30422132
30422280
30422320
30422407
30422472
30422762
30422795
30422796
30422969
30422979
30422980
30423469
30423699
30423725
30423761
30423840
30423936
30424636
30424760
30424911
30424949
30425076
30425208
30425291
30425484
30426129
30426299
30426406
30426535
30427816
30427941
30428000
30428264
30428302
30428935
30429328
30429507
30429590
30429614
30429643
30429678
30429686
30430340
30430595
30430702
30430755
30430824
30430992
30430993
30431049
30431627
30431728
30480172
30481133
30481167
30481267
30481801
30481804
30481871
30482095
30482153
30483097
30483257
30484051
30484811
30486055
30486145
30486162
30486195
30486305
30487935
30488007
30488067
30488166
30488275
30488550
30488628
30489404
30489494
30489582
30489596
30489642
30491399
30491744
30491801
30493608
30494065
30494096
30494097
30494131
30494167
30494220
30494383
30494774
30495512
30495617
30496842
30497728
30497731
30497807
30498806
30498849
30498914
30499796
30500509
30500566
30501044
30501279
30501414
30501418
30501465
30501517
30503636
30503652
30503996
30504132
30505824
30505934
30505951
30506993
30507034
30507036
30507106
30560163
30560678
30560834
30561317
30561425
30562735
30563186
30563575
30563768
30564043
30564247
30564551
30564766
30564983
30565319
30566104
30567119
30567375
30567502
30568746
30569605
30569642
30571182
30571295
30571504
30571564
30571606
30571611
30571716
30571748
30571838
30571848
30571861
30572811
30572992
30573840
30574334
30575299
30576258
30576829
30578088
30578320
30578337
30578564
30578599
30579234
30579241
30579259
30579328
30579330
30579675
30580104
30580891
30581024
30581205
30581271
30581916
30582555
30582703
30582755
30582770
30582795
30583120
30584271
30584465
30584695
30584717
30585516
30585896
30586091
30586146
30586181
30586342
30586379
30586408
30586484
30586552
30586835
30586958
30586977
30586982
30588852
30588856
30589008
30589298
30589360
30589432
30589656
30641636
30642171
30642232
30642332
30642337
30642473
30642531
30642544
30642567
30642745
30642881
30642907
30643054
30643305
30643471
30643946
30643968
30644003
30644862
30645217
30645548
30645634
30645646
30645790
30645873
30646890
30647104
30647147
30647307
30647492
30647570
30647606
30647755
30647780
30647931
30647990
30647998
30650368
30650821
30650891
30651047
30651063
30651098
30651723
30651764
30651766
30651776
30651861
30652254
30652552
30652568
30652586
30652649
30652654
30652666
30653347
30654957
30654996
30655123
30655135
30655275
30655301
30655452
30655693
30655747
30655906
30655959
30656026
30656083
30656649
30656909
30656953
30657691
30658014
30658152
30658691
30658721
30659271
30659334
30659392
30659418
30660164
30660396
30660478
30660577
30660581
30660612
30660673
30661214
30661805
30661941
30663087
30663089
30663128
30663438
30664153
30665252
30665256
30666545
30666605
30667824
30669645
30670436
30670463
30672379
30672709
30672764
30672872
30673054
30673093
30674012
30674184
30674875
30675009
30675215
30675288
30675736
30676235
30676799
30760126
30760350
30760547
30760729
30760832
30761456
30761685
30761892
30761912
30762427
30762595
30762704
30762705
30762715
30763056
30763106
30763124
30763139
30763140
30763223
30764842
30765023
30765680
30766130
30766411
30766423
30766461
30766471
30766604
30766797
30766799
30766836
30766855
30766857
30766876
30767615
30767940
30768506
30768545
30768724
30768854
30769862
30770400
30770714
30770907
30770957
30770961
30772596
30776621
30776714
30776744
30776791
30778041
30820616
30822759
30824260
30824327
30824538
30824579
30824624
30824858
30824892
30826277
30827191
30827859
30829801
30830000
30830205
30830475
30831626
30832038
30832256
30832257
30832287
30832709
30833433
30833766
30833973
30834137
30834863
30835031
30835202
30835436
30835634
30836470
30836485
30836506
30836622
30836838
30837438
30837504
30838191
30838402
30838474
30840108
30840126
30840225
30840489
30841305
30841702
30841816
30841965
30842006
30842090
30842317
30842527
30842833
30842854
30843208
30843391
30843765
30844081
30845001
30845068
30846057
30846468
30846556
30846622
30846637
30847521
30848702
30848722
30848731
30849749
30849893
30850032
30850035
30850562
30851700
30852318
30853803
30853920
30855120
30856676
30856849
30857054
30858654
30858796
30860630
30861088
30862242
30862402
30863038
30863433
30863695
30863696
30863845
30940232
30940302
30940439
30940448
30940458
30941091
30941111
30941243
30941470
30941507
30941517
30941609
30941679
30941761
30943319
30943803
30944150
30944168
30944180
30944307
30944353
30944814
30944875
30945108
30945113
30945129
30945198
30946088
30946239
30946608
30946627
30946635
30946670
30946680
30946738
30946884
30948016
30948092
30948174
30948204
30948276
30949937
30950106
30950119
30950128
30950140
30950168
30950595
30950602
30950658
30950685
30951757
30951809
30951874
30951880
30953336
30953621
30953634
30953684
30953693
30954418
30954722
30954813
30954829
30954837
30954876
30960224
30960279
30960465
30960650
30962065
30962183
30962247
30963066
30963917
31000496
31000717
31001036
31001122
31001849
31002321
31004011
31004874
31005012
31005377
31006539
31006579
31007429
31007692
31007835
31010525
31011573
31012129
31012345
31012496
31013313
31013343
31014329
31014835
31014848
31015078
31015266
31015503
31017826
31018348
31018589
31019570
31020062
31020234
31020638
31020685
31020714
31024273
31024444
31024480
31024749
31024785
31025214
31026663
31026696
31026699
31028680
31028825
31028858
31030838
31030975
31030991
31031158
31031437
31031675
31031680
31031681
31032045
31032056
31032075
31032494
31032645
31033148
31033424
31033465
31033825
31033911
31034155
31034290
31034310
31034346
31034772
31035565
31035753
31035795
31036047
31036289
31036508
31036717
31036998
31037229
31037369
31037381
31037461
31037495
31037580
31037760
31037895
31037981
31037986
31038034
31038285
31038303
31038987
31039018
31039199
31039703
31039973
31040048
31040168
31040242
31040259
31040447
31040577
31040661
31041032
31041052
31041295
31041677
31041678
31041733
31041834
31041920
31041933
31042161
31042602
31042615
31042857
31043016
31043244
31043779
31043877
31043959
31044164
31044241
31044340
31044573
31044690
31044755
31045036
31045256
31045330
31122201
31124107
31125282
31125643
31127292
31130605
31131166
31131199
31134027
31134397
31135543
31135558
31136221
31136368
31140007
31142226
31143981
31144103
31144691
31145430
31145515
31146571
31147967
31147976
31148092
31148123
31148162
31150029
31151706
31152758
31154554
31156855
31157210
31157578
31160534
31160551
31163864
31164524
31165418
31165600
31165994
31166646
31166837
31166931
31167185
31167522
31167652
31168056
31168091
31168093
31168173
31168240
31168607
31168622
31168627
31168709
31169073
31170307
31170488
31170530
31171993
31172381
31173181
31173322
31173722
31174847
31175340
31175841
31175849
31175857
31175929
31176363
31177358
31177583
31178043
31178621
31178895
31179214
31179251
31179398
31179408
31179528
31179579
31179894
31180356
31181224
31181246
31181457
31181743
31182186
31182251
31182291
31182297
31182470
31182559
31182802
31183233
31183540
31183659
31183841
31184196
31184240
31184403
31184701
31184789
31184868
31184877
31184954
31185506
31185536
31185789
31185801
31186106
31186815
31187021
31187230
31187707
31187729
31188078
31188095
31188135
31188265
31188302
31188392
31188418
31188522
31188592
31189037
31189049
31189336
31189430
31189455
31189719
31190165
31190191
31190442
31190556
31191049
31191428
31191503
31191706
31191729
31301838
31301992
31301996
31302130
31304653
31304741
31305610
31306097
31306455
31308985
31309059
31310006
31310075
31310176
31340131
31341648
31341666
31341787
31341917
31341940
31342090
31342717
31342746
31342764
31343591
31343972
31343985
31343987
31344098
31344414
31344837
31344840
31344872
31345980
31346768
31350970
31352911
31353097
31354056
31354139
31354838
31355377
31355388
31355795
31355868
31356574
31356719
31356736
31356780
31357710
31357754
31358202
31358273
31358279
31359156
31359233
31359324
31359330
31359335
31359961
31359989
31360149
31360288
31361221
31363694
31363770
31364818
31364836
31421010
31421407
31422189
31424615
31425864
31427066
31428639
31430017
31430711
31430728
31432020
31461454
31461696
31462407
31462513
31462700
31464670
31467558
31468329
31468393
31468673
31469554
31471063
31473029
31473423
31475305
31475589
31475972
31476519
31476755
31477202
31477384
31477611
31477641
31477657
31477993
31478028
31478393
31479206
31479454
31480258
31480747
31480916
31481166
31481299
31481534
31481658
31482158
31482346
31482464
31483122
31483284
31483388
31483796
31484756
31485607
31485971
31487825
31490239
31520003
31521694
31522275
31522486
31523735
31527103
31528456
31528470
31530447
31531605
31531754
31532032
31532310
31537391
31537571
31537608
31538806
31540471
31540681
31540684
31540747
31540755
31540758
31541676
31541686
31541697
31541714
31541730
31541836
31541947
31542007
31542722
31542805
31542941
31543070
31543288
31543296
31543419
31543420
31543543
31543628
31543636
31543639
31543669
31544135
31544212
31544288
31545040
31545048
31545053
31545321
31545722
31548640
31551077
31551659
31551704
31551757
31552634
31552752
31552813
31552853
31600080
31600129
31600881
31601252
31601808
31601882
31604092
31605128
31605643
31605737
31605958
31606161
31606225
31607292
31607888
31608437
31608740
31609861
31610637
31612420
31614387
31614654
31614950
31617222
31617247
31617453
31617569
31617926
31618235
31619411
31620088
31620903
31621007
31621277
31621472
31623235
31623480
31624498
31625303
31625863
31627462
31630974
31631812
31634536
31634896
31635124
31635346
31635358
31635379
31635519
31635674
31636631
31636809
31637748
31638508
31638522
31638652
31638875
31639010
31639065
31639069
31639076
31639107
31639220
31639225
31639282
31639444
31639506
31640471
31641123
31641177
31641717
31642049
31642414
31642431
31642457
31642620
31642623
31642628
31642667
31643009
31643637
31644205
31644368
31644615
31645878
31646157
31646458
31646713
31647208
31647502
31648055
31648356
31648386
31648500
31648510
31648613
31648741
31650569
31651267
31651291
31652178
31652399
31653242
31653363
31653445
31654056
31654437
31654700
31654708
31654759
31654819
31655359
31655520
31655662
31655862
31656023
31656097
31656253
31657081
31657195
31657238
31657255
31657654
31657729
31657739
31658828
31659090
31659114
31659718
31660400
31660706
31660737
31661076
31661384
31661436
31661514
31662128
31662243
31662306
31662344
31662677
31662898
31662934
31663033
31663280
31663601
31663619
31663803
31663953
31664510
31664534
31664797
31665050
31665545
31665797
31666490
31666804
31666872
31667391
31667401
31667552
31667609
31668304
31668437
31668452
31668494
31668892
31668941
31669310
31669361
31669369
31669851
31670057
31670596
31670719
31670879
31670971
31671359
31671397
31671482
31671701
31671769
31671772
31671838
31671986
31672083
31672461
31672738
31672752
31672796
31672994
31673121
31673299
31673339
31673424
31673432
31673526
31673562
31673657
31673836
31675055
31675474
31675631
31675879
31675969
31676381
31676423
31676596
31676637
31676789
31677225
31677328
31677419
31677424
31677628
31677854
31678073
31678223
31679046
31679156
31679855
31680606
31680735
31680865
31680937
31681053
31681088
31682233
31682313
31682483
31682852
31760352
31761197
31761368
31761659
31761741
31762941
31763200
31763226
31763239
31764643
31764707
31764758
31765326
31765607
31765683
31765807
31765809
31766851
31766887
31766890
31767878
31768274
31768331
31769725
31770067
31770127
31770136
31770172
31771377
31771644
31771686
31771784
31772204
31772266
31772268
31772315
31772333
31772353
31773997
31774003
31774424
31774451
31774455
31774950
31774959
31775115
31775130
31775150
31775165
31775196
31775226
31775260
31775267
31775303
31777368
31820064
31820090
31821000
31821077
31822056
31822669
31822745
31822834
31823131
31823247
31823366
31823386
31824217
31824408
31824830
31824849
31825264
31825291
31825351
31825353
31825375
31825377
31825502
31825563
31825668
31826680
31826822
31826849
31826859
31826912
31826993
31827031
31827168
31827198
31827199
31828262
31828591
31828607
31828645
31828749
31829110
31829840
31830486
31830647
31830775
31830820
31830995
31831020
31831054
31833293
31833320
31833639
31833659
31834067
31880073
31881170
31882760
31883748
31883913
31883943
31884049
31885245
31888865
31889313
31920085
31920944
31922135
31922706
31922898
31923223
31923244
31923587
31923619
31923696
31923726
31923928
31923933
31924051
31924191
31924427
31924502
31924544
31924585
31924762
31925211
31925725
31926431
31926728
31927723
31928475
31928993
31928994
31929632
31929674
31929742
31929757
31929769
31929778
31930279
31930294
31931022
31931424
31932080
31932512
31932530
31932581
31932695
31932975
31933010
31933107
31933976
31934005
31934220
31934236
31934723
31934747
31934917
31935090
31935122
31935131
31935319
31935328
31935332
31935618
31935844
31935897
31935951
31936707
31936711
31937162
31937169
31937172
31937205
31937603
31937724
31937734
31937774
31937895
31938005
31938127
31938700
31938990
31939537
31939557
31939565
31940456
31940566
31940595
31940680
31940699
31941013
31941206
31941284
31941358
31941415
31941479
31941573
31941608
31942044
31942914
31943099
31943152
31943808
31943886
31943900
31944647
31944714
31944777
31944802
31947700
31951603
31951638
31951725
31951744
31951746
31951760
31951762
32020361
32020750
32020844
32021805
32022040
32022517
32023333
32024273
32024571
32026263
32026329
32026402
32026783
32027253
32027318
32027400
32027700
32027757
32028476
32028563
32028699
32028717
32028767
32028992
32029719
32029777
32029788
32030005
32030055
32030765
32031109
32031887
32033024
32033048
32033324
32033499
32033535
32033569
32033578
32033617
32033633
32033733
32034027
32034293
32034685
32034845
32034915
32035082
32035202
32035256
32035565
32036004
32036438
32036457
32036786
32037581
32037672
32037777
32037781
32038278
32039166
32039196
32039551
32039589
32039784
32039973
32040095
32040181
32040564
32040772
32040941
32041314
32041420
32041466
32041792
32041909
32042032
32042036
32042048
32042155
32042237
32042540
32043122
32043185
32043212
32043236
32043293
32043295
32043364
32043379
32043413
32043457
32043540
32043551
32043594
32043908
32044024
32044674
32044795
32045086
32045627
32046155
32046176
32046313
32046469
32101990
32102762
32104664
32105972
32107821
32108494
32108547
32108845
32108856
32108951
32109012
32109381
32109843
32110169
32110256
32110412
32110871
32111711
32111852
32111898
32112033
32112142
32112514
32112799
32113571
32113665
32113807
32113904
32113967
32113987
32114733
32114928
32114934
32115001
32115115
32116396
32118379
32118567
32119248
32119272
32119846
32119899
32119919
32119982
32120437
32120564
32120598
32120720
32121078
32121159
32121272
32122082
32122446
32122656
32123630
32123880
32124392
32124417
32124486
32124546
32124789
32124854
32125017
32125021
32125203
32125463
32125587
32125747
32125809
32125920
32126025
32126495
32126588
32127221
32128145
32128372
32128952
32129503
32129517
32129708
32130372
32130527
32131026
32131034
32131363
32131564
32131584
32131829
32131956
32132274
32132628
32132670
32132780
32132813
32132920
32132927
32132964
32133177
32133225
32133765
32133974
32134168
32134845
32134856
32134931
32135108
32135171
32135276
32135849
32135897
32135898
32136021
32136134
32136241
32136263
32136317
32136892
32136931
32136962
32136999
32137348
32138090
32138114
32138465
32138676
32139601
32139624
32220160
32220979
32221075
32221154
32221193
32221270
32222256
32222899
32223000
32223039
32223085
32223086
32224275
32224418
32224429
32224446
32224593
32224645
32224915
32224916
32224993
32225043
32225110
32225611
32225756
32226055
32226136
32226138
32226210
32226256
32226262
32226308
32226317
32226410
32226422
32226474
32226520
32226638
32263245
32264555
32264891
32265088
32267347
32270870
32272437
32272518
32272569
32272581
32272742
32272758
32273427
32274276
32278354
32278763
32278778
32280750
32280889
32281211
32281644
32281813
32282342
32282519
32282544
32282574
32284710
32284807
32284849
32285364
32285535
32285626
32286160
32286864
32288356
32291427
32291724
32293489
32293504
32293576
32296776
32296790
32296849
32297011
32297293
32297408
32297630
32298861
32299278
32299321
32299751
32300035
32300535
32300835
32300871
32301268
32301503
32302037
32302634
32302760
32302769
32302787
32302842
32303781
32303958
32304284
32304463
32304471
32304904
32304939
32305009
32305746
32380009
32380100
32380227
32380246
32381727
32382180
32382553
32383026
32383469
32383812
32383846
32384224
32384264
32385357
32385361
32385369
32385395
32385619
32386049
32386143
32386628
32387306
32387524
32388440
32388523
32388656
32388698
32388801
32389769
32389935
32389952
32389990
32390061
32390062
32390408
32391951
32392167
32392583
32392630
32393203
32393359
32393422
32393685
32393910
32393970
32394036
32394263
32394343
32394383
32394384
32394436
32394523
32394529
32394887
32396827
32397817
32399125
32399136
32399371
32399757
32399882
32399912
32400688
32400940
32401171
32401178
32401261
32401409
32401493
32401544
32401710
32402558
32402575
32402586
32402613
32402856
32402986
32403183
32403407
32403448
32403718
32403776
32404117
32404118
32404315
32404657
32404698
32404713
32404718
32404721
32404825
32405065
32405077
32405265
32405507
32405656
32405883
32405926
32406295
32406389
32406692
32406811
32406814
32406934
32407327
32407636
32407660
32407686
32408084
32408135
32408494
32411022
32480075
32480097
32480120
32480239
32481425
32481821
32482224
32483160
32483191
32483241
32483338
32483931
32484279
32485884
32485937
32486072
32486153
32486204
32486228
32486382
32486463
32486871
32486985
32487208
32487256
32487276
32487522
32488132
32488844
32489116
32489196
32489208
32489352
32489491
32489499
32489555
32489573
32489628
32489655
32490938
32491006
32495629
32495663
32495753
32495787
32495903
32495916
32497216
32497237
32497604
32497706
32520481
32521305
32521325
32521522
32521563
32521817
32521901
32521999
32522001
32522003
32522043
32522116
32522220
32522228
32523307
32526004
32526203
32526410
32526441
32526573
32526933
32526982
32527261
32527295
32527307
32527338
32528313
32528317
32528334
32529113
32529124
32529667
32530200
32530932
32530948
32530967
32531019
32531169
32531204
32531211
32531250
32531812
32531939
32532138
32533016
32533495
32533580
32533971
32534034
32534082
32534154
32534333
32534342
32534536
32534676
32534707
32534929
32535005
32535019
32535093
32535767
32536751
32537900
32538082
32538247
32538252
32538360
32538537
32538616
32541606
32541860
32542118
32542386
32544163
32544863
32545835
32600477
32600489
32601052
32601220
32602477
32603342
32603705
32604081
32604224
32604273
32604336
32604501
32605481
32605545
32606304
32607456
32608326
32608349
32608493
32610202
32610370
32610409
32610560
32610597
32610711
32610720
32610730
32610736
32610763
32610817
32611011
32611031
32611236
32611707
32611725
32611930
32612115
32612462
32612627
32612780
32612831
32612876
32612947
32613129
32641566
32641907
32642593
32642608
32642700
32644369
32644549
32644899
32645039
32645144
32645432
32646434
32646733
32646750
32646769
32647446
32647484
32647592
32647728
32648131
32648266
32648833
32648943
32650154
32650346
32650373
32650388
32650878
32651183
32651266
32651358
32651452
32651491
32651501
32653883
32653919
32654062
32654073
32654169
32654170
32654194
32654801
32654916
32654992
32655162
32655177
32655182
32655197
32656065
32657342
32657603
32657816
32658315
32661665
32661738
32661823
32661900
32661917
32723582
32724645
32724690
32726859
32727447
32728222
32728797
32728940
32728973
32728990
32729187
32729191
32729251
32729256
32729324
32729501
32729503
32729534
32729538
32730041
32730326
32730531
32730859
32730875
32731017
32731323
32731712
32732221
32732478
32732778
32733253
32734028
32734233
32735264
32735522
32735744
32735769
32736467
32737806
32737838
32737911
32738088
32738268
32739086
32739420
32739697
32740179
32740823
32764062
32764394
32766695
32772859
32775688
32776540
32777565
32778032
32778633
32782476
32794697
32796742
32802778
32804143
32806542
32807616
32812448
32813334
32813357
32814567
32817419
32824644
32826060
32828425
32831564
32839088
32840949
32845157
32846255
32847287
32849925
32862279
32864293
32864941
32866516
32867799
32869281
32869791
32870662
32871290
32872146
32872893
32873001
32873324
32873431
32873832
32874853
32875059
32875071
32875105
32875116
32875684
32875996
32876127
32876154
32876874
32877221
32877616
32878030
32878754
32878889
32878937
32879987
32880331
32881191
32884463
32885561
32886909
32887156
32887268
32887271
32887398
32887584
32887638
32888551
32889127
32889243
32889960
32890536
32892085
32893708
32893921
32897290
32897764
32898588
32898962
32899093
32901493
32902077
32902291
32903319
32903682
32903964
32904123
32904820
32905607
32905861
32907384
32908359
32908409
32908739
32912724
32913914
32915196
32915220
32915592
32915915
32917026
32918995
32920286
32920381
32920640
32921406
32922053
32922329
32922466
32923072
32923310
32923450
32923902
32926108
32927943
32927964
32928969
32929686
32930611
32930980
32932668
32933136
32933585
32935932
32936443
32936688
32938004
32938008
32938758
32938765
32941785
32942216
32942349
32942977
32944136
32944156
32945618
32945995
32946144
32946487
32946607
32947212
32947225
32947314
32947614
32948034
32948100
32948295
32948473
32948742
32948750
32949994
32950732
32950918
32951349
32952021
32952150
32952540
32953386
32954317
32954497
32954833
32955235
32955620
32956052
32956098
32956203
32958054
32958119
32958125
32958835
32959879
32960308
32960776
32961536
32961773
32961775
32962097
32962625
32962828
32963873
32964604
32965042
32965047
32965085
32965320
32966548
32967605
32967659
32968715
32969548
32971520
32971685
32971758
32972816
32973997
32974620
32976485
32978911
32980109
32980382
32980736
32980990
32981448
32981529
32982123
32983819
32984280
32985440
32986217
32986272
32986676
32988133
32988318
32989425
32989891
32990109
32991006
32992106
32992232
32992317
32992365
32992423
32993250
33240659
33240716
33242020
33242026
33242285
33242535
33242829
33243096
33243218
33243392
33243431
33243445
33243617
33243752
33244342
33244379
33244472
33244606
33244711
33244719
33244727
33244772
33244796
33244799
33245331
33245333
33245735
33245739
33245741
33245769
33245782
33245797
33245804
33245908
33246917
33247470
33247515
33247670
33248093
33248132
33248309
33248389
33248473
33248484
33248585
33248663
33248667
33248674
33248899
33249058
33250439
33250476
33250568
33250666
33250730
33250765
33250830
33251177
33251445
33251447
33251828
33251979
33252095
33252210
33252974
33253739
33253818
33253867
33253869
33253878
33253897
33253934
33253998
33254040
33254057
33254061
33254098
33254437
33254446
33256877
33257143
33257358
33257395
33257536
33257558
33257579
33258026
33258147
33258204
33258537
33258648
33259718
33259965
33260648
33261542
33262869
33263115
33263149
33263297
33263495
33263530
33264369
33264473
33265591
33265907
33321374
33321544
33323078
33323564
33326049
33328402
33328791
33328803
33328807
33329518
33330399
33330967
33331134
33331507
33331722
33331796
33331841
33331925
33331951
33332418
33332597
33332728
33332730
33332857
33333572
33334770
33335096
33335434
33335456
33335586
33336025
33336257
33336540
33336613
33336808
33337611
33338152
33339404
33339463
33340046
33340293
33340391
33340853
33341217
33341321
33341579
33341761
33341805
33341838
33342005
33342079
33342302
33342355
33342806
33343245
33343318
33343778
33343855
33344412
33344554
33344734
33344740
33344800
33344966
33345106
33345319
33345366
33345420
33345735
33346000
33346012
33346300
33346307
33346335
33347394
33348003
33348174
33348219
33348234
33348808
33348865
33348989
33349423
33400252
33400696
33400820
33401502
33401905
33405081
33405640
33405803
33405890
33406516
33407249
33407515
33407565
33407727
33408051
33408154
33408311
33408792
33408873
33409327
33410719
33411275
33411525
33411641
33411734
33413199
33414507
33414567
33415337
33415396
33417015
33417017
33417062
33417401
33418110
33418970
33419004
33419034
33419075
33419284
33419430
33419800
33419801
33419838
33420405
33420490
33420566
33420679
33421217
33421654
33421848
33422033
33422182
33422226
33422466
33423258
33423301
33423335
33423879
33424030
33424103
33424124
33424591
33425222
33425644
33425760
33425840
33425954
33425965
33426423
33426470
33426479
33426501
33426565
33426620
33426640
33426661
33426684
33426957
33427618
33428184
33428203
33428366
33428409
33428979
33429232
33429273
33429578
33429746
33429805
33429972
33430168
33430173
33430299
33430311
33430352
33430578
33430606
33430837
33430872
33430909
33431412
33431518
33431557
33431690
33431728
33431891
33432444
33432896
33432978
33433111
33436305
33560350
33563216
33566418
33567225
33567902
33569554
33572367
33572801
33573236
33573504
33575692
33577343
33577803
33578218
33578219
33578256
33578350
33578796
33580307
33580659
33581565
33582262
33584138
33585633
33585845
33586183
33586926
33586946
33587000
33587071
33587287
33588527
33588771
33589161
33589309
33589560
33589786
33589800
33589967
33590142
33590525
33590543
33590843
33591316
33591622
33592288
33593567
33593958
33594761
33594888
33595109
33595451
33595661
33595734
33596242
33596386
33596605
33596627
33596705
33596735
33596890
33596897
33596955
33596982
33597044
33597390
33597423
33597424
33597584
33598010
33598059
33598262
33598412
33598425
33598450
33598643
33599097
33599113
33599131
33599137
33599145
33599190
33599228
33599279
33599804
33599832
33640566
33641792
33643288
33643641
33650065
33650747
33652015
33652123
33652164
33652436
33652924
33654847
33655953
33656152
33656539
33656668
33658347
33660002
33661569
33662410
33662959
33663913
33664801
33666207
33666248
33667380
33667945
33668406
33669130
33669339
33669463
33669890
33670697
33670872
33672479
33672599
33673461
33673634
33673691
33673783
33674879
33674917
33675175
33675292
33675305
33675453
33675735
33676331
33676584
33676793
33676896
33677371
33678039
33681833
33720204
33720765
33720788
33721056
33721200
33722185
33722220
33722238
33722247
33723078
33724121
33724141
33724155
33724209
33725184
33726867
33726898
33727151
33727859
33728705
33730406
33730448
33730927
33731310
33731727
33731989
33732255
33732676
33733168
33733742
33733977
33734128
33734708
33734721
33737221
33737238
33738385
33738484
33738904
33738983
33739205
33739308
33741374
33741395
33741536
33760227
33760373
33761208
33761808
33763518
33763524
33763562
33763857
33764045
33764063
33764200
33765255
33765781
33765968
33766125
33766146
33766362
33766363
33766377
33767087
33767207
33767242
33767282
33767311
33767405
33767696
33767738
33767774
33767779
33767841
33768017
33768196
33768260
33768266
33768378
33768381
33768395
33768658
33768855
33768890
33768954
33769438
33770080
33770120
33781295
33781530
33783183
33783774
33783956
33783975
33784366
33787940
33788843
33788896
33789022
33789030
33789087
33790034
33790043
33790666
33791073
33792695
33792807
33792808
33792816
33793334
33796552
33796596
33796810
33796880
33797009
33800004
33800488
33800669
33800782
33802274
33802411
33802445
33802804
33802808
33803414
33803613
33803638
33804337
33804817
33806873
33806887
33806989
33807069
33808234
33810452
33810722
33810729
33811316
33812501
33812512
33812973
33813348
33813381
33813807
33813920
33813952
33814066
33814216
33814220
33814641
33814853
33814866
33815816
33815843
33815844
33815889
33816005
33816423
33816847
33816871
33818406
33818958
33818960
33819009
33819021
33819253
33819493
33819523
33819585
33819887
33826574
33826778
33826967
33827020
33827661
33940569
33941520
33941812
33942029
33942138
33942198
33942431
33944835
33945964
33945970
33946054
33946155
33946177
33946580
33947322
33947340
33948145
33948428
33948908
33949229
33949989
33950059
33950406
33950607
33950639
33950712
33950774
33951402
33952645
33952798
33953206
33954534
33954539
33958996
33959314
33959464
33959548
33959623
33960242
33960453
33960470
33960491
33961215
33961651
33961856
33961954
33962896
33963024
40000185
40001014
40001516
40001888
40002030
40002212
40002243
40002693
40002855
40003120
40003249
40003272
40003745
40005017
40005054
40005283
40007493
40008344
40009159
40009457
40009586
40010433
40010872
40010962
40011036
40011161
40011264
40011294
40011522
40012007
40012164
40012290
40012542
40012594
40012618
40012867
40012929
40013008
40013995
40014306
40014955
40015175
40015372
40015904
40016027
40016502
40016733
40017076
40017090
40017314
40017814
40017946
40018095
40019365
40019431
40019828
40019895
40020230
40020448
40020632
40020868
40021533
40021772
40022169
40022317
40022602
40024196
40024279
40024442
40024929
40024947
40025136
40025138
40025691
40025775
40025851
40026422
40026855
40026885
40027078
40027200
40027521
40027911
40028164
40028414
40028721
40029393
40029719
40030115
40030790
40030946
40031190
40032412
40032707
40033196
40033385
40034411
40034737
40035341
40035645
40035798
40035857
40036086
40036855
40037214
40037267
40037462
40037551
40038647
40039652
40039737
40039839
40041267
40041807
40042025
40042080
40042207
40042375
40042714
40042839
40043051
40043249
40043326
40043614
40043648
40044177
40044603
40044758
40044776
40044815
40044836
40044911
40045102
40045383
40045567
40046664
40046701
40046905
40047370
40047538
40047735
40047855
40047859
40048211
40048357
40048562
40049004
40049153
40049173
40049764
40049854
40050022
40050062
40050633
40051005
40051205
40051223
40051288
40051566
40051887
40052058
40052354
40052678
40053549
40053589
40054400
40054401
40054609
40055228
40055565
40055999
40056092
40056351
40056524
40056827
40057342
40057391
40057423
40057836
40057852
40058272
40058309
40058605
40058656
40058703
40058772
40058782
40058793
40058981
40059007
40059595
40059875
40059916
40060355
40060905
40061244
40062857
40063013
40063273
40063355
40063400
40063488
40063786
40064319
40064374
40065021
40065391
40065392
40065432
40065557
40066444
40066477
40066486
40066689
40066691
40067180
40067243
40067268
40067601
40067893
40067897
40068257
40068333
40068363
40068755
40068827
40068871
40069347
40069432
40069658
40069797
40069865
40069876
40070195
40070242
40070659
40070916
40070973
40071598
40072125
40072147
40072331
40072422
40072486
40072599
40072662
40072928
40073155
40073361
40073795
40073799
40073807
40073935
40073960
40074528
40074808
40075076
40075097
40075101
40075817
40075969
40076202
40076238
40076618
40076662
40076731
40076864
40077340
40078137
40078280
40078379
40078434
40078828
40078982
40079382
40079497
40079581
40079589
40080056
40080214
40080522
40080542
40080559
40080899
40081633
40081681
40081829
40081936
40082169
40082544
40083331
40084526
40084701
40085248
40085367
40085549
40086008
40086806
40087473
40087829
40088030
40088095
40088258
40088271
40088770
40089834
40090172
40090656
40091232
40091670
40091687
40091690
40091985
40092156
40092644
40092663
40093145
40093248
40093448
40093526
40093845
40095243
40095768
40096017
40096074
40096301
40096347
40096397
40096553
40096657
40096671
40096920
40097950
40098125
40098160
40098244
40098521
40098613
40098628
40098651
40098727
40099003
40099027
40099470
40099699
40100008
40100306
40100466
40100619
40100744
40101117
40101500
40101585
40101754
40101776
40101921
40102110
40102495
40102990
40103102
40103278
40103689
40103984
40103997
40104050
40104177
40104890
40104896
40105354
40106079
40106216
40106634
40106703
40106940
40107131
40107506
40107531
40108107
40108128
40109198
40109280
40109405
40109579
40110070
40110222
40110370
40111035
40111097
40111248
40111451
40111560
40111593
40111897
40111916
40112010
40112284
40112486
40112618
40112675
40113111
40113524
40114125
40114244
40114589
40114895
40115234
40115252
40115429
40116124
40116212
40116281
40116668
40116717
40117376
40117710
40117745
40118077
40118601
40118621
40118808
40118812
40118845
40118889
40119248
40119684
40119731
40119736
40120986
40121049
40122027
40122455
40123042
40123289
40123525
40123530
40123567
40123844
40124228
40124396
40124434
40124663
40125055
40126126
40126432
40126503
40126966
40127088
40127171
40127873
40128796
40129063
40129278
40129427
40129528
40129946
40130651
40130912
40131280
40131321
40131469
40131774
40132369
40132651
40132891
40133132
40133430
40133470
40133552
40133627
40134358
40134640
40135732
40135813
40136202
40136333
40136828
40137465
40137607
40138149
40138244
40138401
40138427
40138460
40138562
40138731
40138779
40139185
40139335
40139838
40140126
40140140
40140145
40140271
40140443
40140610
40140692
40141084
40141470
40141546
40142120
40142213
40143015
40143182
40143604
40144211
40145304
40145425
40146468
40146574
40146731
40146798
40146845
40147560
40147793
40147803
40147846
40148038
40148198
40148309
40148453
40148761
40148762
40149006
40149126
40149602
40149794
40149872
40149973
40149984
40150728
40150891
40150903
40151149
40151235
40151491
40151499
40151528
40152008
40152266
40152905
40153228
40153437
40153999
40154017
40154155
40154206
40155096
40155545
40155641
40155959
40156496
40156819
40157139
40157259
40157927
40158075
40158283
40158772
40158867
40158967
40159176
40159678
40159734
40159786
40159821
40160053
40160141
40160369
40160860
40160927
40160971
40161515
40161635
40161668
40161682
40161719
40161785
40162247
40163017
40163811
40164025
40164720
40164847
40165258
40165277
40165550
40165693
40166226
40166399
40166591
40166793
40167010
40167054
40167305
40167481
40167644
40167662
40167996
40168052
40168660
40168721
40169018
40169192
40169265
40169419
40169435
40170269
40170474
40170518
40170871
40170941
40171064
40171454
40171895
40172305
40172734
40173246
40173329
40173361
40173364
40173489
40173602
40173623
40173837
40174357
40174400
40174970
40176265
40176492
40176526
40176839
40177198
40177866
40177876
40178025
40178508
40179916
40180202
40180501
40180646
40181178
40181249
40181322
40181497
40181501
40181592
40182058
40182167
40182297
40182645
40182669
40182822
40182942
40183084
40183262
40184995
40185122
40185229
40185776
40186145
40186146
40186327
40187116
40187349
40187410
40187655
40187949
40188267
40188789
40188910
40189152
40189210
40189397
40189817
40190500
40190652
40191499
40192699
40193363
40193406
40193691
40193750
40193799
40193888
40194122
40194376
40194500
40194502
40194564
40195250
40195327
40196100
40196105
40196275
40196902
40197054
40197074
40197332
40197685
40198813
40198998
40199098
40199144
40199817
40201150
40201986
40202179
40202677
40202734
40203036
40203103
40203505
40203553
40203576
40203872
40205110
40205231
40206097
40207951
40209022
40209083
40209664
40210148
40210196
40210603
40210978
40211046
40211079
40211103
40211305
40211482
40212008
40212068
40212320
40212415
40212542
40212634
40213307
40213348
40213399
40214452
40214492
40214626
40214628
40215112
40215712
40215843
40216217
40216627
40216935
40216994
40217144
40217169
40217480
40217546
40219809
40220573
40220895
40220932
40220944
40220981
40221838
40222135
40222689
40222695
40222736
40222937
40222956
40223265
40223446
40223448
40223729
40223829
40223941
40224051
40225208
40225871
40225876
40225928
40225949
40225957
40226037
40226169
40226210
40226520
40226642
40226892
40227269
40227384
40228022
40228203
40229476
40229683
40230209
40230703
40230745
40230844
40231395
40231520
40232231
40232281
40232924
40232990
40232996
40233210
40233323
40233417
40233756
40234579
40234581
40235012
40235040
40235179
40235710
40235856
40236313
40236332
40237395
40237533
40237538
40237743
40237791
40237844
40237860
40237944
40237961
40238161
40238689
40238765
40238798
40239024
40239415
40240610
40241177
40241377
40241568
40241660
40241837
40242136
40242373
40242586
40243604
40243653
40244594
40244753
40245554
40245585
40245749
40245769
40245869
40245901
40245963
40245971
40246129
40246799
40247173
40247289
40247476
40247733
40247823
40247888
40247890
40248655
40248680
40248811
40249200
40249292
40249361
40249740
40250882
40251453
40251474
40251628
40251977
40252809
40253367
40254430
40254553
40254681
40254731
40254869
40254985
40255507
40255524
40256681
40256722
40256892
40257089
40257343
40257426
40258152
40258958
40259052
40259253
40259432
40259615
40259840
40259930
40260257
40260644
40260885
40261521
40261766
40262654
40263207
40263567
40263804
40263866
40264406
40264658
40264759
40265075
40265347
40265633
40265866
40265995
40266307
40266373
40267232
40267233
40267279
40267561
40267662
40268540
40268815
40268981
40269527
40270341
40270643
40270863
40271105
40271259
40271426
40271519
40271787
40271830
40272617
40272733
40272738
40272820
40272847
40273114
40273254
40273608
40273794
40274063
40274112
40274500
40274594
40274713
40274783
40274894
40274937
40275246
40275260
40275417
40275812
40275872
40276251
40276305
40276500
40276777
40277078
40277784
40277944
40278373
40278383
40278658
40278873
40279014
40279513
40279973
40280057
40280510
40280529
40280533
40280862
40281193
40281246
40281278
40281543
40281605
40281619
40282128
40282448
40282815
40282852
40282946
40283445
40283542
40283696
40283799
40284051
40285935
40285942
40286215
40286259
40286384
40287069
40287158
40288509
40288653
40288693
40289531
40289532
40290055
40290500
40290582
40290628
40290881
40290983
40290985
40291430
40291453
40291524
40291667
40291811
40292063
40292136
40292343
40293188
40293203
40293364
40293441
40294906
40295300
40295310
40296141
40296148
40296160
40299354
40299665
40299826
40300178
40300224
40300430
40300475
40300617
40300621
40300908
40301267
40301840
40302227
40302391
40302450
40302718
40302735
40302762
40303331
40303339
40303451
40303782
40304203
40304294
40304300
40304302
40305160
40305201
40305280
40306567
40306681
40306705
40307398
40307642
40307951
40308000
40308158
40308443
40308930
40309206
40309232
40309912
40310182
40310195
40310911
40311058
40311414
40311916
40312219
40312264
40312347
40312650
40312656
40312726
40312935
40314172
40314544
40314844
40315344
40315430
40315478
40315715
40315747
40315903
40316118
40316690
40316721
40317120
40317300
40317988
40318016
40318052
40318985
40319018
40319947
40320662
40321312
40321477
40322138
40322212
40323583
40323625
40324115
40324465
40324848
40325053
40325826
40326373
40326402
40326804
40326909
40327005
40327287
40327323
40328540
40329001
40329469
40329758
40329813
40329954
40330202
40330252
40330281
40330584
40330695
40331459
40332079
40332417
40332589
40332664
40332753
40332857
40332904
40332977
40333030
40333080
40333792
40333803
40334577
40334675
40334943
40334944
40335005
40335056
40335073
40335088
40335603
40335624
40335646
40336029
40337104
40337119
40337152
40337205
40337869
40338320
40338665
40339558
40339616
40339933
40340201
40340308
40340877
40341055
40341629
40341773
40341858
40341918
40341975
40342056
40342545
40342597
40342983
40343315
40343403
40343510
40343607
40343632
40343685
40343724
40344251
40344457
40344603
40344781
40344980
40345455
40346073
40346345
40346350
40346382
40346521
40346635
40346873
40347131
40347342
40347446
40347563
40347585
40347608
40347609
40347878
40347880
40348512
40349308
40349352
40349493
40349608
40349659
40350121
40350144
40350371
40351177
40351459
40351578
40351798
40352007
40352066
40352134
40352396
40352409
40352530
40352772
40352775
40353339
40353707
40354009
40354171
40354261
40354632
40354986
40355020
40355066
40355304
40355788
40356266
40356587
40356887
40356959
40356974
40357484
40357612
40358567
40358577
40358578
40358758
40358850
40359072
40359706
40359744
40359752
40359906
40359946
40359969
40360147
40360660
40360738
40360833
40361354
40361437
40361961
40361977
40361978
40362076
40362417
40362425
40363360
40363368
40363468
40363611
40363827
40364099
40364320
40365083
40365294
40365342
40365456
40365495
40365659
40365944
40366000
40366585
40366812
40367032
40367059
40367126
40367214
40367633
40367727
40367901
40367981
40368182
40368278
40368383
40369132
40369220
40369248
40369288
40369316
40369389
40369451
40369469
40369857
40370281
40371042
40371365
40371635
40371844
40372356
40372722
40372969
40373150
40374263
40374371
40374496
40374513
40374552
40374931
40375488
40375555
40375556
40375893
40376285
40376321
40376352
40376456
40376574
40376690
40377139
40377144
40377455
40377529
40377583
40377886
40377888
40377975
40378648
40378729
40378964
40378986
40379066
40379330
40379341
40379578
40380190
40380529
40380694
40380782
40381093
40381301
40381617
40381796
40382026
40382031
40382377
40383333
40383676
40383813
40384276
40384479
40385149
40385572
40385626
40385846
40386162
40386658
40387064
40387145
40387486
40387741
40387849
40387886
40388121
40388233
40389201
40389341
40389348
40389389
40389751
40390123
40390153
40390164
40390378
40390471
40392144
40393029
40393434
40393531
40394017
40394027
40394049
40394115
40394241
40394254
40394433
40394503
40394720
40394971
40395110
40395362
40395364
40395367
40395425
40395430
40395675
40396200
40396310
40396621
40396937
40397324
40397358
40397423
40397453
40397651
40397832
40398114
40398266
40398684
40398754
40398938
40399126
40399328
40399453
40399473
40399502
40399652
40399668
40399732
40400169
40400260
40400270
40400481
40400732
40401245
40401331
40401428
40401442
40401859
40402545
40402586
40402651
40402665
40402696
40402985
40403097
40403135
40403139
40403386
40404039
40404145
40404540
40404632
40404767
40405833
40405974
40406752
40406756
40406764
40406770
40406936
40407056
40407703
40407785
40407854
40408251
40408398
40408604
40408793
40408901
40408919
40408959
40409299
40410618
40411171
40411929
40411963
40412059
40412092
40412704
40412741
40412755
40413050
40413139
40413781
40413824
40413951
40414269
40414445
40414685
40414768
40414849
40415344
40415457
40415481
40416283
40416496
40416563
40416651
40416898
40416925
40417082
40417298
40417386
40417502
40417838
40418415
40419017
40419381
40419908
40420124
40420438
40420549
40421004
40421172
40421493
40421606
40421739
40422192
40422461
40422514
40422538
40422741
40422791
40422970
40423161
40423526
40423641
40423776
40423966
40423973
40424091
40424157
40424770
40425049
40425185
40425574
40425654
40425841
40425991
40425994
40426428
40426523
40426555
40426727
40427009
40427807
40427949
40428340
40428412
40428800
40428926
40429041
40429395
40429744
40430279
40430434
40430574
40430725
40430742
40431056
40431109
40431485
40431743
40432011
40432202
40432449
40432455
40432684
40433021
40433120
40433166
40433167
40433296
40433657
40433805
40433882
40433928
40434310
40434318
40434351
40434435
40434650
40434788
40435080
40435142
40435160
40435946
40436269
40436270
40436298
40436424
40436802
40436978
40437132
40437265
40437812
40437940
40438276
40438555
40439330
40439376
40439949
40440704
40440828
40441532
40441790
40442423
40442699
40443616
40443774
40444232
40444379
40444503
40444651
40445357
40445469
40446281
40446454
40446916
40447034
40447208
40447215
40447782
40448043
40448607
40448612
40449882
40449902
40450713
40451171
40451932
40451988
40452001
40452072
40452120
40452267
40452340
40452970
40453022
40453121
40453541
40453941
40453993
40454048
40454814
40455015
40455173
40455178
40455739
40455912
40456057
40456251
40456298
40456572
40456871
40457592
40458688
40458899
40459049
40459511
40459678
40460070
40460278
40460568
40461704
40461935
40461953
40462247
40462347
40462426
40462520
40462826
40462839
40462841
40462872
40463330
40463739
40464192
40464317
40464582
40464599
40465650
40466022
40466118
40466366
40466480
40466528
40466981
40467010
40467044
40467212
40467838
40468057
40468267
40468339
40468421
40468650
40468773
40468914
40468975
40469218
40469600
40469771
40469980
40470757
40470764
40470871
40471013
40471235
40471588
40471590
40471676
40472552
40472593
40472743
40473172
40473311
40473637
40473975
40474207
40474787
40475135
40475487
40475800
40475836
40475900
40476011
40476148
40476421
40476460
40477856
40477915
40478061
40478427
40478890
40479010
40479232
40479295
40479601
40479982
40480024
40480028
40480114
40480240
40480262
40480919
40481326
40481515
40481601
40481798
40481861
40482379
40483498
40483555
40483871
40484005
40484483
40484527
40484571
40485604
40485787
40485979
40486320
40486518
40486575
40486611
40487076
40487477
40488370
40489065
40489956
40489980
40490363
40490702
40491562
40491936
40493283
40493602
40494273
40494403
40494599
40495142
40495180
40495192
40495337
40495637
40495692
40496619
40496667
40496738
40497070
40497071
40497883
40498099
40498440
40498924
40499088
40499228
40499710
40499781
40499789
40499976
40499987
40500600
40500708
40501214
40501244
40501362
40501397
40501771
40502189
40502850
40502889
40503009
40503050
40503458
40503566
40503670
40504280
40504321
40504574
40504962
40505070
40505130
40505341
40505439
40506194
40506486
40506595
40507071
40507072
40507087
40507156
40507175
40507252
40507422
40507492
40507533
40508841
40509137
40509487
40509593
40509683
40509713
40509744
40510618
40510655
40510775
40511051
40511353
40512332
40512455
40512907
40513984
40514690
40514817
40514872
40514991
40515037
40515450
40516051
40516215
40516386
40516726
40516754
40517317
40517331
40517556
40518052
40518108
40518375
40518847
40518892
40518908
40518921
40519241
40519547
40519762
40519816
40519976
40519993
40520277
40520391
40520520
40520910
40520977
40521048
40521422
40521610
40521714
40521958
40522275
40523305
40523895
40524189
40524360
40524989
40525300
40525870
40526142
40526234
40526250
40526292
40526499
40526501
40526879
40527147
40527328
40527516
40527524
40527789
40528419
40528852
40529337
40529809
40529850
40531168
40531938
40532280
40533029
40533277
40533420
40533698
40534077
40534714
40535163
40535172
40536059
40536279
40536647
40537055
40537355
40537645
40538366
40539075
40539080
40539151
40539272
40539761
40540013
40540181
40540217
40540425
40540536
40540677
40540681
40541067
40541222
40541542
40542912
40543409
40543990
40544327
40545043
40545671
40545905
40545946
40546209
40546395
40546688
40546997
40547370
40547376
40547520
40547924
40548669
40548976
40549063
40549093
40549136
40549260
40549354
40549358
40549370
40549602
40549753
40549931
40550327
40550501
40550515
40550528
40550997
40551086
40551102
40551111
40551599
40551601
40552604
40553093
40553515
40553877
40554048
40554051
40554168
40554181
40554246
40554288
40554690
40554837
40555341
40555918
40555947
40556720
40558506
40558592
40559103
40559350
40559387
40559966
40560672
40560927
40561095
40561949
40562162
40562353
40562573
40563109
40563676
40563946
40564098
40564196
40564620
40564747
40565016
40565057
40565489
40565826
40566329
40566523
40566642
40567710
40567884
40567899
40568026
40568867
40569309
40569464
40569499
40569665
40570162
40570172
40570264
40570855
40570920
40570994
40571059
40571206
40571527
40571814
40571837
40571931
40572036
40572121
40572143
40572302
40572346
40572387
40572777
40572825
40572859
40573211
40573249
40573261
40574175
40574238
40574460
40574695
40574845
40574924
40575044
40575129
40575455
40575533
40575594
40575909
40576011
40576072
40576128
40576413
40576457
40576875
40576914
40577001
40577193
40577287
40577609
40577646
40578337
40578677
40578702
40578924
40579378
40579560
40579682
40579951
40580243
40580336
40580908
40581764
40582012
40582142
40582415
40583172
40583317
40583961
40584129
40584602
40584877
40584881
40585824
40586137
40586304
40586753
40587222
40587589
40587959
40588358
40588587
40589303
40589889
40590431
40590580
40590713
40590741
40590987
40591146
40591185
40591297
40592074
40592229
40593316
40593622
40593670
40594153
40594327
40594375
40594549
40595153
40595448
40595609
40595912
40596034
40596245
40596273
40596736
40596872
40597112
40597189
40597466
40597629
40597922
40598103
40598474
40599050
40599094
40599369
40599511
40599601
40599650
40599776
40599850
40600128
40600396
40600838
40600973
40601281
40601486
40601642
40602222
40602642
40603044
40603350
40603352
40603414
40603539
40603685
40604138
40604510
40604838
40605326
40605530
40605933
40606140
40607291
40608118
40608182
40608331
40608665
40609801
40609975
40610373
40610400
40610512
40610950
40611597
40611950
40611996
40612004
40612013
40612344
40612427
40613000
40613078
40613876
40613998
40615153
40615797
40615811
40616004
40617072
40617092
40617204
40617983
40618559
40619169
40619774
40620271
40620452
40621432
40621510
40621820
40622401
40622941
40622973
40623111
40623173
40623658
40623819
40624355
40624509
40625050
40625252
40625302
40625538
40625608
40625663
40626594
40626921
40626941
40627448
40627574
40628066
40628231
40628330
40628373
40628725
40628993
40629247
40629507
40629618
40630048
40631026
40631101
40631345
40631410
40632095
40632364
40632592
40633422
40633743
40633836
40634239
40634316
40635256
40635420
40635616
40635944
40636784
40637293
40637532
40638165
40638362
40638671
40639300
40639683
40639772
40639963
40639984
40640070
40640636
40640934
40641505
40641521
40641618
40641747
40641848
40642422
40642757
40642834
40644350
40644526
40644948
40645248
40645659
40645747
40646072
40646177
40646493
40646677
40647335
40647343
40648640
40649732
40649914
40650042
40650162
40650395
40651596
40652796
40652877
40653021
40653260
40653287
40653342
40654132
40654410
40654469
40654655
40654971
40655034
40655144
40655695
40655700
40656772
40657261
40657394
40657906
40657947
40658393
40658946
40659027
40659804
40659858
40659861
40660026
40660058
40660122
40660222
40660697
40660840
40661828
40662062
40662178
40662684
40662779
40662818
40663416
40663554
40663853
40664064
40664397
40665157
40665191
40665518
40665622
40666759
40667039
40667303
40667344
40667403
40667414
40667458
40667464
40667553
40667656
40668389
40668390
40668732
40669022
40669051
40669092
40669438
40669519
40670022
40670209
40670637
40671343
40671518
40671723
40671770
40671820
40672066
40672385
40672829
40672901
40673807
40673953
40674291
40674348
40674419
40674424
40674757
40674795
40674844
40675103
40675177
40675314
40675721
40676650
40676699
40677347
40677415
40677429
40677869
40678084
40678594
40678595
40678955
40679382
40679979
40680375
40680560
40680600
40680886
40681106
40681304
40681433
40681665
40681856
40682021
40682254
40682636
40682744
40682949
40682950
40683173
40683533
40684264
40684594
40684635
40685083
40685410
40685494
40686174
40686441
40686512
40686538
40686857
40686858
40686949
40686985
40687258
40687297
40687395
40688289
40688317
40688517
40689352
40689432
40689671
40690076
40690102
40690209
40690436
40690441
40690806
40690810
40690854
40690970
40690999
40692291
40692318
40692429
40692833
40693124
40693562
40693860
40693894
40693900
40693952
40694112
40694365
40694455
40694535
40694639
40695249
40695330
40695527
40695553
40695565
40696495
40696523
40696562
40696615
40696975
40696999
40697157
40697662
40698116
40698231
40698253
40698297
40698383
40698594
40698600
40699373
40700225
40700345
40700366
40700414
40700530
40700838
40700918
40701017
40701071
40701158
40701185
40701202
40701332
40701406
40702525
40702542
40702825
40703044
40703154
40703666
40703724
40703772
40703854
40704171
40704231
40704235
40704515
40704748
40704981
40705637
40705772
40705832
40705838
40705931
40705935
40706405
40706533
40706564
40706587
40706819
40706986
40707088
40707098
40707876
40707963
40708272
40709056
40709221
40709404
40709500
40709523
40709830
40710248
40710283
40710545
40710755
40710878
40710978
40711232
40711528
40712108
40712180
40712450
40712563
40712612
40712627
40712723
40713335
40713354
40714197
40714223
40714230
40714241
40714281
40714340
40714578
40715096
40715222
40715774
40716412
40716463
40716506
40716770
40716802
40717406
40717647
40717702
40718081
40718099
40718115
40718262
40718573
40718586
40718648
40718723
40719014
40719060
40719248
40719341
40719367
40719733
40720131
40720336
40720717
40720756
40721243
40721245
40721566
40721568
40721620
40721878
40722283
40722328
40722894
40722979
40723324
40723412
40723998
40724436
40724550
40724619
40724972
40725153
40725222
40725227
40725363
40726478
40726980
40727730
40727788
40727976
40728043
40728301
40728409
40728473
40728695
40729291
40729334
40729374
40729523
40729826
40729995
40730014
40730807
40730939
40731119
40731366
40731595
40731670
40731707
40731942
40732991
40733035
40733077
40733355
40734193
40734374
40734412
40734887
40735103
40735202
40735365
40735523
40735814
40735936
40735995
40736354
40736419
40736645
40736992
40737122
40737171
40737274
40737771
40737872
40737997
40738096
40738243
40738536
40738576
40738598
40738840
40739031
40739162
40739328
40739398
40739459
40739570
40739706
40739753
40739759
40739995
40740148
40740173
40740204
40740231
40740417
40740963
40741073
40741203
40741659
40742442
40742506
40742635
40742753
40742863
40743697
40743722
40743830
40744022
40744034
40744125
40744348
40744453
40744563
40744950
40745129
40745335
40745341
40745660
40745792
40746128
40746602
40746654
40746959
40746999
40747226
40747340
40747680
40747767
40748102
40748192
40748321
40748563
40748798
40749972
40750274
40750546
40750901
40751429
40751433
40751613
40751664
40751891
40752089
40752173
40752537
40752688
40752959
40753202
40753287
40753902
40753909
40753972
40753973
40754709
40754755
40755084
40755370
40755432
40755690
40755791
40755948
40755987
40756380
40756424
40756483
40756536
40756539
40756540
40756547
40756560
40756660
40757341
40757650
40758290
40758358
40758574
40758864
40758954
40759144
40759263
40759478
40759775
40759871
40760194
40760335
40760593
40760753
40760794
40761046
40761099
40761678
40761969
40762184
40762317
40762369
40762453
40762800
40763085
40763494
40763510
40763732
40764282
40764522
40764627
40764855
40765036
40765061
40765064
40765338
40765444
40765579
40765768
40765789
40766112
40766181
40766745
40767171
40767221
40767324
40767416
40767444
40768281
40768786
40768949
40769023
40769561
40770018
40770430
40770488
40770497
40770513
40771425
40771693
40772152
40772651
40773101
40773309
40773462
40773609
40773712
40773875
40774189
40774365
40774762
40775137
40775198
40775261
40775409
40775522
40775533
40775561
40775797
40775851
40776296
40776400
40776402
40776429
40776494
40776515
40777426
40777762
40778068
40778234
40778520
40778663
40779053
40779134
40779790
40780078
40780371
40780849
40780855
40780941
40781016
40781543
40781804
40781973
40782062
40782122
40782517
40783296
40783372
40783786
40784090
40784383
40784409
40785402
40785474
40785655
40786100
40786416
40786639
40786726
40786740
40786764
40787076
40787669
40787932
40788204
40788298
40788306
40788429
40789021
40789153
40789545
40790194
40790225
40790380
40791155
40791439
40791534
40791598
40791736
40791738
40792678
40793318
40793461
40794659
40795264
40795308
40795327
40795662
40795836
40796007
40796266
40796812
40797069
40797287
40797477
40797602
40797993
40798571
40798729
40798736
40798913
40799033
40799123
40800345
40800552
40800681
40801755
40801797
40801855
40802184
40802625
40802735
40802777
40803150
40803412
40803524
40803833
40803912
40803957
40803998
40804020
40804102
40805546
40805799
40806064
40806094
40806754
40806993
40807310
40807478
40807773
40808035
40808230
40808272
40808482
40808889
40809180
40809731
40809752
40809972
40810116
40810315
40810342
40810543
40810825
40811252
40811335
40811544
40811834
40811850
40812048
40812365
40812450
40812663
40812922
40812976
40813051
40813458
40813919
40813992
40814408
40814414
40814679
40814821
40815115
40815220
40815231
40815254
40816321
40816443
40816566
40816572
40816601
40816705
40816750
40817111
40817256
40817277
40817422
40817833
40818087
40818583
40818726
40819224
40820243
40820576
40820936
40821506
40821597
40821894
40821955
40822191
40822314
40822409
40823517
40823521
40823598
40823727
40823902
40823906
40823985
40823994
40823998
40824184
40824414
40824700
40824761
40825013
40825164
40825175
40825233
40825478
40826459
40826724
40826929
40826945
40826971
40826983
40827090
40827172
40827339
40828799
40828898
40829107
40829181
40829231
40829345
40829457
40829632
40829755
40830093
40830168
40830364
40830368
40831077
40831097
40831156
40831540
40831575
40831806
40832389
40832570
40832576
40832833
40833532
40833695
40833761
40834046
40834153
40834808
40834810
40835109
40835180
40835574
40835670
40835702
40835940
40836017
40836026
40836317
40836517
40836531
40837601
40837734
40837871
40838015
40838532
40838570
40839107
40839729
40840110
40840295
40840456
40841231
40841267
40841582
40842221
40842275
40842583
40843474
40843497
40843658
40844149
40844621
40844773
40844958
40845323
40845556
40845794
40845827
40846376
40846849
40847498
40847515
40847600
40847680
40847681
40847768
40847951
40848382
40848544
40848563
40848797
40849435
40849705
40849984
40850012
40850210
40850300
40850430
40850978
40851364
40852155
40852277
40854187
40854945
40855158
40855330
40855487
40855767
40855785
40855921
40856123
40856424
40856481
40856490
40856501
40856536
40856851
40857432
40858032
40858046
40858286
40858345
40858649
40859382
40859406
40859423
40859544
40860261
40860496
40860643
40860657
40860744
40860752
40861518
40861722
40861910
40862238
40862302
40862356
40862573
40862934
40863227
40863264
40863324
40863574
40863955
40864538
40864548
40865035
40865346
40865354
40865375
40865976
40866471
40866637
40867036
40867341
40867360
40867418
40867510
40867847
40868142
40868217
40868352
40868724
40869804
40869916
40870183
40870359
40870549
40870687
40870961
40871117
40871283
40871718
40872042
40872056
40872161
40872314
40872461
40872622
40872888
40873123
40873483
40873982
40874292
40874453
40874710
40874777
40874851
40875157
40875560
40875704
40876099
40876706
40877435
40878320
40878331
40878375
40878519
40878618
40878871
40878873
40879352
40879454
40879623
40879658
40879767
40879983
40880031
40880143
40880252
40880537
40880757
40880808
40881133
40881424
40881447
40882268
40882645
40883007
40883226
40883465
40883742
40884208
40884414
40884625
40885164
40885341
40885521
40886625
40886766
40887263
40887800
40888117
40888186
40888430
40889310
40889363
40889656
40889660
40889761
40889827
40889889
40889943
40890145
40890383
40890461
40890482
40890589
40890721
40890734
40890823
40890993
40891010
40891787
40891976
40892446
40893816
40893863
40893880
40894079
40894089
40894661
40895385
40895654
40896497
40896770
40897283
40897353
40897855
40898842
40899784
40900156
40900731
40900817
40900818
40900930
40900934
40901012
40901683
40901851
40902030
40903405
40904250
40904480
40904498
40904753
40905210
40905458
40906333
40906384
40907063
40907212
40907356
40907380
40907644
40907791
40909066
40909111
40909112
40909492
40909563
40909806
40909940
40910345
40910459
40910776
40910995
40911148
40911232
40911967
40912504
40912520
40912678
40912755
40913229
40913628
40913701
40914062
40914858
40915512
40915564
40915745
40915785
40915870
40915932
40915935
40916127
40916199
40916225
40917854
40918276
40918647
40918997
40919060
40919168
40919453
40919927
40920278
40920384
40920385
40920421
40920441
40920471
40920684
40920689
40920698
40920991
40921245
40921359
40922383
40923391
40923519
40923651
40923693
40923857
40924011
40924364
40924582
40925510
40926257
40926949
40927210
40927254
40927419
40927870
40929065
40929532
40930011
40930161
40930273
40930761
40931082
40931263
40932499
40933009
40933302
40933571
40934033
40934105
40934255
40934511
40934646
40935208
40935253
40935374
40936279
40936604
40936738
40936907
40937120
40937157
40937233
40937568
40938162
40938395
40939234
40939821
40940067
40940297
40940382
40940883
40941639
40942198
40942864
40942997
40943380
40943697
40944185
40944362
40945160
40945300
40945723
40945957
40946205
40946771
40946784
40946834
40947022
40947609
40947742
40948506
40948668
40948716
40948829
40948946
40949862
40949885
40950944
40951028
40951156
40951306
40951466
40951513
40951528
40952537
40952545
40952599
40952676
40952877
40953084
40954063
40954081
40954508
40954523
40954649
40955361
40955458
40955565
40955687
40956456
40956516
40956796
40956797
40956897
40956902
40957052
40957290
40957888
40958012
40958019
40958276
40958314
40958419
40958501
40958724
40958763
40958818
40958853
40958866
40959291
40959509
40960251
40960285
40960779
40960801
40961197
40961480
40961615
40961863
40962039
40962082
40962096
40962243
40962500
40962505
40962873
40963170
40963584
40963658
40963669
40963806
40964185
40964575
40964779
40964792
40965111
40965186
40965285
40965807
40965875
40965978
40966670
40966787
40967102
40967867
40968149
40968265
40968821
40968848
40969082
40969473
40969883
40970191
40970323
40971338
40971355
40971961
40972000
40972073
40972632
40972759
40972848
40972898
40972927
40972954
40972962
40973018
40973912
40973966
40974441
40974447
40974667
40974688
40974855
40975570
40975758
40975879
40976725
40976973
40977040
40977122
40977234
40977340
40977448
40977612
40977763
40977798
40977966
40978269
40978785
40978786
40979113
40979224
40979536
40980224
40980314
40980535
40980543
40980607
40980626
40981021
40981458
40981835
40982076
40982141
40982161
40982178
40982409
40982551
40982577
40983112
40983183
40983423
40983530
40983929
40984226
40984260
40984734
40984756
40985004
40985629
40985640
40985827
40986643
40986832
40986891
40987311
40987704
40987808
40987961
40988176
40988378
40988412
40988735
40988849
40988894
40988967
40991103
40991141
40991447
40991800
40991806
40992101
40993194
40993387
40993552
40993689
40993740
40993744
40994080
40995066
40995263
40995306
40995792
40995873
40996684
40997344
40997477
40997728
40997991
40998369
40998688
40999095
40999216
40999308
40999463
40999749
40999935
40999965
41000203
41000351
41000397
41000690
41001256
41001326
41001583
41001621
41002086
41002100
41002599
41003355
41003398
41003682
41003775
41004437
41005046
41005204
41005385
41005622
41006382
41006388
41006512
41007457
41007742
41007753
41008062
41008163
41009033
41009206
41009521
41009765
41009793
41009928
41010788
41010869
41011219
41011226
41011295
41011464
41011546
41012096
41012341
41012663
41013198
41013299
41013383
41013522
41013904
41014383
41014823
41014945
41015028
41015391
41015408
41015891
41016060
41016305
41016378
41016974
41017188
41017359
41017376
41018176
41018875
41019966
41020199
41020288
41020328
41020377
41020889
41020923
41021778
41022232
41022246
41022534
41022598
41022793
41022867
41024053
41024723
41024760
41025988
41026153
41026572
41026666
41026891
41026965
41027118
41027365
41027444
41027454
41027572
41027609
41028051
41028947
41028980
41029875
41030372
41030452
41030733
41031773
41032161
41032162
41032452
41033059
41033192
41033410
41033436
41033742
41033975
41034050
41034450
41034840
41035015
41035096
41035125
41035130
41035429
41035774
41036087
41036458
41036784
41037285
41037547
41037683
41037886
41037888
41037908
41038439
41038844
41039018
41039027
41040131
41040192
41040637
41040686
41040802
41041340
41041657
41042047
41042048
41042389
41043068
41043094
41043137
41043640
41044133
41045089
41045509
41045910
41046815
41047651
41048021
41048941
41049157
41049170
41050235
41050316
41050423
41050428
41050484
41050528
41050861
41050996
41051151
41051279
41051870
41052734
41052746
41052798
41052963
41053890
41054007
41054248
41054318
41054398
41054536
41054612
41054812
41055358
41055582
41055607
41055716
41055999
41056280
41057348
41057500
41057552
41057685
41057687
41057736
41058043
41058344
41058798
41058813
41058942
41059087
41059325
41059593
41059870
41059997
41060116
41060126
41060575
41060878
41061470
41061651
41061960
41062356
41063223
41063488
41063665
41063766
41064094
41064415
41064424
41065101
41065264
41066638
41066647
41066839
41067077
41067599
41067801
41068030
41068072
41068273
41068492
41068682
41068811
41068816
41069009
41069084
41069249
41069799
41070026
41070102
41070335
41071350
41071494
41072056
41072228
41072300
41072315
41072345
41072441
41072548
41073098
41073604
41073726
41073901
41074108
41074484
41074847
41074853
41074976
41075006
41075168
41075928
41076126
41076712
41076752
41076901
41077415
41077593
41078310
41078325
41078791
41078817
41079004
41079140
41079224
41079641
41079644
41079873
41080109
41080183
41080187
41080494
41080549
41080989
41081033
41081768
41082137
41082291
41082310
41082381
41082780
41083099
41083681
41083822
41083834
41083972
41083976
41084174
41084268
41084385
41084769
41085142
41085232
41085846
41086173
41086223
41086267
41086312
41086463
41086547
41087546
41087602
41089014
41089095
41089547
41089585
41089989
41090471
41090839
41091163
41092039
41092201
41092540
41092701
41092918
41093069
41093311
41093354
41093527
41093615
41093717
41094289
41094851
41094888
41094992
41095394
41095589
41095599
41095733
41096042
41096091
41096444
41096595
41096822
41096825
41097035
41097452
41097497
41097557
41097825
41098008
41098562
41099045
41099069
41099157
41099592
41099994
41100330
41100602
41101289
41102006
41102139
41102408
41103300
41103607
41103770
41104657
41105844
41106163
41106172
41106180
41106366
41106846
41107052
41107069
41107109
41107157
41107163
41107223
41107675
41107936
41108029
41108166
41108184
41108371
41109022
41109063
41109292
41109662
41109673
41109751
41109804
41109886
41110091
41110093
41110266
41110285
41110382
41110396
41110639
41111033
41111186
41111365
41111780
41111800
41111810
41112036
41112192
41112491
41112548
41112567
41112621
41112653
41112676
41112796
41113283
41113287
41113345
41113524
41113716
41113770
41113904
41113919
41114057
41114375
41114527
41114696
41115079
41115104
41115655
41115736
41115974
41116566
41117903
41118230
41118442
41119040
41119056
41119087
41119138
41120554
41120609
41120718
41120762
41120945
41121034
41121089
41121096
41121472
41122735
41123546
41124276
41124847
41125320
41125634
41125878
41125932
41126701
41126866
41126978
41127189
41127486
41127734
41127962
41128751
41128817
41128857
41128858
41128965
41128974
41129046
41129417
41129712
41129828
41130036
41130232
41130819
41131158
41131185
41131304
41131457
41131972
41132030
41132096
41132135
41132522
41133104
41133541
41133995
41134100
41134445
41134716
41134772
41135252
41135411
41135489
41135502
41135560
41136141
41136473
41137295
41137388
41137468
41137478
41137614
41137635
41137997
41138159
41138409
41138582
41138631
41139067
41139292
41139703
41139748
41139839
41139845
41139922
41140112
41140314
41140424
41140485
41140600
41140662
41140859
41140927
41141589
41142019
41142023
41142370
41142500
41142529
41143184
41143237
41143265
41143306
41143354
41143356
41143531
41143870
41144130
41144376
41144540
41144742
41144764
41145636
41145728
41145889
41146164
41146210
41146387
41146533
41147384
41147529
41147533
41147602
41148257
41148469
41148474
41148508
41148685
41148831
41148871
41149223
41149250
41149500
41149516
41149534
41149807
41149861
41150291
41150838
41150857
41150942
41151448
41151797
41151856
41151864
41151900
41151910
41152174
41152784
41153183
41153244
41153286
41153374
41153505
41153775
41154638
41154889
41155002
41155143
41155156
41155416
41155540
41155692
41155821
41156129
41156715
41156734
41156938
41157356
41157620
41157702
41157708
41157811
41157840
41157871
41157941
41158000
41158532
41158572
41158850
41159008
41159120
41159479
41159679
41159737
41160182
41160696
41160802
41160888
41161376
41161389
41161556
41161589
41161603
41161647
41161713
41162056
41162092
41162128
41162320
41162337
41162354
41162493
41162791
41163263
41163312
41163321
41163335
41164095
41164162
41164393
41164511
41164512
41165062
41165274
41165479
41165882
41165900
41166177
41166210
41166244
41166250
41166284
41166365
41166841
41166958
41166962
41167543
41167825
41167896
41168476
41168680
41168936
41168972
41169042
41169154
41169440
41169463
41169825
41169947
41169975
41170264
41170537
41170841
41170850
41170905
41171376
41171432
41171460
41171658
41171737
41171778
41171795
41172079
41172235
41172249
41172266
41172381
41172477
41172690
41172892
41172928
41173008
41173048
41173195
41173206
41173225
41173619
41173731
41174012
41174352
41174442
41174567
41174592
41175444
41175942
41176037
41176700
41177288
41177502
41177739
41178083
41178123
41178860
41181223
41181333
41181630
41182142
41182308
41182411
41182428
41182979
41183116
41184704
41185517
41185626
41185628
41186005
41186539
41187157
41187432
41187751
41187765
41188163
41188315
41188510
41190261
41190344
41190369
41190442
41191642
41191853
41192917
41193078
41193801
41193957
41194348
41194448
41195978
41196582
41196883
41197153
41197680
41198764
41198976
41199095
41200275
41200394
41201014
41201804
41202580
41202689
41203143
41203222
41203470
41203573
41203593
41203597
41203648
41203895
41203934
41203944
41204505
41204706
41204741
41204977
41205070
41206144
41206300
41206925
41207221
41207573
41207604
41208359
41208434
41208702
41208931
41209069
41209426
41209931
41209932
41209949
41211249
41211518
41211537
41211562
41211588
41212425
41212684
41212888
41213348
41214431
41214635
41215207
41215239
41215376
41215754
41215821
41215979
41216097
41216721
41216971
41217475
41217496
41218399
41218896
41219264
41219511
41220697
41220706
41222285
41222331
41222767
41222989
41223478
41223508
41223616
41224007
41224762
41224960
41225087
41225140
41225172
41226373
41226910
41227707
41228122
41228629
41229321
41230022
41230033
41230082
41230386
41231025
41231149
41231454
41232430
41232598
41232820
41233691
41233980
41234609
41234622
41235323
41235465
41235692
41235895
41236052
41236360
41236444
41236696
41237304
41237446
41237790
41237993
41238058
41239180
41239204
41239961
41240077
41240151
41240701
41240771
41240972
41241233
41241955
41243053
41243130
41244007
41244360
41244668
41245087
41245099
41245648
41245695
41245816
41246666
41246741
41246875
41246993
41247125
41247261
41247464
41248286
41248554
41249194
41249285
41249345
41249441
41250473
41250508
41250532
41250685
41250773
41251270
41251324
41251558
41251728
41251904
41252406
41252442
41252631
41252742
41253272
41253312
41253372
41253447
41253763
41254139
41254378
41254623
41255144
41255827
41255981
41255990
41256048
41256481
41256742
41256952
41256978
41257029
41257035
41257085
41257816
41258189
41258255
41258527
41258854
41258889
41259216
41259820
41259951
41260116
41260751
41260918
41261322
41261467
41261518
41261677
41262152
41262253
41262717
41263268
41263573
41264256
41264325
41264939
41265206
41265414
41265425
41266133
41266450
41267386
41267407
41267434
41267485
41268020
41268343
41268688
41269124
41269192
41269348
41269765
41269895
41270207
41270461
41271619
41272327
41272662
41272710
41272793
41272884
41273160
41273339
41273343
41273660
41273665
41273781
41273891
41273961
41273965
41274129
41274702
41274772
41274875
41274902
41275014
41275015
41275041
41275218
41275263
41275921
41276266
41276338
41276348
41276734
41276873
41276893
41276931
41277131
41277504
41277648
41277679
41277688
41278824
41279706
41280710
41280842
41280881
41281517
41281692
41281880
41281980
41282019
41282152
41282661
41282847
41282853
41283321
41283380
41283485
41283928
41284036
41284521
41284541
41284563
41284622
41284709
41284836
41285487
41285960
41286268
41286582
41286899
41287016
41287075
41287245
41287711
41287729
41287751
41287821
41287990
41290219
41290627
41291269
41291273
41291489
41292022
41292252
41292481
41292604
41292824
41293126
41293469
41293611
41293698
41293703
41293973
41294380
41294466
41295830
41295943
41296813
41297058
41297242
41297422
41297585
41297987
41298173
41298383
41298545
41298832
41298951
41299077
41299100
41299749
41299784
41300033
41300068
41300629
41300674
41300702
41301367
41301401
41301450
41301522
41301593
41301620
41301840
41302132
41302299
41302518
41302620
41302667
41302856
41303019
41303950
41303958
41303982
41304786
41305097
41305535
41305614
41305651
41305979
41305994
41306213
41306370
41306507
41307689
41307913
41308600
41308622
41308624
41308892
41309161
41309351
41309491
41310313
41310702
41310891
41311284
41311678
41311970
41312670
41312717
41312893
41313105
41313591
41313673
41313732
41313775
41314201
41314557
41314725
41315172
41315243
41315772
41317303
41317447
41317641
41317960
41317992
41318001
41318008
41318339
41318432
41318515
41318930
41319273
41319639
41319661
41319804
41319855
41319910
41320001
41320331
41320581
41320729
41321121
41321292
41321532
41321607
41321797
41321961
41322979
41323050
41323135
41323864
41323910
41323924
41324175
41325153
41325269
41326008
41326529
41326549
41326636
41326754
41327185
41327189
41327294
41328426
41328725
41328735
41328889
41329082
41329288
41329319
41329332
41329618
41329636
41329752
41329852
41330822
41331444
41332013
41332037
41332101
41332813
41332880
41332955
41333193
41333427
41333647
41333713
41334327
41334713
41335181
41335430
41335529
41335547
41335556
41335880
41336049
41336072
41336294
41336300
41337072
41337502
41337933
41338656
41338737
41338898
41339858
41339983
41340075
41341105
41341147
41341245
41341678
41341763
41341786
41341790
41342882
41343653
41343713
41344941
41345182
41345403
41345801
41346037
41346047
41346080
41346677
41346779
41347763
41348384
41349150
41349489
41349684
41349800
41350065
41350222
41350359
41350442
41350598
41351287
41351653
41352068
41352556
41352606
41352677
41352880
41352954
41353194
41353483
41353908
41354729
41354994
41355050
41355122
41355140
41355484
41355608
41355775
41355992
41356022
41356335
41357814
41358012
41358137
41358489
41358573
41358775
41359724
41359756
41359820
41360613
41360675
41361463
41361871
41362372
41363136
41363431
41363509
41363571
41363877
41363883
41363913
41364337
41364477
41364505
41365002
41365233
41365338
41366121
41366156
41366733
41366852
41367011
41367073
41367632
41368263
41368607
41368703
41368732
41368794
41369199
41369565
41369735
41369834
41370162
41370364
41370390
41370475
41371020
41371136
41371565
41371801
41371907
41371993
41372013
41372271
41372891
41372898
41373389
41373515
41373537
41373597
41373716
41373782
41374019
41374259
41374281
41374307
41374442
41374729
41374913
41375141
41375152
41375446
41375636
41375690
41375720
41375868
41375977
41376600
41376614
41376768
41377176
41377416
41377919
41378315
41378375
41378511
41378649
41378757
41379457
41379636
41379758
41379782
41380325
41380349
41380353
41380414
41381589
41381923
41381997
41382697
41382718
41382878
41382945
41383303
41383767
41383806
41383829
41383851
41384031
41384363
41386416
41386456
41386696
41386945
41387253
41388013
41388152
41388177
41388220
41388235
41389531
41389604
41389813
41389878
41390302
41390320
41390419
41390523
41390604
41390700
41390737
41390816
41390970
41391491
41391670
41392379
41392790
41392904
41392960
41393566
41394295
41394310
41394361
41394489
41394624
41394883
41395242
41395332
41395334
41395434
41395895
41395916
41396079
41396355
41396669
41396759
41396877
41397555
41397696
41397767
41398254
41398424
41398942
41399659
41399705
41400021
41400053
41400086
41400665
41400672
41400878
41401268
41401582
41402026
41402125
41402130
41402197
41402409
41402560
41402870
41402928
41403094
41403136
41403300
41403621
41403711
41403757
41404223
41404298
41404365
41404395
41404514
41405053
41405551
41405612
41406024
41406322
41406358
41407424
41407737
41407999
41408317
41408653
41408996
41409112
41409631
41409855
41411194
41411362
41411561
41411565
41411630
41411632
41411729
41412313
41412396
41412453
41412839
41412932
41413172
41413284
41414116
41414118
41414153
41414349
41414973
41415114
41415120
41415299
41415367
41415929
41415960
41416077
41416101
41416382
41416397
41416641
41416725
41416757
41417118
41417235
41417259
41417426
41417454
41418014
41418142
41418522
41419185
41419196
41419930
41419931
41420282
41420463
41420509
41420619
41421274
41421447
41421811
41422039
41422176
41422323
41422526
41422585
41422602
41422951
41423275
41423366
41423950
41424018
41424020
41424485
41424526
41424634
41425305
41425451
41425554
41425968
41426282
41426609
41426858
41427000
41427148
41427619
41427646
41427957
41428551
41428686
41428736
41428814
41429186
41429370
41429438
41430421
41431191
41431302
41431878
41431985
41432068
41432344
41432586
41432618
41432892
41433310
41433501
41433511
41433529
41433597
41433723
41433839
41433953
41433976
41434218
41434466
41434501
41434659
41434663
41434800
41434908
41435065
41435206
41435291
41435310
41435437
41435445
41435699
41435736
41435788
41435920
41436022
41436168
41436177
41436355
41436800
41437075
41437249
41437360
41437441
41438657
41438714
41438862
41439162
41439294
41439531
41439794
41439816
41439891
41439937
41439953
41440388
41440566
41440730
41440956
41441016
41441144
41441328
41441563
41441817
41442160
41442200
41442593
41442615
41442796
41443204
41444124
41444139
41445579
41445604
41445646
41445647
41445971
41446328
41446711
41446797
41448246
41448341
41448890
41448911
41449077
41449467
41450371
41450419
41450533
41450695
41451052
41451189
41451304
41451369
41451546
41452500
41453068
41453094
41453302
41453481
41454004
41454414
41454428
41454573
41454714
41454792
41454822
41455159
41455571
41455671
41455866
41455890
41456077
41456116
41456128
41456577
41456676
41456882
41457005
41457021
41457448
41457516
41457524
41457532
41457982
41458126
41458255
41458476
41458619
41458899
41459168
41459421
41459457
41459928
41460226
41460358
41460539
41461263
41461768
41462298
41462321
41462390
41462631
41462807
41463216
41463299
41463665
41463776
41463877
41463999
41464126
41464435
41464650
41464974
41465048
41465071
41465511
41465530
41465583
41465593
41465822
41465879
41466133
41466498
41467933
41468019
41468162
41468165
41468353
41468797
41468894
41469004
41469549
41469573
41470538
41471360
41471456
41471693
41471711
41471810
41472081
41472103
41472137
41472439
41472583
41472594
41472866
41472894
41473008
41473019
41473027
41473086
41473239
41473715
41473850
41474295
41474296
41474710
41474714
41475102
41475155
41475345
41475554
41475696
41475824
41475902
41475937
41476046
41476226
41476550
41476785
41476970
41477061
41477189
41477405
41477525
41477772
41477965
41478001
41478460
41478481
41478838
41478959
41479203
41479252
41479283
41479354
41479615
41479969
41480547
41480625
41480723
41481015
41481200
41481605
41482635
41482708
41482723
41483146
41483240
41483618
41483710
41484047
41484239
41484294
41484410
41484492
41484668
41484932
41484984
41484986
41485305
41485349
41485409
41485585
41485963
41486563
41487026
41487290
41487412
41487468
41487720
41488096
41488453
41488588
41488949
41488986
41489000
41489081
41489556
41489573
41489759
41489778
41489996
41490460
41490609
41490721
41491143
41492197
41492216
41492740
41493128
41493247
41493289
41493382
41493620
41493639
41493734
41494585
41494713
41494807
41495589
41495997
41496173
41496320
41497130
41497546
41497932
41498277
41498437
41498539
41499211
41499291
41499333
41499408
41499755
41499795
41500152
41500289
41500802
41500996
41501536
41501957
41502726
41502981
41503018
41503341
41503606
41503667
41503797
41503991
41504278
41504575
41504583
41504825
41504863
41505298
41505333
41505875
41505877
41505878
41506158
41506602
41506667
41507242
41507534
41507849
41508024
41508033
41508042
41508295
41509676
41509880
41509913
41510019
41510193
41510465
41510586
41510709
41510797
41510950
41511176
41511440
41511714
41511771
41512021
41512298
41512309
41512663
41512690
41513439
41514066
41514073
41514102
41514373
41514947
41515158
41515170
41515374
41515864
41516296
41516496
41516786
41517049
41517055
41517159
41517219
41517271
41517365
41517498
41517564
41517898
41518243
41518449
41518484
41518494
41518511
41518818
41518971
41519272
41519374
41519763
41519858
41519993
41520460
41520498
41520518
41521222
41521252
41521268
41521983
41522676
41522836
41522853
41523447
41523515
41523672
41523837
41523981
41524118
41524453
41525513
41525663
41525685
41525715
41525829
41525937
41526377
41526621
41527666
41527915
41528339
41528352
41528654
41528701
41528811
41529279
41529337
41529472
41529490
41529661
41529774
41530021
41530026
41530342
41530447
41530869
41531387
41531596
41531615
41531692
41531811
41531964
41532284
41532655
41532709
41532854
41532977
41533246
41533252
41534291
41534422
41534476
41534610
41535256
41535919
41536539
41536758
41536836
41537006
41537334
41537561
41538001
41538057
41538140
41538550
41538602
41538962
41539075
41539775
41539804
41539832
41539847
41539855
41539887
41539969
41539982
41540335
41540711
41540730
41541609
41541950
41541955
41541965
41542039
41542381
41542409
41542614
41543407
41543420
41543728
41544046
41544101
41544278
41544446
41544991
41545032
41545036
41545254
41545433
41545512
41545857
41545874
41545938
41546375
41546405
41546464
41546626
41546786
41547086
41547249
41547299
41547395
41547859
41547961
41548319
41548775
41548924
41549061
41549780
41550163
41550257
41550389
41550416
41550538
41551706
41552385
41552399
41552440
41552497
41552541
41552631
41552820
41553223
41553341
41553384
41553414
41553459
41554047
41554073
41554182
41554221
41554609
41555540
41555585
41555607
41555856
41555903
41556213
41556287
41556338
41556369
41556626
41557038
41557180
41557335
41557489
41557632
41557974
41558065
41558210
41558401
41558826
41559002
41559031
41559268
41559779
41560374
41560589
41560738
41560779
41560993
41561275
41562474
41562724
41563270
41563686
41563985
41564175
41565138
41565284
41565559
41565931
41566088
41566362
41566415
41567087
41567240
41567636
41567832
41568007
41568069
41568107
41568119
41568273
41568383
41568667
41568673
41568828
41569477
41569992
41570011
41571012
41571104
41571185
41571200
41571343
41571345
41571957
41572604
41573003
41573651
41573760
41573847
41574033
41574088
41574273
41574391
41574474
41574507
41574743
41575298
41575371
41575432
41575742
41575771
41576354
41576611
41577260
41577417
41577953
41579453
41579804
41580439
41581116
41581551
41581902
41582010
41582312
41582369
41582819
41583415
41583824
41583915
41584518
41584521
41584529
41584737
41584826
41584897
41585057
41585263
41585448
41585499
41585623
41586276
41586423
41586733
41586734
41586800
41587062
41587571
41588179
41588262
41588735
41589164
41589267
41589292
41589413
41589648
41589937
41590046
41590244
41590623
41590747
41591954
41592030
41592043
41592623
41592930
41592978
41593060
41593136
41593325
41593490
41593543
41593645
41593744
41593853
41593946
41594453
41594504
41594530
41594584
41594663
41594983
41595946
41596139
41596205
41596308
41596409
41596709
41596779
41596864
41596925
41596965
41597060
41597274
41597307
41597352
41597469
41597578
41597845
41597908
41597999
41598050
41598198
41599522
41599732
41599909
41600302
41600327
41600715
41600855
41601028
41601400
41602094
41602321
41602567
41602652
41603077
41603133
41603210
41603521
41603524
41603702
41603879
41604132
41604309
41604421
41604454
41604502
41604539
41604775
41605088
41605187
41605770
41606165
41606330
41606930
41607204
41607469
41607608
41607830
41608009
41608043
41608158
41608422
41608551
41608657
41609040
41609520
41609838
41609930
41610142
41610701
41611164
41611184
41611485
41611704
41611736
41611851
41611923
41611991
41612281
41612407
41612709
41612951
41613246
41613402
41613574
41614640
41614704
41615377
41615559
41615704
41615750
41615960
41616152
41616269
41616501
41616678
41617086
41617457
41617471
41617999
41618125
41618246
41618314
41618373
41618553
41618662
41618702
41618733
41618949
41619027
41619054
41619357
41619675
41619739
41619741
41619814
41619965
41620019
41620287
41620383
41620654
41620684
41620782
41621001
41621571
41621707
41621821
41621929
41622018
41622326
41622827
41622907
41623111
41623236
41623359
41623524
41623760
41623993
41624027
41624054
41624392
41624457
41624469
41624595
41624638
41624705
41624751
41624784
41624848
41624999
41625082
41625190
41625209
41625231
41625427
41625527
41625634
41625805
41625832
41626179
41628389
41628703
41629232
41629312
41629557
41629562
41630056
41630860
41631516
41631625
41631934
41632209
41632325
41632922
41633419
41633429
41633556
41633945
41634138
41634142
41634677
41634874
41635315
41635446
41635844
41637395
41637574
41637592
41637707
41637716
41638208
41639374
41640238
41640384
41640560
41641149
41641451
41641635
41643424
41643663
41644440
41644870
41644919
41645444
41645587
41645821
41646648
41646907
41647605
41647951
41648033
41648484
41648812
41649613
41649654
41650597
41651169
41652113
41652226
41653090
41653281
41654425
41654541
41654673
41654805
41655370
41655599
41655690
41656345
41656442
41656642
41657008
41657306
41657425
41657429
41657803
41658091
41658152
41658258
41658567
41658606
41658647
41658747
41658786
41658813
41658837
41659394
41659571
41660121
41660162
41660577
41660675
41660974
41661121
41661290
41661631
41661663
41661688
41661696
41661712
41662225
41662628
41662928
41662977
41662982
41663152
41663208
41663375
41663661
41663964
41664201
41664920
41665059
41665276
41665308
41665679
41665900
41666823
41667061
41667224
41667429
41667589
41667890
41668408
41668504
41668556
41668904
41669075
41669959
41670651
41671625
41671686
41671745
41671978
41672046
41672407
41672728
41672751
41673205
41673467
41673478
41673547
41674147
41674533
41674733
41674815
41674904
41675096
41676338
41676516
41676823
41677486
41677863
41678576
41678581
41679032
41680290
41680419
41680586
41680719
41680793
41680951
41681623
41681641
41682167
41682440
41682834
41683445
41683677
41684208
41684213
41684942
41685075
41685160
41685188
41685395
41685697
41685779
41687073
41687184
41687351
41688372
41688550
41689004
41689117
41690249
41690304
41691022
41691144
41691667
41692148
41692224
41692631
41692743
41693109
41693117
41693140
41693392
41693607
41693813
41694002
41694011
41694141
41694276
41694291
41694305
41694577
41694679
41694838
41695270
41695309
41695703
41695910
41696075
41696433
41696518
41696694
41696710
41697074
41697195
41697351
41697366
41697655
41697689
41698229
41698250
41698923
41699022
41699212
41699598
41699631
41699640
41699761
41699841
41701926
41702336
41702713
41703371
41703576
41703767
41704078
41704582
41704867
41705062
41705207
41705221
41705537
41705611
41705633
41705953
41706152
41706189
41706657
41706806
41706893
41706921
41707260
41707898
41708880
41710439
41710530
41710607
41710622
41710650
41710728
41710785
41711004
41711153
41711220
41711805
41711835
41711974
41712222
41712601
41712704
41712761
41712815
41712821
41712911
41713075
41713114
41713524
41713898
41713900
41714321
41714684
41714895
41715064
41715130
41716019
41716186
41716450
41716997
41717185
41717289
41717542
41717740
41718080
41718588
41718616
41719207
41719447
41720231
41720262
41720334
41721184
41721282
41721330
41722404
41722847
41722850
41722913
41723223
41723237
41723245
41723261
41723340
41723403
41723578
41723659
41723729
41723934
41724027
41724553
41724637
41724735
41724793
41725288
41725442
41725572
41725697
41725870
41725904
41725910
41726077
41726302
41726305
41726448
41726736
41726746
41727058
41727378
41727566
41727785
41727839
41728162
41728301
41729032
41729177
41729612
41729981
41730922
41730989
41731199
41731580
41731641
41731731
41731935
41731954
41732016
41732362
41732377
41732470
41732865
41732885
41733026
41733032
41733038
41733162
41733470
41733498
41733542
41733557
41733564
41733582
41733841
41733852
41733872
41734209
41734370
41734437
41735344
41735450
41736156
41736250
41736452
41736477
41736867
41737024
41737069
41737201
41737213
41737585
41737946
41738355
41738387
41739062
41739071
41739148
41739597
41739835
41740122
41740246
41740573
41740800
41740890
41740931
41741251
41741448
41741491
41741846
41742465
41742587
41742890
41742957
41743005
41743476
41743939
41743942
41743958
41744338
41745065
41745585
41746728
41746793
41747049
41747079
41747498
41748018
41748143
41748225
41748555
41748616
41748692
41748898
41749082
41749179
41749208
41749329
41749437
41749664
41749701
41749816
41750376
41750620
41750661
41750669
41750755
41751425
41751447
41751645
41751683
41751887
41752529
41752534
41752930
41753316
41753424
41754248
41754327
41754329
41754928
41754993
41755331
41755785
41755839
41756071
41756400
41757254
41757313
41757408
41757456
41758024
41758136
41758184
41758513
41758538
41758609
41758628
41758896
41759377
41759462
41760532
41760686
41760799
41760871
41761134
41761521
41761741
41761752
41761786
41762333
41762629
41762660
41762665
41762727
41762777
41762918
41763066
41763510
41763717
41764099
41764756
41764844
41764918
41765064
41765308
41765343
41765514
41765655
41765681
41765719
41765800
41765802
41766525
41766730
41766908
41767241
41767276
41767282
41767521
41767608
41767997
41768010
41768592
41768836
41768841
41768848
41769207
41769364
41769365
41769384
41769406
41770064
41770259
41770316
41770458
41770642
41770992
41771008
41771309
41771336
41772020
41772027
41772030
41772128
41772332
41772404
41772463
41772492
41772782
41772940
41773017
41773200
41773565
41773572
41773721
41773748
41773762
41773870
41773932
41774109
41774276
41774495
41775177
41775364
41775435
41775752
41775895
41776432
41776926
41777167
41777372
41777428
41777508
41777677
41777741
41777759
41778075
41778222
41778614
41778884
41779296
41779391
41779806
41779862
41780051
41780073
41780213
41780298
41780456
41781075
41781412
41781786
41781957
41782605
41782633
41782828
41783145
41783198
41783768
41783835
41784070
41784131
41784387
41784623
41784925
41784948
41785036
41785057
41785079
41785085
41785191
41785244
41785330
41785473
41786149
41786245
41786282
41786284
41786918
41787021
41787281
41787667
41787772
41788113
41788331
41788552
41788789
41789243
41789280
41789351
41789911
41789967
41789973
41790045
41790049
41790177
41790453
41790488
41790637
41790874
41791130
41791145
41791185
41791357
41791642
41791675
41792280
41792531
41792562
41792567
41792685
41793028
41793052
41793204
41793367
41793421
41793551
41794154
41794230
41794365
41794507
41794519
41794827
41794828
41794830
41794923
41795067
41795416
41795470
41795475
41795780
41795819
41795828
41795862
41795970
41795983
41796480
41796550
41796767
41796921
41797152
41797403
41798089
41798254
41798434
41798534
41798690
41798945
41798984
41799524
41799546
41799875
41799947
41800047
41800343
41800516
41800554
41801324
41801366
41801384
41801660
41801841
41801855
41802216
41802403
41803007
41803376
41803570
41803823
41804235
41804394
41804513
41804657
41805357
41805370
41805392
41805417
41806043
41806107
41806113
41806390
41806814
41807177
41807384
41807806
41807927
41808267
41808327
41808384
41808441
41808603
41809405
41809411
41809458
41809722
41809775
41809832
41809954
41809982
41810220
41810281
41810300
41810717
41810934
41810972
41811037
41811120
41811840
41812041
41812113
41812399
41812723
41812739
41812940
41812948
41812989
41813048
41813055
41813079
41813261
41813313
41813339
41813771
41813811
41814429
41814743
41815244
41815556
41815717
41815735
41815779
41816132
41816466
41816856
41816897
41817039
41817209
41817273
41817455
41817818
41818135
41818365
41818449
41818696
41818726
41818891
41819208
41819266
41819995
41820460
41820696
41820834
41821761
41821766
41822205
41822230
41822255
41822315
41822803
41822950
41823607
41824421
41824485
41824510
41824797
41824845
41824856
41824894
41825045
41825083
41825252
41825380
41825381
41826014
41826295
41826432
41826544
41826776
41826778
41827266
41827433
41827926
41828261
41828496
41828537
41828728
41829130
41829171
41829235
41829603
41829825
41829830
41829886
41829964
41830056
41830105
41830251
41830492
41831276
41831322
41832146
41832199
41832282
41832303
41832304
41833017
41833193
41833222
41833468
41834106
41834159
41834298
41834617
41835006
41835276
41835285
41835765
41836026
41836122
41836170
41836268
41836365
41836468
41837499
41837540
41837689
41837709
41837726
41837752
41837823
41838091
41838623
41838690
41839340
41839585
41839589
41839633
41839851
41840088
41840249
41841020
41841098
41841561
41842257
41842451
41842518
41842680
41843303
41843569
41843681
41844048
41844470
41844924
41844928
41845186
41845260
41845273
41845387
41845912
41846439
41846526
41846941
41846984
41847062
41847482
41847857
41847991
41848162
41848278
41848943
41849040
41849207
41850517
41850736
41851068
41851092
41851112
41851456
41851573
41851620
41851638
41851723
41851851
41852058
41852062
41853045
41853143
41853275
41854110
41854165
41855040
41855242
41855259
41856197
41856391
41856437
41856675
41856796
41857132
41857358
41857407
41857609
41857651
41857791
41858252
41858913
41859207
41859332
41859420
41859424
41859848
41859893
41860148
41860196
41860393
41860572
41860610
41860624
41860704
41860730
41860752
41860894
41860935
41860958
41861294
41861905
41862935
41863177
41863476
41863510
41863761
41864140
41864259
41864844
41865050
41865397
41865644
41865745
41866098
41866246
41866265
41866968
41867045
41867300
41867571
41867635
41867694
41867846
41867932
41868449
41868642
41868729
41868757
41868948
41868980
41869160
41869237
41869244
41869268
41869548
41869780
41870004
41870369
41870475
41870515
41870870
41871487
41871492
41871774
41872186
41872317
41872349
41872764
41872936
41873268
41873493
41873541
41873638
41874644
41874651
41874684
41875419
41875759
41876260
41876375
41876553
41877037
41877098
41877300
41877450
41878017
41878025
41878032
41878038
41878119
41878214
41878376
41878523
41878596
41878597
41878672
41878821
41878930
41879399
41879422
41879525
41879804
41880356
41880713
41880834
41881080
41881087
41881211
41881275
41881309
41881310
41881418
41882934
41883000
41883043
41883266
41883639
41883713
41884068
41884197
41884276
41884500
41884683
41884722
41884797
41885323
41885376
41885501
41885904
41886120
41886344
41886417
41887292
41887340
41887513
41887515
41887665
41887793
41888127
41888935
41889012
41889214
41889768
41889878
41890485
41890698
41891213
41892388
41892622
41892677
41892732
41892742
41893303
41893773
41893855
41893949
41894567
41894671
41894743
41894960
41894964
41895343
41895844
41895863
41896241
41896487
41896690
41896805
41897083
41897127
41897186
41897362
41897372
41897412
41897417
41897644
41897823
41897830
41898398
41898721
41898886
41899026
41899495
41900163
41900306
41900537
41900766
41900909
41901240
41901306
41901514
41901603
41901757
41901932
41902282
41902296
41902446
41902461
41903356
41903387
41903828
41905056
41905402
41905543
41905546
41905766
41906468
41906596
41907692
41907958
41908000
41908075
41908129
41908200
41908396
41908665
41908984
41909249
41909631
41910230
41910477
41910575
41910622
41911174
41911377
41911941
41912202
41912641
41912748
41912862
41913046
41913157
41913184
41913415
41913474
41913489
41913545
41913562
41913760
41913950
41914177
41914382
41914945
41914962
41915155
41915502
41915699
41915777
41915839
41916214
41916348
41916447
41916705
41916723
41916777
41916882
41917289
41917480
41917537
41917651
41917690
41917893
41918189
41918475
41918777
41919025
41919032
41919941
41920191
41921184
41922148
41922168
41922673
41922809
41923036
41923471
41923635
41923948
41924160
41925070
41925453
41925552
41925555
41925842
41926468
41926646
41927169
41927657
41927791
41928048
41928077
41928088
41928103
41929051
41929205
41929581
41929591
41929860
41929994
41930032
41930175
41930544
41930605
41930711
41930878
41930886
41931248
41931335
41931358
41931583
41931833
41932095
41932388
41932597
41932990
41933154
41933984
41934131
41934311
41934697
41934976
41935029
41935086
41935818
41935845
41936077
41936078
41936493
41936743
41936883
41937036
41937175
41937636
41937674
41937740
41938014
41938146
41938175
41938234
41938297
41938610
41938963
41939146
41939154
41939605
41939767
41939822
41939883
41940011
41940508
41940597
41940695
41941185
41941303
41941708
41941833
41941853
41941951
41942449
41942476
41942729
41942945
41943141
41943779
41944070
41944308
41944416
41944510
41944634
41944943
41945891
41946235
41946638
41946851
41947001
41947090
41947098
41947265
41947952
41948141
41948692
41948827
41949283
41949366
41949760
41950168
41950194
41950373
41950378
41951034
41951290
41951311
41951321
41951537
41952389
41952678
41952711
41952831
41952865
41953096
41953160
41953417
41953720
41953808
41953830
41953910
41954081
41954090
41954115
41954118
41954143
41954286
41954459
41954902
41955091
41955517
41955554
41955577
41955673
41955744
41956785
41956815
41957132
41957285
41958076
41958379
41958404
41958414
41958579
41958631
41959029
41959071
41959305
41959449
41959467
41960028
41960155
41960364
41960384
41960784
41961091
41961828
41961891
41961938
41961983
41962088
41962159
41962318
41962324
41962365
41962549
41962558
41962587
41962905
41963436
41963576
41964046
41964738
41964842
41965055
41965065
41965249
41965434
41965521
41965723
41966026
41966609
41966673
41966823
41967571
41968004
41968231
41968470
41968604
41968722
41968752
41968765
41969149
41969228
41969411
41969871
41969883
41970073
41970150
41970694
41970843
41970845
41970853
41971221
41971652
41971801
41972114
41972423
41972441
41972484
41972555
41972595
41972681
41972693
41972782
41972792
41972802
41972858
41972942
41972978
41973197
41973427
41973457
41973753
41973931
41974351
41974442
41974819
41974877
41974940
41975162
41975485
41975970
41976019
41976033
41976066
41976183
41976300
41976326
41976489
41976538
41976546
41976682
41976723
41977293
41977409
41977473
41977489
41977632
41978091
41978281
41978442
41978601
41978864
41979002
41979295
41979754
41979980
41980197
41980445
41980576
41981207
41981293
41981384
41981685
41981696
41981721
41981731
41981814
41982046
41982276
41982359
41982613
41983519
41983669
41984048
41984591
41984690
41984706
41984715
41984777
41984879
41984912
41985369
41985470
41985488
41985715
41985977
41985994
41986106
41986208
41986572
41986625
41986817
41986827
41986909
41987881
41987918
41987922
41988050
41988071
41988180
41988453
41988783
41988923
41989557
41990005
41990013
41990019
41990113
41990132
41990154
41990169
41990387
41990433
41990517
41990682
41990863
41991068
41992237
41992641
41992673
41993267
41993583
41994316
41995170
41995184
41995744
41995787
41996079
41996473
41996854
41997041
41997188
41997289
41997711
41998273
41998275
41998281
41999242
41999378
41999420
41999583
42000161
42000225
42000227
42000556
42001424
42001691
42001783
42002157
42002163
42002479
42002627
42002653
42002825
42002949
42003193
42003247
42003449
42003612
42003958
42004078
42004325
42004692
42004707
42005034
42005057
42005131
42005330
42005352
42005652
42006000
42006190
42006198
42006244
42006349
42006432
42006589
42006618
42006623
42006867
42006887
42007253
42007303
42007388
42007697
42008003
42008176
42008186
42008483
42008602
42008659
42008670
42008707
42008735
42008825
42008851
42009073
42009081
42009425
42009645
42009955
42009999
42010693
42010897
42011384
42012105
42012578
42012814
42013508
42013565
42013596
42013636
42013640
42013668
42013912
42014160
42014168
42014317
42014757
42015277
42015395
42015634
42015711
42015827
42015972
42016201
42016257
42016279
42016441
42016577
42016889
42018249
42018481
42018518
42018723
42018939
42019034
42019054
42019149
42019269
42019372
42019397
42019482
42019594
42019607
42019669
42019937
42020848
42021136
42021140
42021208
42021327
42021715
42022160
42022250
42022445
42022836
42023011
42023046
42023102
42023147
42023171
42023315
42023470
42023539
42023874
42023986
42024032
42024309
42024334
42024338
42024387
42024429
42024483
42024692
42024853
42025025
42025142
42025149
42025463
42025972
42026099
42026459
42027502
42027853
42027898
42027916
42028114
42028237
42028800
42029193
42029274
42029716
42030016
42030228
42030438
42030453
42030486
42030968
42031247
42031600
42031838
42032021
42032187
42032440
42032727
42032737
42033231
42033345
42033507
42033543
42033677
42034055
42034133
42034196
42034383
42034674
42035175
42035266
42035954
42036008
42036019
42036185
42036371
42036499
42036929
42037125
42037150
42037285
42037457
42037500
42037656
42037940
42038025
42038291
42038320
42038369
42038740
42038996
42039096
42039453
42039558
42040127
42040266
42040293
42040701
42040789
42042036
42042850
42043147
42043298
42043784
42044096
42045166
42045175
42045565
42045567
42045596
42045713
42046080
42046239
42046496
42046774
42046914
42047163
42047174
42047436
42047782
42047803
42048544
42048712
42048717
42049415
42049815
42050487
42050544
42050545
42050548
42051016
42051221
42051358
42051772
42051915
42051961
42052102
42052362
42052447
42052824
42053096
42053126
42053272
42053569
42053779
42053859
42053923
42054083
42054106
42054302
42054552
42055039
42055426
42055917
42056407
42056827
42056923
42057246
42057298
42057498
42057578
42057968
42058119
42058241
42058292
42058349
42058380
42058390
42058577
42058863
42059128
42059224
42059238
42059475
42059806
42059877
42060021
42060042
42060050
42060183
42060186
42060365
42060373
42060379
42060494
42060701
42061750
42061843
42061907
42062464
42062575
42062703
42062935
42063536
42064175
42064239
42064688
42064768
42064828
42064961
42065009
42065254
42065256
42065286
42065646
42065832
42065850
42065936
42066119
42066879
42066907
42067220
42067413
42067753
42067763
42068196
42069133
42069245
42069457
42069683
42069844
42069875
42070111
42070147
42070260
42070324
42070435
42070850
42071090
42071101
42071403
42071595
42071751
42071856
42071981
42072205
42072502
42072516
42072797
42073429
42073533
42073752
42073845
42074252
42074784
42074845
42075111
42075242
42075304
42075565
42075944
42076738
42076920
42077046
42077131
42077200
42077486
42078102
42078103
42078143
42078145
42078544
42078871
42078947
42079302
42079633
42079659
42079951
42080432
42080486
42080860
42080978
42081032
42081286
42081325
42081369
42081463
42081696
42081707
42082378
42082497
42082631
42082731
42082884
42083250
42083711
42083735
42083944
42084110
42084191
42084911
42084980
42085059
42085226
42085320
42085407
42085598
42085713
42085837
42086286
42086750
42086880
42087222
42087290
42087399
42087475
42088360
42088433
42088959
42089014
42089042
42089371
42089470
42089759
42089986
42090022
42090499
42090606
42090807
42090942
42090946
42090980
42091215
42091230
42091282
42091602
42091759
42091900
42091908
42092106
42092558
42092584
42092952
42093199
42093201
42093381
42093544
42093565
42094013
42094211
42094496
42094606
42094730
42094750
42094964
42095073
42095179
42095275
42095348
42095414
42095920
42096044
42096668
42096809
42096998
42097135
42097158
42097250
42097740
42097817
42097836
42097951
42098733
42099050
42099054
42099061
42099128
42099200
42099580
42099766
42099930
42100022
42100067
42100544
42101019
42101041
42101580
42101654
42101937
42102032
42102177
42102622
42102735
42102740
42103243
42104007
42104179
42104498
42104727
42104746
42104851
42104936
42105041
42105046
42105406
42105564
42105578
42105595
42105718
42105771
42105832
42106086
42106252
42106312
42106392
42107493
42107637
42108182
42108224
42108659
42108866
42108900
42108935
42109269
42109544
42109550
42109617
42109673
42110192
42110320
42110547
42110643
42110945
42111472
42111507
42111582
42111583
42111927
42111944
42112502
42112576
42112843
42113423
42113754
42113862
42113923
42114068
42114315
42114614
42114729
42114998
42115206
42115439
42115937
42115995
42116017
42116177
42116195
42116420
42116451
42116494
42117178
42117360
42117398
42117934
42117941
42118287
42118463
42118468
42118477
42118759
42118764
42118902
42118995
42119031
42119075
42120277
42120558
42120893
42121321
42121542
42121661
42121921
42122129
42122179
42122232
42122760
42122778
42123140
42123322
42123652
42123954
42123979
42124001
42124112
42124152
42124433
42124669
42125044
42125213
42125519
42125711
42127678
42127980
42128012
42128140
42128517
42129569
42129620
42129784
42129951
42130517
42130635
42131047
42131061
42131286
42131657
42132023
42132212
42132666
42133140
42133154
42133159
42133216
42133360
42133423
42133693
42133754
42134253
42134285
42134368
42134761
42134858
42135169
42135357
42135487
42135642
42135682
42135803
42136087
42136793
42136950
42137439
42137458
42137473
42137563
42137587
42137597
42137727
42138375
42138797
42139056
42139334
42139379
42139790
42139794
42139865
42140144
42140182
42140661
42140744
42141014
42141211
42141345
42141609
42141913
42142007
42142589
42142638
42142763
42142946
42143162
42143213
42143304
42143840
42144223
42144484
42144838
42145228
42145839
42145913
42145935
42146527
42146578
42146582
42146734
42147005
42147053
42147239
42147263
42147310
42147492
42147501
42147812
42148554
42148561
42148750
42148914
42150035
42150052
42150179
42150946
42150959
42151144
42151804
42152097
42152099
42152151
42152155
42153228
42153313
42153897
42154182
42154556
42154575
42155468
42155500
42155875
42156029
42156207
42156539
42156922
42157168
42157247
42157547
42157758
42158091
42158118
42158210
42158642
42158776
42159167
42159414
42159479
42159755
42159963
42160537
42161246
42161497
42161847
42162245
42162279
42162355
42162542
42162647
42162823
42162969
42163081
42163265
42164164
42165660
42165938
42165977
42165999
42166023
42166543
42166554
42166833
42167675
42167936
42168249
42168725
42168820
42168862
42168932
42169298
42169455
42169568
42169830
42170121
42170226
42170787
42170812
42171299
42171385
42172020
42172336
42172396
42172531
42172562
42172569
42172997
42173457
42174164
42174449
42174498
42174542
42174555
42174578
42174807
42174937
42175033
42175429
42175456
42175556
42175567
42175576
42175777
42175995
42176141
42176151
42176194
42176241
42176394
42176543
42176568
42176672
42177326
42177453
42177977
42178026
42178367
42178652
42179056
42179112
42179509
42179538
42179916
42179946
42180077
42180182
42180417
42180465
42180549
42180640
42180975
42181384
42181570
42181967
42181991
42182285
42182314
42182687
42184069
42184077
42184084
42184201
42184442
42184513
42184522
42184848
42185374
42185430
42185441
42185517
42185585
42186008
42186142
42186241
42186559
42186641
42186937
42187283
42187420
42187543
42187862
42188092
42188276
42188357
42188706
42188897
42189037
42189306
42189852
42189913
42190387
42190610
42190692
42190993
42191038
42191152
42191446
42191669
42192326
42192773
42193378
42193469
42193614
42193721
42193969
42194101
42194164
42194217
42194283
42194310
42195021
42195311
42195341
42195395
42195508
42195643
42195895
42196123
42196308
42196421
42196604
42196613
42196755
42196766
42196881
42197195
42197274
42197402
42198106
42198210
42198376
42198746
42199087
42199310
42200553
42200622
42200853
42200870
42201155
42201224
42201738
42202687
42203056
42203130
42203350
42204181
42204349
42204399
42204414
42204443
42204448
42204451
42205385
42205431
42205563
42205817
42206076
42206172
42206251
42206440
42206764
42206899
42207108
42207395
42207447
42207718
42207883
42207896
42208247
42208361
42208523
42209260
42209626
42209855
42209878
42210079
42210662
42210720
42211069
42211083
42211150
42211242
42211556
42211627
42211734
42211796
42211852
42212035
42212886
42212942
42213112
42213231
42213417
42213839
42213878
42213907
42214148
42214167
42214386
42214411
42214693
42214770
42214927
42215408
42216824
42217031
42217725
42217800
42218113
42218480
42218530
42218536
42218610
42218785
42219349
42219628
42219961
42220305
42220797
42221055
42221693
42221977
42222040
42222702
42223241
42223444
42223844
42223866
42224100
42224357
42224428
42224586
42224613
42225000
42225250
42225371
42225974
42226192
42226196
42226239
42226699
42226742
42227779
42227898
42227949
42228239
42228251
42228874
42229105
42229121
42229276
42229746
42230238
42230339
42230628
42230976
42231652
42232149
42232152
42232274
42232552
42232598
42233066
42233306
42233455
42233599
42233660
42233722
42234077
42234297
42234318
42234344
42234818
42235408
42235417
42235745
42236616
42236717
42236791
42237018
42237021
42237312
42237353
42237443
42237459
42237690
42238074
42238662
42239062
42239549
42239568
42239588
42240100
42240280
42240363
42240400
42240431
42240938
42241126
42241441
42241447
42241475
42241532
42241737
42242348
42242573
42243203
42243469
42244325
42244353
42244651
42244976
42244984
42245118
42245119
42245404
42245562
42245575
42245698
42246669
42246681
42246765
42246873
42247123
42247245
42247389
42247589
42248170
42248249
42248269
42248498
42249344
42249994
42250027
42250304
42250545
42250756
42250907
42251041
42251316
42251337
42251350
42251416
42251509
42251601
42251633
42251965
42252719
42253675
42253797
42253862
42253943
42254145
42254449
42254577
42254831
42255066
42255112
42255279
42255686
42255798
42256969
42257048
42257068
42257498
42257814
42257844
42258416
42258657
42258755
42259457
42259686
42259785
42259878
42260070
42260255
42260373
42260484
42260634
42260652
42261417
42261559
42261673
42261753
42261775
42261972
42262601
42262670
42262776
42262829
42262856
42263095
42263123
42263906
42264146
42264461
42264484
42264516
42264661
42264893
42265258
42265433
42265601
42265609
42265722
42266054
42266492
42266504
42266742
42266907
42267069
42267593
42267767
42267771
42268126
42268756
42268758
42268823
42268911
42269045
42269057
42269127
42269339
42270305
42270345
42270494
42270831
42271001
42271240
42271366
42271419
42271700
42271888
42272283
42272521
42272645
42272700
42272776
42272780
42272843
42273389
42273688
42273704
42273931
42273969
42273977
42274452
42274624
42274744
42275053
42275159
42275235
42275391
42275476
42275491
42275674
42275699
42275716
42275804
42276378
42276533
42276663
42276713
42276962
42277164
42277173
42277309
42277670
42277810
42277845
42278487
42278579
42278961
42279179
42279195
42279309
42279679
42279815
42279885
42280115
42280328
42280511
42280691
42280746
42281084
42281226
42281479
42281913
42282166
42282375
42282433
42282747
42283067
42283354
42283679
42284519
42284775
42284777
42284869
42285314
42285597
42285753
42286093
42286406
42287087
42287384
42287583
42287644
42287675
42287917
42287998
42288175
42288390
42288444
42288513
42288550
42288814
42289107
42289261
42290157
42290407
42290532
42290684
42290713
42290722
42290786
42291340
42291825
42291857
42292125
42292193
42292247
42292579
42292822
42293114
42293152
42293477
42293544
42293638
42293881
42293984
42294014
42294023
42294049
42294211
42294378
42294662
42294800
42294882
42294885
42295013
42295366
42296280
42296876
42297247
42297293
42297814
42297816
42297945
42298528
42298655
42298675
42299089
42299254
42299360
42299361
42299363
42299805
42299901
42300106
42300159
42300278
42300339
42300595
42300884
42300986
42301334
42301402
42301526
42301583
42301768
42302053
42302328
42302369
42302568
42303131
42303352
42303377
42303890
42303985
42304413
42304818
42304907
42304989
42305156
42305390
42305391
42305841
42306040
42306296
42306768
42306833
42306962
42307037
42307130
42307639
42307811
42308000
42308074
42308622
42308748
42309183
42309496
42309780
42309884
42310153
42310374
42310481
42310787
42310831
42310956
42311187
42311338
42311705
42311892
42312139
42312242
42312446
42312729
42312753
42312766
42312802
42313254
42313524
42313574
42314302
42314631
42314749
42314813
42315338
42315829
42316666
42316814
42317073
42317326
42317653
42318069
42318156
42318265
42318282
42318301
42318538
42318607
42318670
42318801
42318845
42318906
42319095
42319205
42319405
42319686
42319750
42319757
42319981
42320103
42320675
42321071
42321150
42321163
42321464
42321484
42322683
42322748
42322936
42322974
42323025
42323035
42323066
42323439
42323765
42324094
42324617
42325044
42325145
42325335
42325653
42325795
42326017
42326088
42326238
42326485
42326803
42327430
42327559
42327738
42328126
42328327
42328770
42328984
42329074
42329097
42329159
42329394
42329606
42330309
42330641
42331173
42331416
42331422
42331581
42331926
42332081
42332191
42332561
42332584
42332640
42332751
42333263
42333322
42333825
42334073
42334235
42334662
42334929
42335090
42335215
42335915
42336284
42336697
42336869
42337724
42337978
42338043
42338190
42338349
42338669
42339004
42339011
42339081
42339170
42339220
42339224
42339504
42339753
42339774
42339829
42339869
42340184
42340278
42340458
42340503
42341327
42341843
42342167
42342258
42342267
42342352
42342638
42342645
42342887
42343251
42343516
42344494
42344867
42344922
42345191
42345260
42345311
42345455
42345809
42345920
42346213
42346743
42347055
42347236
42347268
42347351
42347368
42347410
42347507
42347602
42347672
42347868
42347875
42347938
42347951
42348216
42348533
42348719
42348784
42349336
42349704
42349730
42349878
42350128
42350258
42350478
42350551
42350658
42350692
42351211
42351730
42351878
42352003
42352223
42352497
42352539
42352742
42352967
42353012
42353244
42353318
42353343
42353433
42353456
42353493
42353634
42353682
42354175
42354473
42354802
42355046
42356063
42356235
42356390
42356444
42356592
42356631
42356782
42356793
42357049
42357368
42357452
42357453
42357548
42357693
42358097
42358530
42359647
42359729
42359744
42360043
42360235
42360257
42360884
42360923
42361053
42361123
42361128
42361483
42361646
42361775
42362319
42362375
42362635
42362837
42363022
42363846
42363849
42364168
42364248
42364508
42365119
42365266
42365292
42365869
42366256
42366421
42366472
42366566
42366728
42366821
42366825
42366892
42368031
42368169
42368359
42368387
42368985
42369259
42369298
42369299
42369441
42369463
42370074
42370414
42370510
42370595
42370840
42371289
42371428
42371683
42371722
42371868
42372139
42372503
42372550
42372654
42372713
42372872
42372958
42373096
42373732
42373759
42373885
42374053
42374073
42374527
42375068
42375082
42375177
42375366
42375569
42375617
42375990
42376043
42376270
42376446
42377176
42377316
42378112
42378274
42378439
42378538
42378630
42379097
42379219
42379937
42380059
42380139
42380582
42380669
42380679
42381268
42381493
42381524
42381580
42381583
42381957
42382222
42382365
42382424
42382509
42383129
42383141
42383403
42383549
42383664
42383799
42384021
42384165
42384180
42384437
42384845
42385302
42385559
42385707
42386068
42386171
42386194
42386306
42386352
42386385
42386577
42387093
42387659
42387684
42387890
42387891
42388302
42389692
42390358
42390702
42390736
42391441
42391651
42391931
42391961
42392050
42392480
42392648
42392947
42392952
42392956
42393462
42393504
42394145
42394333
42394947
42395343
42395624
42395767
42395804
42395874
42395953
42396117
42396343
42396344
42396479
42396704
42396930
42396957
42397985
42398253
42398352
42398354
42398363
42398434
42398692
42398876
42398989
42399078
42399090
42399092
42399149
42399302
42399387
42399419
42399540
42399661
42400090
42400168
42401231
42401246
42401329
42401550
42401651
42402042
42402072
42402576
42402742
42402836
42402854
42402947
42403429
42403483
42403774
42403989
42404515
42404673
42405118
42405386
42405731
42405751
42406008
42406042
42406568
42406649
42406897
42406945
42407166
42407334
42407705
42407709
42407803
42408375
42408469
42408490
42408836
42408962
42409028
42409282
42409454
42409495
42409652
42409703
42410139
42410181
42410341
42410376
42410395
42410467
42410480
42410523
42410585
42410679
42410828
42410863
42410925
42411303
42411647
42411945
42412023
42412411
42412682
42413047
42413146
42413161
42413411
42413513
42414512
42414650
42414693
42414963
42415023
42415161
42415764
42415882
42415960
42415985
42416465
42416622
42416797
42416903
42416980
42417245
42417379
42417385
42417644
42417649
42418168
42418349
42418566
42418753
42418817
42419215
42419345
42419376
42419853
42420043
42420185
42420446
42420823
42420826
42420968
42421647
42421794
42422108
42422326
42422621
42422717
42423042
42423169
42423438
42423550
42423588
42423757
42423779
42423991
42424460
42424611
42425423
42426198
42426794
42426859
42426900
42427469
42427563
42427670
42427994
42428056
42428094
42428098
42428770
42428805
42428983
42429188
42429233
42429275
42429280
42429359
42429444
42429622
42430140
42430477
42430887
42430989
42431521
42431554
42431609
42432045
42432143
42432274
42432305
42432413
42432554
42432649
42432832
42433186
42433400
42433818
42434423
42434890
42435006
42435248
42435906
42436328
42436685
42436699
42436726
42438017
42438416
42438497
42439008
42439251
42439962
42440172
42440556
42440599
42440646
42440695
42440834
42442319
42443012
42443013
42443034
42443245
42443257
42443673
42443995
42444302
42444428
42444470
42444475
42444506
42444657
42445403
42445623
42446062
42446289
42447313
42447883
42448212
42448225
42448512
42448698
42448753
42448915
42449137
42449275
42449456
42449590
42449721
42450325
42450416
42450757
42450831
42450873
42451291
42451599
42451666
42451692
42451927
42452610
42453067
42453215
42453351
42454309
42454415
42454702
42455269
42455327
42455506
42455853
42456846
42457301
42457670
42457838
42458327
42458588
42459010
42459148
42459527
42459569
42459667
42460176
42460248
42460533
42460817
42460898
42460933
42460934
42461010
42461534
42461600
42461732
42461745
42461785
42461908
42462307
42462466
42462722
42462870
42462965
42463032
42463051
42463312
42463829
42465047
42465568
42466077
42466217
42466251
42466358
42466520
42466702
42466747
42466802
42467166
42467983
42468125
42468401
42468744
42468798
42469012
42469038
42469181
42469658
42470194
42470240
42470249
42470304
42470352
42470438
42470976
42471178
42471378
42471469
42471577
42471764
42471846
42472222
42472524
42472575
42472643
42473132
42473205
42473403
42473475
42473476
42473678
42473760
42474048
42474149
42474258
42474503
42474563
42474616
42474694
42474713
42474718
42474751
42474797
42475045
42475225
42475390
42475825
42475842
42475922
42476031
42476064
42476135
42476297
42476375
42476458
42476472
42476691
42476958
42476970
42477039
42477203
42477515
42477578
42477663
42478057
42478127
42478347
42478561
42478640
42478665
42478737
42478775
42478858
42479190
42479193
42479410
42479543
42479741
42479838
42480352
42480519
42480824
42480887
42480910
42481632
42481823
42482269
42482392
42482422
42482543
42482650
42483118
42483273
42483446
42483787
42484032
42484040
42484046
42484258
42484518
42484706
42484796
42485021
42485454
42485953
42486072
42486087
42486139
42486221
42486532
42486550
42486984
42487128
42487405
42487588
42487600
42487652
42488034
42488205
42488275
42488403
42488439
42488855
42488958
42489001
42489179
42489182
42489527
42489543
42490095
42490163
42490640
42490699
42490846
42491136
42491396
42491693
42491703
42491739
42492220
42492466
42492531
42492555
42492608
42492622
42493009
42493029
42493176
42493339
42493409
42493506
42493739
42493868
42494049
42494203
42494369
42494954
42494956
42495043
42495126
42495607
42495650
42495765
42495915
42496057
42496193
42496428
42496465
42496484
42496568
42496700
42496915
42497014
42497099
42497562
42497772
42497797
42497901
42497960
42499348
42499349
42500824
42501129
42501450
42501550
42501593
42502102
42502170
42502767
42503002
42503063
42503111
42503754
42503939
42504046
42504300
42504339
42504378
42504409
42504423
42505457
42506348
42506758
42506941
42507038
42507711
42507801
42508121
42508232
42508576
42508752
42508793
42508943
42509137
42509378
42509916
42510011
42510334
42510526
42511206
42511266
42511359
42511573
42511607
42511609
42512685
42513202
42513217
42513230
42513842
42514309
42514341
42514559
42514562
42514628
42514854
42514906
42514991
42515161
42515292
42515814
42515833
42516011
42516061
42516150
42516167
42516373
42516516
42516716
42517004
42517250
42517361
42517440
42517778
42518828
42519252
42519546
42519560
42519709
42519937
42520298
42521264
42521375
42521647
42521897
42521945
42522018
42522085
42522209
42522655
42523422
42523625
42524037
42524137
42524304
42524339
42524596
42525449
42525655
42525900
42525969
42526278
42526281
42526693
42527498
42527506
42527729
42527813
42528091
42528186
42528218
42528301
42528424
42528740
42528894
42529367
42529878
42530035
42530191
42531109
42531334
42531335
42531524
42531579
42531693
42531760
42531826
42532145
42532211
42532213
42532922
42533312
42533584
42533768
42533937
42534095
42534146
42534234
42534499
42534583
42534828
42534950
42535235
42535302
42535368
42535373
42535485
42535657
42536124
42536204
42536415
42536698
42536857
42537205
42537268
42537269
42538170
42538314
42538424
42538699
42538726
42538761
42538791
42539246
42539663
42540564
42540978
42541183
42541611
42541682
42541782
42542841
42542898
42543186
42543440
42543549
42543780
42544225
42544971
42545003
42545274
42545478
42545527
42545966
42546324
42546508
42546601
42546656
42546842
42546849
42546878
42547209
42547239
42547250
42547336
42548111
42548171
42548259
42548676
42549088
42549360
42549597
42549748
42549814
42550042
42550086
42550252
42551034
42551049
42551700
42551855
42552076
42552116
42552264
42552289
42552794
42552985
42553037
42553038
42553304
42553440
42553453
42553665
42553755
42553809
42553825
42553872
42553957
42554244
42554283
42554332
42554652
42555142
42555198
42555271
42555304
42555327
42555924
42556865
42556949
42556964
42557040
42557240
42557575
42557599
42557638
42557889
42557897
42558067
42558205
42558925
42559162
42559178
42559383
42559402
42559505
42559649
42559978
42559997
42560040
42560301
42560439
42560500
42560580
42560637
42560680
42560698
42561149
42561283
42561511
42561928
42562620
42562891
42562931
42562952
42563016
42563590
42563603
42563729
42564085
42564173
42564710
42564970
42565120
42565197
42565326
42565406
42565525
42565619
42565653
42566126
42566197
42566404
42566742
42566760
42566876
42566939
42566942
42567121
42567232
42567592
42567607
42567953
42567989
42568256
42568367
42568900
42569262
42569417
42569488
42569562
42569589
42569977
42570174
42570666
42571181
42571236
42571305
42571643
42571823
42571890
42572182
42572326
42572349
42572624
42572649
42572683
42573162
42573199
42573472
42573693
42573837
42574335
42574531
42574578
42574748
42574855
42574919
42574981
42575615
42575915
42576387
42576495
42576645
42576659
42576873
42577174
42577430
42578164
42578248
42578275
42578486
42578490
42578571
42578679
42578747
42578873
42579139
42579164
42579531
42579813
42581275
42581320
42581671
42581726
42581964
42582211
42582338
42582679
42582713
42582857
42582972
42583161
42583287
42583432
42583473
42583505
42583826
42583875
42583926
42584193
42584552
42584892
42585531
42585764
42585787
42585888
42586488
42586580
42586805
42586908
42587012
42587340
42587347
42587370
42587730
42587758
42588313
42588488
42588543
42588668
42589425
42589660
42589741
42591458
42591525
42591725
42591758
42591964
42592178
42592276
42592324
42592519
42592904
42592969
42593106
42593162
42593410
42593436
42593590
42593691
42593720
42594151
42594219
42594756
42595729
42596171
42596230
42596434
42596614
42596617
42596953
42597584
42598936
42599728
42599862
42600430
42600583
42601490
42601831
42601901
42601993
42602046
42602517
42602614
42602886
42602987
42603323
42603668
42603831
42603857
42604539
42604899
42604943
42605097
42605114
42605195
42605575
42606214
42606368
42606811
42607340
42607825
42607945
42608018
42608384
42608887
42608916
42609714
42609913
42610172
42610762
42610862
42610987
42611091
42611262
42611761
42611795
42612088
42612596
42612606
42613080
42613134
42613528
42613800
42614663
42614914
42615236
42615600
42615823
42615988
42616594
42616627
42617161
42617504
42617732
42618043
42618046
42618326
42618649
42618871
42618874
42618900
42619009
42619336
42619440
42619557
42619565
42619738
42619804
42619932
42620301
42620382
42620947
42620983
42620995
42621232
42621410
42621433
42621507
42621611
42622208
42622230
42622242
42623044
42623250
42623459
42623486
42623584
42623595
42623701
42623948
42624146
42624154
42624208
42624373
42624559
42624631
42625152
42625163
42625277
42625356
42625433
42625593
42625839
42625897
42625973
42626068
42626420
42626445
42626481
42626836
42627008
42627259
42627578
42627584
42627588
42627596
42627604
42627633
42628284
42628506
42628709
42628855
42628982
42629328
42629330
42629603
42629777
42630208
42630273
42630276
42630370
42630494
42630499
42630762
42631275
42631749
42631912
42631913
42631931
42631976
42632604
42632642
42632691
42632823
42633030
42633846
42634343
42634448
42634479
42634485
42634519
42634644
42635146
42635305
42635433
42635544
42635545
42635625
42635675
42635677
42635948
42636487
42636758
42637002
42637303
42637358
42637383
42637865
42638104
42638310
42638699
42638910
42639011
42639436
42639568
42639730
42639861
42639923
42640281
42641009
42641065
42641349
42641464
42641465
42641684
42641944
42642146
42642270
42642301
42642774
42643371
42643598
42643890
42643957
42644121
42644156
42644368
42644841
42645733
42645965
42646234
42646350
42646354
42646667
42646929
42647427
42647745
42648044
42648055
42648093
42648279
42649110
42649149
42649241
42649335
42649581
42649590
42649898
42650265
42650276
42650501
42650833
42650888
42651328
42651486
42651576
42651966
42652555
42652573
42652622
42652989
42653055
42653946
42654560
42655025
42655129
42655333
42655539
42655861
42655903
42655963
42656163
42656236
42656419
42656562
42656819
42657258
42658037
42658598
42659301
42659546
42659742
42659950
42660300
42660797
42661009
42661029
42661120
42661284
42661549
42661843
42661876
42662310
42662501
42662552
42662914
42663089
42663157
42663291
42663335
42663557
42663958
42664176
42664215
42665010
42665883
42666035
42666045
42666127
42666338
42666396
42666406
42666608
42666825
42666826
42667312
42667599
42667705
42668218
42668377
42669025
42669572
42669588
42669823
42669939
42669974
42670192
42670595
42670680
42671401
42671598
42672265
42672616
42672617
42672838
42672927
42672994
42673369
42673686
42673740
42674004
42674081
42674514
42674691
42675395
42675457
42676267
42676288
42676490
42676518
42676898
42677773
42678166
42678296
42678819
42678983
42679144
42679162
42679692
42679875
42679899
42680508
42681048
42681269
42681355
42681497
42681602
42682132
42682280
42682509
42682695
42682729
42682802
42683195
42683312
42683424
42683568
42683700
42683817
42683854
42684014
42684087
42684695
42685194
42686004
42686246
42686697
42686754
42686817
42686822
42686865
42686869
42686907
42687110
42687113
42687226
42687413
42687535
42687700
42687719
42688273
42688726
42688780
42688868
42688871
42689017
42689279
42689490
42689582
42689609
42690532
42690706
42690745
42691299
42691463
42692108
42692557
42692719
42692850
42693370
42693517
42693678
42694126
42694192
42694929
42694993
42695097
42695249
42695386
42695456
42695616
42696342
42696421
42696739
42696846
42697872
42698910
42698962
42699174
42699416
42699429
42699696
42699728
42699874
42699997
42700028
42700106
42700243
42700373
42700410
42700688
42700986
42701652
42701718
42701915
42702026
42702129
42703357
42704132
42704368
42704704
42705546
42705606
42705751
42706344
42706364
42706779
42707327
42707364
42707528
42707752
42707925
42708198
42708711
42709164
42709313
42709340
42709457
42709741
42710765
42711182
42712456
42712511
42712728
42712753
42712794
42712886
42712967
42712969
42713123
42713137
42713197
42714171
42714229
42715109
42715274
42715397
42715625
42715679
42716069
42716199
42716288
42716627
42716910
42717027
42717147
42717394
42717535
42717538
42718002
42718262
42718708
42718965
42719137
42719342
42719344
42719401
42719868
42720080
42720281
42720300
42721905
42721989
42722022
42722150
42722475
42722517
42722557
42722909
42723026
42723630
42724200
42725782
42725905
42725923
42726063
42726193
42726206
42726297
42726377
42727194
42727303
42727348
42727850
42727904
42728773
42728837
42729049
42729050
42729084
42729110
42729115
42729143
42729563
42729578
42729619
42729922
42730197
42730604
42730948
42731385
42731681
42731690
42731873
42731885
42731955
42732236
42732445
42732689
42732690
42732986
42733006
42733033
42733034
42733259
42733352
42733776
42733779
42734636
42734687
42735070
42735391
42736123
42736386
42736480
42736607
42736801
42736980
42737025
42737436
42737478
42737746
42737963
42737965
42737988
42738169
42738302
42738309
42738464
42738671
42739548
42739643
42739834
42740182
42740602
42741053
42741138
42741165
42741702
42741828
42741936
42742365
42742421
42743285
42744160
42744336
42744794
42744987
42745158
42745226
42745531
42745622
42745795
42745881
42746310
42746697
42746948
42746964
42747089
42747191
42747224
42747257
42747697
42747937
42748022
42748070
42748280
42748351
42748378
42748556
42748807
42749069
42749252
42749268
42749346
42749473
42749805
42750115
42750441
42750650
42750651
42750722
42750833
42751050
42751122
42751267
42751310
42751489
42751812
42751821
42751991
42752691
42752772
42752895
42752969
42753111
42753384
42753764
42753766
42754111
42754275
42754383
42754528
42754648
42755059
42755191
42755212
42755996
42756035
42756216
42756264
42756392
42757248
42757330
42757355
42757455
42757474
42757571
42757699
42757968
42758443
42758522
42759388
42759483
42759949
42760376
42761563
42762039
42762083
42762582
42762793
42763201
42763667
42763758
42763922
42763967
42764254
42764564
42765101
42765112
42765480
42765992
42766319
42766890
42767299
42767571
42767752
42767963
42768041
42768115
42768118
42768186
42768291
42768831
42768907
42768955
42769045
42769187
42769263
42769511
42769843
42770288
42770377
42770453
42770538
42770910
42771075
42771177
42771445
42771547
42771942
42772060
42772418
42772716
42772754
42772974
42773015
42773847
42773855
42774498
42774625
42774881
42775203
42775246
42775281
42776076
42776284
42776623
42777044
42777259
42777321
42777517
42777735
42778290
42778295
42778349
42778389
42778475
42778514
42779187
42779276
42779510
42779640
42779739
42779887
42780078
42780124
42780317
42780344
42780724
42780761
42781677
42781688
42781757
42782273
42782278
42782319
42782431
42782602
42782915
42782971
42782976
42783126
42783211
42783429
42783778
42784048
42784133
42784635
42784898
42785518
42786030
42786302
42786386
42786951
42787623
42787752
42787767
42788220
42788329
42788523
42788791
42789139
42789435
42789742
42789879
42789998
42790213
42790341
42790557
42790827
42790858
42791137
42791315
42791576
42792049
42792152
42792174
42792217
42792294
42792437
42792467
42792494
42792544
42792727
42793040
42793967
42794219
42794434
42794644
42794814
42794961
42795154
42795981
42796198
42796200
42796203
42796233
42796277
42796619
42796864
42796923
42797051
42797063
42797265
42797408
42798018
42798166
42798176
42798292
42798743
42799055
42799109
42799512
42799549
42799745
42799851
42799869
42799878
42799952
42800078
42800247
42800367
42800384
42800447
42801230
42801611
42801751
42802125
42802570
42802815
42802855
42802894
42802908
42803176
42803437
42803815
42804043
42804067
42804187
42804333
42804486
42805143
42805183
42805679
42805686
42806016
42806352
42806599
42806749
42806896
42806944
42807128
42807724
42808075
42808636
42809628
42809858
42809882
42809902
42810125
42810678
42811474
42811696
42812593
42813465
42814197
42814220
42815167
42816015
42816080
42816191
42816312
42816393
42816463
42816533
42816726
42816953
42817632
42817686
42817727
42818652
42818724
42819085
42819442
42819693
42821135
42822462
42822679
42822866
42822934
42823046
42823207
42823390
42823949
42824254
42824553
42824554
42825050
42825065
42825292
42825452
42825682
42825696
42825729
42825883
42825928
42826002
42826314
42827137
42827422
42827440
42827722
42827912
42828019
42828147
42828376
42828634
42828771
42828978
42829153
42829263
42829418
42830061
42830979
42831141
42831172
42831652
42831719
42832299
42832348
42832497
42832820
42833164
42833349
42833375
42833828
42833845
42834019
42834035
42834435
42834778
42834960
42835105
42835328
42835333
42835364
42835799
42836236
42836369
42837066
42837103
42837404
42837636
42837665
42837728
42837889
42838512
42838733
42838767
42838837
42839051
42839184
42839219
42839288
42839464
42839479
42839563
42839681
42839694
42839709
42840162
42840184
42840193
42840215
42840371
42840400
42840575
42840586
42840597
42840857
42841352
42841434
42841620
42841740
42842800
42842808
42843608
42843775
42843996
42844578
42844646
42845493
42845637
42846599
42846873
42847001
42847186
42847305
42847455
42847760
42848090
42848361
42848479
42848679
42848759
42848819
42848828
42849205
42849683
42850452
42851241
42851301
42851356
42851441
42851452
42852030
42852442
42852909
42853002
42853388
42853401
42853771
42854459
42854852
42855577
42855688
42855941
42856266
42856274
42856456
42856942
42858184
42858223
42858228
42858568
42859150
42859466
42859765
42860002
42860538
42860852
42861187
42861213
42861475
42861621
42861745
42862353
42862369
42862421
42862562
42862834
42863178
42863461
42863673
42863985
42864009
42864091
42864146
42864337
42864454
42864722
42864787
42864942
42865073
42865112
42865293
42865663
42865729
42865884
42866139
42866167
42866384
42866398
42866725
42867178
42867246
42867388
42867399
42867537
42867751
42868155
42868291
42868485
42868888
42868972
42868981
42869163
42869669
42869908
42870174
42870277
42870340
42870345
42870628
42871071
42871245
42871261
42871640
42871664
42871724
42871750
42871821
42872409
42872520
42872765
42872828
42872896
42873877
42873968
42874348
42874799
42874903
42874927
42875119
42875441
42875504
42875524
42875643
42875656
42875892
42875947
42876282
42876344
42876760
42876828
42877033
42877328
42877970
42877989
42878173
42878293
42878298
42878424
42878651
42878877
42878956
42879192
42879259
42879419
42879952
42880025
42880683
42880695
42880702
42880914
42880979
42881134
42881147
42881606
42881764
42881793
42882083
42882099
42882252
42882934
42883554
42884046
42884838
42885255
42885567
42886034
42886047
42886171
42886204
42886274
42886937
42886989
42887013
42887021
42887371
42887423
42887810
42887991
42888004
42888146
42888213
42889050
42889200
42889444
42889721
42890358
42890922
42890986
42891212
42891342
42891647
42891880
42892190
42892309
42892733
42892830
42892957
42893276
42893544
42894055
42894313
42894430
42894483
42894790
42895252
42895856
42896233
42896325
42896524
42896554
42896999
42897492
42898052
42898276
42898794
42898823
42898954
42899020
42899088
42899125
42899432
42900436
42900614
42900910
42901792
42901817
42902258
42902344
42902611
42902639
42902642
42902664
42902839
42902937
42903313
42903368
42903541
42903659
42904065
42904146
42904298
42904343
42904528
42905521
42906070
42906168
42906555
42906628
42906837
42907097
42907149
42907214
42907243
42907637
42907665
42907670
42907816
42907879
42908702
42908768
42909168
42909452
42909465
42909650
42909760
42910013
42910378
42910496
42910533
42910692
42911945
42911949
42912275
42912366
42912742
42912746
42912763
42913256
42913323
42913459
42913515
42913523
42913745
42913757
42913771
42913784
42914241
42914600
42914758
42915182
42915196
42915886
42915954
42916107
42916149
42916160
42916209
42916418
42916564
42916981
42917263
42917313
42917778
42917944
42918139
42918450
42919342
42919459
42919591
42920115
42920885
42921221
42921403
42921497
42921540
42921602
42921646
42921766
42921779
42922242
42922374
42922414
42922457
42922658
42922689
42922927
42922994
42923056
42923141
42923306
42923533
42923567
42923799
42923992
42923995
42924079
42924539
42924678
42924802
42925459
42926041
42926391
42926631
42926690
42927145
42927755
42927926
42927949
42928595
42928645
42928799
42928816
42929211
42929231
42929308
42929660
42929790
42929799
42929866
42930071
42930306
42930535
42930870
42930896
42931237
42931555
42931591
42931715
42931912
42933672
42934471
42934605
42935322
42935462
42935685
42936348
42936521
42936801
42937237
42938287
42938698
42938767
42938933
42938944
42938961
42939326
42939395
42939536
42940384
42940417
42940534
42940782
42940799
42941045
42941203
42942453
42942808
42943310
42943326
42943377
42943622
42943771
42943811
42943990
42944332
42944342
42944425
42944894
42944909
42945548
42946003
42946023
42946530
42946654
42947147
42947245
42948489
42949686
42950091
42950183
42950552
42950600
42951185
42951519
42951669
42952301
42952782
42952851
42952867
42952878
42952976
42953650
42953848
42954153
42954170
42954321
42954622
42955314
42955809
42956051
42957462
42957800
42957840
42958449
42958645
42958950
42958968
42959259
42959369
42960016
42960185
42960318
42960530
42960700
42960952
42961021
42961724
42961753
42961841
42962015
42962021
42962184
42962243
42962651
42963545
42963585
42963958
42964188
42964355
42965189
42965357
42965514
42965670
42965872
42965914
42965948
42966190
42966494
42966495
42966628
42966694
42967341
42967343
42967528
42967855
42968203
42968306
42969102
42969230
42969445
42969718
42970233
42970444
42970802
42971529
42971844
42972233
42972263
42972505
42972577
42972729
42972775
42973131
42973447
42974225
42974253
42974719
42974774
42975227
42975457
42975530
42975563
42975712
42975998
42976053
42976068
42976275
42976360
42976439
42976459
42976777
42977349
42977866
42978666
42979181
42979288
42979471
42979824
42979943
42980112
42980291
42980331
42981361
42982552
42982786
42982839
42983039
42983330
42983347
42983653
42984052
42984318
42984746
42984791
42984877
42985044
42985214
42985587
42985669
42985808
42986116
42986341
42986898
42987709
42988253
42990654
42991037
42992119
42992340
42992789
42992852
42993086
42993114
42993596
42993816
42993826
42993899
42993985
42994135
42994203
42994476
42994560
42994842
42994904
42995033
42995217
42995246
42995494
42995557
42995780
42995816
42996040
42996212
42996364
42997729
42997755
42998499
42998558
42998849
42998873
42999032
42999400
43000015
43000163
43000527
43000555
43000608
43000621
43000644
43000802
43001531
43001583
43001704
43001757
43001761
43002117
43002187
43002331
43002394
43002798
43004111
43004120
43004529
43004562
43004683
43005087
43005689
43005741
43006324
43006353
43006444
43006519
43006741
43007465
43007572
43008244
43008409
43008663
43008848
43008917
43009028
43009640
43009767
43009922
43010605
43010996
43011827
43011973
43012240
43012284
43013106
43013393
43013466
43013485
43014151
43014310
43014399
43014400
43014642
43014842
43014988
43015344
43015417
43015545
43015582
43015972
43016352
43017194
43017234
43017299
43017639
43018244
43018708
43018916
43019040
43019351
43019509
43019893
43020067
43020228
43020794
43020903
43021439
43021442
43022783
43023008
43023288
43023508
43023657
43023798
43023838
43023844
43024175
43024729
43024999
43025281
43025596
43026053
43026056
43026432
43026854
43026914
43027023
43027338
43027455
43027547
43027559
43029022
43029409
43029789
43029807
43030952
43030987
43031077
43031079
43031177
43031459
43032152
43032253
43033309
43033660
43033916
43033952
43034105
43034274
43034285
43034319
43034320
43035139
43035313
43035332
43035494
43036333
43036532
43036577
43036658
43036679
43036877
43037115
43037239
43037444
43037573
43037576
43037897
43038045
43038517
43038947
43039011
43039167
43039276
43039550
43039785
43040298
43041411
43041437
43041638
43042299
43042534
43042587
43042938
43043133
43043173
43043238
43043542
43043643
43043724
43043914
43044133
43044336
43044393
43044450
43044564
43044582
43044587
43045032
43045189
43045274
43045564
43045612
43046067
43046382
43046664
43046965
43047094
43047406
43047571
43047901
43048252
43048274
43048449
43049019
43049714
43049974
43050500
43050509
43050548
43051230
43051949
43052205
43052316
43052319
43052337
43052370
43052494
43053146
43053933
43054677
43054997
43055093
43055413
43055646
43055879
43055909
43055936
43055991
43056225
43056335
43056504
43057190
43057649
43058553
43058667
43058958
43059559
43061313
43062085
43062482
43062733
43062777
43063213
43063284
43063344
43063535
43063872
43064168
43064786
43064802
43065204
43065330
43065535
43065559
43065590
43065934
43066076
43066205
43066593
43066721
43066916
43066933
43068184
43068316
43068981
43069181
43069914
43070047
43070647
43071910
43072221
43072352
43072372
43072662
43072708
43072716
43073278
43073948
43074356
43074394
43074558
43074653
43074686
43074786
43075299
43075514
43075692
43075811
43075821
43076679
43076702
43076916
43077444
43077828
43078007
43078089
43078351
43078536
43078965
43079055
43079059
43079671
43079920
43079927
43080122
43080361
43082150
43082323
43082430
43082868
43083007
43083012
43083316
43083411
43083601
43084057
43084249
43084408
43084432
43084520
43084774
43085479
43085628
43085717
43085820
43085859
43086143
43086231
43087155
43087231
43087523
43088370
43088516
43088898
43089037
43089049
43089104
43089178
43089334
43089407
43089634
43089689
43089832
43090130
43090193
43090194
43090657
43090778
43091294
43091307
43091390
43091561
43092210
43092260
43092476
43092738
43092751
43092773
43092940
43094316
43094472
43094526
43094539
43094932
43095135
43095423
43095495
43095692
43096526
43096568
43096614
43096640
43096752
43096931
43097017
43097206
43097319
43097660
43097847
43098224
43098449
43098566
43099539
43099563
43100154
43101110
43101865
43101979
43102419
43102471
43102799
43103608
43103985
43104067
43104246
43104485
43104641
43104684
43104704
43104793
43106140
43106201
43106720
43106836
43107228
43107278
43107356
43107587
43107696
43107732
43108043
43108131
43108343
43108517
43108676
43108813
43108871
43108887
43109033
43109471
43109541
43109710
43109821
43109971
43110332
43111021
43111206
43111280
43111440
43111483
43111909
43112413
43112420
43113598
43113740
43114084
43114150
43114381
43115208
43116002
43116343
43116398
43116422
43116435
43116498
43116626
43116679
43116831
43116971
43117009
43117010
43117707
43118058
43118083
43118382
43118415
43120118
43120409
43120631
43120743
43120996
43121023
43121166
43121356
43121623
43121739
43121822
43121840
43122639
43122935
43123054
43123244
43123651
43123729
43124206
43124480
43124573
43124732
43125039
43125368
43125377
43125442
43126073
43126133
43126351
43126385
43126462
43126475
43127253
43127539
43127832
43127918
43128295
43128871
43128983
43129020
43129426
43129583
43129610
43129738
43130166
43130207
43130254
43130431
43130692
43130699
43131012
43131132
43131231
43131649
43131652
43131659
43132118
43132227
43132531
43132546
43132800
43132840
43132845
43132984
43133212
43134075
43134403
43135863
43136069
43136215
43136353
43136666
43136746
43137087
43137583
43138046
43138184
43138257
43138379
43138397
43138444
43138564
43138675
43138992
43139104
43139560
43139656
43140073
43140585
43140624
43140653
43140812
43140914
43141155
43141173
43141274
43141310
43141834
43142612
43143029
43144070
43144123
43144170
43144551
43144645
43145072
43145088
43145100
43145347
43145626
43145731
43146501
43146635
43146659
43146737
43146903
43147223
43147299
43147950
43147994
43148143
43148623
43148624
43148851
43148976
43149219
43149362
43149984
43150057
43151481
43151552
43151575
43151611
43151657
43151881
43152142
43152300
43152480
43152613
43152648
43152675
43153077
43153156
43153515
43153692
43154307
43154802
43155275
43155585
43155644
43155924
43156028
43156648
43157055
43157167
43157331
43157510
43157614
43157869
43158170
43158539
43158599
43158696
43158861
43158942
43159101
43159106
43159165
43159386
43160050
43160147
43160305
43160414
43160725
43161885
43162358
43162552
43162804
43162907
43164444
43164523
43164571
43164622
43164677
43164999
43166315
43166524
43166791
43166871
43166910
43167449
43167696
43168919
43169333
43169334
43169429
43169544
43169659
43170001
43170081
43170205
43170581
43170727
43170905
43170976
43171116
43172110
43172314
43172439
43173124
43173298
43173459
43173917
43174184
43174635
43176171
43176376
43176490
43176601
43176762
43176829
43176988
43178242
43178372
43178812
43178934
43179090
43179405
43179471
43179504
43179572
43180410
43180678
43181269
43182335
43182358
43182431
43183448
43183658
43183970
43184319
43184451
43184655
43184667
43184739
43184806
43184921
43185309
43185540
43185657
43185836
43186027
43186578
43187178
43187372
43187519
43187936
43188239
43188421
43188464
43188540
43188617
43189427
43189543
43189698
43189708
43190010
43190152
43190553
43190625
43190693
43190901
43191087
43191925
43191979
43192196
43192473
43192755
43192780
43192900
43192908
43192962
43193191
43194056
43194751
43194844
43195226
43195280
43195309
43195388
43195438
43195536
43195571
43195773
43195821
43196259
43196274
43196369
43196981
43197645
43197827
43198066
43198577
43198747
43198991
43199280
43199824
43199996
43200203
43200542
43200606
43200694
43201108
43201172
43201321
43201458
43201682
43201750
43203023
43203354
43203464
43203736
43203907
43203934
43203953
43204813
43204982
43205060
43205129
43205267
43205633
43205734
43206012
43206027
43206117
43206121
43206839
43207169
43207392
43207530
43207574
43207715
43208214
43208332
43208349
43208369
43208451
43208491
43208716
43208720
43208723
43209199
43209287
43209519
43209531
43209700
43209754
43210558
43210581
43210599
43210987
43211335
43211420
43212160
43212174
43212735
43212850
43213273
43213358
43213646
43213667
43214207
43214655
43214845
43214860
43215731
43215850
43215860
43216190
43216727
43217441
43217753
43218135
43218361
43218596
43218659
43219083
43219248
43219262
43219451
43220258
43220299
43220442
43220941
43220963
43221529
43221889
43221981
43222052
43222246
43222641
43223347
43224300
43224431
43224591
43225013
43225067
43225253
43225345
43225710
43225938
43225992
43226130
43226137
43226358
43226432
43227067
43227095
43227151
43227236
43227630
43228065
43228213
43228595
43228815
43228921
43229131
43229172
43229215
43229216
43229220
43229874
43230013
43230495
43230805
43231072
43231334
43231521
43232108
43232374
43232768
43233411
43233853
43233857
43234057
43234305
43234804
43234969
43235477
43235599
43235615
43236639
43236920
43237510
43237835
43238025
43238088
43238163
43238246
43238247
43238551
43238559
43238944
43239260
43239290
43239646
43239652
43239755
43239850
43239860
43240186
43240861
43241589
43241671
43241912
43242102
43242709
43242863
43242955
43243334
43243652
43243701
43243865
43244538
43244907
43245520
43245617
43245864
43246613
43248193
43248510
43248908
43249810
43249836
43250131
43250890
43251706
43252007
43252058
43252716
43252776
43252853
43252855
43253899
43254101
43254296
43254596
43254914
43254986
43255166
43255180
43255841
43256044
43256187
43256866
43257437
43257515
43257779
43257999
43258479
43258678
43259271
43259304
43259938
43260114
43260307
43260838
43261358
43261944
43262466
43262469
43262492
43262842
43263144
43263314
43263655
43263906
43263921
43263946
43264090
43264374
43265496
43265527
43265584
43266058
43266224
43266578
43266761
43266899
43267101
43267615
43267655
43267695
43267850
43268070
43268433
43268509
43268564
43268691
43269331
43269358
43269674
43269736
43269749
43270025
43270349
43270499
43270768
43270873
43271133
43271294
43271771
43271891
43272187
43272190
43272345
43272529
43272718
43272762
43273258
43274473
43274522
43274877
43275024
43275368
43276043
43276113
43276406
43276624
43276701
43276854
43277357
43277730
43278268
43278281
43278540
43279396
43279551
43279740
43279938
43280069
43280221
43280321
43280369
43280653
43280679
43280810
43280937
43281734
43281790
43281846
43281940
43282222
43282307
43282682
43283142
43283207
43283660
43283824
43284476
43285124
43285473
43285558
43285604
43285634
43286113
43287059
43287479
43288441
43288938
43289020
43289389
43289664
43289799
43290058
43290096
43290166
43291208
43291505
43291813
43291948
43292366
43292848
43293075
43293713
43293764
43293837
43294493
43294703
43295146
43295226
43295434
43295803
43296006
43296095
43296312
43296624
43296747
43296906
43297138
43297198
43297638
43297711
43297877
43298771
43299058
43299558
43299660
43300235
43300487
43300639
43301454
43301476
43301515
43301547
43301555
43302112
43302356
43302764
43302826
43302954
43303432
43303706
43303763
43303824
43303916
43304266
43304659
43305022
43305030
43305274
43305705
43305910
43306239
43306569
43306654
43307332
43307929
43308427
43308575
43308670
43310288
43310387
43310641
43310886
43311095
43311114
43312046
43312261
43312405
43312462
43312516
43312555
43312929
43313585
43313593
43313638
43313869
43313974
43314494
43314502
43314550
43314866
43316020
43316313
43316394
43316554
43316613
43316726
43316827
43317191
43317245
43317741
43317845
43317929
43318079
43318225
43318283
43318651
43318869
43318872
43319198
43319387
43319437
43319588
43319904
43319967
43320060
43320098
43320390
43320616
43321413
43321687
43322120
43322772
43322977
43322981
43323363
43323510
43324077
43324084
43324355
43324416
43324532
43324717
43324819
43325266
43325282
43325570
43326172
43326554
43326996
43328098
43328510
43328534
43329200
43329230
43329251
43329617
43329827
43329890
43329921
43329931
43330036
43330693
43330707
43330765
43330824
43331031
43331859
43332215
43332251
43332294
43332619
43333206
43333547
43333985
43334097
43334169
43334277
43334421
43334717
43334791
43335452
43335576
43336267
43336411
43336439
43336577
43337143
43337579
43337802
43338076
43338317
43338582
43338686
43338692
43338818
43338903
43339054
43339605
43339655
43339876
43339986
43340430
43341230
43341411
43341637
43341926
43341950
43342096
43342182
43342207
43342359
43343602
43343821
43344183
43344233
43344504
43344564
43344691
43344955
43345116
43345232
43345260
43345279
43345292
43345525
43345700
43345930
43345958
43346268
43346325
43346396
43346430
43346431
43346530
43347176
43347186
43347286
43347794
43347819
43347982
43348283
43348519
43348550
43348552
43348705
43348942
43348952
43348971
43349437
43349631
43349863
43350014
43350076
43350093
43350361
43350521
43350596
43350898
43350982
43351060
43351222
43351691
43352588
43353516
43354096
43354167
43354533
43354622
43355046
43355142
43355555
43355676
43355847
43356141
43356267
43356537
43357128
43357715
43357748
43357778
43357881
43358181
43358212
43358653
43358916
43359230
43359260
43359561
43359619
43359633
43359644
43359694
43360336
43360818
43361049
43361208
43361495
43361879
43362168
43362296
43362307
43362370
43363269
43363581
43363652
43364138
43364142
43364562
43365358
43365515
43365901
43366786
43366796
43366883
43367951
43368310
43368391
43368914
43369031
43369120
43369139
43369902
43370097
43370333
43370500
43370676
43370992
43371125
43371131
43371136
43371251
43371426
43372280
43372544
43372789
43372819
43373120
43373142
43373554
43373655
43373842
43373860
43374112
43374152
43374430
43375106
43375172
43375211
43375257
43375537
43375644
43375842
43377588
43377864
43378283
43378666
43378699
43379074
43379650
43380066
43380743
43380758
43380792
43381320
43381530
43381820
43382024
43382072
43382137
43382665
43382790
43383197
43383692
43384435
43384485
43384802
43386087
43386348
43386907
43387099
43387270
43387410
43387681
43388204
43388448
43388648
43388715
43388722
43389299
43389653
43389845
43389915
43390581
43390768
43391178
43391627
43392331
43392348
43392572
43393133
43393207
43393580
43393601
43393818
43393832
43394190
43394475
43394718
43394746
43394830
43394845
43395060
43395318
43395446
43396347
43396417
43396502
43396638
43396689
43397086
43397688
43397813
43397907
43398360
43398608
43398836
43398863
43399441
43399621
43399628
43399767
43399831
43399875
43400614
43400812
43400923
43401219
43401258
43401261
43401713
43401832
43402192
43402209
43402666
43402669
43403112
43403178
43403182
43403226
43403370
43403639
43403798
43403843
43403852
43404295
43404390
43404441
43404446
43404528
43404733
43405568
43405753
43405878
43406146
43406456
43406646
43406923
43407483
43407647
43407732
43407911
43408045
43408217
43408273
43408393
43408502
43408523
43408536
43408888
43408904
43409356
43409490
43409959
43410221
43410818
43411152
43411417
43411706
43411745
43412105
43412235
43412286
43412324
43412367
43412417
43412419
43412425
43412434
43412662
43413000
43413432
43413487
43413805
43413998
43414925
43415062
43415079
43415511
43415748
43415986
43416465
43416898
43417357
43417666
43417786
43418139
43418391
43418774
43419306
43419758
43420190
43420338
43420413
43421012
43421027
43421730
43422724
43422846
43423209
43423542
43423592
43423694
43424881
43425076
43425196
43425324
43425437
43425627
43425644
43425652
43426218
43426419
43426636
43427136
43427196
43427309
43427650
43427823
43428651
43428938
43428944
43429099
43429114
43429216
43429258
43429757
43429861
43430763
43430881
43432115
43432431
43432447
43433264
43433630
43434241
43434340
43434443
43435078
43436594
43436856
43436946
43436975
43436982
43437003
43437040
43437116
43437295
43437299
43437346
43437468
43437961
43438097
43438242
43439419
43439715
43439727
43439775
43440209
43440368
43440562
43440806
43440856
43440867
43440929
43441178
43441709
43441808
43441842
43442232
43442369
43442744
43442780
43442954
43443168
43443248
43443294
43443418
43443654
43443703
43443937
43444094
43444184
43444685
43445141
43445245
43445286
43445568
43445917
43446328
43446775
43446802
43447208
43447696
43447894
43448014
43448106
43448202
43448542
43448696
43448702
43449043
43449080
43449225
43449239
43449443
43449469
43449680
43449949
43450406
43450492
43450535
43451085
43451251
43451582
43451722
43451780
43452441
43452874
43453138
43453244
43453645
43454587
43454809
43454830
43455351
43455608
43455809
43455943
43455947
43456078
43456175
43456282
43456288
43456911
43457315
43457403
43457430
43457577
43457912
43458111
43458639
43458872
43459012
43459571
43459729
43459775
43459908
43459973
43460387
43460446
43460712
43460907
43460930
43460957
43461010
43461088
43461982
43462127
43462407
43462457
43462645
43462646
43462650
43462728
43463269
43463594
43463710
43463767
43463812
43463867
43463944
43464121
43464213
43464499
43464670
43464788
43464935
43465114
43465199
43465370
43465799
43465932
43466147
43466277
43466729
43466835
43466869
43466963
43467155
43467328
43467405
43467512
43467783
43467809
43468088
43468191
43469146
43469834
43470334
43471570
43471607
43471817
43472356
43472484
43472921
43473018
43473410
43473518
43473602
43473812
43473918
43473998
43474385
43474887
43474964
43475068
43475319
43475770
43475856
43476272
43476649
43476732
43476786
43477246
43478115
43478404
43478405
43478616
43478878
43479369
43479370
43479567
43479604
43479934
43480380
43480419
43480675
43480683
43481303
43481622
43482030
43482434
43482644
43482680
43482952
43483019
43483260
43483348
43483379
43483592
43483601
43483918
43483954
43484137
43484514
43484525
43484529
43484747
43484786
43484872
43484999
43485206
43485243
43485267
43485713
43485909
43486159
43486272
43486497
43486537
43486538
43486542
43486846
43487160
43487959
43488116
43488988
43489181
43489319
43489428
43489572
43489851
43489953
43489960
43490322
43490497
43490702
43491070
43491719
43491849
43492542
43493055
43493059
43493111
43493677
43493721
43494134
43494816
43495043
43496008
43496098
43496204
43496465
43496641
43496695
43496696
43497293
43497298
43497396
43497486
43497552
43498123
43498434
43498808
43498982
43499181
43499586
43499657
43499678
43499686
43499948
43499953
43500018
43500185
43500489
43500618
43500997
43501243
43501865
43501884
43501894
43502313
43502532
43502684
43502897
43502900
43503080
43503238
43503350
43503562
43503585
43503745
43503841
43504070
43504130
43504265
43504277
43504324
43504407
43504810
43504852
43505014
43505294
43505322
43505341
43505444
43506086
43506389
43506733
43506863
43507005
43507103
43507237
43507292
43507358
43507416
43507529
43507701
43507847
43507924
43508157
43508333
43508341
43508394
43508523
43508538
43509087
43509174
43509624
43509755
43510501
43510603
43511295
43511477
43511481
43511581
43511926
43512004
43512106
43512392
43512753
43512761
43514888
43514978
43515360
43515753
43516349
43516908
43517000
43517228
43517330
43517461
43518134
43518549
43519501
43519531
43519785
43520137
43520182
43520276
43520966
43521135
43521167
43521183
43521227
43521252
43521348
43521382
43521651
43521817
43522055
43522260
43522950
43523215
43523693
43523699
43523763
43524130
43524474
43524599
43524894
43524975
43525722
43525896
43525922
43525935
43526186
43526317
43526361
43526694
43526718
43526938
43526984
43526999
43527455
43527575
43527646
43527789
43527911
43528425
43528499
43528608
43528650
43528849
43529006
43529015
43529396
43529538
43529608
43529953
43530014
43530300
43530304
43530875
43531569
43531704
43532120
43532714
43533065
43533216
43533500
43533712
43534681
43534708
43534786
43534874
43534877
43535125
43535349
43535562
43535760
43535845
43536068
43536576
43536603
43536755
43537589
43537682
43538038
43538105
43538163
43538167
43538465
43538546
43538623
43538788
43539277
43539428
43540416
43540743
43540798
43541126
43541286
43541376
43541495
43541501
43541621
43541639
43541841
43541901
43542084
43542831
43542891
43543513
43543647
43543845
43543913
43544891
43544939
43545091
43545735
43545785
43545829
43546229
43546695
43547245
43547347
43547489
43547791
43547865
43548009
43548150
43548344
43548433
43548752
43548813
43549243
43549405
43549420
43549457
43549962
43550206
43550387
43550568
43550690
43550869
43550898
43550918
43551106
43551109
43551498
43551782
43551872
43551945
43552289
43552373
43552716
43553596
43553690
43554049
43554113
43554167
43554433
43554511
43554535
43554754
43555447
43555809
43556157
43556412
43556451
43556589
43556608
43556955
43557176
43557534
43558464
43558522
43558560
43558606
43558691
43559767
43559890
43560364
43560528
43560758
43561001
43561720
43562517
43562524
43563226
43563336
43563548
43563717
43564374
43565068
43565454
43565477
43565580
43566160
43566232
43566248
43566302
43566355
43566359
43566706
43566731
43566850
43567487
43567522
43567606
43567666
43568250
43568431
43568440
43568763
43568965
43569279
43569498
43569797
43569830
43570251
43571114
43571449
43571659
43571950
43572300
43572453
43572486
43573017
43573355
43573678
43573918
43574945
43575036
43575079
43575805
43576151
43576463
43576795
43576862
43577170
43577268
43577530
43577765
43577970
43578090
43578268
43578599
43578888
43578965
43578977
43579011
43579057
43579225
43579645
43579703
43579816
43580640
43580709
43581577
43581629
43581745
43581803
43582488
43583220
43583312
43583393
43583446
43583593
43584075
43585353
43585368
43586217
43586329
43586382
43587063
43587194
43587581
43587781
43588194
43588833
43588858
43589035
43589159
43589570
43589658
43590368
43590522
43590552
43590559
43590982
43591220
43591302
43591436
43592581
43592645
43593012
43593574
43593836
43594392
43594439
43594554
43594821
43594987
43595098
43595798
43596438
43596583
43596657
43596832
43596968
43597418
43597845
43597977
43598356
43598435
43598439
43598466
43598591
43598718
43598994
43599134
43599209
43599321
43599356
43599429
43599517
43599543
43599646
43599904
43600050
43600330
43600463
43600495
43600599
43601090
43601124
43601236
43601430
43601548
43601647
43602335
43602497
43602944
43602997
43603765
43604039
43604062
43604705
43604726
43604797
43605234
43605311
43605324
43605616
43605764
43606256
43606452
43607770
43608227
43609080
43609273
43609507
43609608
43610088
43610224
43610421
43610495
43610724
43610816
43611172
43611421
43612132
43612352
43612462
43612751
43613178
43613315
43613361
43613535
43613798
43614113
43614175
43615026
43615303
43615452
43615668
43615709
43615967
43616091
43616711
43616759
43617117
43617212
43617806
43618135
43618366
43618657
43618935
43619166
43619176
43619446
43619849
43619892
43620228
43620397
43620535
43620694
43620796
43621437
43621668
43621690
43621796
43622098
43622638
43622913
43623129
43623249
43623368
43623404
43624118
43624199
43624402
43624430
43624439
43624612
43624810
43625382
43625817
43625865
43625934
43626209
43626729
43627178
43627258
43627449
43627670
43627876
43628054
43628319
43628644
43628659
43629006
43629085
43629122
43629652
43629654
43630001
43630189
43630285
43630308
43630334
43630407
43630764
43630915
43630965
43631117
43631141
43631219
43631306
43631388
43632538
43632664
43633023
43633058
43633158
43633440
43633612
43633639
43633741
43634072
43634477
43634495
43635079
43635275
43635347
43635349
43635531
43635601
43635739
43635847
43636236
43637215
43637226
43637294
43637491
43637590
43637713
43638052
43638058
43638063
43638389
43638471
43638474
43638694
43638791
43639177
43639907
43640164
43640589
43640963
43641001
43641742
43641786
43643151
43643436
43643511
43643651
43643939
43644110
43644514
43644737
43645573
43645905
43646600
43646802
43646897
43647643
43647708
43648019
43648175
43648303
43648639
43649023
43649141
43649428
43649528
43649819
43650437
43650726
43650825
43651038
43651170
43651350
43651538
43651832
43651852
43651859
43652288
43652524
43652599
43653665
43653762
43653879
43654204
43654351
43654815
43654825
43655611
43655659
43655686
43655787
43655809
43655840
43655911
43655983
43656087
43656548
43656598
43656939
43657537
43657798
43658699
43658953
43659510
43660826
43661860
43662040
43662411
43662476
43662779
43662866
43662947
43663252
43663281
43663343
43663509
43663953
43664570
43665207
43665299
43665450
43665716
43666034
43666051
43666120
43666430
43667172
43667515
43668279
43669711
43670364
43670575
43671412
43672042
43672505
43672943
43673037
43674611
43674618
43675908
43676528
43676832
43677680
43677832
43678132
43678726
43678796
43679019
43679083
43679794
43680055
43680281
43680491
43680585
43680895
43681015
43681080
43681284
43681309
43681391
43681738
43681804
43682033
43682540
43682967
43682971
43683210
43683390
43683607
43683612
43684072
43684684
43685480
43685637
43686452
43686638
43687585
43688018
43688032
43688386
43688437
43688475
43688744
43689410
43689418
43690027
43690630
43691566
43691577
43691911
43693361
43693629
43693678
43693732
43694051
43694070
43694612
43695554
43696520
43696741
43696841
43696995
43697247
43697709
43697831
43697944
43698303
43698461
43699276
43699543
43699685
43699836
43700249
43700514
43700772
43700808
43700851
43700917
43701351
43701690
43701828
43702030
43702776
43703115
43703215
43703257
43703677
43703928
43703996
43704016
43704692
43704761
43705159
43705667
43706280
43706405
43706574
43706595
43706903
43706993
43707202
43707330
43707514
43707997
43708570
43708586
43708866
43708883
43709041
43709378
43709435
43709453
43709484
43709541
43709543
43709877
43710032
43710447
43711161
43711280
43711384
43711400
43711619
43711779
43711872
43711953
43714166
43714331
43715400
43715430
43716064
43716342
43717005
43717500
43717688
43717724
43717830
43717948
43718776
43718949
43718961
43718969
43719561
43719760
43719807
43719905
43720062
43720083
43720465
43720562
43720873
43721737
43721812
43721963
43721979
43722165
43722492
43722583
43723075
43723218
43724150
43724209
43724245
43724543
43724961
43725093
43725302
43726605
43726680
43726727
43726813
43726894
43726939
43727503
43727661
43727806
43727886
43727896
43728232
43728410
43728643
43728889
43729033
43730130
43730212
43730342
43730526
43730668
43731472
43731940
43732108
43732170
43732413
43732435
43732498
43732597
43732912
43732919
43734162
43734365
43734963
43735190
43735278
43735291
43735693
43736572
43736575
43737311
43737320
43737345
43737647
43737695
43738058
43738092
43738137
43738166
43738358
43738406
43738955
43739449
43739511
43739579
43739992
43740040
43740208
43740498
43740795
43740940
43741133
43741183
43741418
43741712
43742280
43742381
43742667
43743908
43744000
43744024
43744166
43744593
43744727
43746220
43746284
43746744
43747192
43747361
43747543
43747699
43747720
43747814
43748043
43748289
43748409
43748671
43748719
43748952
43749397
43749435
43749537
43749600
43750065
43750098
43750351
43750492
43751529
43751770
43752125
43752301
43752490
43752720
43752838
43752840
43754521
43754522
43754647
43754913
43755001
43755011
43755131
43755178
43755181
43755197
43755291
43755473
43755516
43755606
43755687
43756139
43756594
43756979
43757230
43757408
43758117
43758215
43758384
43758525
43759163
43759305
43759314
43759488
43759840
43760502
43760712
43760726
43760886
43761206
43761411
43761515
43761550
43761596
43761867
43762021
43762782
43762881
43762988
43763219
43763728
43763964
43763985
43764337
43764712
43764770
43765063
43765199
43765383
43765434
43766081
43766410
43767008
43767205
43767375
43767380
43767383
43767592
43768024
43768737
43768776
43768864
43769034
43769041
43769339
43769403
43769806
43769959
43769972
43770077
43770197
43770420
43770514
43771086
43771119
43771349
43771646
43772762
43772949
43773017
43773312
43773925
43773983
43773998
43774075
43774325
43775341
43775891
43776411
43776561
43777217
43777282
43777317
43777775
43777783
43777914
43778196
43778238
43778824
43779332
43779401
43779465
43779716
43780251
43780292
43780411
43780888
43781015
43781630
43781999
43782245
43782262
43782422
43782595
43782602
43782641
43783454
43783905
43783980
43784251
43784741
43785984
43786302
43786686
43787104
43787289
43787832
43787894
43788834
43789136
43789942
43790311
43790458
43790498
43791296
43791387
43792307
43792363
43792759
43793140
43793817
43794466
43794916
43795368
43795563
43795965
43796067
43796137
43796620
43797193
43797413
43797644
43797652
43798747
43799804
43800688
43800923
43801195
43801917
43802244
43802528
43802847
43802972
43803217
43803242
43804096
43804101
43804286
43804403
43805370
43805471
43805683
43805832
43806162
43806444
43806603
43807256
43807958
43807975
43808058
43808060
43808070
43808174
43808703
43809458
43810039
43810561
43810719
43810739
43810782
43811022
43811121
43811214
43812436
43812788
43813545
43813779
43813992
43814418
43815060
43815092
43815325
43815339
43815839
43816196
43816397
43816460
43816554
43817323
43817341
43817514
43817591
43817607
43818569
43818595
43818694
43819990
43820358
43820708
43821459
43821908
43822117
43822295
43822384
43822487
43822698
43822956
43823665
43823977
43823982
43824005
43824119
43824242
43824293
43825025
43825810
43826237
43826321
43827171
43827385
43827448
43827514
43827726
43827854
43828124
43828369
43828404
43829346
43829540
43829632
43830324
43830443
43830925
43830993
43831111
43831813
43832573
43832962
43833101
43833480
43833503
43833749
43833942
43834004
43834405
43834482
43834898
43835031
43835146
43835360
43835549
43835719
43836197
43836287
43836549
43836568
43836641
43836660
43836880
43837305
43837515
43837830
43838436
43838556
43839503
43839520
43839936
43840252
43840275
43840428
43840760
43841265
43841423
43842130
43842224
43842317
43842655
43843028
43843435
43843531
43843946
43844604
43844679
43844940
43845607
43845888
43845922
43847112
43847310
43847521
43848185
43848511
43848784
43848857
43849098
43849512
43850141
43850273
43850424
43850512
43851123
43851301
43851693
43851808
43851917
43852138
43852469
43852550
43852687
43852855
43853497
43853548
43853740
43853753
43853880
43854877
43855258
43855639
43857392
43857399
43857822
43858062
43858498
43858903
43858983
43859507
43859508
43859693
43860060
43860545
43860591
43860597
43861275
43861849
43862207
43862374
43862845
43862968
43863042
43863577
43863835
43864511
43864960
43865065
43865071
43865497
43865584
43865783
43866452
43866665
43867216
43867425
43867976
43868603
43869319
43869408
43869578
43869872
43870026
43871016
43871121
43871535
43871738
43871805
43872019
43872142
43872198
43872837
43873396
43873483
43873703
43873860
43873974
43874545
43874611
43874883
43874982
43875294
43875607
43876402
43876632
43876914
43877038
43877157
43877180
43877225
43877231
43877268
43877319
43877615
43877731
43878216
43878646
43878984
43879107
43879201
43879614
43879760
43879800
43879832
43879999
43880925
43880939
43881037
43881554
43882162
43883606
43883758
43883803
43883937
43884390
43884442
43884617
43884768
43884941
43885407
43885440
43885547
43885676
43885770
43885771
43886148
43886362
43886383
43886414
43886609
43886635
43887051
43887087
43887462
43887543
43888153
43888286
43888527
43888985
43888986
43889356
43889551
43889582
43889812
43889908
43890853
43891374
43891695
43891806
43891810
43892708
43893135
43893402
43893491
43893529
43893951
43894876
43894904
43895131
43895469
43895611
43896325
43896361
43896826
43896988
43897007
43897614
43897620
43897947
43898462
43898605
43899270
43899450
43900040
43900845
43901994
43902018
43902437
43902650
43902798
43903055
43903419
43903437
43903996
43904562
43904596
43905143
43905448
43905569
43905641
43905840
43905884
43906065
43906385
43906583
43906727
43906822
43906937
43907042
43907051
43907384
43907583
43907913
43908007
43908400
43908441
43908534
43908537
43908573
43908632
43908953
43909329
43910046
43910548
43910686
43910888
43911419
43911531
43911646
43911743
43911976
43912526
43912702
43912913
43913018
43913139
43913306
43913379
43913506
43914139
43914464
43914556
43914762
43915295
43915336
43915784
43915805
43915860
43916653
43917253
43917262
43917504
43917759
43917918
43918896
43919220
43919268
43919343
43919668
43919961
43920009
43920018
43920157
43920420
43920602
43920659
43920955
43921214
43921265
43921609
43921871
43922412
43922887
43923790
43923800
43923881
43924141
43924803
43924996
43925180
43925385
43925436
43925596
43926382
43926556
43926934
43927071
43927084
43927352
43927395
43928064
43929276
43929424
43929441
43929873
43930049
43930235
43930684
43930869
43931867
43931872
43931900
43931914
43932305
43932451
43932606
43932642
43933040
43933257
43933304
43933349
43933587
43933625
43933942
43933946
43934249
43934562
43934877
43934899
43934986
43935647
43935694
43935706
43935978
43936209
43936239
43936741
43936868
43937008
43937667
43938520
43938887
43939757
43940182
43940600
43940730
43940886
43941132
43941166
43941294
43941636
43942197
43942237
43943277
43943437
43943438
43944286
43944287
43944361
43944878
43945302
43946253
43946499
43946724
43946741
43946893
43946952
43946954
43947030
43947059
43949028
43949050
43949076
43949232
43949455
43949500
43949622
43950922
43951322
43951422
43951531
43952205
43952238
43952271
43952535
43952605
43952887
43954896
43955434
43955550
43955871
43955903
43956078
43956427
43956450
43956911
43957015
43957087
43957110
43957151
43957544
43957824
43957867
43958274
43958332
43958360
43958752
43960313
43960719
43961398
43961399
43961466
43961515
43962132
43962461
43963360
43963686
43964015
43964079
43964147
43964281
43964701
43965110
43965135
43965164
43965214
43965226
43965638
43965710
43965731
43966110
43966442
43966576
43966577
43967024
43967230
43967238
43967285
43967610
43967737
43967808
43967833
43968461
43968571
43968579
43968691
43968759
43969001
43969021
43969058
43969074
43969750
43970097
43970099
43970498
43970997
43971554
43971981
43973424
43973441
43973461
43973625
43973732
43973783
43974185
43975524
43975525
43975686
43975767
43976125
43976422
43976520
43976700
43976738
43977246
43977463
43977697
43977871
43977970
43978041
43978572
43979053
43979312
43979331
43979334
43979348
43979392
43980207
43980522
43980523
43981073
43981074
43981107
43981373
43981599
43981611
43981635
43981679
43981905
43982487
43983270
43983521
43983692
43983714
43983755
43984699
43985035
43985370
43985609
43985622
43986230
43986780
43987341
43987455
43987553
43987561
43987680
43987732
43987821
43988099
43988231
43988325
43988770
43988773
43988876
43989832
43990084
43990089
43990092
43990345
43990389
43990639
43990799
43990836
43991013
43991091
43991193
43991296
43991468
43991634
43991811
43991851
43992230
43992237
43992955
43993060
43993428
43993681
43993876
43994103
43994310
43994696
43994752
43995279
43995347
43995509
43995589
43995615
43995643
43995675
43995780
43995905
43996187
43996277
43996930
43998744
43998770
43998796
43998865
43998976
43998996
43999017
43999252
43999657
43999780
44000248
44001311
44001572
44001646
44001686
44002135
44002633
44002887
44003015
44003588
44003614
44003869
44004274
44004307
44004462
44005117
44005375
44005382
44005460
44006140
44006187
44006312
44006567
44006884
44007879
44008430
44008737
44008853
44008942
44009320
44009480
44009493
44009504
44009659
44009834
44010049
44010100
44010886
44011001
44011095
44011335
44011468
44011631
44011741
44011759
44012608
44012867
44013198
44013429
44013550
44013553
44013584
44014690
44015066
44015433
44015755
44015813
44016286
44016299
44016307
44016595
44017079
44017333
44017340
44017452
44017454
44017543
44018645
44018824
44018999
44019208
44019667
44019873
44019992
44020244
44020310
44020375
44020641
44020678
44021001
44021006
44021443
44021826
44022246
44022313
44022561
44022877
44022980
44023742
44023892
44024311
44024314
44025248
44025606
44025845
44025857
44025894
44025958
44026336
44026507
44026583
44027112
44027189
44027294
44027325
44027459
44027527
44027843
44028558
44029429
44030098
44030246
44030364
44030497
44030535
44030590
44030638
44030642
44030684
44031153
44031490
44033020
44033254
44033322
44033439
44033697
44033799
44033865
44034179
44034194
44034671
44034828
44035000
44035070
44035177
44035482
44035692
44036115
44036715
44037396
44037488
44037780
44037785
44037924
44038127
44038821
44039138
44039393
44039435
44039536
44040300
44040380
44040680
44040733
44040764
44040955
44041460
44041884
44042263
44042344
44042780
44042890
44043351
44043700
44043734
44044353
44045095
44045623
44045651
44045686
44045855
44046045
44046049
44046306
44047030
44047215
44047318
44047382
44047816
44048417
44048521
44048802
44048830
44048952
44048956
44049221
44049541
44049561
44049614
44049864
44050209
44050220
44050769
44051214
44051280
44051412
44051446
44051473
44051750
44051793
44051822
44051917
44051987
44052314
44052325
44052794
44053148
44053833
44054077
44054155
44054228
44054394
44054511
44054940
44055148
44055158
44055646
44055987
44056071
44056090
44056124
44056196
44056208
44056791
44057289
44057605
44057943
44058110
44058566
44058726
44058967
44059398
44060583
44060770
44060837
44060845
44062120
44062200
44062443
44062492
44062683
44063327
44063871
44064073
44064102
44064501
44064719
44065432
44065481
44065750
44065978
44066072
44066291
44066776
44067279
44067567
44067815
44067878
44068053
44068884
44070485
44070495
44070632
44070694
44070798
44071278
44071321
44071496
44071602
44071734
44071789
44072095
44072248
44072252
44073190
44073968
44074051
44074232
44074274
44074296
44074365
44074600
44075130
44075555
44075646
44075738
44076840
44077336
44078080
44078360
44078378
44078501
44078741
44078877
44078957
44081573
44082334
44082481
44082643
44083046
44083163
44083484
44083944
44083960
44084243
44084665
44084696
44084900
44084997
44085014
44085508
44085683
44085995
44086318
44086453
44086509
44087383
44087514
44087729
44087921
44088211
44088360
44088491
44088799
44088934
44088966
44089214
44089685
44090106
44090107
44090732
44091010
44091302
44091709
44092761
44092790
44093133
44093549
44093776
44094655
44094812
44094919
44094969
44094971
44095983
44096597
44096791
44096984
44097442
44097566
44097831
44098207
44098610
44098683
44099314
44099784
44099899
44099942
44100394
44100447
44100471
44100603
44100772
44100834
44100852
44101117
44101319
44101358
44101581
44101668
44102071
44102304
44102437
44102598
44102609
44103533
44103625
44103782
44103851
44104262
44104502
44104614
44104706
44105297
44105320
44105355
44105694
44105715
44106327
44106347
44106420
44106948
44106952
44107232
44107706
44107790
44108074
44108328
44108639
44108927
44109067
44109624
44110402
44110430
44110867
44111040
44111230
44111265
44111396
44111458
44111619
44111831
44111840
44112175
44112762
44112883
44113621
44113795
44114158
44114165
44114233
44114269
44114376
44114557
44115103
44115793
44115887
44116026
44116053
44116084
44116499
44116512
44116520
44116630
44117039
44117073
44117154
44117493
44117723
44117804
44117990
44117997
44118177
44118338
44119401
44119518
44119560
44119722
44119755
44120153
44120509
44120766
44121006
44121234
44121392
44121493
44121749
44121828
44121903
44121932
44121976
44122410
44123159
44123857
44124016
44124311
44124494
44124705
44124743
44124778
44124787
44125049
44125072
44125263
44125517
44126032
44126273
44126380
44126747
44126895
44127775
44127783
44127924
44127997
44129111
44129244
44129248
44129325
44129331
44130159
44130422
44130502
44130512
44130744
44130854
44130878
44131180
44131201
44131529
44131657
44131663
44131683
44131806
44131876
44132388
44133080
44133506
44134494
44134757
44134778
44135090
44135217
44135291
44135593
44135711
44135867
44135966
44136479
44137182
44137338
44137987
44138295
44138984
44139204
44139540
44139663
44140332
44140424
44140450
44140503
44140696
44140859
44140886
44141648
44142146
44142720
44142931
44142993
44143769
44143879
44143896
44143934
44144611
44144840
44144977
44145504
44145594
44146010
44146088
44146132
44146400
44146516
44146520
44146541
44146662
44146802
44147061
44147065
44147091
44147107
44148191
44148584
44148788
44149711
44149887
44150519
44151107
44151497
44152310
44153568
44153911
44154254
44154288
44154730
44154960
44155082
44155269
44155458
44156390
44156951
44157938
44157974
44157987
44158332
44159036
44159044
44159096
44159906
44160696
44161278
44161374
44161552
44161790
44162210
44162709
44162815
44163083
44163216
44163263
44163466
44163561
44163572
44163634
44163726
44163797
44164007
44164166
44164214
44164713
44164821
44164961
44165079
44165353
44165926
44166578
44167224
44167644
44167775
44167997
44168289
44168315
44168322
44168345
44169662
44169780
44170066
44170564
44170813
44171277
44171332
44171423
44171599
44172156
44172378
44172730
44173074
44173260
44173868
44174058
44174396
44174914
44174986
44175070
44175316
44175640
44175749
44176097
44176120
44176154
44176167
44176427
44176557
44176614
44177159
44177625
44177687
44178365
44178676
44178760
44178935
44179610
44179886
44180634
44180827
44182168
44183107
44183323
44183694
44183775
44184017
44184078
44184712
44184816
44185411
44185478
44185723
44186015
44186149
44186974
44187168
44187186
44187222
44187302
44187437
44187568
44187621
44187740
44187752
44188001
44188026
44188295
44188433
44189129
44189139
44189700
44190061
44190268
44190815
44191389
44191449
44191524
44191529
44192578
44192588
44192597
44192700
44193374
44193488
44193654
44193721
44194281
44194644
44195080
44195116
44195192
44195384
44195510
44195516
44196086
44196838
44197375
44197727
44198342
44198459
44198541
44198737
44199175
44200259
44200499
44200575
44200655
44200962
44201184
44201648
44201719
44201962
44202201
44202332
44202634
44202909
44203247
44203258
44203276
44203341
44204263
44204635
44204769
44204815
44204834
44204859
44204970
44205149
44205243
44205427
44205446
44205888
44205911
44206014
44206363
44206455
44206644
44207036
44207544
44207581
44207613
44208414
44208470
44208509
44209168
44209184
44209205
44209384
44209492
44209508
44209512
44209700
44209786
44209965
44210325
44210470
44210530
44210814
44210904
44211000
44211111
44211406
44211534
44211789
44211884
44212235
44213473
44213600
44213790
44214401
44214434
44214448
44214454
44215124
44215183
44215271
44216160
44216343
44216645
44217046
44217192
44217232
44217409
44217940
44218164
44218295
44218596
44218720
44218803
44219556
44219670
44219787
44219827
44220749
44220881
44220952
44220969
44221353
44221532
44221620
44221891
44221948
44222276
44222341
44223180
44224245
44224568
44224909
44224918
44225109
44226711
44226804
44227370
44227473
44227923
44228405
44228544
44228940
44229019
44229417
44229514
44230242
44230293
44230657
44230852
44230893
44231034
44231148
44231763
44231898
44232018
44232462
44232747
44233270
44233378
44233724
44233737
44233818
44233829
44234699
44235372
44235804
44235818
44235916
44236909
44236963
44237053
44237806
44237817
44237962
44238945
44239803
44239910
44240532
44240541
44241210
44241501
44242069
44242149
44242348
44242860
44243008
44243158
44243673
44244092
44244109
44244159
44244368
44244546
44244592
44245530
44245682
44245749
44246233
44246540
44247450
44247479
44247818
44248023
44248257
44248345
44249725
44249728
44250109
44250131
44250488
44250991
44251047
44251129
44251355
44252509
44252680
44252822
44252920
44253019
44253929
44254119
44254254
44254467
44255689
44255989
44256068
44256078
44256771
44256925
44257424
44257508
44257543
44257876
44257880
44258014
44258230
44258314
44258409
44258433
44258532
44259195
44260202
44260243
44260466
44260881
44260883
44262696
44262724
44262828
44263069
44264439
44265750
44266399
44266608
44266658
44267219
44267430
44267449
44267673
44267891
44267970
44269114
44269231
44269595
44270121
44270470
44271441
44271461
44272054
44272084
44272160
44272169
44272610
44272731
44273523
44273651
44274242
44274588
44274845
44276349
44276376
44276835
44276920
44277354
44277893
44278488
44278579
44278701
44278724
44278827
44279182
44279251
44279491
44280323
44280958
44281162
44281230
44281353
44281500
44283393
44283544
44284002
44284866
44285162
44285251
44285501
44285515
44285586
44287032
44287059
44288996
44289006
44289068
44289542
44289576
44289661
44290795
44290992
44291455
44292103
44292470
44292522
44292886
44292893
44293436
44295039
44295734
44296097
44296245
44296555
44296918
44297084
44297255
44297741
44298090
44298101
44298536
44298537
44298846
44298951
44299066
44299087
44299140
44299150
44299304
44299684
44300352
44300500
44301002
44301032
44301169
44301228
44301743
44302374
44302495
44302557
44302820
44302996
44303154
44303726
44303868
44303969
44304216
44304269
44304357
44304600
44304696
44304719
44304739
44305031
44305101
44305298
44305376
44305770
44305896
44306359
44306775
44306801
44306808
44306957
44307428
44307913
44308014
44308254
44308582
44308672
44308761
44308809
44308825
44310270
44310956
44311268
44311976
44312644
44312987
44313632
44314174
44314303
44314747
44316333
44316358
44316548
44317118
44317342
44317363
44317638
44317643
44317656
44317901
44318100
44318378
44318996
44319017
44319131
44319377
44319394
44319481
44319572
44320042
44320113
44320158
44320235
44320382
44320638
44320640
44320711
44320728
44320937
44321099
44321284
44321290
44321332
44321631
44321688
44321782
44321862
44322029
44322228
44322745
44322974
44323289
44323686
44323984
44324432
44324445
44324708
44328351
44328428
44329145
44329171
44329301
44329348
44329533
44330178
44330459
44331059
44331215
44331216
44331244
44332145
44332190
44332326
44332974
44333115
44333523
44333613
44333659
44333945
44334132
44334174
44334365
44334753
44334921
44335094
44335370
44335580
44335834
44336216
44336300
44336304
44336482
44336776
44336795
44336845
44336861
44337222
44337395
44337579
44337737
44337924
44338163
44338222
44338659
44339032
44339134
44339332
44339375
44339402
44339798
44340412
44341106
44341253
44341309
44341519
44341529
44341573
44342150
44342626
44342839
44343184
44344163
44344302
44345220
44345404
44345514
44345528
44345966
44345968
44347426
44347737
44348319
44349199
44349202
44349423
44349685
44350082
44350208
44350802
44350928
44351227
44351357
44351568
44351799
44352019
44352021
44352067
44352176
44352362
44353032
44353077
44353263
44353390
44353916
44354049
44355421
44355994
44356559
44357322
44358283
44358473
44359621
44359623
44359768
44359816
44359955
44360899
44361093
44361425
44362136
44363052
44363276
44363534
44364134
44364147
44364264
44364583
44364922
44364952
44365328
44365484
44365598
44365829
44365867
44366048
44366497
44366506
44366535
44366881
44367491
44368113
44369094
44369510
44370023
44370148
44370334
44370872
44371223
44371341
44371403
44372407
44372447
44372675
44373069
44373480
44374005
44374138
44374527
44374800
44375698
44375931
44376308
44376773
44377230
44377233
44377243
44377437
44377657
44377767
44378313
44378817
44378902
44378939
44379199
44380435
44380579
44380591
44381844
44381960
44382235
44382443
44382904
44383118
44383373
44383972
44384618
44384638
44385339
44385419
44385452
44385766
44386005
44386672
44386829
44386925
44387190
44387276
44387350
44387371
44387427
44387532
44387668
44387725
44387906
44387911
44388114
44388536
44388818
44388884
44389150
44389214
44389416
44389906
44389915
44390023
44390141
44390205
44390443
44390738
44390898
44391026
44391247
44391452
44391503
44391697
44391714
44391718
44391771
44392089
44392507
44392721
44392807
44392809
44392869
44393137
44393524
44394192
44394369
44394629
44394753
44394801
44395314
44395354
44395484
44395516
44395532
44395743
44396949
44397505
44397576
44397753
44397863
44398153
44398211
44398476
44399427
44399774
44399999
44400288
44400597
44400664
44401247
44401858
44402176
44403209
44403344
44403375
44404139
44404339
44404518
44404618
44404644
44405646
44405769
44405830
44405887
44406216
44406512
44406678
44406779
44406803
44406858
44407201
44407285
44407381
44408058
44408172
44408295
44408338
44408411
44408453
44408494
44408552
44408841
44408863
44408897
44408899
44409243
44409285
44409308
44409817
44410568
44410573
44410876
44411171
44411385
44411501
44411603
44411691
44411781
44411883
44412221
44412995
44413206
44413283
44413627
44413942
44414125
44414201
44414614
44414701
44414803
44414903
44415593
44416530
44416597
44416810
44416817
44416820
44416943
44416975
44417026
44417100
44417186
44417201
44417365
44417393
44417526
44417615
44417783
44417848
44417938
44419070
44419166
44419655
44419659
44419804
44420139
44420483
44420505
44420551
44420595
44420608
44420723
44420801
44420892
44420910
44421128
44421132
44421328
44422046
44422324
44423068
44423325
44423534
44423686
44423715
44423812
44424357
44424927
44425082
44425188
44425559
44425681
44426540
44427190
44427428
44427483
44428372
44429053
44429118
44429119
44429422
44429434
44429688
44430588
44430775
44430956
44430974
44430994
44431007
44431212
44431223
44431852
44432134
44432532
44432545
44432667
44432689
44432725
44432799
44433040
44433150
44433269
44433291
44433292
44433414
44433931
44434349
44434747
44434827
44434828
44434942
44435019
44435157
44435295
44435401
44436137
44436144
44437099
44438093
44438273
44438555
44438584
44438619
44438793
44439148
44439272
44441571
44441894
44442398
44442448
44442470
44442551
44442762
44442972
44443190
44443292
44443661
44443727
44443921
44444184
44444510
44444561
44444923
44445141
44445162
44445215
44445262
44445329
44445347
44445492
44446018
44446043
44446334
44447268
44447338
44447449
44447524
44447600
44447809
44449793
44449940
44450617
44450719
44450741
44451769
44451804
44452176
44452955
44453381
44453796
44454170
44454398
44454931
44455021
44455139
44456400
44456579
44456913
44457041
44457412
44457426
44457822
44457888
44458530
44458545
44458907
44459123
44459294
44459519
44459815
44459969
44460495
44460537
44460615
44460707
44461168
44461184
44461359
44461406
44461467
44461523
44461984
44462065
44462239
44462436
44463163
44463238
44463281
44463321
44463399
44463623
44464241
44464533
44464944
44465233
44465275
44465504
44465613
44465763
44467149
44467186
44467480
44467839
44467864
44467883
44467922
44468572
44469257
44469282
44469606
44469638
44469769
44469892
44470085
44470297
44470764
44470876
44471327
44471428
44472167
44473497
44473816
44474843
44475261
44476200
44476202
44476225
44476322
44476628
44476771
44476798
44476992
44477038
44477283
44477647
44478742
44479797
44479959
44480564
44480572
44480960
44481209
44481399
44482011
44482037
44482126
44482163
44483281
44483295
44483328
44483414
44483431
44483824
44484019
44484906
44485351
44485561
44485618
44485875
44486021
44486048
44486630
44486663
44486745
44486774
44487454
44487580
44488219
44488696
44489577
44490050
44490798
44491268
44491303
44491369
44491376
44491475
44491930
44492352
44492957
44492973
44492990
44493621
44493740
44493973
44494349
44496582
44496616
44497556
44497602
44498133
44498659
44498953
44499410
44499651
44499707
44499769
44500074
44500269
44500355
44500588
44500755
44500914
44501323
44501756
44501817
44502358
44502408
44502470
44502624
44503484
44503779
44504545
44504882
44505360
44505701
44505791
44506081
44506920
44506960
44507560
44507657
44508049
44509495
44510639
44510790
44510904
44511008
44511136
44511186
44511293
44511843
44511848
44511887
44512141
44512374
44512532
44512550
44512589
44513543
44513874
44514018
44514297
44514462
44514613
44514747
44514980
44515085
44515332
44515999
44516185
44516482
44516492
44516729
44516733
44516735
44516960
44516965
44517097
44517681
44517720
44517885
44517942
44518249
44518872
44519276
44519328
44519579
44519590
44520099
44520929
44521225
44521277
44521592
44521775
44522008
44522838
44523754
44523915
44524072
44524245
44524481
44524528
44524604
44524774
44525258
44525331
44525332
44526490
44526971
44527016
44527362
44527820
44527821
44527875
44527881
44528734
44528883
44529025
44529594
44530017
44530371
44530501
44531779
44532001
44532043
44532318
44532685
44532736
44533138
44533243
44533374
44533384
44533442
44533560
44533779
44533843
44534035
44534912
44535096
44535378
44535414
44535430
44535530
44535596
44535978
44536171
44536586
44537187
44537600
44538123
44539875
44540036
44541202
44541899
44542860
44544071
44544569
44544918
44545093
44545456
44545711
44545736
44545930
44546080
44546146
44546563
44546566
44546664
44546821
44547242
44547507
44547690
44548090
44548932
44549362
44549744
44549774
44549865
44549925
44550261
44550300
44551212
44551758
44552101
44552595
44552616
44553530
44553929
44554284
44555406
44556010
44556311
44556351
44556367
44557414
44557706
44557763
44557798
44557914
44557946
44558927
44559201
44559218
44559649
44559794
44559864
44560163
44560311
44560612
44560648
44560678
44560978
44561088
44561508
44561570
44561886
44563402
44563870
44563884
44564132
44564585
44564732
44565093
44565253
44565429
44566219
44566371
44566430
44566679
44567218
44567965
44568139
44568153
44568244
44568811
44568921
44569023
44569249
44569441
44569524
44569869
44570274
44570449
44570460
44570956
44571301
44571385
44571431
44571490
44571686
44571765
44571845
44571868
44572008
44572241
44573256
44573282
44573414
44573616
44573689
44573833
44574064
44574113
44574327
44574481
44575061
44575222
44575225
44575504
44575570
44575589
44575680
44576406
44577205
44577257
44577434
44577469
44578411
44578760
44579263
44579314
44579327
44579519
44579550
44580609
44580761
44581160
44581317
44581357
44581400
44581573
44581782
44582546
44582628
44582786
44582788
44582906
44583406
44583753
44583825
44583869
44584484
44584735
44584770
44585188
44585273
44585839
44586180
44586310
44586371
44586499
44586986
44587018
44587076
44587118
44587987
44588413
44588892
44588940
44589363
44590012
44590412
44590514
44591046
44591173
44591203
44591521
44591756
44591847
44592363
44593016
44593121
44593332
44593653
44593748
44594293
44594634
44594836
44594929
44594942
44594975
44595596
44595715
44596050
44596070
44596312
44596665
44596793
44596837
44597171
44597851
44597889
44598541
44598585
44598635
44599098
44599216
44599226
44599384
44599476
44599504
44599927
44600558
44600996
44600997
44601205
44601429
44601435
44601629
44602573
44602853
44602984
44603587
44603710
44603839
44604249
44604386
44604700
44605003
44605132
44605168
44605478
44605774
44606000
44606045
44606191
44606235
44607223
44607624
44607758
44608166
44609883
44609912
44610252
44610754
44611209
44611307
44611358
44612630
44612674
44612792
44612883
44612985
44613018
44613108
44613181
44614260
44614308
44614501
44614613
44614742
44615453
44615612
44615988
44616033
44616064
44616174
44616549
44616737
44616855
44616867
44616868
44617027
44617220
44618070
44618352
44618393
44618460
44618583
44618954
44619011
44619258
44619324
44619751
44620078
44620358
44620883
44621598
44621704
44621720
44622406
44622435
44623008
44623036
44623116
44623988
44624227
44624456
44624470
44624512
44624671
44624672
44624970
44625844
44626521
44626544
44627696
44628166
44628311
44629757
44629972
44630641
44630915
44630921
44631209
44631229
44631462
44631716
44631736
44632333
44633001
44633531
44633688
44633695
44633919
44634019
44634042
44634564
44634566
44634950
44635242
44635380
44635656
44635928
44636000
44636032
44636055
44636398
44636402
44636444
44636818
44637135
44637159
44637261
44637336
44637686
44638079
44638132
44638619
44639504
44639711
44640031
44640696
44640715
44640735
44640976
44641743
44641760
44641826
44642424
44643191
44643646
44643906
44643921
44644316
44644466
44644525
44644897
44645153
44645301
44645883
44645921
44645942
44645991
44646491
44647030
44647464
44647771
44647896
44648131
44648351
44648361
44648445
44648708
44648993
44649069
44649433
44649592
44649661
44649784
44649923
44650041
44650184
44650192
44650335
44650357
44651119
44651426
44652221
44652624
44653002
44653655
44653704
44653939
44654148
44654623
44654800
44655530
44655707
44655861
44656070
44656197
44656364
44657358
44657668
44658433
44658823
44659327
44659654
44659670
44659889
44660046
44660358
44660389
44660912
44661065
44661086
44661390
44662242
44662250
44662396
44662593
44662643
44662808
44663368
44663456
44663778
44664508
44664677
44665628
44665684
44665773
44665850
44666119
44666471
44666569
44666598
44666698
44666750
44666845
44666927
44667002
44667052
44667059
44667124
44667229
44667231
44667698
44667953
44667995
44668286
44668669
44669026
44669035
44669353
44669568
44669725
44670854
44671079
44671204
44671647
44671917
44672134
44672158
44673021
44673111
44674081
44674508
44674828
44674861
44674915
44675213
44675689
44677313
44677513
44677668
44677796
44677896
44678294
44679861
44680383
44680389
44680999
44681071
44681155
44681462
44682067
44682187
44682264
44682408
44683201
44683509
44683646
44684037
44684236
44684288
44684316
44684470
44684771
44685112
44685147
44685656
44685907
44686167
44686543
44687025
44687072
44687144
44688570
44689383
44689701
44690091
44690144
44690269
44691194
44691250
44691314
44691372
44691476
44691618
44692363
44692700
44692772
44693114
44693331
44693598
44693935
44693967
44694286
44694448
44695211
44695428
44695492
44695518
44696086
44696216
44696706
44697069
44697114
44697350
44697718
44697806
44698106
44698257
44698276
44698541
44698573
44698697
44699062
44699370
44699471
44699547
44700332
44700597
44700670
44700946
44701232
44701245
44701572
44701589
44701677
44702029
44702258
44702321
44702795
44702821
44702854
44703095
44703115
44703235
44703633
44703857
44703917
44704081
44704197
44704225
44704498
44704631
44705713
44706677
44706959
44707623
44708003
44708238
44708684
44708708
44708790
44709247
44709529
44709575
44709593
44709787
44709978
44710219
44710277
44711317
44711772
44711960
44712828
44712842
44712913
44712988
44713445
44713630
44713672
44713847
44713864
44714227
44714263
44714476
44714967
44715572
44715629
44716990
44717055
44718690
44718732
44719088
44719473
44719545
44719846
44720464
44720503
44720655
44721046
44721114
44721181
44721684
44721929
44722372
44722747
44722991
44723610
44723771
44724250
44724304
44724502
44724537
44724736
44725761
44725859
44725971
44726507
44726531
44726543
44726550
44726611
44726893
44727258
44727270
44727890
44728190
44728411
44729800
44729877
44730390
44730774
44731262
44731354
44731605
44731953
44732012
44732192
44732269
44732804
44732820
44733306
44733991
44734096
44734168
44734257
44734348
44734454
44734466
44734602
44734629
44734894
44735411
44735424
44736201
44736347
44737423
44737464
44737525
44737732
44738498
44738624
44739191
44739269
44739296
44739511
44739575
44740056
44740207
44740217
44740224
44740229
44740268
44740277
44740422
44740548
44740551
44741341
44741915
44741944
44742129
44744900
44744983
44745338
44745359
44746774
44747124
44747153
44747237
44747812
44748041
44748092
44748497
44748971
44748992
44749165
44749235
44749237
44749754
44750187
44750351
44750366
44750369
44750580
44750695
44750789
44750999
44751643
44752756
44752779
44752830
44753018
44753175
44753363
44754260
44754309
44754584
44754587
44754638
44755196
44755209
44755223
44755804
44755962
44756048
44756061
44756123
44756194
44756455
44756477
44756700
44756974
44757275
44757588
44757649
44758305
44758356
44758486
44758779
44758812
44758816
44759100
44759144
44759324
44759420
44759926
44759953
44760057
44760462
44760940
44761059
44761782
44761789
44761802
44762789
44762818
44762846
44762876
44762959
44764092
44764743
44764863
44765107
44765195
44765422
44765564
44765651
44765867
44765892
44766171
44766192
44766440
44767496
44767531
44768722
44769721
44770317
44770585
44770762
44771260
44772236
44772291
44772665
44772696
44772741
44773758
44773811
44774005
44774287
44774450
44774565
44774579
44774930
44775090
44775298
44775467
44775814
44776002
44776409
44776776
44777475
44777789
44777830
44778098
44778411
44778624
44779027
44779104
44779689
44780133
44780186
44780284
44780337
44780651
44780652
44780989
44781054
44781219
44781731
44781799
44781930
44782200
44782219
44784727
44784784
44785098
44785354
44785642
44785716
44786119
44786332
44787220
44787686
44787982
44788606
44788622
44788724
44789933
44791286
44791460
44791644
44791918
44792004
44792362
44792823
44792919
44792993
44793064
44793195
44793216
44793292
44794111
44794313
44794342
44794410
44794638
44794863
44795220
44795245
44795292
44795714
44796393
44796460
44796604
44796876
44796917
44797502
44798140
44799853
44799896
44800273
44801152
44801356
44801613
44802082
44802254
44802448
44802552
44802612
44803332
44803790
44804220
44804536
44805720
44805952
44805966
44805975
44806233
44806278
44806398
44806643
44807189
44807258
44807499
44807562
44807907
44808363
44808915
44809319
44809503
44809648
44809707
44809885
44809921
44810076
44810308
44810486
44810884
44810911
44811255
44811937
44812234
44812244
44812824
44812840
44812857
44813034
44813354
44813666
44813836
44814211
44814227
44814597
44814636
44815386
44815448
44815462
44815570
44815768
44816246
44816414
44816698
44817057
44817243
44817431
44817888
44818318
44818450
44818588
44818722
44819303
44821135
44821427
44821644
44821658
44821862
44822054
44822143
44822572
44822578
44822673
44823108
44823552
44823560
44823690
44823713
44823801
44823922
44824102
44824412
44824915
44825036
44825915
44825951
44826829
44827223
44827327
44827634
44828138
44828291
44829797
44829878
44829923
44830233
44830318
44830339
44831225
44831227
44831573
44831647
44831857
44832397
44833103
44833284
44833301
44833318
44833550
44833552
44833751
44834131
44834278
44834659
44834986
44835000
44835207
44836042
44836523
44836664
44836769
44837630
44837833
44838337
44838478
44839218
44839398
44839786
44839814
44840508
44840558
44840919
44841331
44841544
44841733
44841839
44841874
44841918
44842178
44842330
44842731
44842805
44842812
44843085
44843093
44843157
44843341
44843719
44844321
44845298
44845382
44845403
44846104
44846216
44846810
44846925
44847043
44847805
44848028
44848238
44848332
44848361
44848505
44848775
44848983
44849594
44849741
44850169
44850251
44851017
44852061
44852076
44852106
44852843
44853196
44853422
44853699
44854645
44854771
44854938
44855216
44855546
44855794
44856549
44856563
44856610
44856629
44856911
44857356
44857621
44857952
44858210
44858320
44858422
44858906
44859697
44860110
44860204
44860340
44860346
44860405
44860521
44860696
44861200
44861569
44862249
44862875
44863002
44863451
44863941
44863971
44864410
44864607
44864650
44864703
44864936
44865148
44865151
44865501
44865517
44865896
44866113
44866770
44866865
44867196
44867335
44867472
44867496
44867732
44868158
44868541
44868788
44869388
44869767
44870043
44870326
44870850
44871336
44871425
44871946
44872566
44872887
44872945
44873890
44873892
44874354
44874362
44874394
44874510
44874541
44874644
44874781
44874928
44875431
44875574
44875747
44875925
44876561
44876644
44877815
44878940
44879465
44879984
44880300
44880578
44880598
44881568
44881588
44881955
44882018
44882089
44882483
44882761
44883472
44884353
44884828
44884991
44884994
44885278
44885682
44886425
44886584
44886736
44887596
44887910
44888080
44889021
44889284
44889698
44889984
44890934
44892834
44893160
44893236
44893336
44893967
44894022
44894239
44894353
44894368
44894599
44894674
44895353
44895537
44895821
44895922
44895933
44895979
44896227
44896230
44897022
44897737
44898695
44898800
44899180
44900214
44900331
44900460
44901012
44901681
44901702
44902386
44902499
44902672
44902819
44902999
44903070
44903286
44904108
44904221
44904263
44904345
44904431
44904505
44904840
44904965
44906019
44906680
44906746
44906923
44907151
44907161
44907234
44907252
44907515
44907573
44907964
44908102
44908526
44908623
44908968
44909087
44911186
44911841
44912065
44912135
44912625
44913023
44913845
44913943
44914186
44914445
44914451
44914691
44915198
44915259
44915370
44915417
44915968
44915981
44916471
44916799
44916999
44917154
44917340
44917440
44917803
44917823
44918023
44919220
44919546
44919754
44919920
44919965
44920056
44920150
44920838
44920942
44921043
44921056
44921086
44921236
44921258
44921486
44921767
44922174
44922518
44922658
44922785
44923104
44923206
44923671
44923865
44924321
44924634
44925279
44925716
44926321
44926521
44927003
44927082
44928089
44928219
44928445
44928463
44928493
44929118
44929540
44929798
44929829
44930015
44930417
44931058
44931202
44931584
44931625
44932193
44932526
44933785
44934568
44935225
44935285
44935297
44935341
44935417
44935545
44935695
44936125
44936227
44936247
44936363
44937336
44938246
44938484
44938726
44938749
44939586
44939951
44939980
44939987
44939997
44940176
44940191
44940336
44940397
44940663
44942097
44942995
44943147
44944747
44945166
44945567
44946068
44946355
44946773
44947000
44947194
44947271
44947978
44948193
44948482
44948503
44948653
44948932
44948963
44950214
44950598
44950803
44950876
44950954
44950967
44951039
44951119
44951134
44951713
44952005
44952536
44952537
44952814
44953343
44953627
44954282
44954286
44954819
44954896
44954937
44955431
44955434
44955464
44955558
44955599
44955769
44955911
44955994
44956548
44956611
44956979
44957052
44957301
44958051
44958086
44959214
44959362
44960449
44960886
44960891
44961314
44961990
44962333
44962673
44962680
44962715
44963106
44963241
44963545
44963793
44963814
44963875
44963960
44963969
44964049
44964171
44964196
44964302
44964384
44964551
44964869
44965697
44965837
44966132
44966241
44966335
44966815
44967146
44967168
44967217
44967596
44968095
44968578
44969938
44969981
44970030
44970089
44970218
44970228
44970273
44970594
44971637
44971774
44972069
44972972
44973958
44974413
44975032
44976209
44976419
44976724
44976845
44976866
44977458
44977994
44978100
44978283
44978290
44979204
44979212
44979415
44979444
44979450
44979785
44979948
44980173
44980244
44980344
44980489
44981099
44981802
44982840
44983158
44983427
44984404
44984483
44984722
44984794
44985210
44985700
44985878
44985882
44986525
44986699
44986737
44986956
44987149
44987606
44988242
44988415
44988501
44988534
44988737
44989359
44989567
44989576
44989640
44990023
44990117
44990449
44990891
44991338
44991563
44991595
44993856
44993858
44994507
44994644
44994685
44994825
44995196
44995468
44995629
44995824
44995895
44995991
44996993
44997944
44998159
44999032
44999102
44999110
44999111
44999325
44999524
44999563
44999626
44999800
44999826
45000059
45000318
45000667
45001175
45001252
45001523
45001536
45001593
45001889
45002237
45002463
45003522
45003649
45003706
45003794
45003876
45004106
45004163
45004273
45004431
45005141
45005155
45005167
45005192
45005214
45005312
45005477
45006083
45007013
45007038
45007286
45007490
45007549
45007640
45007673
45009644
45009708
45009894
45010811
45011378
45011395
45012059
45012237
45012339
45012376
45012656
45012734
45013058
45013153
45013303
45013340
45013713
45013953
45014031
45014167
45014572
45014659
45014722
45014864
45014930
45015341
45015782
45016272
45016838
45017448
45017629
45018122
45018139
45018163
45018268
45018464
45018508
45018552
45018818
45019096
45019225
45019457
45019921
45020194
45020317
45020815
45021168
45021846
45022054
45022286
45022305
45022441
45023157
45023354
45024080
45024118
45024165
45024311
45024428
45024477
45024767
45025204
45025733
45025789
45026185
45026195
45026286
45026377
45026716
45026924
45027078
45027969
45028447
45028559
45028574
45028974
45029227
45029473
45029691
45029776
45030066
45030416
45030470
45030843
45030928
45031007
45031078
45031411
45031644
45031833
45032233
45032281
45032429
45032584
45032940
45033273
45033792
45034122
45034216
45034348
45034502
45034626
45034669
45035137
45035265
45035562
45035853
45035942
45036055
45036154
45037064
45037221
45037304
45037342
45038002
45038167
45038575
45039130
45039316
45039467
45040192
45040383
45040762
45040909
45040999
45041016
45041057
45041925
45042182
45042218
45042302
45043081
45043294
45043640
45044075
45044368
45044404
45044874
45045050
45045602
45045606
45045840
45045914
45045992
45046060
45046560
45048331
45048360
45048739
45049773
45049829
45050089
45050333
45050881
45050943
45050983
45051578
45051694
45052052
45052267
45052538
45052750
45052964
45053192
45053314
45053412
45053511
45053642
45053700
45053939
45054048
45054286
45054336
45054899
45055878
45055967
45056228
45056416
45056417
45056438
45056997
45057162
45057357
45057621
45058308
45058338
45058595
45059091
45059102
45059192
45059361
45059508
45059598
45059881
45059889
45060086
45060191
45060252
45060640
45060659
45061943
45062532
45062554
45062803
45063178
45063597
45063659
45063685
45064221
45064307
45064650
45064990
45065210
45065539
45065740
45065768
45066003
45066591
45066971
45067480
45068080
45068152
45068186
45068540
45068715
45068760
45069019
45069034
45069336
45069337
45069427
45069613
45069620
45069802
45069880
45070218
45070522
45071026
45071087
45071875
45072098
45072150
45072364
45072440
45072726
45073437
45073491
45074002
45074178
45074242
45074412
45074598
45074614
45075854
45075864
45076279
45076404
45076500
45076672
45076916
45076936
45077140
45077157
45077428
45077710
45077737
45079042
45079893
45079902
45080216
45080692
45080849
45080981
45081029
45081402
45081673
45081745
45081794
45081954
45082873
45083454
45083508
45083813
45084015
45084026
45084128
45084138
45084682
45084719
45085227
45085301
45085331
45085511
45085747
45086161
45086365
45086617
45086655
45086752
45086909
45087362
45087476
45088063
45088879
45088923
45089293
45089359
45089396
45089562
45089672
45089751
45090437
45090636
45090803
45090861
45090867
45090888
45091059
45091418
45091432
45091825
45092157
45092801
45093005
45093736
45094018
45094548
45095045
45095069
45095079
45095457
45095672
45095893
45096003
45096427
45096913
45097066
45097931
45098510
45098528
45098572
45098581
45098804
45099249
45099527
45099546
45099591
45099939
45099955
45100012
45100275
45100478
45100636
45100747
45101542
45101589
45101806
45101906
45101991
45102075
45102311
45102328
45102513
45102849
45103532
45103648
45103745
45103751
45103816
45104570
45104806
45106035
45106263
45107037
45107082
45107265
45107507
45107630
45107837
45107951
45108128
45108831
45108969
45109290
45109521
45109571
45109780
45110018
45110265
45110390
45110591
45111114
45111158
45111351
45111638
45111876
45112995
45114571
45115053
45115225
45115227
45115323
45115353
45115569
45115749
45115958
45116143
45116194
45116449
45116471
45116484
45116822
45117007
45117018
45117347
45118699
45118709
45119205
45119208
45119805
45120894
45121020
45121320
45121421
45121515
45121813
45122165
45122468
45123721
45123951
45124443
45124594
45125040
45125255
45125418
45126067
45126217
45126281
45126370
45126377
45126441
45126822
45127215
45127268
45127273
45127331
45127925
45128049
45128186
45128335
45128845
45128879
45128933
45129307
45129928
45130587
45130810
45131039
45131980
45132005
45132020
45132387
45132583
45132814
45133016
45133642
45133787
45133995
45134101
45134580
45134785
45135049
45135251
45136650
45136799
45137013
45137900
45138773
45138784
45138890
45139499
45139500
45139502
45139510
45141152
45141393
45141953
45142724
45142823
45142859
45143102
45143260
45143480
45143784
45143875
45144116
45144198
45144849
45144895
45144920
45145189
45145213
45145219
45145340
45145456
45145487
45145551
45145557
45145576
45145619
45145710
45145914
45146205
45146320
45146893
45147891
45148066
45148226
45148356
45148889
45149052
45149190
45149318
45149359
45149366
45149474
45149627
45150211
45150578
45151272
45151697
45151728
45151751
45151788
45151882
45151914
45152227
45152334
45152455
45152627
45152669
45153226
45153346
45154564
45154642
45154838
45154857
45154891
45155584
45155744
45155857
45155867
45155869
45156131
45156900
45157172
45157251
45157471
45157508
45157532
45158049
45158182
45158537
45158736
45158795
45159080
45159861
45160276
45161063
45161329
45161638
45162632
45162872
45163003
45163486
45163530
45163572
45163768
45163971
45163977
45164356
45165699
45165866
45167032
45167174
45167593
45167818
45167848
45168371
45168508
45168781
45169313
45169318
45169502
45169882
45170146
45170200
45170498
45170693
45170842
45171243
45171316
45171656
45171857
45172161
45172422
45172507
45172693
45172755
45173192
45173656
45173773
45174016
45174068
45174182
45174752
45174870
45175354
45175367
45175430
45175837
45175839
45175859
45176284
45177137
45177172
45177445
45177459
45178256
45178274
45178422
45179566
45179680
45180099
45180105
45180119
45180180
45180217
45180375
45180830
45181345
45181376
45181387
45181493
45182271
45182341
45182663
45182989
45183011
45183079
45183096
45183097
45183349
45183355
45183539
45183807
45183853
45184540
45184879
45185301
45185380
45185598
45185884
45185986
45186418
45186527
45186878
45187368
45188035
45188464
45188646
45188875
45189202
45190216
45190409
45190563
45190575
45190827
45191259
45191993
45192148
45192243
45193838
45193846
45193905
45194490
45195273
45195421
45196721
45197420
45197900
45197958
45197976
45198164
45199917
45199939
45199960
45200738
45201066
45201546
45201582
45201630
45201697
45201751
45202347
45203088
45203110
45203295
45203396
45204060
45204135
45204393
45204628
45204642
45204861
45205070
45205327
45205386
45205624
45205642
45205843
45205956
45206709
45206872
45207161
45207242
45207725
45207930
45208042
45208196
45208246
45208551
45208684
45209709
45210067
45210257
45210287
45210430
45210674
45210794
45210827
45210928
45211710
45211846
45211956
45212134
45212582
45212794
45212848
45213065
45213138
45213615
45213699
45214256
45214593
45215242
45215356
45215692
45216204
45216605
45216701
45216729
45217056
45217071
45218684
45218976
45219403
45219431
45219445
45219719
45219756
45219944
45220035
45220790
45220871
45221158
45221230
45221450
45221800
45222250
45222403
45222838
45223171
45223223
45223570
45224088
45224792
45225028
45225601
45226915
45228015
45228623
45228968
45229331
45229617
45231019
45231052
45231483
45231627
45232163
45232515
45232897
45233081
45233876
45234070
45234178
45235102
45235153
45235217
45235223
45235782
45235858
45235975
45235995
45236526
45236803
45237917
45238561
45238851
45239104
45240256
45241038
45241416
45241437
45241918
45242499
45243036
45243155
45243357
45243373
45245003
45245527
45246393
45246981
45247841
45247997
45248470
45248625
45248696
45249730
45250075
45250198
45251735
45251767
45251919
45252115
45252145
45252197
45252300
45252419
45252675
45252751
45252946
45252991
45253236
45253524
45253901
45254480
45254572
45254675
45254790
45254840
45254988
45255328
45255589
45255725
45255989
45256422
45256778
45256799
45256959
45257666
45258358
45258393
45258623
45258847
45258903
45259549
45259672
45259679
45259714
45259970
45260252
45260600
45260605
45261216
45261343
45261397
45261702
45261724
45261989
45262961
45264291
45264375
45264607
45265115
45265135
45265214
45265506
45265741
45265975
45266224
45266254
45266519
45266661
45267043
45267712
45268693
45268808
45269018
45269026
45269433
45269680
45269756
45270012
45270125
45270537
45270568
45270612
45270839
45270994
45271170
45271353
45271392
45271507
45271573
45271574
45272029
45272379
45272460
45273210
45274039
45274705
45274726
45275225
45275281
45275401
45276764
45276926
45277097
45277157
45277185
45277278
45277292
45277960
45278137
45278210
45278305
45278472
45278519
45278873
45279257
45279737
45280037
45280464
45280733
45282113
45282210
45282595
45282713
45283809
45283831
45284069
45284162
45284333
45284577
45284633
45284793
45284957
45285204
45285282
45285530
45286903
45287138
45287176
45287736
45288089
45288555
45288565
45289171
45290024
45290238
45290305
45290801
45290870
45290873
45290882
45291006
45292909
45293485
45294445
45294546
45294561
45295633
45296132
45296652
45296916
45297173
45297612
45297797
45297862
45298172
45298435
45298497
45298520
45298731
45298762
45298772
45299159
45299316
45300044
45300174
45300892
45301214
45301727
45301774
45301861
45303104
45304011
45304267
45304989
45305537
45305979
45306181
45306604
45307507
45307551
45307663
45307699
45308065
45308296
45308309
45308880
45309918
45310012
45310094
45310708
45310761
45311761
45312474
45312808
45313054
45313647
45314513
45314685
45314838
45314912
45315582
45315979
45317348
45317520
45317526
45317571
45317862
45317945
45318181
45318233
45318257
45318337
45318802
45318881
45319083
45319844
45320378
45320533
45320865
45320917
45320945
45321998
45322141
45322201
45322377
45322551
45323097
45323264
45323268
45323303
45323350
45323356
45323628
45323719
45324068
45324331
45324455
45324576
45324732
45325805
45326201
45326375
45326708
45326738
45326740
45327048
45327894
45328236
45328354
45328749
45329006
45329160
45329751
45329936
45330889
45331011
45331287
45331657
45331739
45331913
45332841
45333113
45333858
45333867
45334359
45334561
45334728
45334830
45334839
45334906
45334988
45335104
45335606
45335639
45336040
45336428
45338046
45338501
45339592
45340206
45340351
45340995
45341042
45341529
45341754
45342233
45342327
45342519
45343058
45343246
45343744
45344149
45344202
45344323
45344487
45344825
45345304
45345420
45345588
45346035
45346232
45346429
45346679
45347568
45347616
45347778
45348220
45348667
45348806
45349157
45349406
45349869
45349957
45350521
45350695
45351031
45351165
45351445
45352043
45352546
45352691
45352782
45352980
45353271
45353382
45353566
45353776
45353984
45354049
45354655
45355296
45355393
45355831
45356090
45356742
45356889
45356892
45357512
45357698
45357781
45358736
45359312
45359314
45359934
45360260
45360523
45360527
45360620
45360630
45360872
45360877
45361172
45361471
45361539
45361672
45361784
45361821
45361886
45361918
45362988
45363034
45363337
45363416
45364118
45364172
45364254
45364703
45364900
45364913
45365259
45366017
45366035
45367066
45367138
45367150
45367251
45367921
45368269
45368519
45368847
45368962
45369671
45369752
45369767
45370093
45370113
45370114
45370161
45370171
45370413
45370711
45370782
45371357
45371603
45371685
45371782
45372058
45372831
45373533
45373607
45373675
45373805
45374019
45374093
45374164
45374500
45374980
45375027
45375080
45375154
45375303
45375317
45375375
45375563
45375702
45375988
45376560
45376697
45376829
45376905
45376906
45376925
45377040
45377063
45377159
45377193
45377341
45377760
45378037
45378706
45379157
45379376
45379508
45379546
45379891
45380098
45380146
45380318
45380481
45380599
45380609
45380755
45381047
45381076
45381845
45382465
45383238
45383563
45383899
45384342
45384432
45384628
45384800
45385019
45385488
45385644
45386010
45386022
45386053
45386241
45386481
45386614
45387423
45387503
45387994
45388683
45389288
45389902
45390243
45390430
45390686
45390694
45391000
45391402
45392251
45393497
45393505
45393553
45393685
45393852
45394569
45394594
45395420
45395781
45395882
45396662
45396772
45396879
45396916
45397755
45397877
45398564
45398622
45399757
45400373
45400458
45400484
45400490
45400610
45400688
45401046
45401285
45401451
45402584
45403113
45403393
45403485
45404225
45404321
45404555
45404713
45406374
45406701
45406970
45407093
45407836
45408210
45408524
45409088
45409670
45409790
45410631
45410683
45412465
45414397
45414692
45415051
45415353
45415381
45415711
45416365
45416382
45416910
45417278
45417594
45417790
45417937
45417955
45418038
45418205
45418439
45418691
45418825
45419670
45419889
45419944
45420129
45420139
45420153
45420357
45420739
45421418
45421546
45421613
45421626
45422398
45423072
45423139
45423173
45423402
45424448
45425093
45425171
45425309
45425737
45425873
45426488
45426616
45427077
45428339
45428597
45429126
45429329
45429850
45429939
45430052
45430483
45430580
45430924
45431046
45431371
45431720
45431797
45432688
45433283
45433312
45433482
45433487
45433605
45433936
45433965
45433983
45434671
45435010
45435134
45435287
45435528
45436209
45436273
45436281
45436365
45437006
45437122
45437505
45437539
45438567
45438995
45439763
45439954
45440135
45440365
45440649
45440656
45440808
45442513
45442570
45443091
45443293
45443582
45443801
45444142
45444283
45445011
45445026
45445855
45446640
45447263
45447374
45447504
45448384
45449067
45449451
45449478
45449565
45449614
45449970
45450015
45450465
45450477
45450600
45450611
45450743
45451105
45451818
45452713
45453255
45454009
45454393
45454757
45454778
45455334
45455472
45455659
45455793
45455795
45456306
45456322
45456580
45456636
45456645
45456793
45456853
45456985
45457047
45457531
45457697
45457895
45457921
45457948
45458228
45459353
45459492
45459713
45460044
45460198
45460448
45462025
45462046
45462361
45462428
45462749
45462968
45463268
45463420
45463773
45464015
45464444
45464891
45465042
45465582
45465741
45465859
45465985
45466706
45467637
45467690
45467994
45468215
45468589
45468629
45468752
45469036
45469140
45469956
45470005
45470180
45470249
45470378
45470452
45470936
45471004
45471334
45471400
45472001
45472550
45472681
45472746
45473524
45473759
45474043
45474223
45475536
45476049
45476079
45476186
45476716
45477302
45477348
45477850
45478015
45478516
45478640
45479073
45479578
45479585
45479765
45480280
45480670
45480912
45480951
45481728
45482052
45482061
45482188
45482776
45482864
45483341
45483597
45483694
45483909
45483914
45483973
45483974
45484906
45485418
45486123
45486221
45486249
45486482
45486837
45487049
45487667
45487957
45487988
45488184
45488214
45488534
45488570
45488593
45488920
45489361
45489793
45490002
45490616
45490752
45490933
45492180
45492322
45492551
45492798
45492815
45492939
45493355
45493681
45493690
45493785
45493961
45494402
45494439
45494625
45494627
45494727
45495655
45495668
45495891
45496066
45496685
45496794
45496917
45497075
45497076
45497411
45497605
45497607
45498298
45498352
45498611
45498949
45499084
45499570
45499590
45499645
45500266
45500311
45500796
45500846
45500859
45501023
45501289
45501338
45501347
45502126
45502270
45502914
45502955
45502984
45503070
45503177
45503331
45503744
45504060
45504486
45505208
45505777
45505831
45505947
45506376
45506689
45506694
45507168
45507964
45507983
45508467
45509027
45509284
45509616
45510266
45510994
45511765
45511883
45512097
45512654
45512842
45512884
45513485
45514061
45514121
45514603
45516796
45517344
45517434
45517479
45517577
45517753
45518007
45518096
45518111
45518758
45518918
45520181
45520390
45520711
45522206
45522243
45522766
45523556
45524045
45524139
45524275
45524282
45524312
45524891
45525242
45525483
45526436
45526593
45526625
45526652
45526831
45527228
45527238
45527733
45527871
45528080
45528456
45528489
45528804
45528872
45529347
45529724
45531101
45531162
45531784
45532034
45532099
45532387
45532793
45533097
45534591
45536522
45537236
45537452
45537931
45537966
45538139
45539244
45539327
45539609
45539782
45540040
45540045
45540916
45542257
45542279
45542351
45542629
45542846
45542945
45543131
45543656
45543876
45544029
45544074
45545218
45546641
45547674
45547956
45548556
45548566
45549475
45549818
45550022
45551410
45552086
45552356
45552834
45552944
45553616
45554017
45554208
45554300
45554983
45555001
45555393
45555606
45557235
45557288
45557380
45557573
45557590
45557790
45557871
45558741
45558768
45558800
45559059
45559668
45559672
45559882
45559896
45560091
45560156
45560533
45560604
45560663
45561005
45561223
45561415
45561925
45562845
45562953
45563061
45563236
45563276
45563787
45563878
45564066
45564172
45564262
45564399
45564437
45564458
45565175
45566820
45567268
45567546
45568277
45568583
45569521
45569534
45569775
45569866
45571297
45571611
45571712
45571926
45572084
45572267
45572465
45572803
45572956
45573031
45574264
45574712
45574908
45575141
45575256
45575824
45575882
45576151
45576789
45576939
45576964
45577205
45577837
45578350
45578371
45578396
45578604
45580008
45580108
45580261
45580380
45580470
45581688
45581743
45582359
45582368
45582651
45582873
45582901
45583126
45583137
45583140
45583273
45583557
45583878
45583919
45584062
45584167
45584425
45584510
45584726
45586440
45586695
45586945
45587063
45587658
45588050
45588254
45588394
45588437
45588692
45588784
45589331
45589467
45589572
45589626
45589653
45589818
45590026
45590114
45590370
45590957
45591831
45591932
45592066
45592286
45592503
45593585
45593632
45593792
45594104
45594124
45594880
45595624
45595809
45595884
45595932
45596787
45597105
45597299
45597911
45598004
45598171
45598332
45598401
45598968
45598972
45599210
45599285
45599477
45600152
45600227
45600685
45600889
45601104
45601963
45602202
45602512
45602541
45602638
45602824
45602945
45603111
45603199
45603295
45603562
45603856
45604564
45604666
45604787
45604906
45605145
45605411
45605494
45605759
45605904
45606524
45607923
45609059
45609206
45609283
45610919
45611210
45611218
45611374
45611416
45611826
45612409
45612683
45612798
45612822
45612846
45612917
45613285
45613566
45613711
45613755
45613761
45614377
45614420
45615233
45615252
45615283
45615494
45616417
45616642
45616652
45618450
45618933
45618992
45619329
45619482
45619584
45620175
45620698
45621609
45621878
45622039
45622538
45622634
45623005
45623335
45623610
45623883
45624733
45624892
45624961
45625251
45625488
45625672
45626226
45626316
45626540
45626541
45626773
45627130
45627147
45628035
45628099
45628142
45628479
45628833
45629069
45629422
45629467
45629655
45629783
45629863
45629916
45630370
45630908
45633635
45633760
45633843
45634420
45634526
45635295
45635325
45635544
45635707
45635876
45636136
45636988
45637277
45637638
45638052
45638085
45638099
45638197
45638734
45638859
45639190
45639483
45639500
45639642
45639826
45639966
45639980
45640118
45641123
45641159
45641302
45641568
45641763
45642502
45642768
45642808
45643159
45643428
45643534
45643768
45644611
45644653
45644800
45644883
45644884
45644942
45644991
45645065
45645364
45645633
45645641
45646602
45647113
45647653
45647670
45647783
45648910
45649626
45649945
45649995
45650224
45650400
45650422
45650425
45650472
45650617
45650876
45651112
45651337
45651429
45651483
45652108
45652286
45652533
45652741
45652748
45653383
45654542
45654749
45654880
45655675
45656067
45656140
45656753
45656776
45657438
45657481
45657553
45657589
45657610
45657639
45657704
45657706
45658400
45658506
45659174
45659226
45659546
45659679
45659778
45659781
45659927
45660022
45660314
45660807
45661214
45661455
45661738
45661991
45662116
45663518
45664420
45664749
45666274
45666952
45667381
45667624
45667957
45668157
45668158
45668280
45668401
45668628
45668809
45668810
45669149
45669287
45669381
45669785
45670109
45670609
45671082
45671810
45672078
45672152
45672220
45672785
45673764
45673804
45673812
45674518
45674780
45674899
45675714
45675917
45677340
45677345
45677361
45677982
45678066
45678155
45678206
45678270
45678450
45679585
45680111
45680254
45681682
45681701
45681947
45682009
45682250
45682360
45682810
45682987
45683160
45683183
45683767
45683784
45683862
45684054
45684126
45684391
45685883
45685910
45686066
45686135
45686140
45686157
45686528
45686571
45686777
45687396
45687956
45688242
45689223
45689341
45690931
45691256
45692614
45692633
45693789
45694012
45694388
45694523
45694543
45694610
45694719
45694796
45694804
45695298
45695311
45695462
45695548
45696086
45696152
45696290
45696780
45696854
45697283
45697889
45698312
45698531
45698992
45699093
45699459
45699523
45699913
45700102
45700987
45701213
45701231
45701846
45702256
45702369
45702531
45703516
45703700
45703702
45704095
45704900
45705703
45706348
45706868
45706963
45707495
45708032
45708302
45708410
45709287
45710213
45710229
45710813
45711646
45711872
45712397
45712736
45713237
45713371
45713940
45714072
45714113
45714459
45714978
45715084
45715265
45715515
45716030
45716210
45716213
45716371
45716649
45716829
45716926
45716955
45717185
45717203
45717903
45717972
45718827
45718883
45718897
45719117
45719330
45719478
45719794
45720602
45721070
45722050
45722821
45722928
45723783
45723818
45723981
45724370
45724468
45724479
45724595
45724801
45724912
45725106
45725449
45726077
45726691
45726788
45726822
45727364
45727757
45727760
45728192
45728916
45729918
45730086
45730100
45730228
45730231
45731547
45731649
45732209
45732355
45732671
45732811
45733599
45734657
45734950
45735278
45735737
45735991
45736559
45737340
45737486
45737488
45737594
45737647
45737948
45737959
45738509
45738932
45738964
45738998
45739077
45739628
45739792
45740514
45740973
45741009
45741044
45742189
45742206
45742243
45742339
45742379
45742505
45743127
45743620
45743630
45744129
45744376
45744961
45746307
45746724
45747485
45747811
45748003
45748564
45749773
45750107
45750997
45751415
45751606
45751721
45751960
45752681
45753211
45753373
45753876
45754087
45754631
45754752
45754777
45755303
45755333
45755641
45755921
45756106
45757152
45757294
45757343
45757617
45758801
45758917
45759132
45759571
45759596
45759610
45761069
45761721
45762060
45763066
45763111
45763215
45763643
45764048
45764625
45764733
45764997
45765399
45765621
45765769
45766181
45766330
45767137
45767347
45767652
45767857
45767934
45767935
45768007
45768891
45770058
45770078
45770253
45771082
45771674
45771745
45771746
45771849
45772267
45772780
45773073
45773245
45773378
45773512
45773961
45773978
45774014
45774612
45774719
45775463
45775612
45775822
45775860
45776994
45777294
45777410
45777596
45778450
45778451
45778551
45778867
45778880
45778958
45779018
45779503
45779530
45779832
45780304
45780660
45780801
45781355
45782064
45782928
45783046
45783077
45783184
45783287
45783447
45783839
45784205
45784836
45785560
45785696
45785842
45785975
45786265
45787345
45787602
45788976
45789924
45790059
45790292
45790734
45791355
45791426
45791807
45791869
45791993
45792133
45792428
45792664
45792889
45793321
45793597
45794109
45794256
45794261
45794802
45794983
45795183
45795431
45795609
45796079
45796142
45796254
45796380
45796859
45797163
45797891
45798188
45798849
45798969
45799268
45799730
45800254
45800397
45800781
45800801
45800939
45801182
45802228
45802378
45802636
45802955
45803384
45803521
45803583
45803701
45804480
45804740
45805247
45806395
45807351
45807946
45807982
45808092
45808440
45808742
45809564
45809770
45810426
45810679
45810718
45810891
45811120
45811133
45811233
45811587
45811928
45812340
45813005
45813057
45813086
45813566
45813613
45813763
45814296
45814756
45815089
45815450
45816096
45816264
45816936
45817135
45817594
45818036
45818496
45818541
45818673
45818714
45818748
45818822
45819157
45819362
45820148
45820514
45821213
45821325
45821571
45821912
45822087
45822427
45822641
45822843
45823086
45823433
45823703
45824160
45824217
45824345
45824644
45824988
45825119
45825128
45825274
45825548
45825705
45825993
45826569
45826716
45826765
45826776
45827168
45827883
45827962
45828710
45828936
45829413
45830277
45830406
45831243
45831378
45832340
45832454
45832545
45832896
45833217
45833851
45833895
45833952
45834014
45834390
45834963
45835001
45835222
45835776
45835778
45836066
45836132
45836397
45836589
45836676
45836707
45837297
45837580
45837835
45838414
45838708
45838786
45838913
45839229
45839375
45839518
45839949
45841444
45841624
45842022
45842276
45842388
45842440
45842558
45842572
45843372
45843730
45844065
45844216
45844311
45844659
45845683
45846501
45846603
45846740
45847967
45848583
45848904
45849230
45849511
45849719
45850243
45851347
45852268
45852393
45852455
45852767
45852924
45852943
45853175
45853375
45853379
45853990
45854890
45855121
45855172
45855468
45855541
45855601
45855892
45856744
45856953
45858141
45858147
45858190
45858349
45858666
45858945
45859067
45859632
45860138
45860139
45860683
45860817
45861345
45861743
45861767
45861850
45861855
45862094
45862605
45862914
45863429
45863692
45863735
45863782
45863810
45863926
45864963
45865067
45865911
45866635
45866687
45866892
45867323
45867716
45867816
45868252
45868303
45868787
45869051
45869353
45869369
45869557
45870560
45870650
45871287
45871363
45871839
45872618
45872863
45872870
45873130
45874395
45875127
45875314
45876125
45876278
45876540
45876737
45876761
45876879
45878121
45879286
45879559
45879851
45879894
45879915
45880436
45880473
45881365
45881761
45882182
45882314
45882391
45883167
45883858
45884226
45884387
45885430
45885507
45885589
45885940
45886126
45886146
45886449
45886517
45887527
45887626
45888050
45888253
45888262
45889122
45889904
45890034
45890523
45890574
45892388
45892764
45892875
45893275
45893969
45894389
45894618
45894897
45895049
45895233
45895365
45895452
45896009
45896316
45897245
45897659
45897756
45897800
45897944
45898385
45898523
45899279
45899435
45899623
45899771
45899851
45900497
45900738
45901019
45901346
45901481
45901763
45901981
45902073
45902226
45902470
45902472
45902931
45903026
45903475
45903667
45903842
45904176
45904489
45904784
45904811
45906297
45906889
45907474
45907620
45908134
45909737
45909979
45909982
45909988
45910029
45910132
45911156
45911419
45911500
45911673
45911877
45912584
45912712
45913214
45913270
45913598
45913826
45914319
45914591
45914855
45915633
45916180
45916264
45916655
45916812
45917031
45918363
45919064
45919426
45919497
45919609
45919799
45919926
45919965
45920217
45920344
45920917
45921257
45921462
45921988
45922348
45922959
45923983
45924361
45924463
45924933
45925136
45925298
45926486
45926563
45926606
45927436
45927545
45927641
45927974
45927990
45928070
45928191
45928357
45928697
45928723
45928804
45928982
45929592
45930283
45930321
45930742
45931467
45932030
45932130
45932161
45932240
45932513
45932769
45933552
45934139
45934290
45934694
45935347
45935349
45935584
45935800
45935920
45936016
45936042
45936053
45936255
45936576
45936779
45936832
45936859
45937177
45937379
45937421
45938293
45938321
45938937
45939869
45940063
45940090
45940167
45940376
45940686
45941181
45941229
45941366
45941768
45941823
45942123
45942296
45942606
45942817
45943170
45944380
45944382
45944396
45945429
45945486
45945701
45945708
45946134
45946439
45947029
45947100
45948326
45948361
45948515
45948620
45949114
45949476
45950546
45950847
45951684
45951729
45952071
45952201
45952387
45952477
45952527
45952550
45952865
45953042
45953398
45953586
45953802
45953819
45954715
45954730
45955225
45955716
45956586
45956616
45956650
45956698
45957331
45957965
45958436
45958653
45959096
45959260
45959592
45960106
45960233
45960372
45960631
45960735
45961018
45961246
45961639
45961795
45961837
45962996
45963094
45963250
45963255
45963351
45964581
45965389
45965408
45965409
45965651
45965654
45966710
45966789
45967332
45967732
45967773
45968350
45968564
45968590
45969134
45969353
45970171
45970298
45970410
45970534
45970719
45970807
45970839
45971181
45973705
45973971
45973975
45974180
45974251
45974837
45975261
45975460
45975472
45975575
45976441
45976473
45976527
45976885
45977146
45977549
45977755
45978010
45978194
45978292
45978717
45978812
45978965
45979190
45979387
45979392
45979656
45980364
45980515
45980776
45981576
45981909
45983080
45983177
45983356
45983365
45983558
45983663
45983949
45984487
45984549
45984674
45985739
45985873
45986333
45986455
45986582
45987044
45987549
45987599
45987632
45987987
45988057
45988249
45989819
45989927
45990191
45990378
45990438
45990446
45990547
45991322
45991927
45991939
45992827
45993510
45993680
45994011
45994101
45994554
45994797
45994814
45994890
45995114
45995191
45995253
45995768
45995889
45995916
45995931
45996350
45996672
45997007
45997105
45997917
45998368
45998470
45998536
45998624
45998629
45999133
45999313
45999390
45999595
46000522
46000593
46000847
46000878
46001609
46001642
46002122
46002368
46003067
46003316
46003834
46004182
46004356
46004785
46004916
46005034
46006171
46006262
46006521
46006577
46006679
46006823
46007248
46007355
46007597
46008078
46009430
46009509
46009517
46009670
46009781
46010377
46010660
46011032
46011558
46011933
46011939
46012151
46012215
46013363
46013646
46013827
46014424
46014642
46014939
46015179
46015299
46015359
46015459
46015474
46016060
46016219
46016877
46017524
46017820
46017843
46018090
46018598
46018778
46018933
46019591
46020038
46020451
46020682
46020954
46021319
46021451
46022117
46022393
46022648
46022878
46023091
46023514
46023775
46024046
46024601
46024698
46024729
46024906
46025053
46026480
46026575
46027118
46027499
46028226
46028669
46028842
46029013
46029210
46029765
46030138
46030320
46030333
46030725
46030781
46031983
46032096
46032293
46032994
46033973
46034791
46034914
46035505
46035717
46036209
46036221
46036244
46036374
46036522
46036754
46036760
46036794
46036964
46037034
46037290
46037559
46037709
46037885
46038038
46038240
46038508
46038604
46038785
46039095
46039338
46039417
46039693
46039922
46040174
46040591
46040660
46040928
46041213
46041470
46041527
46041584
46042013
46043038
46043240
46043855
46043996
46044096
46044104
46044180
46044228
46044296
46044462
46044824
46044835
46045261
46046280
46046603
46047889
46047903
46047952
46048393
46048496
46048573
46048969
46049703
46049715
46049816
46049878
46050453
46051582
46051936
46052086
46052603
46052734
46052951
46053184
46053815
46054031
46054083
46054257
46054934
46054962
46054967
46055016
46055099
46055103
46056069
46056164
46056215
46056276
46056333
46056334
46056372
46056580
46056918
46056920
46056950
46057078
46057226
46057582
46057822
46058042
46059364
46059811
46059907
46060094
46060125
46060213
46060279
46060511
46060535
46061451
46061552
46061618
46061704
46062080
46062305
46062663
46063021
46063313
46063348
46063578
46063997
46064105
46064301
46064328
46064475
46064520
46064612
46065098
46065226
46065228
46065841
46066787
46067361
46067371
46067670
46068490
46068927
46068994
46069061
46069278
46069437
46069531
46069725
46070486
46070529
46071243
46071607
46071768
46072118
46072560
46072727
46072766
46073157
46073642
46074392
46074615
46074819
46074847
46075064
46075595
46076197
46076455
46076610
46076691
46076745
46077348
46077803
46077917
46078020
46078131
46078368
46078699
46079448
46079786
46080177
46080835
46080960
46081004
46081778
46082095
46082460
46082553
46083046
46083542
46084329
46084586
46084869
46084966
46085041
46085392
46086008
46086348
46086389
46086542
46086597
46086924
46086937
46087577
46087982
46088029
46088521
46088527
46089067
46089234
46089383
46090266
46091177
46091316
46092088
46092351
46092523
46092719
46093361
46093651
46093814
46093927
46094579
46095352
46095355
46095578
46096491
46096869
46096955
46096979
46096995
46097396
46097857
46098156
46098183
46099118
46099498
46100945
46101098
46101614
46101838
46101988
46102082
46102095
46102495
46103801
46104038
46104244
46104691
46105261
46105541
46105677
46106222
46106523
46106998
46107436
46107885
46108022
46108044
46108195
46108261
46108396
46108445
46108461
46108662
46108910
46110221
46110240
46110387
46110687
46110886
46111010
46111022
46111053
46111097
46111406
46111475
46111623
46112534
46112599
46113009
46113064
46113592
46113595
46113674
46113826
46113874
46114176
46115670
46115951
46116076
46116078
46116082
46116161
46116966
46117864
46118006
46118235
46118264
46118470
46118991
46119106
46119119
46119182
46119342
46119362
46119649
46120069
46120112
46120321
46120369
46121131
46121165
46121349
46121510
46121826
46122012
46122587
46122785
46123092
46123254
46123421
46123564
46124552
46125328
46125789
46125843
46126404
46126453
46126530
46126650
46126941
46128513
46128558
46128743
46128754
46128847
46129030
46129090
46129098
46129273
46130561
46131001
46131140
46131503
46131593
46131746
46131792
46132066
46132204
46133111
46133340
46133344
46133533
46133600
46133609
46133704
46133715
46133833
46133931
46133964
46134122
46134146
46134235
46134243
46134472
46134545
46134822
46135649
46135918
46136680
46136900
46137380
46137479
46137783
46137910
46138380
46138512
46138828
46138902
46139184
46139342
46139446
46139620
46139839
46140005
46140181
46140292
46140656
46141091
46141108
46141147
46141496
46142049
46142176
46142338
46142534
46142705
46142816
46142876
46142899
46142932
46143324
46144736
46145055
46145909
46146600
46146869
46147061
46149399
46149459
46149503
46149932
46150932
46151379
46152053
46152079
46152355
46152738
46152826
46152842
46152927
46153093
46153150
46153165
46153788
46154105
46154250
46154464
46155497
46155639
46155910
46156648
46157843
46157844
46158254
46158273
46158344
46159003
46159227
46159230
46159242
46159536
46159579
46159736
46160455
46160806
46160813
46161939
46162010
46163165
46164382
46164491
46164526
46164536
46164620
46164660
46165380
46165707
46165714
46165834
46165885
46166085
46166092
46166433
46166774
46167396
46167491
46169373
46169502
46169904
46170036
46170439
46170463
46170492
46170640
46170718
46172512
46173298
46174130
46174185
46174388
46175275
46175343
46175906
46175981
46176392
46177063
46177198
46177994
46178163
46178281
46178923
46179229
46180456
46180653
46181356
46181588
46181612
46181716
46181748
46181769
46182680
46182821
46183659
46184128
46184237
46184306
46184594
46184604
46184675
46184684
46184830
46184847
46185228
46185503
46185735
46186248
46187451
46187542
46187768
46187851
46187867
46188234
46188728
46188883
46189204
46189283
46189294
46189413
46189424
46190276
46190436
46190541
46190558
46190609
46190701
46191107
46191546
46193440
46193685
46194951
46195102
46195162
46195991
46197930
46198044
46198430
46198531
46198703
46198753
46198776
46198960
46199399
46199419
46199430
46199633
46199762
46200132
46200885
46201645
46201918
46201989
46203006
46203372
46203397
46203423
46203847
46204447
46204590
46204967
46205079
46205407
46206327
46206558
46206825
46206900
46206991
46207031
46207271
46207278
46208316
46208502
46208999
46209230
46209279
46209797
46210007
46210013
46211111
46212503
46212790
46213256
46213338
46213388
46213534
46213630
46213841
46213883
46214177
46214240
46214596
46215146
46215234
46215238
46215650
46215902
46216093
46216280
46217109
46217115
46217646
46217879
46217898
46218175
46218231
46219479
46220046
46220050
46220111
46220614
46221130
46221849
46221937
46222273
46222454
46223034
46223214
46223983
46223995
46224792
46225388
46226611
46226615
46226982
46227405
46227704
46227921
46227932
46227972
46228102
46228267
46228569
46228942
46229037
46229397
46229869
46230328
46230422
46230675
46230676
46232007
46232442
46232731
46232733
46232977
46233002
46233955
46233994
46234498
46234540
46234544
46234589
46235577
46235680
46235759
46236005
46237036
46237076
46237474
46237664
46237688
46238576
46238789
46238994
46239078
46239343
46239346
46239737
46239793
46240776
46240822
46240991
46241115
46241232
46241538
46241731
46241918
46242204
46242294
46242589
46243555
46243564
46243568
46243661
46243736
46243933
46244197
46244434
46244486
46245230
46245430
46246028
46246451
46246462
46246914
46247315
46248637
46248774
46248801
46249410
46249975
46250117
46250263
46250939
46251122
46251475
46251551
46251705
46251881
46252166
46252646
46252721
46252751
46253338
46253615
46253698
46254146
46254168
46254253
46254609
46254701
46254764
46254774
46254817
46255266
46255494
46255500
46255584
46255781
46255813
46256026
46256455
46256584
46256698
46256737
46256758
46256762
46256844
46257015
46258021
46258146
46258967
46259210
46259374
46259467
46259797
46260225
46260440
46260637
46261064
46262074
46262203
46262305
46262383
46262435
46262459
46263016
46263055
46263367
46263868
46264909
46265367
46265406
46266032
46266111
46266311
46267301
46267596
46267604
46267708
46267718
46268109
46268306
46268741
46269015
46269037
46269098
46269119
46269134
46270172
46270378
46270428
46270674
46271094
46271800
46271908
46272256
46272536
46272926
46273140
46273563
46273615
46273746
46274135
46274410
46274589
46274637
46275051
46275401
46275742
46277022
46277240
46277279
46278259
46278613
46278877
46278981
46279066
46279140
46279391
46280209
46281135
46281425
46281689
46282508
46282518
46283151
46283520
46283584
46283750
46283775
46283801
46284334
46284709
46284990
46285142
46285931
46286218
46286605
46287762
46288109
46288414
46288517
46288540
46288631
46288642
46289351
46290221
46290804
46290949
46291069
46291319
46292045
46292316
46292330
46292378
46293172
46293325
46293420
46293730
46294565
46294656
46295249
46295598
46295704
46295972
46296434
46296572
46297114
46297297
46297327
46297470
46297643
46297644
46297786
46298624
46298632
46299221
46299370
46299372
46299418
46300125
46300206
46300210
46300356
46300508
46301343
46301565
46302106
46302112
46302233
46302307
46303246
46303393
46303593
46303671
46303878
46303993
46305120
46305462
46306345
46306813
46306903
46306930
46307305
46307412
46307761
46307959
46308676
46308763
46309669
46309670
46309782
46310037
46311001
46311237
46311333
46311968
46312011
46312394
46313122
46313471
46313561
46313882
46313988
46314020
46314349
46314436
46314477
46315203
46316003
46316167
46316213
46316437
46317197
46317420
46317429
46317916
46318278
46318321
46318962
46319436
46319585
46320120
46320168
46320230
46320405
46320598
46320816
46321523
46322134
46322149
46322499
46323100
46323199
46323494
46323845
46323932
46324559
46324885
46325127
46325223
46326326
46326379
46326444
46326755
46326843
46326884
46327027
46327115
46327668
46327714
46327857
46327959
46327988
46328303
46328312
46328340
46328593
46328647
46328761
46328772
46329012
46329493
46329595
46329939
46330791
46330814
46331279
46331449
46332186
46332852
46332977
46333123
46333814
46335321
46335736
46336243
46336438
46337076
46337188
46337414
46337458
46337795
46337817
46338249
46338378
46338811
46338824
46340070
46340112
46340299
46340530
46340659
46341050
46341333
46341818
46341824
46341921
46341978
46342763
46343678
46343680
46343707
46344121
46344896
46345044
46345474
46345884
46345999
46347231
46347920
46348040
46348243
46348315
46349223
46349351
46349473
46349724
46350217
46350391
46350584
46350933
46351642
46352443
46352880
46352885
46352891
46353438
46353501
46353925
46354264
46354276
46354322
46355084
46355097
46355115
46355148
46355227
46355435
46355996
46356127
46356505
46357451
46358261
46358305
46358472
46358782
46358981
46359910
46359995
46360085
46360465
46360983
46361243
46361261
46361297
46361447
46361786
46361968
46362132
46362323
46362650
46362661
46362754
46362819
46363148
46363166
46363818
46364153
46364638
46364912
46365185
46365768
46365998
46366187
46366825
46366963
46367511
46368037
46368414
46368860
46369546
46369606
46369857
46369908
46370476
46370735
46371063
46372019
46372239
46372488
46374162
46374643
46374736
46374737
46374828
46375121
46375519
46375527
46375819
46375858
46375919
46375961
46376018
46376079
46376529
46376584
46376819
46377723
46378387
46378457
46379178
46379233
46379387
46379500
46379669
46379922
46380460
46381004
46381031
46381565
46381707
46381989
46382071
46382372
46383185
46383509
46383709
46383897
46384585
46385188
46385212
46385554
46386235
46386614
46386995
46387805
46387911
46388244
46388422
46389902
46390286
46390478
46390559
46390915
46391284
46391300
46391723
46392809
46392911
46393007
46393773
46394430
46394929
46395011
46395228
46395284
46395349
46395771
46396340
46396418
46396593
46396905
46396931
46397096
46397664
46397764
46398510
46398672
46398738
46400318
46401231
46403169
46403262
46403643
46404614
46404814
46405247
46405257
46405380
46405569
46406091
46406246
46406354
46406923
46406980
46407316
46407413
46407519
46407814
46408189
46408327
46408822
46409324
46409513
46409604
46410697
46410951
46411054
46411171
46411714
46411895
46411933
46412034
46412214
46412432
46413994
46414091
46414425
46414440
46414574
46415530
46416161
46416187
46416345
46416661
46416822
46417323
46417360
46417654
46418181
46418187
46418869
46418921
46419710
46420207
46420881
46422205
46422230
46422809
46423816
46424145
46424339
46424420
46425120
46425313
46425318
46425384
46425428
46425901
46426112
46426171
46426368
46426389
46427065
46427328
46427343
46427447
46427478
46427565
46427691
46428207
46428448
46428503
46428545
46428901
46428935
46429116
46429940
46430280
46430856
46430907
46430959
46431844
46431929
46432042
46433074
46434031
46434259
46434703
46434929
46435196
46435617
46436619
46436638
46436854
46437319
46437345
46437451
46438039
46438122
46438523
46438553
46440295
46440389
46440437
46440504
46440595
46441415
46441603
46441820
46442364
46443982
46444412
46445025
46445062
46445288
46445633
46445840
46445910
46446825
46447155
46447467
46447731
46447759
46448112
46448248
46448314
46448323
46448443
46448672
46449102
46449193
46449873
46450366
46450824
46451164
46451333
46451363
46451928
46452850
46453986
46454600
46454739
46454918
46455096
46455662
46455701
46455756
46457039
46457796
46457918
46458075
46458113
46459924
46460188
46460385
46460762
46461121
46461578
46461621
46462027
46462385
46462769
46463190
46463551
46463919
46463950
46464129
46464212
46464227
46464386
46464660
46464771
46464964
46465302
46465760
46466254
46466754
46466862
46467057
46467398
46468299
46468339
46468355
46468387
46468813
46469627
46469969
46470112
46471581
46471762
46471854
46471954
46472341
46472400
46472654
46472928
46473496
46473510
46474903
46475065
46475121
46475131
46476308
46476353
46476494
46476517
46477054
46477115
46477186
46478415
46479239
46480311
46480598
46480619
46480731
46480844
46481102
46481986
46482519
46482873
46483292
46484348
46484525
46484781
46485525
46486013
46488234
46489139
46489195
46489325
46489940
46490146
46490685
46491000
46491365
46492202
46493196
46493627
46493707
46493776
46494429
46494620
46494872
46495146
46495382
46495416
46495575
46495586
46495674
46495753
46495889
46496411
46496464
46496743
46496818
46496899
46497033
46497070
46497169
46498030
46498105
46498422
46498560
46499248
46499498
46499547
46499593
46499761
46499906
46500036
46500560
46500563
46500575
46500675
46500868
46500966
46502525
46502657
46502793
46503098
46504422
46504472
46504809
46505079
46505754
46505762
46505781
46505794
46505925
46506102
46506142
46506472
46506896
46507067
46507937
46508144
46508174
46508469
46508585
46508997
46509323
46509432
46510099
46510122
46510293
46510865
46511277
46511628
46511798
46512140
46512250
46512890
46513147
46513598
46513899
46513966
46514553
46514861
46515420
46516137
46516464
46517264
46517377
46518044
46518291
46518323
46518626
46518964
46519305
46519556
46519947
46520672
46520702
46520848
46520880
46521639
46521720
46521820
46522338
46522897
46522961
46523200
46523271
46523441
46524091
46524554
46525005
46525227
46525484
46525610
46525895
46525966
46526140
46526198
46526516
46526558
46526720
46526749
46526766
46526776
46527199
46527751
46529299
46529495
46529609
46530047
46530559
46530733
46530886
46530995
46531266
46531293
46531374
46531405
46531575
46532045
46532608
46533636
46533756
46533867
46534281
46534389
46535028
46535152
46535219
46535252
46535352
46535856
46536140
46536604
46537030
46537086
46537171
46537667
46537967
46538049
46538203
46538524
46538587
46539041
46539565
46539700
46539727
46539846
46540354
46540518
46540696
46541650
46542042
46542473
46542475
46542778
46542997
46543130
46543332
46543521
46543576
46543953
46544217
46544477
46544660
46544845
46544917
46544991
46545973
46546025
46546140
46546783
46547395
46547680
46547828
46547914
46548026
46548322
46548424
46548493
46548637
46549087
46549114
46549319
46549389
46549748
46549768
46550369
46550931
46550971
46551309
46551618
46551680
46552049
46552136
46552616
46553193
46553521
46553933
46554786
46555496
46555597
46555693
46555873
46556592
46557053
46557141
46557316
46558159
46558332
46558416
46558982
46559241
46559500
46559954
46561069
46561598
46561945
46562036
46562582
46562778
46562981
46563060
46563083
46564294
46564887
46565304
46565391
46566011
46566540
46566756
46567257
46568784
46569160
46569326
46571047
46571084
46571154
46571822
46571877
46571945
46571996
46572242
46572313
46572636
46572822
46573179
46573343
46573416
46573519
46573653
46573885
46573915
46573950
46574030
46574142
46575021
46575156
46575506
46575690
46575703
46575768
46575918
46575919
46578261
46579136
46579226
46579242
46579513
46579891
46580131
46580167
46580169
46580237
46580369
46580464
46580711
46581073
46581141
46581164
46581462
46581540
46581618
46581620
46582080
46582214
46582689
46583882
46584118
46584363
46584437
46584850
46585266
46585446
46585637
46586117
46586291
46586441
46587098
46587890
46588176
46588349
46588599
46588975
46589296
46590408
46590636
46591573
46591741
46592897
46592903
46594075
46594257
46594444
46595917
46596707
46597304
46597460
46597520
46597694
46597966
46598189
46598891
46599081
46600565
46600638
46600661
46600956
46601864
46602030
46602069
46602099
46602968
46603376
46603416
46603587
46603670
46603827
46604106
46604229
46604276
46604330
46604554
46605481
46605719
46606035
46606336
46606537
46607035
46607890
46608163
46608808
46608987
46609423
46609748
46609776
46609780
46609795
46609902
46610100
46610331
46610455
46610782
46610826
46611286
46611486
46611627
46612086
46612657
46612868
46612986
46613068
46613353
46613583
46614019
46614098
46614724
46614927
46615061
46615130
46615249
46615523
46615668
46615868
46616048
46616287
46616600
46616957
46617587
46617848
46617866
46618044
46618237
46619056
46619503
46620318
46620375
46620663
46620808
46620826
46620834
46621466
46621822
46622041
46622566
46622988
46623113
46623459
46623896
46624575
46624596
46624779
46625148
46625332
46625400
46625417
46625718
46625886
46626510
46626585
46626767
46626799
46626834
46627131
46627294
46627428
46627514
46627561
46627620
46627724
46628133
46628523
46629666
46629679
46629792
46629913
46630256
46630699
46630753
46631359
46631466
46631546
46631631
46631992
46632215
46632229
46632253
46632306
46632581
46632632
46633385
46634687
46634705
46634734
46634917
46634944
46635221
46635236
46635521
46635724
46635874
46635931
46636383
46636901
46637082
46637913
46637978
46638404
46638979
46639125
46639165
46639257
46639261
46639859
46640938
46642738
46642917
46643099
46643838
46644158
46644623
46644657
46645290
46645369
46646292
46646387
46646979
46647361
46647453
46647675
46648111
46648465
46648681
46648708
46648710
46648730
46650445
46651040
46651889
46651893
46652146
46653532
46653751
46653826
46654019
46654177
46654747
46655295
46655612
46656261
46656759
46656970
46657087
46657132
46657231
46657367
46657665
46657766
46658060
46658290
46658880
46659816
46660038
46660180
46660410
46660633
46661244
46662298
46662348
46662634
46662649
46662800
46663699
46663709
46663897
46663907
46663972
46664655
46664712
46664820
46665091
46665385
46665459
46665485
46665785
46665815
46666098
46666140
46666223
46666834
46666916
46667470
46667590
46667929
46668472
46668613
46668806
46669081
46669640
46670182
46670208
46671546
46671552
46671747
46671785
46671799
46672075
46672630
46672670
46673248
46673641
46673812
46673813
46673877
46674080
46674122
46674262
46674601
46674625
46674902
46675450
46675696
46675869
46676180
46677089
46677127
46677224
46677380
46677953
46678309
46678506
46680032
46680582
46680973
46680990
46681055
46681179
46681261
46681453
46681469
46682073
46682606
46682645
46682724
46682796
46682798
46683662
46684491
46684879
46684905
46685597
46685706
46685854
46685931
46686013
46686166
46686170
46686600
46686624
46686709
46686766
46686860
46687021
46687048
46687198
46687404
46687664
46687668
46687798
46687802
46688351
46688374
46688515
46688544
46688641
46688713
46688784
46689048
46689546
46690270
46690441
46691194
46692080
46692259
46692511
46692756
46693205
46694454
46694480
46694890
46695259
46695410
46695559
46695738
46696025
46696273
46697375
46697379
46697621
46697633
46697754
46698370
46698405
46698482
46698499
46698516
46698605
46699043
46699820
46699956
46700085
46700267
46700311
46700318
46700708
46700749
46700774
46700812
46700991
46701220
46701358
46701631
46701632
46701685
46701827
46702214
46702216
46703314
46703815
46703841
46703914
46704044
46705955
46706152
46706501
46706880
46706984
46707052
46707600
46707699
46708610
46708653
46708714
46709192
46709409
46710240
46710687
46711042
46711085
46711257
46711606
46711856
46712056
46712135
46713145
46713280
46713771
46714610
46714848
46715250
46715428
46715713
46716125
46716310
46717615
46718291
46718707
46718715
46719059
46719288
46719609
46720168
46720472
46720686
46720736
46720824
46721315
46721326
46721947
46722638
46722956
46723038
46723139
46723624
46723691
46723758
46723905
46724487
46724965
46725126
46725705
46725709
46725907
46726005
46726661
46727535
46728286
46728806
46729269
46729473
46729505
46729664
46729789
46729832
46730316
46730798
46730992
46731153
46731232
46731783
46732102
46732421
46732752
46733272
46733277
46734020
46734042
46734462
46734936
46735232
46735756
46735893
46736161
46736247
46736468
46736833
46737750
46738153
46738184
46738459
46738875
46740662
46741195
46741399
46741615
46741747
46741774
46741966
46743182
46743194
46743198
46743207
46743321
46743873
46744432
46745104
46745218
46745245
46746128
46746300
46746735
46747318
46747891
46747981
46748291
46748967
46749066
46749145
46749668
46750065
46750697
46750739
46750880
46750899
46750944
46750976
46751140
46753485
46754524
46754566
46754605
46755033
46755054
46755165
46755367
46755425
46755485
46755842
46755988
46756147
46756446
46756554
46756951
46757164
46757609
46757741
46757786
46758075
46758227
46758243
46758486
46758492
46758705
46758919
46760298
46760335
46760999
46761943
46762156
46762173
46762226
46762253
46763384
46763550
46764071
46764147
46764257
46764646
46765457
46765699
46765752
46766221
46766852
46767006
46767277
46767761
46767861
46768537
46768669
46769255
46769332
46769455
46769529
46769668
46770000
46770211
46770433
46770480
46770823
46771316
46772194
46772204
46772890
46772977
46773030
46773050
46773325
46774248
46774492
46775433
46775520
46775786
46776112
46776381
46776565
46776685
46776693
46777526
46777613
46777694
46778156
46778397
46778970
46779016
46779105
46779243
46779395
46779611
46779673
46779705
46780703
46780820
46781058
46781117
46782433
46782521
46782532
46783753
46784104
46784836
46784846
46787118
46787138
46787683
46788150
46788203
46789215
46789550
46790028
46790164
46790691
46790739
46790779
46791130
46791324
46791328
46791681
46792130
46792288
46792567
46793026
46793304
46794813
46795094
46795185
46795208
46795523
46795641
46795932
46796706
46796819
46797532
46797842
46798491
46798500
46799312
46799447
46799507
46800088
46800174
46800681
46801145
46801350
46801488
46801505
46801816
46801847
46801957
46801961
46801999
46802800
46803243
46803296
46803383
46803434
46803452
46804102
46805618
46806278
46806422
46806433
46806898
46806941
46809237
46809829
46810305
46810344
46810507
46810653
46810720
46811056
46811478
46812048
46812315
46812784
46813164
46813796
46813814
46814074
46814102
46814633
46814637
46815614
46815619
46815858
46816223
46816299
46816370
46816436
46816745
46817048
46817164
46817169
46817204
46817496
46817734
46817752
46817845
46817950
46818823
46819553
46819796
46819850
46820825
46821037
46821157
46821402
46821837
46822642
46822681
46822702
46822969
46822990
46823047
46824187
46824234
46824618
46824691
46825023
46825338
46826012
46826205
46826904
46826905
46827233
46828045
46828409
46828766
46828883
46830900
46830923
46831068
46832304
46832384
46832549
46832949
46833186
46833663
46833838
46834186
46834304
46834689
46834714
46834948
46834955
46835250
46835327
46835621
46836442
46836624
46837226
46838603
46838849
46839004
46839133
46839358
46839429
46840221
46840348
46840902
46841361
46841543
46841631
46842065
46842153
46843314
46844157
46844706
46844722
46845201
46845397
46845424
46846224
46846896
46850072
46850168
46850451
46850913
46850914
46851103
46851288
46851296
46851449
46851506
46851840
46851899
46851913
46852112
46852523
46852626
46853253
46853809
46855642
46855910
46855964
46856544
46856837
46857021
46857292
46857500
46857586
46857649
46858332
46859128
46859259
46859283
46859700
46860260
46860442
46860517
46860963
46861021
46862163
46862242
46862344
46862359
46862385
46863195
46863695
46863803
46863879
46863965
46864367
46864375
46864387
46864608
46864614
46864648
46864776
46864921
46865450
46865469
46865673
46865804
46865856
46865957
46866921
46866951
46867402
46867763
46867783
46867784
46868737
46869413
46869515
46869880
46869921
46869979
46870289
46870304
46870619
46871038
46871995
46872040
46872173
46872253
46873337
46873569
46873689
46873928
46874057
46874280
46874648
46874662
46874775
46874853
46874935
46875782
46875947
46876055
46876223
46876876
46877404
46877536
46878628
46878781
46879002
46879758
46880702
46880929
46881016
46881227
46881449
46882008
46882049
46882329
46882961
46883206
46883381
46883953
46884159
46884545
46884996
46885499
46886821
46886952
46887362
46887789
46888119
46888520
46888965
46888975
46889453
46889561
46889599
46889679
46889704
46889729
46890962
46891092
46891253
46891895
46891924
46892172
46892291
46892315
46892498
46892607
46892647
46892664
46892705
46893177
46894436
46895084
46895373
46895534
46895563
46896167
46896718
46896788
46896794
46897407
46897620
46897690
46897820
46898072
46898214
46898226
46898317
46898482
46899814
46899958
46899960
46899989
46900219
46900348
46900447
46901071
46901280
46901693
46901698
46901822
46901929
46901955
46902560
46902564
46902683
46902822
46902877
46902887
46902905
46903177
46903540
46904246
46904863
46905362
46905448
46906276
46906561
46906593
46906751
46907217
46907375
46907547
46907569
46907627
46908256
46908519
46908577
46908821
46909366
46909859
46910386
46910630
46911012
46911378
46912541
46912641
46912971
46913058
46913190
46913484
46913578
46914342
46914660
46915003
46915153
46915221
46915648
46915654
46916230
46916233
46916265
46916390
46916476
46916759
46916942
46917086
46917177
46917424
46917480
46918028
46918085
46918200
46918569
46918837
46919348
46919590
46919593
46919768
46919901
46921569
46921708
46921710
46921818
46921838
46921883
46922016
46922122
46922499
46922719
46922766
46922898
46922912
46923897
46924058
46924336
46925189
46925295
46925427
46925871
46926171
46926174
46926187
46926440
46927487
46927610
46927620
46929431
46929693
46929898
46929932
46930068
46930225
46930719
46930995
46931863
46931969
46932308
46933382
46933431
46933789
46934348
46935243
46935249
46935360
46935716
46935742
46936043
46936065
46936264
46936521
46936807
46936876
46937206
46937657
46937754
46937759
46937854
46938355
46938856
46939772
46939775
46940018
46940498
46940885
46941009
46941572
46941636
46941706
46942323
46942548
46942640
46942660
46943053
46943096
46943237
46943460
46943920
46944024
46944122
46944375
46944559
46944695
46945055
46945442
46945500
46945568
46945766
46945897
46945907
46946412
46946976
46947083
46947772
46947928
46948288
46948616
46950853
46951112
46951405
46951457
46952281
46952525
46952997
46953347
46953354
46953425
46954234
46954471
46954595
46954990
46955596
46955772
46956415
46956487
46957107
46957155
46957341
46958280
46958554
46959032
46959479
46959568
46959570
46959718
46959895
46959909
46959914
46960274
46960956
46961020
46961367
46961832
46962682
46964525
46964838
46965015
46965205
46965259
46966093
46966277
46967120
46967344
46967379
46967415
46967690
46968429
46968642
46969240
46969259
46969685
46969964
46970117
46970146
46970324
46971084
46971497
46971799
46971873
46971875
46972325
46972354
46972378
46972415
46972427
46973030
46973145
46973316
46973336
46973343
46974428
46975369
46975700
46976167
46976686
46976758
46978248
46978420
46978589
46978692
46979044
46979068
46979131
46979845
46980011
46980335
46980714
46980792
46980793
46980902
46980942
46981733
46982035
46983038
46983099
46983538
46983765
46983931
46983991
46984057
46984070
46984105
46984242
46985200
46985308
46985541
46985565
46986418
46986470
46986538
46986540
46986640
46987656
46987800
46988227
46988348
46988508
46988882
46989192
46990173
46990497
46990873
46991492
46991744
46993012
46993262
46993346
46993632
46993773
46993790
46993984
46994128
46994300
46994445
46994597
46994913
46994920
46995902
46995916
46996504
46996887
46997425
46997928
46998193
46998404
46998512
46998934
46999340
46999366
46999611
46999763
47000350
47000358
47000396
47000816
47001198
47001205
47001247
47001248
47001280
47001558
47001681
47001714
47002563
47002589
47002620
47003614
47004971
47004995
47005349
47006671
47008229
47008715
47009020
47009203
47009665
47009808
47009833
47009906
47009913
47011073
47011258
47012130
47012414
47012976
47013036
47013220
47013228
47013308
47013702
47014323
47014331
47014340
47014767
47015090
47015510
47015582
47015589
47015692
47015817
47015931
47016157
47017586
47017856
47018318
47018320
47018739
47018840
47019048
47019207
47019347
47019770
47019865
47019963
47020158
47020259
47020363
47020427
47020569
47020702
47020760
47021391
47021485
47022037
47022273
47022308
47022742
47023379
47023450
47023591
47023806
47023809
47023973
47024444
47024801
47025141
47025676
47026217
47026333
47027549
47027659
47027680
47027755
47028089
47028142
47028143
47028323
47028596
47028602
47028991
47029161
47029637
47029665
47030278
47030451
47030460
47031655
47031670
47031929
47032205
47032488
47032498
47032505
47032564
47032627
47032684
47033281
47033592
47033695
47034583
47034606
47036017
47036071
47036073
47036159
47036185
47036267
47036286
47036432
47036614
47036820
47037441
47037443
47037572
47038046
47038283
47038737
47039378
47039697
47039779
47040307
47040404
47041752
47042114
47042329
47043018
47043021
47043198
47043510
47043599
47043791
47044035
47044089
47044432
47044625
47045193
47045500
47045722
47046636
47046850
47046974
47047691
47047947
47048538
47048944
47049040
47049876
47050361
47050366
47050543
47050544
47050828
47051146
47051160
47051258
47051784
47052765
47052850
47052909
47052963
47052987
47053039
47053381
47053684
47054445
47055875
47056013
47056128
47056260
47057003
47057206
47057410
47057922
47058965
47059212
47059364
47060178
47060206
47060567
47060695
47061532
47061634
47061664
47061836
47061875
47062196
47062923
47063008
47063009
47063032
47063240
47063286
47063637
47064674
47064992
47065195
47065257
47065527
47065952
47066773
47067078
47067153
47067215
47067328
47067359
47067392
47067393
47067590
47067995
47068293
47068388
47069013
47069496
47069942
47070771
47071367
47071496
47071501
47071683
47071838
47071840
47072102
47072199
47073461
47073521
47074943
47075255
47075261
47076300
47076347
47076356
47076666
47076803
47077192
47077223
47077956
47078437
47079234
47079237
47079265
47079303
47080506
47081187
47081311
47081554
47082620
47082897
47083150
47084730
47085015
47085132
47085515
47085545
47085728
47085894
47085917
47086018
47086993
47087614
47088190
47088195
47089457
47089535
47089705
47089929
47090847
47091231
47092007
47092722
47092873
47093848
47093901
47094179
47094810
47094950
47096430
47096701
47097104
47097135
47097443
47100253
47100667
47102144
47102563
47103296
47103319
47103664
47103866
47103975
47105117
47105192
47105354
47105889
47106307
47107206
47107485
47107957
47108138
47108676
47109370
47109687
47109852
47110824
47111199
47111208
47111612
47112208
47112278
47113016
47113334
47113339
47113701
47113733
47113931
47114507
47114737
47115318
47115649
47116179
47116446
47116572
47116785
47117439
47117894
47118138
47118141
47119406
47120013
47120044
47120073
47120119
47120374
47120391
47120604
47120953
47121422
47121896
47121987
47122073
47122277
47122328
47122700
47122786
47123151
47123762
47123832
47124223
47124237
47124580
47124797
47125195
47125267
47125532
47125538
47125724
47125819
47125894
47126174
47126260
47126306
47126400
47126842
47127200
47127277
47127681
47128800
47129235
47129460
47129651
47130117
47130230
47130547
47130833
47131336
47131357
47131648
47131740
47132329
47132479
47132543
47132558
47133068
47133162
47133517
47134012
47134962
47135198
47135378
47136213
47136430
47136529
47137212
47137349
47137975
47138046
47138169
47138251
47139189
47139402
47139538
47140762
47141115
47141206
47141338
47142026
47142216
47142521
47142773
47142856
47143206
47143310
47143423
47144452
47144725
47144787
47144939
47144948
47145245
47145496
47145612
47145850
47146063
47146383
47146672
47146756
47146870
47146878
47146959
47147134
47147411
47148185
47148873
47148906
47149566
47149835
47150756
47150876
47151069
47151168
47151383
47151790
47152336
47152350
47152608
47152833
47153598
47154294
47154396
47154549
47155212
47155267
47155717
47156454
47156602
47156829
47157309
47157396
47158246
47158779
47158790
47159034
47159734
47160128
47160748
47161500
47161701
47162638
47162673
47163050
47163641
47163813
47164328
47164555
47164744
47165132
47165444
47165571
47165620
47165884
47167471
47168093
47168095
47168799
47168860
47169021
47169261
47169469
47169666
47170704
47170996
47171903
47172321
47172871
47173204
47174482
47175304
47175424
47176229
47176258
47176504
47176893
47177796
47178281
47178370
47178677
47178993
47179179
47179267
47179430
47179479
47179542
47179630
47179776
47179790
47180085
47180460
47181422
47181596
47181694
47182606
47183005
47183146
47184227
47185547
47185755
47185777
47185854
47186090
47186519
47187136
47187399
47188110
47188356
47188388
47188712
47188749
47188751
47188898
47188934
47189110
47189396
47189525
47189651
47189720
47189789
47189965
47190356
47190514
47190808
47190824
47190999
47191497
47191618
47192225
47192227
47192262
47192338
47192633
47192810
47192929
47193044
47193050
47193174
47193208
47193354
47193553
47194295
47194576
47194626
47195435
47195609
47196652
47197597
47197858
47198126
47198191
47198391
47198789
47199539
47199592
47199656
47200404
47200453
47200511
47200767
47200913
47200949
47200967
47201080
47201099
47201385
47201678
47201790
47201825
47203008
47203161
47203496
47204071
47204129
47204271
47204373
47204459
47204552
47204612
47205813
47206399
47206726
47207175
47207409
47207675
47207910
47208160
47208318
47208319
47208720
47208742
47209480
47209485
47209565
47210263
47210449
47211867
47212129
47212408
47212894
47213278
47213333
47213562
47213863
47214517
47214777
47214914
47214999
47215393
47215503
47215893
47216143
47216316
47217604
47218025
47218100
47218102
47219559
47219607
47219614
47219642
47219657
47219677
47219852
47219947
47220337
47221298
47221749
47221812
47222269
47222321
47222402
47222516
47222770
47223116
47223318
47223373
47223616
47224061
47224105
47224671
47225224
47226549
47227002
47227125
47227633
47227864
47228192
47228229
47228244
47228359
47228383
47228621
47229169
47229185
47229217
47229425
47229504
47229579
47229588
47229659
47229913
47229985
47230223
47232476
47233266
47233451
47233463
47233599
47233954
47234665
47234749
47234891
47234942
47234974
47234999
47236298
47236817
47236908
47237982
47238668
47238707
47238933
47239098
47239103
47239201
47239352
47239434
47239660
47239692
47239698
47239754
47240354
47241076
47241150
47241322
47241426
47241658
47241890
47242416
47242606
47242747
47242806
47242926
47243509
47243807
47243841
47243898
47244561
47244591
47244840
47244871
47244937
47244950
47246252
47246269
47246501
47246727
47246730
47246856
47247096
47247182
47247504
47247639
47247670
47247866
47247918
47247933
47248120
47248636
47248832
47249322
47249412
47249595
47249955
47250198
47250366
47250898
47251169
47251229
47251437
47251464
47251776
47252065
47252114
47252400
47252535
47252771
47253463
47253670
47254344
47255093
47255177
47255506
47255749
47256134
47256645
47256971
47257150
47257347
47257821
47257831
47258026
47258034
47258103
47258115
47258153
47258380
47258579
47258863
47258958
47259148
47259549
47259562
47259717
47259966
47260005
47260064
47260837
47261230
47262063
47262167
47262436
47262830
47262970
47263325
47263617
47263671
47263753
47265707
47266789
47266883
47266949
47267023
47267189
47267243
47268118
47268572
47268614
47268907
47269061
47269657
47270330
47271065
47271229
47271986
47272133
47272178
47272697
47273254
47273357
47274044
47274411
47274416
47275675
47275923
47275998
47276861
47276870
47277016
47277524
47277782
47278075
47278233
47278307
47279639
47279924
47280534
47280992
47281656
47282439
47283326
47283653
47284493
47285603
47285830
47286528
47286844
47287081
47287138
47287326
47287339
47288326
47288341
47289167
47289318
47289473
47289485
47289519
47290790
47290951
47291016
47291235
47291295
47291327
47292044
47292066
47292130
47292396
47292463
47292604
47292647
47294067
47294141
47294449
47294494
47295353
47295395
47295429
47295773
47296018
47296180
47296486
47297010
47297523
47297870
47298265
47298580
47298788
47299003
47299019
47299317
47299721
47300204
47300405
47301421
47301755
47302076
47302641
47302705
47302886
47302947
47303177
47303198
47303578
47303585
47303783
47303944
47304286
47304618
47305990
47306563
47306604
47306698
47307394
47307723
47308717
47309237
47309481
47309819
47310072
47310151
47310587
47310589
47310650
47310754
47312025
47312330
47312580
47312656
47313210
47313324
47313863
47314175
47314232
47314258
47314551
47314731
47315508
47315700
47315724
47315752
47315867
47315881
47316911
47316932
47316933
47317803
47318140
47318245
47318431
47318588
47318731
47319088
47319203
47319338
47319465
47319471
47319489
47319501
47319590
47319838
47320333
47320812
47321261
47321300
47321476
47321841
47321998
47322065
47322532
47322875
47322961
47323116
47323147
47324034
47324336
47324639
47325868
47326406
47326475
47326591
47326908
47327456
47328992
47329992
47330011
47330301
47330364
47330407
47330540
47330567
47330804
47330992
47331356
47331521
47331624
47332032
47332201
47332628
47332839
47332997
47334084
47334651
47335073
47335165
47335340
47336747
47336831
47336940
47337065
47337643
47337753
47338003
47338288
47338601
47339627
47339689
47339826
47340098
47340808
47341552
47341716
47342438
47342472
47342491
47343745
47344986
47345273
47345345
47347211
47348529
47348782
47349328
47349413
47349590
47350504
47350658
47350882
47351357
47352215
47352998
47353127
47353699
47353842
47354037
47354041
47354722
47354895
47355049
47355560
47355837
47356324
47356774
47357645
47357928
47359220
47360096
47360109
47360216
47360905
47361356
47361498
47361613
47362267
47362586
47362945
47362996
47363111
47363510
47363889
47363944
47364029
47364056
47364778
47364801
47365098
47365712
47366590
47367436
47367675
47367878
47368139
47368892
47369916
47369919
47370469
47370488
47371347
47371626
47371631
47371778
47373472
47373897
47374184
47375157
47375570
47376106
47377392
47377402
47377639
47377683
47377807
47378246
47378466
47379011
47379039
47379406
47379719
47380126
47380627
47380873
47381135
47381179
47382775
47382851
47382920
47383391
47383587
47383682
47384247
47384399
47385337
47385533
47386414
47386806
47387062
47388188
47388366
47388420
47388987
47390807
47390969
47391449
47391452
47391492
47391879
47391999
47392124
47392270
47392501
47392594
47392670
47393004
47393070
47393120
47393656
47393825
47393952
47394038
47394226
47394598
47394829
47395887
47396083
47396473
47396741
47396778
47397015
47397044
47397192
47397571
47397831
47399375
47399715
47399967
47400582
47400790
47401843
47401968
47402035
47402211
47402537
47403030
47403724
47403862
47404145
47404167
47404394
47404605
47405301
47405395
47405839
47408704
47408801
47408998
47409728
47409980
47410034
47410042
47410127
47410353
47410403
47410615
47411281
47412023
47412194
47412299
47412628
47413210
47413705
47413739
47413819
47413936
47414075
47414097
47414271
47414610
47414745
47415885
47416370
47416406
47416423
47416638
47417358
47417413
47417623
47417719
47418449
47418606
47418703
47418782
47419022
47419516
47420381
47420821
47421008
47421379
47421402
47421508
47422346
47422394
47422480
47422862
47423619
47424357
47424624
47424723
47424808
47425337
47425518
47425549
47425805
47425897
47426283
47426295
47426436
47426943
47427110
47428154
47428590
47429188
47429485
47429665
47429694
47429830
47429895
47430430
47430579
47431179
47431574
47431848
47432894
47433418
47434084
47434679
47434814
47434830
47434848
47435108
47435358
47437095
47437563
47438060
47438255
47438782
47438910
47438995
47439211
47439647
47439815
47439980
47440024
47440316
47440437
47440443
47440586
47440788
47440932
47441047
47441140
47441151
47442276
47443037
47443344
47444121
47445089
47445749
47446087
47446109
47446164
47446339
47446734
47446968
47447258
47448059
47449585
47449588
47449764
47449948
47450347
47450624
47450630
47450817
47450927
47451088
47451503
47451919
47452161
47452329
47452686
47452751
47452940
47453021
47453303
47453457
47453548
47453998
47454384
47455225
47455928
47456233
47456332
47456406
47456524
47456646
47456852
47457708
47458037
47458204
47458700
47458722
47459260
47459396
47460878
47461005
47461162
47461664
47461670
47461774
47461918
47462020
47462355
47462897
47463371
47463493
47464563
47464584
47464734
47465264
47465451
47465499
47465735
47465941
47466073
47466632
47466711
47467445
47467582
47467875
47468433
47468450
47469297
47469462
47469564
47469813
47470791
47471818
47471995
47471996
47472367
47472546
47472636
47473662
47473932
47474690
47475084
47475383
47476607
47476767
47477054
47477129
47477275
47478147
47478683
47478957
47479237
47479518
47479787
47479955
47479987
47480444
47481066
47481755
47482029
47482231
47483069
47483995
47484027
47484165
47484265
47484452
47485988
47486023
47486033
47486722
47486891
47487656
47488164
47488431
47488472
47488628
47488795
47489448
47489818
47490070
47490635
47491528
47491780
47491971
47492048
47492161
47492191
47492411
47492505
47492595
47492600
47493760
47493917
47494721
47495535
47495940
47495975
47497642
47497884
47497934
47498004
47498167
47498422
47498655
47500343
47500384
47500586
47500708
47501220
47501418
47501607
47501854
47502443
47502451
47503299
47504638
47505013
47505891
47506001
47506037
47507051
47507058
47507282
47507420
47507709
47508579
47508843
47508914
47509077
47509324
47510031
47510055
47510431
47511783
47512021
47512268
47512965
47512994
47513182
47513217
47513860
47514064
47514465
47514616
47514752
47515158
47516138
47516625
47517383
47517705
47517774
47518216
47520590
47520838
47522050
47523517
47523688
47523888
47524285
47524347
47524453
47524914
47525039
47525077
47526157
47526391
47526452
47527132
47527333
47527573
47527657
47527942
47528575
47529953
47530104
47530592
47530766
47531137
47531678
47531801
47531802
47532015
47532350
47532761
47532801
47532830
47533229
47533963
47534017
47534269
47534536
47534572
47534780
47534944
47535014
47535166
47535872
47536129
47536153
47536181
47536683
47537090
47537769
47537893
47537921
47538436
47538518
47538748
47540316
47540892
47542291
47542683
47543801
47543965
47544750
47545139
47545325
47545591
47545666
47545939
47546504
47546844
47548318
47548349
47548702
47548772
47549573
47549606
47549694
47550343
47550496
47550576
47551382
47551391
47552133
47553841
47553896
47553923
47554394
47554554
47554558
47554594
47554681
47554721
47555258
47555326
47555355
47555420
47555697
47556221
47556230
47556459
47557022
47557222
47557695
47557778
47558656
47559464
47559607
47559739
47559789
47559985
47560119
47561290
47561301
47561552
47561707
47562232
47563758
47563956
47564616
47565093
47565274
47565799
47567558
47568070
47568458
47568688
47569046
47569080
47569185
47569361
47569713
47570207
47570398
47571869
47571983
47572018
47572131
47572442
47572544
47572631
47573309
47573852
47575374
47575448
47576425
47577572
47578181
47578463
47578876
47579259
47579524
47579946
47580044
47580256
47580766
47581088
47581236
47581322
47583320
47583380
47584682
47584845
47585472
47585502
47585910
47586070
47586289
47586304
47586713
47587763
47588558
47588693
47588710
47589194
47589337
47589374
47589450
47590071
47590244
47590317
47590667
47591719
47592107
47592534
47593332
47593349
47593637
47594696
47595372
47596394
47596692
47596709
47596915
47597453
47598046
47598296
47598415
47598519
47599077
47599194
47599612
47600894
47601002
47601125
47601193
47601407
47601485
47602008
47602265
47602577
47602700
47602725
47604440
47604503
47604579
47604633
47605156
47605589
47605695
47606425
47606585
47606880
47607139
47607404
47607538
47608098
47609064
47610865
47611094
47611240
47611278
47611295
47611471
47612317
47612433
47612703
47612901
47613462
47613993
47614313
47615152
47615574
47615591
47615778
47616025
47616337
47616442
47616518
47616620
47617169
47617177
47617210
47617487
47617857
47618689
47618896
47618992
47619086
47619278
47619976
47620455
47620584
47620597
47620917
47621589
47621936
47622012
47622078
47622684
47622931
47622968
47623225
47624211
47625016
47625223
47626090
47626657
47626662
47627637
47627669
47627998
47628895
47628896
47630746
47630908
47631305
47631343
47631348
47631433
47632180
47632698
47633546
47634026
47634185
47634337
47634453
47634538
47634602
47634858
47634962
47635538
47635877
47636294
47636310
47636878
47637864
47637912
47638095
47638433
47638539
47638649
47638781
47639465
47639503
47640694
47640720
47640781
47641110
47641406
47641694
47642074
47642909
47643504
47644186
47644715
47644926
47645799
47645847
47645908
47646285
47646653
47646856
47647441
47647704
47648244
47648394
47648506
47649088
47649275
47650076
47650319
47651449
47651933
47651971
47652378
47652419
47652562
47652631
47652684
47653612
47653778
47654198
47655529
47655916
47656239
47656511
47656626
47656789
47657719
47658284
47658443
47659595
47659599
47659857
47659960
47660312
47660584
47660636
47661180
47661285
47661296
47661460
47661879
47662019
47664380
47664636
47664711
47664870
47664892
47664943
47665029
47666214
47666416
47666600
47666794
47666900
47667183
47667236
47667887
47668582
47668744
47668860
47669205
47669729
47669919
47670321
47671674
47672370
47672414
47672442
47672488
47672974
47673091
47673583
47673777
47673996
47674413
47674459
47674490
47674507
47675249
47675452
47675667
47675749
47676434
47676838
47676984
47677222
47677915
47678073
47678478
47678571
47678613
47678689
47678862
47678890
47679400
47679548
47679638
47679684
47679757
47679900
47680368
47680501
47680569
47681509
47682298
47682487
47682564
47682848
47683274
47683552
47683721
47684668
47684831
47686088
47686361
47686585
47686752
47686804
47686948
47687010
47687118
47687652
47687667
47687921
47687949
47688109
47688730
47689163
47689211
47689400
47689544
47690886
47690917
47691224
47691450
47692927
47693048
47693185
47693930
47695261
47695532
47695583
47696035
47696091
47696492
47696770
47697029
47697080
47697093
47697216
47697325
47697628
47697701
47697887
47698089
47698451
47698489
47699130
47699941
47700464
47700468
47700824
47700880
47701317
47701529
47701530
47701676
47701872
47701980
47702244
47702573
47702578
47702883
47702896
47703138
47703148
47703168
47703252
47705356
47705430
47705973
47706005
47706961
47707242
47707328
47708228
47708284
47709144
47709338
47709351
47709375
47709670
47709741
47710052
47710368
47710592
47712479
47713386
47713734
47715331
47716756
47716954
47717953
47718260
47718320
47718922
47719060
47719110
47719798
47719976
47720499
47720522
47720656
47720690
47720736
47720920
47721088
47721740
47721793
47722335
47722392
47722659
47722980
47723056
47723266
47724213
47724305
47724762
47724898
47725368
47725393
47725862
47726068
47726450
47726464
47727041
47727120
47727387
47728359
47728702
47728881
47728919
47728959
47729021
47729147
47729369
47730352
47730431
47730449
47731278
47731639
47732529
47732936
47733001
47733179
47733529
47734108
47734533
47734875
47735043
47735154
47735251
47735838
47736319
47737068
47737410
47737972
47738918
47739266
47739332
47739418
47739492
47739956
47739991
47740028
47740040
47740182
47740689
47740882
47741225
47741347
47741890
47742808
47742926
47743786
47743898
47744230
47744789
47745495
47746424
47746485
47746685
47746855
47746939
47747223
47747350
47747909
47749158
47750044
47750184
47750290
47750780
47750805
47750907
47751423
47751729
47752141
47752488
47752662
47752914
47753820
47754071
47754369
47755004
47755468
47755955
47755965
47756049
47756152
47756615
47756950
47757510
47757587
47758277
47758581
47758808
47758847
47759171
47759279
47759591
47760131
47760246
47760284
47761355
47761633
47761663
47762244
47762768
47762823
47763565
47763846
47764816
47764976
47765065
47765301
47765516
47765761
47765899
47765944
47766075
47766285
47766436
47766797
47767152
47768896
47769005
47769560
47769812
47770334
47770439
47770832
47771514
47771683
47772548
47772626
47772688
47773565
47773633
47775074
47776884
47777275
47777953
47778092
47778102
47778530
47779304
47779882
47780053
47780094
47780553
47780771
47781758
47781964
47782473
47782732
47783486
47783566
47783657
47784201
47785882
47785987
47786247
47786303
47786677
47787028
47787158
47787171
47788384
47788962
47789033
47789621
47789870
47790384
47791712
47791779
47792036
47792264
47792381
47792467
47794101
47795438
47795974
47796097
47797173
47797610
47797623
47798122
47798563
47798583
47798810
47798989
47798992
47799430
47800239
47800474
47800518
47800806
47801210
47801363
47801517
47801781
47801884
47802798
47803046
47803217
47804272
47805036
47805336
47805383
47805663
47805884
47805989
47806120
47806504
47806571
47806852
47806872
47807243
47807709
47808988
47809019
47809176
47809329
47809669
47809709
47810611
47811639
47811733
47812186
47812790
47813060
47813211
47813659
47814709
47814911
47816321
47816379
47816660
47817780
47817900
47818235
47818998
47819273
47819414
47820014
47820220
47820247
47820343
47820400
47820488
47820908
47820912
47821144
47822470
47823071
47823139
47823292
47824107
47824288
47824577
47824871
47824897
47825742
47826496
47826821
47827174
47827241
47827407
47827709
47827983
47828557
47828813
47829268
47829284
47829525
47829548
47829700
47829791
47830905
47831329
47832601
47833476
47834155
47835794
47835959
47836017
47836865
47837020
47837090
47837486
47837789
47837840
47838310
47838571
47838578
47838925
47838944
47841041
47841358
47842454
47842768
47842981
47842997
47843044
47843461
47843531
47844208
47844246
47844400
47844737
47846175
47846824
47847037
47847452
47847933
47848005
47848009
47848571
47848584
47849420
47849826
47850311
47851208
47851506
47851641
47852130
47853040
47853412
47854181
47854403
47854536
47854642
47855606
47855874
47856301
47856637
47856997
47857261
47858025
47858039
47858368
47858876
47858927
47859435
47859740
47860242
47860672
47861451
47861586
47861587
47862226
47863052
47863070
47863197
47863882
47864116
47864174
47864800
47865228
47865273
47865650
47866845
47867060
47867335
47867648
47867972
47867976
47868115
47868140
47868150
47868961
47869033
47869232
47869317
47869350
47870123
47870573
47870582
47871080
47872019
47872033
47872343
47872671
47872869
47872969
47872998
47874943
47875440
47875456
47875490
47875970
47876726
47876985
47878355
47878455
47878734
47878802
47879050
47879409
47879590
47879934
47880193
47880439
47881337
47881840
47882528
47882616
47883027
47885012
47885145
47885561
47885572
47885808
47885862
47885981
47886140
47886702
47886945
47887493
47888126
47888994
47888996
47889000
47889348
47889879
47891387
47891444
47892799
47894355
47894393
47894524
47895241
47895708
47896550
47896742
47897484
47897598
47899248
47899726
47899781
47899784
47900190
47900479
47901182
47901328
47901449
47901582
47902799
47902858
47903701
47903987
47904077
47904311
47905523
47907278
47907756
47908807
47908845
47909199
47910444
47910582
47910728
47910818
47911407
47912560
47912587
47912794
47913098
47914182
47914427
47915046
47915151
47916075
47916276
47916751
47917220
47917569
47917754
47918165
47918270
47918339
47918342
47918382
47918427
47918433
47919917
47920010
47920552
47920959
47921126
47921344
47921350
47921748
47921789
47921816
47922364
47922559
47922636
47923066
47924471
47924662
47925461
47925498
47926018
47926112
47926728
47926898
47926994
47927509
47927793
47928618
47928942
47929170
47929301
47929437
47929786
47930654
47931194
47931737
47931920
47931975
47932240
47932486
47932681
47933195
47933932
47935055
47935755
47936117
47936215
47936406
47936455
47936486
47936640
47937001
47937002
47937491
47937552
47938078
47938428
47938444
47939308
47939541
47940640
47942192
47942602
47942895
47943005
47943184
47943828
47943848
47944063
47945216
47946318
47946901
47947767
47948146
47948305
47948859
47949156
47950325
47950589
47950801
47951684
47952233
47953196
47953961
47954088
47955018
47955050
47956202
47957446
47957992
47958216
47959102
47959912
47959946
47960106
47960181
47960218
47960693
47960782
47961003
47961435
47962125
47962407
47962669
47962802
47962847
47963029
47963059
47963791
47963841
47963950
47963951
47964740
47965270
47965797
47965941
47966126
47966155
47966242
47966268
47966499
47967486
47967625
47968302
47968479
47968484
47968497
47968695
47968901
47969031
47969353
47969924
47970099
47970133
47970200
47970918
47971270
47971457
47971624
47971996
47972124
47972458
47973520
47974314
47974671
47975237
47975538
47975616
47976360
47976510
47977362
47977493
47977495
47978042
47978318
47978991
47979592
47979902
47980361
47980388
47983552
47984953
47985052
47985057
47985060
47986108
47986250
47986268
47986281
47987796
47987896
47989209
47990273
47992181
47992334
47992626
47992931
47993134
47994174
47994194
47994530
47995178
47995540
47995726
47996409
47997251
47997488
47998165
47998624
47998764
47998823
47998864
47998972
47999047
47999906
48001783
48002083
48002235
48002411
48002575
48003509
48004655
48004848
48005102
48005935
48006100
48006698
48007028
48007040
48008175
48008304
48009078
48009516
48009626
48009865
48010180
48010235
48010344
48010488
48010901
48011547
48012903
48015050
48015680
48016120
48016265
48017252
48017369
48017743
48019151
48019656
48019671
48019891
48019986
48020358
48020728
48021551
48021961
48021989
48022563
48022711
48022755
48023298
48023439
48023736
48024103
48024291
48024891
48025415
48025979
48026288
48027261
48027311
48027579
48027816
48028227
48029027
48029659
48030619
48030641
48031659
48032227
48032422
48033339
48033872
48033900
48033970
48034192
48034695
48035561
48036005
48036016
48036141
48036495
48037637
48038817
48038941
48039110
48041840
48042267
48042851
48042962
48044195
48044597
48046149
48046484
48046968
48047887
48047903
48048385
48048446
48049111
48049116
48049668
48050562
48052245
48052833
48052908
48054144
48054378
48054468
48054494
48054527
48055134
48055141
48055803
48055829
48056446
48056909
48056940
48057589
48058224
48058615
48059144
48059753
48060404
48060619
48060711
48061718
48062105
48062118
48063095
48063127
48063228
48063299
48064550
48065146
48066090
48066173
48066456
48066844
48066859
48066996
48067513
48068332
48068446
48069226
48069450
48069821
48069974
48070044
48070647
48070732
48070778
48070796
48071175
48071189
48072128
48072778
48072799
48074372
48074542
48074706
48074726
48074806
48075523
48076286
48077059
48077090
48077834
48079017
48079839
48080084
48081571
48081727
48082269
48083492
48083815
48084138
48084358
48085404
48085586
48086114
48086506
48087222
48087354
48087500
48087906
48088252
48088381
48088737
48088840
48089032
48089093
48089320
48089446
48090074
48090323
48090456
48090772
48091344
48092382
48092627
48092837
48093167
48093184
48093197
48093505
48094047
48094436
48094710
48095155
48095515
48095568
48095718
48096443
48097234
48097574
48098235
48098340
48098939
48099146
48099351
48099372
48099649
48099739
48099926
48100526
48100638
48101213
48101981
48103137
48103164
48103778
48103920
48103939
48104039
48104330
48104451
48105612
48106061
48107022
48107219
48107356
48107366
48107658
48108013
48108132
48108367
48109169
48109554
48109721
48110742
48111217
48111305
48111635
48111792
48111796
48112063
48112871
48114477
48115303
48115498
48115548
48115721
48116303
48116613
48117073
48118569
48119389
48119395
48119852
48119934
48120562
48120787
48121771
48122698
48122699
48125169
48125172
48125444
48125562
48125709
48126515
48126833
48127141
48127264
48128535
48128622
48129140
48129359
48129783
48130013
48130094
48130842
48130884
48130939
48131590
48132324
48132366
48132407
48132708
48133036
48133262
48133803
48134468
48134842
48135604
48135720
48135952
48136244
48136804
48136930
48137270
48137763
48137823
48138218
48138499
48138552
48138693
48139061
48139644
48139888
48140066
48140482
48140627
48140694
48140703
48141855
48142800
48143244
48143645
48143688
48144149
48144224
48144453
48145434
48145435
48145524
48146181
48146282
48146519
48146747
48147080
48147975
48148838
48149219
48149540
48151056
48151463
48152647
48152816
48153436
48153837
48154027
48154031
48154214
48155211
48155543
48156326
48156927
48157355
48159590
48159611
48159614
48159722
48159871
48160703
48161794
48162102
48162287
48162794
48163288
48163365
48163380
48163439
48163771
48164406
48165049
48165261
48166249
48166670
48167004
48167014
48167020
48167084
48167134
48167579
48167960
48168060
48168209
48168536
48168747
48169756
48170222
48170452
48171368
48171856
48172571
48172574
48172881
48173652
48174469
48174477
48174963
48175674
48176055
48177499
48177978
48178008
48178162
48179422
48179775
48180446
48180449
48180456
48180801
48182322
48182578
48183132
48183433
48183586
48183688
48183840
48183851
48184271
48184570
48184588
48185228
48185627
48186833
48187202
48187472
48187668
48188588
48189502
48190584
48190771
48190910
48191985
48192070
48192823
48193167
48193735
48194804
48196259
48196763
48196924
48197438
48197526
48197636
48197688
48198609
48198775
48199138
48199205
48199855
48200293
48201745
48201938
48202098
48202103
48203276
48203694
48203804
48204273
48204561
48205398
48206891
48207624
48208017
48208319
48208812
48208996
48209860
48209938
48209941
48209949
48210364
48210992
48212104
48212617
48214119
48214652
48214670
48215268
48216452
48217322
48217573
48218075
48219491
48219898
48220000
48220055
48221009
48221640
48221689
48222090
48222816
48223051
48223058
48223343
48223346
48223392
48223826
48224134
48224738
48225632
48226033
48226613
48227340
48227529
48227991
48228213
48229040
48230405
48230814
48230833
48231504
48231834
48232016
48232361
48232532
48232574
48232964
48233731
48234194
48234355
48234584
48236793
48237715
48238330
48238816
48239248
48239621
48239795
48239911
48240966
48241129
48241163
48241872
48241938
48243154
48243229
48244759
48244890
48245049
48245291
48245460
48245804
48245881
48245981
48248694
48248882
48248995
48249443
48250141
48250396
48251076
48251164
48252027
48252430
48252476
48253262
48254214
48255801
48256484
48256747
48256902
48258089
48258106
48258558
48259013
48259234
48259512
48259698
48259939
48260624
48260943
48261887
48262204
48262249
48262250
48262300
48262384
48262505
48262619
48262988
48263148
48263531
48263948
48264375
48264387
48264481
48264787
48264901
48264992
48265035
48265390
48265928
48266011
48266140
48266887
48267442
48267718
48268440
48268634
48270161
48270524
48270790
48271651
48272244
48272593
48272696
48272739
48273091
48273365
48273614
48273615
48273787
48274054
48274595
48274837
48275063
48275346
48275597
48275662
48275764
48276185
48276246
48276354
48276481
48276694
48277343
48277373
48277818
48278215
48278529
48278533
48279696
48280836
48283114
48283537
48285785
48286556
48286883
48286932
48287444
48287658
48287954
48288426
48288547
48289005
48289648
48290490
48290939
48291182
48291302
48291450
48291645
48291898
48292618
48293111
48293139
48293954
48294150
48295379
48295423
48295536
48296072
48296372
48296588
48299167
48300167
48300337
48300605
48301642
48301743
48301944
48302111
48302204
48302417
48303134
48303501
48303521
48304467
48304531
48304603
48304864
48306321
48306794
48306966
48307365
48308409
48309564
48309588
48309895
48310228
48310515
48310547
48310553
48310618
48310888
48311024
48312059
48312159
48312200
48313614
48313790
48314055
48314895
48315670
48315690
48316104
48316113
48316386
48316547
48318256
48319314
48319320
48319339
48319423
48320043
48320265
48320370
48320428
48320539
48320613
48321438
48321496
48322312
48322506
48322720
48322821
48323092
48323397
48323422
48324361
48327988
48328792
48328955
48329532
48329621
48330461
48330480
48330808
48330837
48332326
48332926
48334317
48334521
48335085
48335355
48335490
48335911
48336127
48336625
48337140
48337208
48337303
48337652
48338607
48338731
48339619
48339833
48340450
48340895
48342026
48343046
48343652
48343665
48343985
48344535
48345502
48345787
48346041
48346044
48346185
48346392
48347160
48347279
48347794
48349228
48349691
48350041
48350180
48351065
48351684
48351816
48351836
48351948
48352246
48352530
48353055
48353682
48353738
48353817
48353901
48354838
48355039
48355358
48355463
48356127
48356130
48356383
48356528
48357430
48357476
48358067
48358780
48359291
48359296
48360767
48360949
48361253
48361288
48361416
48362312
48362363
48362540
48362749
48363811
48365476
48365536
48366086
48366270
48366407
48366477
48366546
48366873
48367367
48367866
48368686
48369203
48369474
48369662
48370592
48370693
48370993
48371480
48371779
48373345
48373442
48373632
48374421
48375154
48376827
48377089
48377268
48377303
48377421
48377577
48378014
48378375
48378541
48379570
48380556
48380749
48380781
48380997
48381373
48381864
48381894
48382258
48383314
48383843
48384539
48384626
48384959
48385933
48387091
48387112
48387474
48387584
48388413
48388530
48388779
48389062
48389201
48389759
48390203
48390312
48390690
48391382
48391711
48392221
48392549
48392772
48392926
48393442
48393717
48394305
48394597
48395078
48395118
48395158
48395231
48395540
48396288
48397337
48397783
48398549
48399473
48399530
48400623
48400632
48401651
48401685
48401762
48401771
48404096
48404193
48404567
48404713
48405003
48406293
48407038
48407248
48407393
48409554
48409605
48409798
48410013
48411577
48412390
48412412
48412623
48413100
48413161
48413541
48413813
48413814
48413891
48414774
48415084
48415092
48415759
48415805
48416331
48416347
48416851
48417227
48417840
48417886
48418397
48418780
48418909
48420581
48420769
48421133
48421219
48421339
48421871
48422206
48422314
48422909
48423239
48424294
48425645
48425706
48426330
48426485
48426807
48426812
48426884
48426893
48427028
48427235
48427274
48427960
48429590
48429621
48429698
48429763
48429795
48430255
48430664
48430877
48430954
48431704
48432202
48432579
48432606
48433378
48433612
48434170
48434375
48435667
48435928
48436688
48437083
48437164
48437481
48438120
48439863
48439931
48440550
48441186
48442206
48442957
48443302
48443628
48443861
48444191
48444376
48445165
48446279
48446338
48446947
48447373
48447375
48448685
48449101
48449515
48449573
48449810
48452248
48452682
48452773
48453552
48454147
48454534
48455093
48455104
48455842
48456593
48457063
48457725
48458551
48460297
48461619
48462172
48462280
48462381
48462659
48463279
48464611
48465573
48465600
48465605
48466741
48467217
48467590
48468598
48470174
48471505
48471980
48472304
48472683
48472997
48473986
48474340
48474343
48474516
48474864
48474998
48475312
48475587
48475616
48475809
48475902
48476210
48476384
48477162
48478460
48478707
48479228
48479470
48479519
48481372
48482413
48482418
48482497
48483238
48484111
48484390
48485226
48485680
48486718
48487512
48488836
48489074
48489524
48489795
48491197
48491793
48491968
48492507
48492954
48494078
48494344
48494437
48494535
48495413
48496342
48498036
48498090
48498453
48499040
48499045
48500607
48500632
48500920
48501880
48503383
48503665
48504610
48508493
48508686
48510062
48510150
48510168
48510481
48510766
48510936
48510963
48511281
48511813
48511822
48512052
48512376
48513348
48514305
48514680
48514683
48515137
48515603
48515850
48516304
48516746
48516993
48517632
48518090
48519015
48519016
48519748
48519799
48520445
48520846
48521168
48521547
48523125
48523327
48523563
48524760
48526074
48526635
48527469
48527730
48527922
48528062
48529360
48531422
48531441
48531497
48532975
48533919
48534514
48534861
48534916
48535033
48536173
48536421
48537017
48537742
48538566
48539620
48540465
48540478
48541116
48541153
48542083
48545318
48545596
48545828
48546405
48549434
48549525
48549594
48549977
48551336
48552017
48552082
48552111
48552430
48552793
48553773
48553900
48554594
48554734
48554995
48555301
48555481
48556030
48556100
48556747
48557504
48558012
48558120
48558889
48559300
48560306
48560463
48561098
48561495
48561684
48561762
48561793
48562238
48562818
48562859
48562863
48563577
48565274
48565872
48566439
48566455
48567098
48567202
48568491
48569357
48569814
48569859
48571033
48571290
48571295
48572258
48574023
48575032
48575902
48576421
48577361
48578563
48578871
48583253
48584163
48584394
48584455
48585509
48587061
48587271
48587502
48587818
48588032
48588205
48588875
48588993
48589930
48591276
48592285
48592497
48594453
48596976
48597600
48597751
48597981
48600937
48601033
48602625
48604605
48604786
48605448
48606333
48607634
48608284
48608471
48609031
48610181
48610448
48610658
48611342
48611969
48612868
48615937
48618266
48619237
48619308
48620884
48621508
48622439
48623479
48624626
48625094
48625226
48625969
48626693
48627262
48627999
48628020
48628378
48628685
48628935
48629123
48629244
48629468
48630944
48632686
48633079
48633498
48634503
48635592
48636022
48636772
48637567
48638891
48639139
48640250
48640436
48640742
48640825
48640952
48644366
48645423
48645613
48646301
48646797
48646847
48647739
48647960
48648156
48649104
48649292
48649589
48650596
48651220
48651926
48652356
48653220
48654806
48656026
48656136
48656429
48656456
48656751
48657114
48657419
48657458
48659196
48659359
48659746
48660543
48660705
48661063
48661357
48662313
48664388
48664566
48665257
48666307
48667070
48667734
48667922
48668729
48668934
48669583
48670010
48670033
48670847
48671783
48672399
48672658
48673146
48673204
48673216
48673421
48675092
48676461
48677508
48678903
48679797
48680806
48682479
48682580
48683139
48684311
48684480
48684519
48684698
48685884
48686591
48686698
48686957
48687856
48688798
48689495
48690750
48690823
48691459
48693887
48693926
48695896
48697172
48697503
48699299
48699489
48700375
48700864
48701547
48701680
48701964
48703353
48703515
48704524
48706120
48707393
48707860
48710864
48711116
48711585
48711836
48711916
48712281
48712362
48713098
48714153
48714803
48717477
48718211
48718696
48719238
48719478
48719802
48720570
48720945
48721805
48721954
48722111
48722377
48724652
48725705
48728001
48729284
48729926
48730122
48730123
48731016
48733423
48734179
48734541
48735359
48735777
48736867
48737497
48737526
48738488
48738819
48739174
48740031
48741548
48742279
48742634
48742889
48744659
48745217
48745806
48746161
48751474
48751908
48753138
48755486
48756033
48758816
48759037
48759799
48759960
48760559
48760851
48761276
48762091
48763287
48763946
48764537
48764894
48765329
48766713
48767450
48768283
48770318
48771208
48771710
48773865
48775307
48778985
48778986
48779371
48780722
48781092
48781743
48783207
48786704
48786971
48787415
48787677
48789037
48789859
48790280
48791680
48791812
48791915
48795195
48796753
48798575
48798666
48801065
48801127
48801248
48804042
48805149
48806173
48806206
48806836
48807735
48808135
48808441
48808571
48808799
48809052
48809714
48810067
48810426
48810664
48811103
48811390
48811685
48811866
48813645
48814714
48817265
48817735
48818787
48819500
48820232
48821041
48824174
48824787
48825835
48826704
48828812
48829269
48829732
48831611
48832149
48832778
48834247
48834412
48835014
48836136
48836464
48837168
48837307
48837740
48838549
48840387
48840969
48843949
48844684
48845180
48845229
48846380
48846468
48848371
48848550
48848677
48848849
48849380
48849409
48849567
48850009
48851404
48856757
48858231
48860605
48863238
48863311
48863314
48863353
48866335
48867057
48867215
48868437
48868673
48869592
48869619
48870037
48870270
48870681
48871969
48872082
48872756
48872768
48873504
48874085
48874473
48874512
48875138
48875173
48878641
48879285
48881792
48881925
48884279
48886193
48888895
48889561
48889569
48892193
48893936
48895255
48896001
48896057
48896770
48897179
48897309
48897405
48898752
48900740
48902914
48904818
48905603
48907943
48907989
48908319
48909043
48909687
48910510
48910923
48911058
48912120
48914224
48914366
48915116
48917880
48920074
48923077
48924434
48926067
48929057
48929414
48929956
48932928
48933795
48934428
48935279
48935367
48935520
48936825
48938048
48939020
48940158
48940160
48940544
48941130
48942200
48943467
48944363
48945546
48945649
48946155
48947612
48947943
48953096
48953301
48953361
48955951
48956549
48958147
48959621
48961700
48962501
48962770
48963921
48966131
48967526
48968611
48970731
48971753
48972459
48972932
48973250
48974654
48976206
48978022
48982416
48982425
48982426
48982509
48984597
48985049
48985945
48986919
48989225
48991736
48992913
48993433
48994431
48995157
48997052
48999384
48999512
49000292
49004088
49005359
49006136
49016543
49017664
49018249
49020056
49021383
49022380
49023191
49028085
49028462
49028854
49029727
49029812
49031989
49031991
49034636
49035925
49037995
49040971
49045124
49047343
49049310
49049730
49050433
49050977
49052998
49057397
49058839
49059407
49060960
49063381
49064810
49065588
49068505
49069110
49069325
49072257
49072400
49073634
49075368
49081553
49085409
49093264
49100793
60000162
60000450
60000530
60000952
60000957
60000977
60001315
60001408
60001450
60001506
60001587
60001647
60002029
60002031
60002039
60002040
60002169
60002291
60002299
60002361
60002386
60002401
60002419
60002493
60002713
60002847
60002900
60002984
60003178
60003233
60003248
60003315
60003383
60003473
60003516
60003851
60003883
60003932
60004111
60004112
60004157
60004163
60004228
60004333
60004369
60004408
60004414
60004434
60004653
60004800
60004881
60004882
60004884
60005017
60005029
60005098
60005574
60005589
60005686
60005714
60006324
60006718
60006719
60006819
60006954
60007016
60007209
60007301
60007305
60007346
60007519
60007564
60007587
60007614
60007656
60007820
60007927
60007973
60007995
60008101
60008172
60008179
60008202
60008224
60008260
60008280
60008304
60008314
60008315
60008323
60008555
60008841
60009064
60009073
60009191
60009199
60009329
60009418
60009472
60009493
60009521
60009538
60009663
60009801
60009919
60009947
60010112
60010230
60010356
60010470
60010596
60010598
60010733
60010828
60011175
60011213
60011258
60011357
60011366
60011624
60011718
60011779
60011812
60011862
60011887
60011906
60011959
60011995
60012220
60012479
60012486
60012560
60012573
60012664
60012673
60012702
60013189
60013240
60013585
60013848
60014007
60014010
60014052
60014174
60014261
60014715
60014856
60014955
60015002
60015305
60015317
60015318
60015330
60015352
60015431
60015439
60015481
60015543
60015610
60015661
60015709
60015883
60016165
60016176
60016196
60016217
60016311
60016321
60016461
60016467
60016514
60016854
60016890
60017177
60018343
60019046
60019408
60019414
60019454
60019611
60019690
60019699
60019807
60019881
60019893
60020057
60020437
60020499
60021106
60021571
60021671
60021778
60021865
60022000
60022052
60022075
60022091
60022204
60022222
60022323
60022330
60022404
60022454
60022490
60022653
60022658
60022807
60022876
60022993
60023006
60023039
60023070
60023133
60023215
60023216
60023325
60023362
60023522
60023734
60023955
60023956
60023995
60024002
60024103
60024189
60024212
60024232
60024280
60024364
60024562
60024764
60024824
60024901
60024904
60024955
60025071
60025083
60025164
60025380
60025406
60025492
60025522
60025611
60025834
60025934
60025941
60026127
60026362
60026380
60026401
60026403
60026463
60026476
60026513
60026514
60026811
60026888
60026893
60026932
60027095
60027129
60027204
60027219
60027224
60027284
60027286
60027332
60027415
60027496
60027582
60027608
60027709
60027711
60027765
60027816
60027906
60028156
60028187
60028204
60028231
60028352
60028363
60028457
60028473
60028557
60028559
60028700
60028709
60028726
60028873
60028896
60028965
60029118
60029218
60029292
60029319
60029322
60029386
60029688
60029834
60029993
60030057
60030072
60030151
60030218
60030517
60030552
60030652
60030716
60031007
60031169
60031170
60031221
60031280
60031305
60031353
60031562
60031601
60031689
60031702
60031779
60031852
60031853
60031860
60031970
60032004
60032303
60032325
60032371
60032380
60032464
60032504
60032521
60032627
60032660
60032731
60032754
60033025
60033041
60033614
60033621
60033735
60033903
60034345
60034374
60034396
60034420
60034515
60034834
60035200
60035421
60035455
60035720
60035977
60036069
60036157
60036324
60036525
60036671
60037178
60037608
60037625
60037654
60037900
60038255
60038291
60038527
60038558
60039144
60039285
60039401
60039402
60039451
60039536
60039843
60039856
60039861
60040067
60040149
60040165
60040526
60040547
60040585
60040745
60040851
60041201
60041374
60041476
60041630
60041992
60042311
60042352
60042754
60042942
60043233
60043674
60043819
60043980
60044406
60044407
60044461
60044494
60044588
60044731
60044755
60044950
60044966
60045005
60045008
60045029
60045315
60045518
60045595
60045658
60045700
60046211
60046239
60046255
60046279
60046336
60046473
60046552
60046602
60046616
60046630
60046802
60047018
60047215
60047923
60048024
60048059
60048096
60048116
60048159
60048262
60048307
60048345
60048360
60048533
60048562
60048576
60048664
60048716
60049267
60049277
60049408
60049430
60049518
60049568
60049615
60049700
60049750
60049800
60049878
60049929
60050002
60050006
60050256
60050316
60050382
60050417
60050459
60050571
60050939
60051913
60052049
60052285
60052500
60052605
60052860
60052933
60053265
60053363
60053551
60053829
60053842
60053856
60053927
60054030
60054084
60054136
60054419
60054449
60054589
60055029
60055128
60055279
60055801
60056253
60056262
60056357
60056392
60056442
60056596
60056630
60056635
60056741
60056948
60057006
60057043
60057116
60057137
60057454
60057466
60057485
60057496
60057527
60057651
60057795
60057840
60057847
60057966
60058551
60058581
60058592
60058615
60058658
60058854
60058919
60058920
60058945
60059229
60059501
60059507
60059714
60059814
60059822
60059908
60059951
60060088
60060104
60060401
60060550
60060649
60060689
60060867
60060902
60060910
60061031
60061225
60061437
60061707
60061752
60061899
60061934
60062004
60062013
60062052
60062061
60062163
60062404
60062438
60062469
60062509
60062550
60062568
60062603
60062656
60062720
60062807
60062808
60062851
60062853
60063062
60063300
60063353
60063403
60063550
60063832
60063900
60063911
60063966
60064001
60064060
60064083
60064156
60064351
60064455
60064818
60064851
60064902
60064904
60064914
60064956
60065000
60065004
60065051
60065052
60065065
60065150
60065904
60066438
60066458
60066481
60066660
60066822
60066834
60066936
60066988
60067516
60067558
60067856
60067910
60068021
60068116
60068215
60068360
60068669
60068885
60069019
60069271
60069659
60069750
60069812
60069822
60069844
60070012
60070088
60070154
60070294
60070304
60070416
60070427
60070459
60070477
60070478
60070512
60070563
60070592
60070621
60070669
60070682
60070943
60070979
60071079
60071153
60071251
60071286
60071407
60071412
60071442
60071503
60071541
60071758
60072121
60072175
60072228
60072420
60072491
60072751
60072919
60072956
60073001
60073012
60073013
60073015
60073057
60073061
60073070
60073074
60073152
60073217
60073305
60073408
60073523
60073553
60073722
60073779
60073782
60073813
60073881
60074070
60074415
60074483
60074612
60074628
60074818
60075105
60075430
60075869
60075900
60075950
60076007
60076052
60076060
60076153
60076358
60076360
60076448
60076777
60076810
60076840
60076909
60076968
60077143
60077201
60077205
60077525
60077661
60077677
60077680
60077759
60077779
60077855
60077941
60077952
60077956
60077968
60078040
60078055
60078221
60078453
60078506
60078604
60078610
60078637
60078649
60078669
60078750
60078779
60078848
60079257
60079674
60080917
60081072
60081646
60083512
60083624
60083748
60084662
60084701
60084804
60084824
60084861
60084936
60085030
60085308
60085370
60085556
60085711
60086798
60087315
60087642
60088415
60088621
60088844
60089204
60090712
60091554
60092054
60092360
60092724
60092984
60093274
60094132
60094440
60095261
60095434
60095609
60095902
60096060
60096236
60096590
60096705
60097353
60097872
60098337
60099062
60099221
60099282
60099407
60099640
60100656
60100936
60101733
60102371
60102401
60102621
60104947
60106057
60106175
60106610
60107150
60107159
60107528
60108115
60108600
60109106
60109714
60109887
60110556
60110666
60110740
60111966
60112216
60112465
60112503
60113055
60113276
60113956
60115069
60115311
60115377
60116279
60116617
60117040
60117150
60117416
60117519
60117827
60117878
60118501
60119466
60119534
60119603
60120539
60121454
60121852
60121868
60122102
60122104
60122419
60122448
60122551
60123851
60125102
60125732
60125824
60125889
60126564
60126652
60127066
60127134
60127503
60128017
60129028
60129233
60129912
60131015
60131046
60131582
60131612
60132029
60132376
60132452
60132571
60132778
60133388
60133487
60134350
60134701
60134811
60136133
60136585
60137288
60137629
60138003
60138209
60138911
60139078
60139469
60140363
60140550
60140663
60140697
60140952
60141335
60143804
60144272
60145395
60145602
60145651
60145652
60145663
60145708
60145717
60145718
60145719
60145724
60146118
60146625
60146651
60147054
60148036
60148195
60148304
60148809
60148835
60148919
60149421
60150064
60150313
60151368
60151664
60151713
60152463
60153285
60153981
60154016
60154030
60154155
60155640
60156826
60156856
60157681
60157757
60159190
60159516
60159985
60160582
60160709
60160811
60162892
60163896
60165142
60166020
60166494
60166582
60166591
60167270
60167625
60168698
60168745
60169216
60169856
60170064
60170978
60171921
60173705
60174003
60174330
60175208
60175447
60178561
60178803
60179434
60182702
60182752
60183000
60183514
60184450
60184600
60184609
60184690
60184817
60184820
60185174
60185608
60185610
60185619
60185627
60186167
60186569
60186632
60187568
60188108
60188350
60191931
60195017
60196193
60196361
60196541
60196726
60196876
60196932
60196943
60197223
60197523
60197810
60197840
60197934
60198368
60198590
60199228
60199372
60200345
60200567
60200596
60200738
60200949
60201325
60201764
60201790
60202074
60202103
60202409
60202475
60202630
60203158
60203160
60203204
60203436
60203455
60203702
60204419
60204591
60204787
60204908
60205124
60205359
60205419
60206104
60206847
60206915
60207086
60207300
60207528
60208378
60208792
60208914
60209092
60209394
60209710
60210024
60210051
60210062
60210072
60210732
60211335
60211642
60211842
60211991
60212003
60212009
60212036
60212143
60212547
60213203
60213458
60213599
60213721
60213750
60213783
60213964
60213968
60214269
60214490
60215509
60215581
60215588
60215655
60215756
60216637
60216782
60216879
60216915
60217163
60217471
60217480
60217486
60217856
60218401
60218420
60218697
60218952
60219184
60219426
60219487
60220377
60220395
60221960
60221975
60222099
60222423
60222674
60223719
60223910
60224625
60225431
60225444
60225726
60225946
60225985
60226183
60226317
60226761
60226963
60227018
60227024
60227295
60227627
60227935
60228165
60228265
60228386
60228833
60228979
60229684
60229820
60230125
60231031
60231092
60231109
60231987
60231988
60231998
60232472
60233657
60233701
60233839
60233949
60233960
60234518
60235144
60235288
60235430
60236708
60236960
60237267
60237558
60237811
60238582
60239182
60240040
60240331
60240876
60241315
60241433
60242001
60242203
60243014
60243117
60243243
60243425
60243505
60243781
60243786
60243969
60244481
60244578
60244766
60244822
60244923
60245501
60246511
60247330
60247486
60247787
60248165
60248185
60248250
60249163
60249465
60249621
60250214
60251180
60251290
60251700
60252646
60252781
60253087
60253129
60253181
60253324
60253359
60253443
60254489
60254772
60255174
60256215
60256261
60257333
60257648
60258325
60259441
60259721
60259743
60259969
60260776
60260949
60261914
60262308
60262719
60262732
60263173
60263369
60263628
60263741
60263869
60264061
60264215
60264518
60264622
60264811
60264843
60264860
60266221
60266545
60266959
60267493
60267604
60268580
60269027
60269556
60270743
60271220
60271273
60271657
60271746
60271866
60271944
60272354
60272882
60273552
60273979
60274209
60274453
60274455
60274564
60274840
60275653
60275840
60276158
60276328
60276567
60276858
60277252
60277530
60279238
60279507
60279516
60280156
60280546
60280954
60281102
60281326
60281919
60282372
60282987
60283526
60284298
60285521
60285522
60286845
60287383
60287402
60287586
60287665
60287740
60287883
60288007
60288220
60288771
60289054
60290146
60290250
60290526
60290556
60290611
60291317
60291605
60292181
60293094
60293848
60293857
60295034
60295869
60295872
60295894
60296263
60296962
60297436
60297530
60297558
60297995
60298098
60298658
60298906
60299334
60299411
60299471
60299518
60299544
60299771
60299963
60300062
60300083
60300979
60301659
60302958
60303174
60303182
60303373
60303556
60303716
60303953
60304764
60305088
60305235
60305370
60305553
60305580
60305895
60306167
60306445
60306599
60306699
60306734
60307131
60307273
60307331
60307918
60308260
60308463
60309167
60309348
60309669
60309717
60310623
60311135
60311550
60311609
60311744
60311768
60312323
60312471
60312788
60312909
60315144
60315160
60315763
60315771
60316228
60316455
60316466
60317774
60318001
60318418
60318732
60318992
60319412
60319664
60319875
60320162
60320768
60320872
60321048
60321950
60322167
60322516
60322535
60323015
60323105
60323319
60323425
60323853
60324515
60325232
60325750
60325929
60326161
60326417
60327614
60328009
60328030
60328033
60328823
60329014
60329020
60329429
60329664
60329706
60330113
60330151
60330905
60331587
60332682
60334828
60335610
60336193
60336955
60337166
60337259
60338705
60338707
60339637
60339972
60340036
60340234
60340312
60340852
60341030
60343149
60343477
60343658
60343669
60344202
60344240
60345667
60346040
60349400
60349794
60352184
60352424
60353075
60354218
60354575
60354789
60354952
60354993
60355118
60355445
60355655
60356601
60357438
60358263
60358606
60358778
60359181
60360723
60361129
60361211
60362609
60363187
60363553
60363606
60364405
60365082
60366332
60366491
60367343
60367701
60368074
60369507
60369903
60370086
60370821
60371258
60371611
60371630
60378430
60379830
60379970
60380149
60380202
60380598
60380624
60382065
60382382
60382905
60384305
60384827
60388151
60393047
60394825
60395859
60396414
60396979
60397691
60398721
60399239
60399460
60399569
60400985
60401347
60401796
60404049
60404473
60408168
60408576
60408990
60409668
60409705
60409920
60410034
60410357
60410386
60410406
60411185
60411247
60411693
60412093
60412321
60412502
60412746
60413827
60414526
60414822
60416063
60416095
60416162
60416248
60416506
60416858
60419284
60421010
60421765
60424737
60425037
60425948
60426134
60426405
60427108
60427328
60429623
60430395
60430413
60431289
60432317
60432382
60432456
60432619
60433273
60433299
60434376
60435965
60436476
60436610
60436759
60436790
60437476
60437692
60438244
60438678
60439061
60439087
60439146
60440600
60440704
60441890
60442746
60443115
60444851
60444893
60444986
60446248
60446882
60446951
60447298
60447529
60447999
60448185
60448899
60450224
60451158
60451647
60451731
60451775
60451790
60451799
60454141
60454391
60454644
60454781
60455363
60455541
60455792
60455963
60456041
60456239
60456414
60456506
60456870
60457549
60457786
60458306
60458422
60458696
60458982
60459125
60459191
60459323
60459705
60459754
60460593
60460664
60460734
60460854
60460894
60460915
60460939
60460942
60463835
60464416
60464428
60464454
60464550
60464661
60465575
60466255
60466505
60466510
60466775
60466805
60468185
60468854
60469310
60469507
60469569
60469586
60470165
60472570
60472592
60473059
60473067
60474076
60474338
60474424
60474480
60474692
60474805
60476071
60476103
60477110
60478098
60478587
60479123
60479208
60479899
60480822
60481232
60481574
60481595
60481783
60481785
60481851
60482245
60482309
60482573
60483013
60483310
60485887
60486251
60486473
60486605
60487641
60487659
60487800
60488572
60488830
60490278
60490951
60491151
60491308
60491652
60491743
60491849
60492109
60493099
60493349
60495938
60496009
60496066
60496129
60497128
60497477
60498079
60498191
60498328
60498597
60498625
60498718
60498939
60499449
60499669
60500055
60501133
60501957
60502752
60503098
60503411
60503961
60504536
60505896
60505968
60506500
60506785
60506859
60507027
60507608
60508716
60508851
60508858
60509035
60509636
60510330
60510331
60510415
60510463
60511290
60511570
60511990
60512103
60512308
60512412
60512776
60513048
60513055
60513132
60513362
60513378
60513913
60514238
60514611
60514762
60515058
60515219
60515272
60515308
60515471
60515900
60515995
60516418
60517059
60517556
60519608
60520887
60521048
60521195
60522413
60522624
60522694
60522773
60522798
60522923
60523332
60524034
60524722
60525974
60526730
60526821
60527129
60527333
60529273
60529504
60529921
60530685
60530689
60530716
60531564
60531595
60532234
60532797
60533682
60533721
60534165
60534269
60534375
60535380
60535386
60535698
60536429
60536465
60538961
60539101
60539126
60539253
60539774
60539894
60540980
60540987
60542082
60542139
60542334
60542352
60542353
60544997
60545111
60545513
60547180
60547620
60547729
60547930
60548468
60548659
60549994
60550407
60553560
60553599
60553649
60553797
60554607
60554894
60555284
60556021
60556170
60556387
60557553
60558775
60559018
60559071
60559732
60560087
60560483
60560583
60560842
60561365
60561381
60561496
60561975
60562874
60564220
60564589
60564980
60565230
60565517
60566746
60566970
60567933
60568260
60568890
60569184
60569353
60569594
60569872
60570957
60572192
60573015
60573403
60573663
60575267
60576693
60576711
60576869
60577086
60577200
60577879
60577932
60578184
60580108
60580479
60580485
60581577
60582308
60583710
60584575
60584682
60585392
60585523
60586495
60587244
60587650
60587723
60588255
60590113
60590362
60591099
60591959
60592414
60594425
60594757
60594773
60596058
60596370
60597945
60600147
60600604
60600629
60601662
60602360
60602558
60602697
60603484
60604566
60605715
60606147
60606363
60607666
60608641
60610358
60610572
60610990
60612372
60613747
60614380
60615237
60615495
60617785
60620200
60620571
60622402
60622955
60624477
60624907
60626968
60628233
60629121
60629182
60629980
60630146
60631826
60633458
60633646
60634890
60634896
60635651
60639092
60640803
60640944
60641161
60641362
60642531
60643297
60643410
60645279
60645774
60645886
60647633
60649094
60650479
60650740
60651418
60652902
60654903
60654910
60657239
60659656
60659853
60661352
60661448
60663142
60663632
60664260
60665875
60666029
60666511
60666603
60667909
60668433
60670273
60670678
60671144
60671798
60672715
60675601
60676624
60679047
60679157
60679788
60680264
60680288
60686271
60686306
60689356
60690816
60691995
60693242
60694404
60695365
60695430
60697129
60697292
60699102
60699438
60700010
60700874
60701787
60702746
60703550
60704077
60707837
60708301
60708597
60708735
60708964
60709361
60709418
60709491
60709787
60711107
60712227
60713713
60714731
60716377
60718637
60719979
60720080
60720978
60730021
60730235
60730663
60731257
60731455
60731488
60731523
60731588
60732258
60732441
60735092
60735219
60735783
60735784
60735803
60735847
60735855
60736356
60736386
60736462
60739732
60740976
60741010
60741437
60741482
60741740
60741847
60743290
60743806
60744783
60745083
60745289
60745302
60745312
60745657
60745858
60746147
60747883
60748076
60749090
60749326
60751240
60751648
60751947
60752977
60753767
60753769
60755750
60755803
60756133
60757599
60758427
60759123
60759296
60759792
60760035
60760312
60760839
60760998
60761391
60761682
60762533
60764787
60765079
60765082
60765242
60765650
60765707
60765755
60765820
60766330
60767686
60768626
60769049
60769433
60769565
60771460
60771759
60772545
60772810
60774392
60774480
60775893
60776122
60776303
60777422
60777872
60778175
60779283
60781396
60781463
60781479
60782106
60782526
60782584
60782992
60783116
60783164
60783834
60784179
60784244
60785099
60785197
60790614
60791531
60793190
60793257
60793706
60793916
60793941
60794805
60794819
60794820
60795075
60795208
60797139
60797292
60797516
60797570
60798190
60798855
60799642
60800290
60800384
60800860
60801140
60802209
60802693
60804242
60804431
60805368
60805482
60805600
60805945
60806246
60806763
60807036
60807105
60807737
60808842
60809221
60809338
60809463
60809716
60809772
60809948
60812430
60813014
60813545
60813806
60814391
60814889
60815390
60815856
60816928
60817345
60817883
60818391
60818723
60818820
60818978
60819033
60819098
60819983
60820842
60820884
60820887
60821296
60822290
60822755
60823282
60824044
60824439
60826214
60826252
60828120
60828170
60829993
60829998
60830509
60830766
60831142
60831319
60832230
60832241
60832336
60832424
60832485
60832488
60832764
60833721
60834984
60835044
60836058
60836649
60837065
60838848
60839404
60839863
60841615
60842479
60843818
60845606
60845688
60845886
60846856
60848289
60850519
60850821
60851244
60853138
60853552
60856675
60856700
60856996
60857594
60859681
60861564
60861668
60862806
60863128
60863283
60863382
60863451
60863586
60863745
60864459
60865172
60865196
60865358
60865848
60866550
60867800
60868145
60869294
60870583
60871458
60872914
60873614
60874138
60874174
60874607
60874778
60874781
60875085
60875537
60875974
60876085
60876554
60876814
60876900
60878672
60878914
60878957
60882441
60882999
60883319
60884062
60886250
60888732
60890307
60891866
60891975
60892138
60893729
60895366
60896325
60899542
60899592
60900197
60901134
60901365
60902111
60902456
60902595
60902628
60903267
60903333
60903578
60903790
60904227
60904574
60904599
60905886
60906055
60906067
60907025
60907103
60907361
60907550
60910218
60910280
60910862
60911265
60911380
60911638
60912445
60912756
60913775
60913801
60913911
60914241
60916655
60916762
60917159
60917649
60917715
60917865
60918373
60920820
60922389
60922736
60923104
60923913
60924201
60925628
60928559
60928671
60929038
60929123
60929156
60931338
60932277
60932437
60933888
60934346
60935552
60935922
60936130
60937063
60937305
60937505
60938480
60939847
60940368
60940417
60941778
60946205
60947762
60948164
60948359
60949057
60951334
60951481
60951754
60952375
60954236
60954581
60954596
60955605
60956758
60958881
60959009
60959142
60959243
60959753
60960701
60961752
60962136
60963041
60963073
60963249
60963615
60965383
60966011
60966178
60966508
60966566
60966706
60967675
60967700
60967760
60967848
60968326
60968800
60970144
60970412
60970472
60970917
60970978
60971583
60971614
60972077
60974395
60974472
60974874
60975853
60975956
60976578
60978339
60978486
60979396
60981562
60981896
60982085
60982122
60982257
60982426
60983635
60985220
60985510
60986713
60986966
60988980
60989498
60989721
60989895
60991164
60991684
60994928
60995847
60995855
60996233
60996543
60996586
60996738
60997746
60998618
60998987
60999499
61004991
61005842
61006007
61006116
61006921
61007366
61008994
61009416
61010021
61011007
61011794
61012631
61014667
61014717
61014923
61015029
61015058
61016423
61017735
61018871
61019685
61020166
61021426
61022046
61023664
61025026
61025555
61026640
61026962
61027507
61028234
61028532
61029178
61032183
61033089
61033912
61034791
61035205
61035409
61037225
61037502
61037513
61037747
61038535
61038673
61039110
61039254
61039308
61039314
61039351
61039645
61039940
61040358
61041791
61042082
61044581
61044648
61046634
61047770
61047811
61048396
61048521
61049388
61049985
61050031
61050073
61051789
61055285
61056575
61058641
61059006
61059497
61062542
61062694
61062762
61065212
61065605
61066793
61067100
61068162
61070149
61070347
61072486
61073079
61073666
61073727
61073754
61074006
61074102
61074468
61075795
61076526
61076530
61076830
61077044
61079453
61083657
61083771
61084485
61084978
61085147
61085980
61086196
61086372
61086965
61087800
61087859
61088760
61089911
61090065
61090245
61091877
61093571
61094802
61095013
61095725
61097474
61097986
61099931
61100073
61100237
61101493
61103209
61103534
61103896
61108623
61108868
61110157
61111659
61111750
61112954
61112989
61113776
61117675
61117746
61119877
61120212
61121280
61121519
61122630
61122747
61122861
61123808
61124292
61125705
61126052
61128528
61128852
61129196
61129875
61130793
61130812
61131820
61131951
61133073
61133617
61133702
61134838
61135441
61135770
61136269
61136329
61137024
61137191
61140432
61141202
61141786
61142022
61144173
61145540
61147024
61147493
61150368
61150603
61151433
61151653
61152781
61153853
61154567
61154592
61155343
61156136
61157474
61158143
61158263
61160674
61162764
61163139
61163331
61163368
61165785
61167166
61167594
61169586
61169674
61169871
61169915
61170891
61173785
61174022
61175947
61176956
61176985
61179134
61179390
61180293
61181810
61181815
61182014
61184587
61185294
61187668
61187818
61189366
61189520
61190654
61191541
61191737
61191745
61193357
61196311
61196330
61196393
61196447
61196835
61199593
61199764
61200016
61200839
61200939
61201315
61201927
61202173
61203492
61204305
61207801
61209517
61210588
61213631
61214603
61217376
61217866
61218848
61219238
61220412
61220696
61223364
61223578
61224918
61225363
61225466
61227688
61228439
61229599
61231588
61231677
61233797
61233840
61234675
61234844
61234976
61234979
61235206
61238040
61238657
61240697
61241248
61241297
61241517
61241527
61242352
61242540
61243908
61244294
61245589
61248578
61248765
61250060
61250565
61252258
61257035
61257065
61257318
61257992
61258271
61258922
61261024
61261524
61261588
61263487
61263829
61265617
61266919
61267688
61270141
61271552
61272327
61272574
61272739
61276542
61277448
61278802
61280445
61280479
61280491
61280667
61284531
61284851
61285094
61285252
61285532
61286233
61286309
61288871
61289034
61289674
61291888
61292522
61292682
61294412
61296738
61296902
61297410
61298368
61300169
61301823
61301965
61302331
61304444
61305006
61305322
61306729
61310049
61312105
61313149
61315525
61316016
61316538
61321683
61322577
61324702
61325583
61326659
61327696
61329686
61331920
61333905
61334939
61339197
61340342
61341207
61341581
61342082
61342099
61342110
61342134
61343682
61345265
61347093
61348553
61349631
61353080
61354713
61357643
61359301
61364793
61365683
61368540
61382136
61383172
61388546
61393228
61393599
61398659
61399127
61406201
61408909
61410654
61412411
61422512
61423374
61425286
61425509
61431217
61433811
61435872
61438766
61440982
61445289
61445319
61445382
61447240
61447255
61447259
61447287
61447302
61462750
61464991
61470835
61475439
61479639
61490643
61492320
61492591
61492648
61494624
61496577
61498555
61503746
61505256
61509479
61520166
61526346
61526653
61533803
61539988
61540011
61540453
61542895
61548912
61550287
61551709
61552823
61552908
61553131
61553258
61554827
61555091
61555706
61558007
61558849
61559491
61560120
61560536
61560599
61560659
61560702
61560863
61561546
61562253
61565860
61568077
61568978
61572703
61573661
61574130
61574970
61575595
61578941
61580106
61580475
61580498
61580808
61580828
61581399
61582076
61582318
61582327
61582603
61583349
61584401
61584685
61584791
61585687
61586568
61588422
61590708
61591408
61596843
61596972
61599482
61599631
61600005
61600904
61601145
61601214
61601877
61601911
61602396
61602565
61603104
61604057
61604234
61604388
61605301
61606148
61606727
61606947
61608374
61609313
61610971
61611157
61612291
61614194
61614742
61614966
61614986
61618221
61619048
61619376
61619683
61619684
61620630
61620958
61621715
61623290
61623812
61626057
61626073
61626091
61626445
61627897
61627903
61632441
61633803
61633812
61633978
61636674
61638917
61641410
61643463
61644061
61650109
61651639
61652215
61652240
61652397
61655389
61656613
61656632
61656672
61657015
61658772
61659352
61659887
61662091
61666239
61666243
61666623
61668081
61668607
61669565
61671944
61672577
61672580
61672723
61673852
61674869
61675061
61675511
61677712
61678370
61678815
61679028
61681326
61681875
61684944
61686161
61686406
61687128
61687796
61687818
61688599
61689360
61689380
61692437
61693291
61696271
61698515
61698842
61700187
61700207
61700434
61700824
61701597
61703826
61705888
61706313
61710059
61710589
61710602
61711477
61711618
61716053
61716207
61719536
61720186
61721088
61722280
61725365
61725793
61725911
61726932
61729125
61729220
61730684
61732609
61733424
61733469
61734018
61734242
61734397
61734682
61734826
61735647
61736376
61736655
61738088
61743491
61744444
61744532
61745531
61751325
61752587
61753181
61768345
61769570
61770311
61776615
61785900
61785925
61793444
61796363
61807962
61807965
61809396
61810155
61812506
61817401
61817419
61827973
61828712
61828713
61828963
61831691
61832420
61832805
61833438
61836376
61851134
61853795
61854273
61861433
61861434
61863321
61868590
61869364
61870761
61888423
61893826
61905459
61913685
61913882
61918189
61921888
61922755
61922815
61931381
61933307
61933332
61937892
61939172
61941446
61942532
61946314
61946530
61948690
61948706
61948718
61949925
61952577
61952905
61953899
61958483
61960784
61962410
61967951
61970105
61970188
61970572
61972091
61976992
61984075
61989840
61990475
61990505
61996646
61996971
61999203
61999432
61999828
62001324
62002596
62005504
62005906
62007001
62007703
62008609
62008879
62013353
62014040
62014228
62016525
62020629
62024095
62024941
62025426
62027859
62028470
62029944
62031582
62031827
62033698
62038854
62044073
62044988
62045048
62045184
62045232
62045284
62045518
62045583
62045674
62045710
62045888
62049009
62052591
62053342
62056397
62057750
62058343
62058786
62060977
62062961
62063262
62064213
62066007
62066022
62067872
62067884
62071091
62071514
62075375
62076016
62076020
62078022
62078795
62080365
62081154
62081867
62082352
62083931
62084629
62084783
62088347
62089489
62089745
62089820
62090013
62090653
62092075
62098631
62099775
62105638
62105983
62106848
62107754
62109301
62109920
62110021
62113417
62113426
62113443
62113915
62119076
62119332
62119456
62120344
62121135
62121551
62121949
62128799
62128950
62131051
62132578
62133425
62134057
62134994
62136391
62137729
62139395
62141404
62142832
62143744
62144386
62145180
62145283
62146259
62146961
62147061
62150323
62151609
62152498
62153276
62153606
62154847
62156239
62159437
62159523
62160370
62160381
62160705
62161013
62162607
62163395
62166915
62167914
62168264
62170112
62170246
62177474
62181195
62181331
62181694
62184471
62184730
62186873
62188415
62189107
62189113
62191021
62191060
62191553
62191618
62193179
62194503
62197056
62197788
62197830
62198955
62198993
62201820
62202904
62203836
62205730
62208791
62209655
62210574
62212342
62212430
62214174
62214833
62215458
62215574
62218464
62219377
62219671
62222836
62223579
62223704
62223717
62224239
62225036
62225098
62225557
62227557
62227625
62228007
62229934
62231266
62231772
62233658
62234294
62234363
62234776
62234801
62236958
62240807
62242994
62244093
62245225
62246161
62247199
62249208
62251340
62251505
62251894
62252614
62256189
62257158
62257435
62257957
62258565
62260204
62260217
62260702
62266938
62267853
62268825
62269282
62269960
62271105
62275074
62276062
62276445
62277055
62277209
62278125
62281689
62282155
62282164
62282559
62282826
62282967
62283860
62284063
62284891
62286639
62288540
62289066
62292650
62292668
62293562
62294782
62295470
62296601
62305125
62306955
62309117
62309204
62309749
62309854
62312393
62318943
62318999
62319050
62319071
62321148
62321759
62323679
62324159
62324881
62326763
62326843
62327741
62329672
62330891
62333072
62342967
62350213
62356116
62356467
62356474
62356650
62356717
62358309
62358894
62358918
62359587
62363798
62369249
62378319
62379035
62381223
62381797
62384219
62386209
62390772
62391009
62393148
62394591
62402282
62403029
62404127
62404231
62405761
62411069
62414986
62415034
62417634
62418125
62418532
62421820
62422683
62422909
62424484
62424891
62431337
62440575
62440636
62441118
62441119
62446548
62447311
62448745
62449164
62450173
62453048
62453451
62453585
62457004
62462203
62468034
62468742
62472146
62472611
62483040
62485451
62488581
62490157
62490963
62493878
62502583
62502923
62506073
62513793
62514004
62515431
62515578
62519453
62519572
62521504
62526326
62528438
62531500
62537108
62540313
62546529
62553714
62558355
62558845
62559996
62561069
62581845
62590056
62590495
62590598
62596990
62602916
62604235
62609982
62614113
62620679
62621374
62624251
62626276
62637059
62637216
62644251
62650602
62657911
62668730
62672583
62672715
62679566
62679615
62680213
62682101
62682159
62689232
62692571
62696015
62696971
62699674
62700974
62707625
62707913
62710614
62714535
62726509
62734985
62735279
62739013
62739424
62747454
62747475
62747855
62748047
62750683
62750982
62751110
62751338
62759912
62760253
62764347
62768234
62771739
62775478
62778336
62778910
62784041
62784526
62786514
62789428
62789886
62790894
62790961
62794090
62801867
62802202
62802759
62808011
62809868
62812341
62815186
62817010
62822746
62823144
62823542
62825664
62825786
62830492
62843788
62844345
62844827
62848270
62851803
62852944
62853638
62865143
62865230
62877607
62880053
62882868
62885767
62889506
62894257
62897242
62897296
62897306
62908224
62908511
62913575
62913775
62913809
62914506
62917076
62919336
62920898
62923474
62923581
62925207
62925264
62928531
62929908
62930180
62933730
62935360
62936449
62936636
62939989
62943075
62943094
62943156
62943176
62943199
62944918
62944924
62945026
62945091
62945191
62945211
62945288
62945362
62945363
62947606
62949687
62950674
62953922
62953991
62954636
62957112
62969090
62971366
62972654
62973526
62973950
62978419
62979851
62979916
62982203
62987054
62987248
62988364
62988397
62993707
62993769
62996904
63001409
63002402
63003884
63011270
63027462
63031491
63032325
63037230
63037577
63037768
63038314
63038447
63041350
63041519
63041602
63051462
63054852
63054986
63056073
63056346
63058199
63058457
63059848
63068466
63069597
63071097
63074003
63080301
63080601
63081662
63090964
63092887
63096744
63098169
63099267
63100258
63100361
63100598
63101611
63109728
63113465
63122705
63124336
63126158
63128125
63130088
63134882
63140661
63142651
63142944
63145118
63145178
63145226
63145645
63145754
63147248
63154584
63158758
63160632
63163829
63163913
63165101
63168351
63172842
63173038
63173958
63176467
63176821
63177870
63185054
63185758
63188819
63192890
63199514
63204981
63206140
63206148
63214902
63214936
63214967
63217792
63217824
63223110
63226906
63228800
63229582
63242504
63244787
63249515
63249836
63257055
63260959
63260996
63263407
63267791
63272060
63272154
63272678
63272716
63273023
63274326
63276924
63277908
63277937
63277946
63279304
63279692
63284411
63285689
63287035
63287123
63288053
63288118
63293271
63294418
63295328
63297471
63297517
63298830
63299663
63300335
63301165
63301183
63301247
63302169
63302171
63302177
63302239
63302382
63303545
63308146
63308280
63310179
63311784
63311787
63311794
63312469
63313601
63314463
63314485
63318017
63320396
63322270
63322335
63322747
63326162
63326639
63328594
63330831
63332397
63332844
63332989
63333953
63337169
63337864
63343721
63347967
63348012
63348508
63349074
63349794
63353327
63353472
63354374
63354819
63355016
63355808
63357012
63357202
63357911
63358481
63359341
63360033
63362541
63363435
63364264
63367990
63368155
63368621
63368692
63369644
63371054
63372967
63376963
63377017
63378154
63378268
63379948
63380899
63381670
63381707
63385148
63386775
63386786
63387069
63387326
63389367
63392562
63393900
63398470
63399424
63404354
63404577
63405905
63406989
63408711
63411835
63414567
63415005
63418309
63419139
63419180
63421306
63422768
63423456
63430679
63431755
63432929
63434080
63450192
63464295
63499089
63510822
63512602
63524054
63534527
63570259
63575795
63579055
63592438
63592897
63593089
63594346
63595260
63595950
63595960
63684734
63689650
63692749
63693186
63696688
63720757
63725960
63745901
63757684
63757712
63757821
63762538
63764324
63764346
63765334
63775795
63776289
63778638
63782903
63801751
63809555
70000256
70001603
70002168
70002429
70002470
70002649
70002802
70002994
70003094
70003564
70003714
70003992
70004278
70004396
70005441
70007760
70009796
70010383
70010704
70010899
70011225
70012033
70012069
70012414
70012568
70013153
70013438
70013817
70013995
70014001
70014080
70014523
70014592
70014686
70015566
70016077
70016090
70016109
70016361
70016460
70016982
70017305
70017369
70017384
70017479
70018245
70018520
70018935
70018955
70019007
70019517
70019803
70019892
70020002
70020479
70020698
70020825
70020975
70021020
70021471
70021581
70021599
70022708
70023196
70023412
70023586
70023723
70023734
70024459
70024570
70024864
70025625
70025772
70026087
70026515
70029011
70029248
70029281
70029367
70029462
70029751
70031283
70031379
70031679
70031722
70032106
70032205
70032254
70032742
70033868
70034048
70034718
70034743
70034799
70035290
70035459
70035701
70035792
70036103
70036459
70036862
70036883
70038105
70038174
70038185
70038271
70038605
70039071
70039278
70039302
70039730
70040333
70040454
70041629
70041687
70042215
70042336
70042946
70044809
70044855
70044861
70046198
70046329
70046900
70046969
70047134
70047211
70047213
70047592
70047623
70047679
70047701
70048161
70048263
70048371
70048819
70048926
70049133
70050449
70050779
70051825
70051859
70052006
70052104
70052129
70052802
70053530
70053600
70053735
70053738
70053858
70054017
70054088
70055537
70055622
70055705
70056086
70056139
70056412
70056680
70058270
70058693
70058746
70059034
70059145
70059155
70059441
70059859
70059895
70060343
70060936
70061023
70061300
70061539
70061946
70061995
70062038
70062053
70062108
70062583
70063040
70063041
70063396
70063455
70063509
70063997
70064053
70064258
70064708
70064986
70065532
70065770
70066409
70066647
70066649
70066699
70066927
70067330
70067652
70067658
70067673
70067693
70067780
70068490
70069015
70069367
70069497
70070503
70070881
70070900
70071104
70071229
70071772
70071949
70071953
70072636
70072752
70072760
70072775
70072787
70072790
70073000
70073369
70073385
70073675
70073840
70073953
70074211
70074529
70074532
70074612
70074629
70074643
70074650
70074699
70074833
70074885
70075133
70075173
70075405
70075751
70075957
70076007
70076442
70076455
70076508
70076529
70076719
70077150
70077350
70077452
70077629
70077993
70077997
70078052
70078166
70078386
70078395
70078461
70078719
70078745
70078826
70079001
70079135
70079619
70079816
70079888
70079980
70080316
70080510
70080557
70080765
70080793
70080901
70081313
70081710
70082322
70082607
70082713
70083050
70083228
70083339
70083340
70083345
70083389
70083557
70083619
70084220
70084305
70084386
70084407
70084712
70084833
70084863
70085674
70085783
70085784
70086015
70086115
70086198
70086899
70087226
70087597
70087771
70087861
70088556
70089143
70089328
70089355
70089477
70089526
70089685
70090113
70090256
70090472
70090621
70091153
70091178
70091471
70091480
70092096
70092143
70092162
70092287
70092308
70092359
70092745
70093130
70093292
70093353
70093477
70093607
70093620
70093728
70093886
70093943
70093946
70094213
70094281
70094288
70094294
70094351
70094404
70094603
70094857
70094860
70095207
70095410
70095703
70095730
70095952
70096347
70096353
70096474
70096477
70096674
70096947
70096958
70097016
70097064
70097082
70097142
70097330
70097355
70097392
70097530
70097572
70097575
70097586
70097605
70097829
70097867
70097951
70098011
70098025
70098092
70098266
70098454
70098760
70098997
70099136
70099316
70099660
70100045
70100551
70101052
70101131
70101300
70101438
70101526
70101673
70101880
70101894
70101987
70101996
70102115
70102134
70102137
70102431
70102499
70102954
70103575
70103757
70104146
70104195
70104882
70104989
70105192
70105460
70105541
70106409
70106432
70106477
70107079
70107230
70107364
70107388
70107408
70107550
70107822
70108251
70108366
70108375
70108571
70108604
70108638
70108893
70108933
70109036
70109113
70109224
70109225
70109554
70109602
70109788
70110221
70110340
70110634
70110723
70110784
70110920
70110977
70111048
70111065
70112613
70112629
70113144
70113495
70113603
70113933
70114247
70114532
70114635
70114726
70114851
70114891
70114905
70115437
70115687
70115766
70116012
70116129
70116293
70116363
70116546
70116936
70117048
70117070
70117232
70117450
70117561
70117562
70117643
70117709
70118860
70119319
70119336
70119622
70119631
70119778
70119790
70119800
70119934
70120136
70120214
70120243
70120260
70120287
70120305
70120452
70120554
70120709
70120804
70120818
70120847
70121029
70121209
70121352
70121354
70121418
70121500
70121562
70121591
70122069
70122234
70122774
70123588
70123642
70123790
70123826
70124434
70125564
70125569
70126220
70126961
70127017
70127368
70127491
70127624
70128447
70128492
70128668
70128673
70129397
70129581
70129810
70129821
70130013
70130178
70130430
70130435
70130436
70130509
70130607
70130650
70130699
70130755
70130796
70130860
70130932
70131032
70131120
70131663
70131808
70132127
70132139
70132254
70132348
70132394
70132437
70132591
70132822
70132946
70133106
70133132
70133140
70133160
70133180
70133415
70133735
70134193
70134215
70134247
70134365
70134544
70134616
70134645
70134887
70134958
70135272
70135720
70135789
70135811
70135866
70135939
70136423
70136495
70136911
70136913
70137124
70137583
70137716
70137823
70138032
70138177
70138736
70138840
70138917
70139570
70139981
70140315
70140803
70141523
70141744
70142194
70142267
70142659
70142761
70142822
70142940
70143163
70143342
70143563
70143799
70144388
70144430
70144444
70144576
70144908
70145186
70145352
70145360
70145511
70145601
70145656
70145997
70146447
70146508
70146622
70146631
70146728
70146763
70147504
70148353
70148490
70148839
70148862
70149010
70149190
70149572
70149741
70149923
70150322
70150330
70150446
70150447
70150467
70150502
70150552
70150612
70150933
70151086
70151098
70151158
70151274
70151320
70151352
70151421
70151882
70151964
70151988
70152163
70152238
70152244
70152345
70152428
70152442
70152620
70152824
70152913
70153005
70153059
70153062
70153073
70153080
70153203
70153815
70153896
70153942
70153953
70154061
70154118
70154185
70154445
70154551
70154647
70154688
70155420
70155663
70155862
70155903
70156110
70156531
70156715
70156907
70157334
70157748
70158020
70158117
70158489
70158516
70158665
70158688
70158695
70158830
70159020
70159029
70159180
70159380
70159381
70159385
70159395
70159584
70159888
70159905
70159922
70159933
70160077
70160327
70160373
70160476
70160517
70160653
70160773
70160820
70160886
70161008
70161026
70161049
70161133
70161721
70161754
70161861
70161874
70161882
70162226
70162324
70162624
70162708
70162954
70163049
70163070
70163494
70163498
70163661
70163846
70163847
70164495
70164641
70165572
70165898
70165910
70166166
70166213
70166250
70166400
70167044
70167141
70167143
70167431
70167455
70167490
70168586
70168860
70169025
70169742
70170490
70170503
70170652
70170755
70171074
70171167
70171573
70171604
70171669
70172252
70172338
70172395
70172478
70173466
70173645
70173947
70174155
70174159
70174325
70174572
70175177
70175548
70175680
70175985
70176170
70176303
70176461
70176784
70176794
70177000
70177043
70177109
70177208
70177413
70177895
70178345
70178373
70178893
70179255
70179579
70179659
70179836
70179856
70179943
70180016
70180364
70180365
70180656
70180673
70180694
70180698
70180713
70180736
70181063
70181081
70181129
70181169
70181403
70181430
70181493
70181883
70182139
70182209
70182497
70182609
70182847
70182893
70183348
70183413
70183742
70184005
70184008
70184011
70184026
70184089
70184633
70184646
70184652
70184768
70185434
70185462
70185677
70185727
70185867
70186236
70186270
70186388
70186824
70186983
70187337
70187762
70187805
70187824
70187826
70187827
70188034
70188266
70188493
70188549
70188802
70188867
70188961
70189057
70189069
70189148
70189196
70190128
70190326
70190416
70190518
70190541
70190790
70190802
70190835
70190905
70190943
70191107
70191199
70191315
70191461
70191471
70191551
70191608
70191690
70191699
70191707
70191713
70191744
70191807
70191858
70191895
70192462
70192527
70192554
70193065
70193371
70193827
70193877
70193944
70194089
70194175
70194209
70194218
70194340
70195005
70195534
70195689
70195737
70195739
70195760
70195924
70195944
70195986
70196000
70196139
70196253
70196262
70196410
70196447
70197615
70197736
70197793
70197846
70197849
70197884
70198009
70198445
70198506
70198514
70198518
70198647
70198726
70198892
70198956
70199220
70199221
70199455
70199693
70199695
70200111
70200246
70200631
70200765
70200766
70200919
70201167
70201652
70202388
70202523
70202766
70203423
70203489
70203659
70203870
70204181
70204209
70204413
70204491
70204511
70204748
70204810
70204826
70204884
70204899
70205002
70205474
70205571
70205725
70205988
70206276
70206695
70206740
70206859
70206967
70207428
70207441
70207482
70207616
70207659
70207661
70208365
70208419
70208430
70208588
70208876
70209124
70209244
70209460
70209875
70209949
70210037
70210189
70210198
70210400
70210861
70211008
70211174
70211179
70211833
70211849
70212040
70212050
70212204
70212255
70212260
70212263
70212267
70212425
70212601
70212665
70213106
70213352
70213612
70213628
70213641
70213659
70213823
70214124
70214155
70214170
70214172
70214192
70214661
70214701
70214860
70214941
70215324
70215592
70215650
70215900
70216112
70216116
70216297
70216454
70216604
70216640
70217225
70217379
70217576
70217620
70217797
70217813
70217971
70218373
70218459
70218513
70218622
70218739
70218763
70218819
70218865
70218959
70219087
70219172
70219371
70219393
70219566
70219632
70219658
70219745
70219814
70219997
70220012
70220441
70220567
70220613
70220758
70220836
70220870
70220918
70221028
70221034
70221054
70221111
70221191
70221388
70221512
70221524
70221532
70221725
70221746
70221903
70222423
70222438
70222557
70222717
70223227
70223364
70223530
70223778
70224152
70224304
70224498
70224578
70224942
70224991
70225223
70225266
70225436
70225551
70225561
70225660
70225786
70225808
70226258
70226273
70226276
70226432
70226511
70226674
70226756
70226773
70226803
70226951
70226983
70226994
70227029
70227047
70227158
70227407
70228560
70229301
70229304
70229378
70229416
70229466
70229555
70230148
70230243
70230251
70230435
70231153
70231359
70231439
70231866
70231935
70232166
70232277
70232368
70232455
70232619
70233067
70233083
70233167
70233498
70233521
70233903
70234317
70234605
70234642
70235197
70235321
70235524
70235819
70235874
70236299
70236325
70236362
70236378
70236384
70236386
70236390
70236400
70236481
70236519
70236798
70236925
70236983
70237109
70237301
70237351
70237384
70237521
70237648
70238203
70238299
70238418
70238636
70238665
70238668
70239284
70239427
70239694
70239767
70240417
70240487
70240523
70240903
70240914
70240945
70241285
70241618
70241822
70241948
70242187
70242325
70242394
70242571
70242995
70243149
70243176
70243181
70243182
70243267
70243297
70243478
70243487
70243521
70243555
70243614
70243632
70243658
70244023
70244050
70244072
70244211
70244224
70244227
70244283
70244284
70244362
70244632
70244757
70244762
70244949
70244965
70245067
70245073
70245099
70245505
70245651
70245652
70245799
70245856
70246642
70247315
70247388
70247731
70247945
70248318
70249220
70249261
70249584
70250067
70250128
70250555
70250801
70250810
70251045
70251081
70251099
70251106
70251161
70251278
70251489
70251491
70251572
70251832
70251848
70251890
70251957
70251958
70252074
70252268
70252274
70252371
70252432
70252717
70252746
70252798
70253009
70253054
70253428
70253598
70253647
70253775
70253803
70254040
70254135
70254217
70254319
70254486
70255071
70255087
70255170
70255394
70255428
70255797
70256093
70256105
70256112
70256240
70256314
70256377
70256384
70256465
70256840
70256846
70256865
70257320
70257395
70257438
70257461
70257551
70257834
70258113
70258207
70258281
70258539
70258782
70258804
70258832
70258989
70259019
70259489
70259505
70259663
70259674
70259854
70259987
70260577
70260582
70260800
70260803
70260856
70260862
70260909
70260935
70260939
70261039
70261079
70261134
70261204
70261253
70261370
70261470
70262281
70262479
70262493
70262510
70262566
70262744
70262809
70262891
70262953
70263202
70263338
70263371
70263380
70263547
70263634
70263860
70264101
70264104
70264111
70264131
70264141
70264147
70264175
70264203
70264230
70264446
70264583
70264656
70264660
70264661
70265013
70265152
70265194
70265342
70265931
70266286
70266353
70266439
70266664
70266749
70266885
70267012
70267082
70267145
70267175
70267310
70267498
70267499
70267737
70267764
70267775
70267913
70268037
70268151
70268928
70269073
70269143
70269145
70269152
70269251
70269262
70269722
70269866
70269929
70270277
70270279
70270314
70270531
70270798
70271132
70271442
70271520
70271622
70271629
70271735
70271848
70271986
70272107
70272110
70272165
70272729
70273302
70273645
70274366
70274681
70274865
70274934
70274972
70275113
70275169
70275611
70275612
70275627
70276354
70276600
70276925
70277025
70277129
70277220
70277340
70277355
70277399
70277633
70278028
70278173
70278360
70278422
70278560
70278609
70278778
70278782
70279267
70279442
70280378
70280398
70280450
70280742
70280851
70281106
70281361
70281601
70281609
70281647
70281914
70282173
70282341
70282358
70282380
70282852
70282919
70282965
70283208
70283506
70283590
70283760
70284019
70284144
70284512
70284520
70284852
70285130
70285244
70286189
70286580
70286806
70287475
70287750
70288001
70288329
70288456
70288921
70289126
70289446
70289519
70289707
70289714
70290003
70290066
70290125
70290563
70291155
70291233
70291706
70292143
70292175
70292272
70292383
70292400
70292405
70292408
70292584
70292766
70292892
70293052
70293137
70293152
70293821
70294086
70294154
70294156
70294778
70294827
70295092
70295310
70295325
70295509
70295523
70295546
70295786
70295805
70295882
70295888
70295916
70295931
70295989
70296033
70296396
70297070
70297236
70297267
70297405
70297433
70297610
70298151
70298621
70298915
70298950
70299509
70299834
70299932
70299953
70300076
70300518
70300526
70300978
70301107
70301112
70301128
70301176
70301365
70301385
70301414
70301691
70302059
70302287
70302433
70302524
70302817
70302831
70303238
70303272
70303284
70303496
70303695
70303835
70303865
70303900
70303935
70303940
70304462
70304470
70304521
70304632
70304643
70304921
70304929
70304939
70304941
70304957
70304959
70304967
70305181
70305450
70305580
70305589
70305615
70305629
70305633
70305727
70305784
70305808
70306117
70306396
70306500
70306650
70306702
70306729
70307941
70307956
70307985
70308123
70308236
70308294
70309181
70309368
70309904
70309921
70309935
70310140
70310402
70310596
70310633
70310744
70310823
70310922
70311303
70311384
70311445
70311447
70311628
70311717
70311849
70311979
70312495
70312505
70313287
70313312
70313362
70313527
70313719
70314073
70314596
70314635
70314701
70315075
70315131
70315445
70315505
70315664
70315745
70315758
70315760
70316179
70316321
70316569
70316796
70317185
70317469
70317670
70317782
70317802
70317821
70317923
70318373
70318997
70319331
70319373
70319384
70319694
70320394
70320444
70320512
70321059
70321367
70321799
70321988
70322029
70322484
70322595
70322620
70322944
70322961
70322992
70323023
70323091
70323235
70323637
70323772
70324146
70324336
70324459
70324596
70324643
70324675
70324753
70324925
70325089
70325300
70325577
70325681
70326033
70326135
70326212
70326334
70326359
70326440
70326979
70327058
70327470
70327493
70328143
70328240
70328588
70328697
70328778
70329028
70329037
70330114
70330304
70330735
70331197
70331757
70331809
70331831
70331976
70332925
70332978
70333071
70333087
70333524
70333664
70333922
70334532
70334534
70334642
70334872
70334937
70334952
70335329
70335625
70335990
70336262
70336328
70336478
70336553
70336559
70336655
70336800
70336823
70337212
70337624
70337787
70338027
70338029
70338030
70338099
70338307
70338554
70338594
70338596
70338781
70339084
70339100
70339107
70339116
70339425
70340051
70340233
70340983
70341012
70341167
70341367
70341805
70341888
70342839
70343356
70343506
70343748
70343895
70344026
70344196
70344207
70344709
70345165
70345269
70346050
70346094
70346193
70346331
70346482
70346736
70346855
70347006
70347109
70347522
70347627
70347733
70347781
70347853
70347880
70347943
70348517
70348645
70348888
70349127
70349512
70349808
70350236
70350258
70350273
70350719
70350734
70350746
70350764
70350884
70351031
70351143
70351263
70351372
70351430
70351473
70351735
70351805
70351991
70352009
70352126
70352452
70352534
70352987
70353106
70353112
70353115
70353183
70353351
70353536
70353545
70353574
70353575
70353793
70353990
70354023
70354043
70354162
70354186
70354332
70354400
70354450
70354568
70354811
70354965
70355077
70355170
70355391
70355409
70355581
70355801
70355954
70356718
70356787
70356947
70356992
70357053
70357275
70357623
70357687
70357710
70357741
70357847
70358032
70358091
70358199
70358229
70358238
70358664
70359147
70359373
70359546
70359640
70359691
70359710
70359768
70359801
70359930
70359949
70360089
70360139
70360615
70360733
70360790
70360829
70360854
70361409
70361426
70361458
70361461
70361471
70361618
70361663
70361807
70361825
70361829
70361832
70361884
70362139
70362215
70362286
70362295
70362338
70362339
70362575
70362617
70362881
70363042
70363095
70363465
70364730
70364864
70364907
70364955
70365181
70365408
70365605
70366106
70366243
70366367
70366369
70366492
70366526
70367975
70368510
70368843
70369181
70369611
70369792
70369810
70369957
70370045
70370187
70370438
70370662
70370999
70371077
70371085
70371096
70371164
70371341
70371606
70371673
70371715
70371775
70371819
70371860
70372232
70372550
70372866
70372868
70372871
70374032
70374115
70374236
70374616
70375068
70375326
70375440
70375562
70375619
70375622
70375633
70375695
70376135
70376450
70376500
70376877
70376896
70377214
70377383
70377393
70377590
70377664
70377675
70377711
70377836
70378122
70378351
70378459
70379554
70379594
70379599
70379642
70379753
70380319
70380907
70381135
70381223
70382759
70382871
70382986
70383435
70383476
70384102
70384345
70384843
70385229
70385236
70385365
70385474
70385954
70386294
70386496
70386502
70386526
70386556
70386629
70386829
70386853
70386995
70387144
70387148
70387629
70387854
70388123
70388153
70388213
70388680
70388795
70388864
70388905
70389692
70389740
70389750
70389755
70389767
70389911
70389943
70390332
70390542
70390584
70390667
70390685
70390821
70391081
70391166
70391660
70391746
70391779
70391812
70391951
70392061
70392090
70392127
70392139
70392203
70392671
70392857
70392912
70393070
70393230
70393246
70393565
70393775
70394164
70394170
70394513
70394586
70394805
70394849
70395217
70395613
70396176
70396304
70396364
70396380
70396616
70396633
70396989
70397574
70397854
70397860
70398014
70398914
70398920
70399494
70400278
70400339
70400620
70401192
70401692
70401727
70402212
70402279
70402426
70402456
70402609
70402610
70402802
70402806
70402964
70403219
70403376
70403750
70403827
70403863
70404010
70404216
70404564
70404632
70405065
70405105
70405481
70405484
70406943
70406986
70407282
70407493
70407504
70407641
70407887
70407981
70408000
70408449
70408534
70408897
70409046
70409104
70409333
70409646
70409701
70410070
70410184
70410187
70410269
70410319
70410326
70410354
70410395
70410802
70410826
70410905
70410918
70410946
70411095
70411152
70412233
70412252
70412339
70412396
70412536
70412853
70412904
70412937
70413326
70413436
70413441
70413478
70413764
70413824
70414455
70414588
70414645
70414870
70415367
70416261
70416370
70416380
70416539
70416690
70416747
70417180
70417829
70418055
70418211
70419160
70419360
70419403
70419453
70419461
70419619
70419715
70420227
70420294
70420509
70420518
70420672
70420755
70421539
70421560
70421809
70422038
70422067
70422452
70422478
70422722
70422911
70422919
70422931
70422963
70423127
70423746
70424021
70424098
70424244
70424712
70424767
70424856
70425299
70425308
70425349
70425693
70426004
70426074
70426097
70426820
70426835
70427653
70428477
70428923
70429166
70429440
70429845
70430097
70430253
70430347
70430855
70431138
70431703
70431756
70432188
70432699
70432777
70433124
70433414
70433857
70434305
70434400
70434539
70434965
70435604
70436505
70437034
70437165
70437261
70437275
70437489
70437579
70437867
70437972
70437981
70438100
70438435
70439494
70439589
70439811
70440537
70441491
70441915
70441921
70441928
70441950
70441964
70442007
70442601
70442784
70443067
70443255
70443603
70444073
70444482
70444840
70444878
70445080
70445680
70445870
70445984
70446001
70446233
70446295
70446353
70447001
70447005
70447013
70447119
70447987
70448357
70449105
70449920
70449929
70450189
70450484
70450854
70452308
70452784
70452787
70453289
70453719
70453796
70453826
70454078
70454084
70454196
70454389
70454806
70454814
70454848
70454886
70455316
70455334
70455497
70455851
70455870
70455892
70455897
70456105
70456203
70456205
70456403
70456494
70456500
70456880
70456953
70456985
70457341
70457643
70457872
70458126
70458382
70458383
70458806
70458823
70458909
70458923
70459010
70459063
70459117
70459168
70459201
70459217
70459219
70459230
70459257
70459791
70459916
70459927
70459933
70460160
70460398
70460704
70460788
70460854
70461023
70461233
70461262
70461440
70461453
70462045
70462053
70462621
70462671
70462904
70462964
70463444
70463606
70463648
70463782
70463873
70463942
70464474
70465225
70465239
70465639
70465720
70465898
70466031
70466524
70466926
70466931
70466932
70466935
70467375
70467578
70467811
70467935
70467960
70468681
70469195
70469462
70469681
70469686
70469864
70470592
70470985
70471024
70471214
70471460
70471977
70472020
70472462
70472601
70472628
70472694
70472711
70472868
70472872
70473017
70473314
70473347
70473527
70474179
70474660
70475055
70475172
70475366
70475423
70475558
70476069
70476439
70476617
70476741
70476824
70477046
70477669
70477675
70477695
70478036
70478087
70478731
70479004
70479023
70479077
70479394
70479655
70479668
70479715
70479933
70480091
70480103
70480145
70480202
70480402
70480427
70480461
70480634
70480705
70480949
70481165
70481367
70482167
70482511
70482772
70483004
70483590
70484156
70484291
70484462
70484472
70484691
70484784
70485377
70485534
70485542
70485601
70486153
70486195
70486382
70486405
70486465
70486553
70486952
70486976
70487118
70487734
70487815
70488062
70488349
70488590
70488612
70488895
70490336
70490420
70490430
70490822
70491055
70491063
70491096
70491753
70491783
70491921
70492662
70492847
70493069
70493145
70493201
70493283
70494188
70494321
70494650
70494759
70495038
70495129
70495148
70495168
70495676
70495751
70496071
70496247
70496954
70497209
70497356
70497439
70498590
70498603
70499187
70499198
70499203
70499230
70499353
70499459
70499513
70499545
70499789
70499799
70499806
70499828
70500035
70500158
70500258
70500431
70500548
70501165
70501219
70501433
70501455
70501512
70501687
70501724
70501927
70502246
70502280
70503254
70503535
70503634
70503654
70503733
70503776
70503848
70504453
70504489
70504519
70505239
70505587
70505654
70506091
70506125
70506207
70506303
70506372
70506413
70506651
70506844
70507425
70507429
70507829
70508107
70508181
70508197
70508387
70508434
70508957
70509414
70509564
70509672
70509786
70509885
70510189
70510192
70510206
70510295
70510520
70511189
70511209
70511248
70511518
70511817
70512086
70512735
70513139
70513274
70513408
70513451
70513583
70513811
70514034
70514196
70514309
70514391
70514802
70515059
70515126
70515194
70515643
70515681
70515857
70515963
70516468
70516850
70517146
70517425
70517554
70517849
70518005
70518111
70518377
70518745
70518980
70519034
70519463
70519518
70519662
70519860
70519899
70519915
70519969
70520108
70520354
70520387
70520405
70520413
70520426
70520440
70520556
70520581
70520955
70520982
70521009
70521173
70521275
70521322
70521445
70521731
70521954
70521980
70522002
70522029
70522071
70522072
70522096
70522162
70522243
70522444
70522470
70522504
70523056
70523092
70523104
70523108
70523120
70523198
70523234
70523466
70523658
70523676
70523807
70523895
70523903
70523983
70524220
70524304
70524305
70524384
70524649
70524716
70525765
70526136
70526214
70526335
70526358
70528419
70531214
70534152
70536797
70536831
70536882
70537453
70537548
70537833
70539155
70539293
70539888
70540443
70540934
70540978
70541000
70541091
70541186
70541210
70541322
70541413
70541447
70542143
70542478
70542588
70542611
70542625
70542657
70542665
70542774
70543125
70543170
70543333
70543341
70543380
70543404
70543468
70543735
70543861
70544015
70544069
70544362
70544525
70544892
70545124
70545240
70545256
70545411
70545579
70545712
70545754
70546157
70546567
70546624
70546653
70546943
70547303
70547306
70547405
70547439
70547496
70547575
70547588
70547819
70548047
70548264
70548272
70548358
70548780
70548864
70549064
70549130
70549159
70549281
70549568
70549711
70549730
70549800
70549861
70550333
70550361
70550977
70551088
70551605
70552782
70553157
70554170
70554255
70554512
70554513
70554550
70554666
70554890
70554910
70554921
70555111
70555120
70555192
70555970
70556339
70556424
70556428
70556431
70556464
70556710
70556740
70556741
70556984
70557052
70557272
70557748
70558341
70558348
70558949
70559033
70559500
70559905
70559962
70560800
70560811
70561084
70561137
70561561
70561680
70561809
70562639
70562857
70563269
70564356
70564707
70565001
70565230
70565382
70565674
70566064
70566180
70566217
70566221
70566374
70566709
70566895
70567076
70567205
70567912
70568055
70568155
70568581
70568611
70568723
70568930
70569050
70569361
70569814
70570522
70570566
70570571
70570595
70570600
70570606
70570614
70570994
70571010
70571066
70571361
70571403
70571521
70572129
70572147
70573370
70573483
70573951
70574016
70574080
70574089
70574617
70574864
70574939
70575284
70575503
70575537
70575758
70576131
70576783
70576793
70576845
70576901
70576908
70576984
70577019
70577256
70577257
70577474
70577830
70577877
70577978
70578734
70578739
70579718
70579744
70579979
70580678
70580839
70580859
70580862
70580954
70580955
70581736
70581751
70581873
70581900
70581929
70581939
70582369
70582400
70582462
70582923
70583106
70583881
70584071
70584224
70584349
70584427
70584564
70584587
70585120
70585519
70585899
70585917
70585918
70585966
70586003
70586081
70586096
70586139
70586329
70586348
70586453
70586572
70586583
70586723
70587326
70587389
70587906
70588296
70588783
70588840
70589367
70595652
70596543
70596749
70597312
70598243
70598522
70598817
70598826
70598924
70598935
70599221
70599222
70599226
70599887
70599990
70600058
70600092
70600656
70601474
70601672
70602104
70602477
70602584
70602601
70602637
70603060
70603101
70603160
70603275
70603311
70603827
70603860
70603912
70603968
70604011
70604364
70604366
70604917
70604973
70605625
70606337
70606893
70607254
70607305
70607478
70607482
70607526
70607767
70607784
70608264
70608646
70608649
70609113
70609472
70609702
70609741
70610061
70610288
70610342
70610390
70610583
70610817
70610964
70611043
70611049
70611166
70611798
70611918
70612062
70612158
70612390
70612604
70612698
70612713
70612874
70613100
70613182
70613196
70613629
70613757
70613925
70613963
70613972
70614112
70614318
70614854
70615174
70615271
70615368
70615488
70615618
70615646
70615856
70616394
70616452
70616773
70617004
70617255
70617397
70617497
70617698
70618114
70618135
70618193
70618201
70618209
70618251
70618743
70618972
70619099
70619559
70621338
70622282
70623752
70623947
70624633
70624789
70625245
70625282
70625609
70625900
70627711
70632006
70632193
70632441
70633950
70634038
70635212
70638068
70640431
70640931
70642394
70645601
70648336
70649517
70649538
70649737
70649741
70649789
70650127
70650136
70650904
70652407
70652570
70652589
70652709
70652846
70653200
70653247
70653901
70653912
70654305
70654381
70654409
70654606
70654610
70655408
70655501
70655752
70656222
70656496
70657493
70657540
70657658
70657966
70657983
70657987
70658113
70658119
70658206
70658964
70659129
70659365
70659511
70659518
70659653
70660538
70660604
70660682
70660692
70661054
70661339
70661805
70661973
70661990
70662100
70662135
70662573
70662671
70662863
70662900
70662963
70663249
70663864
70663935
70663936
70664164
70664309
70664332
70664385
70664395
70664396
70664404
70664833
70665147
70665380
70665606
70665764
70665962
70666111
70666499
70666581
70666589
70666843
70666920
70667014
70667302
70667998
70668024
70668068
70668187
70668385
70668388
70668962
70669156
70669199
70669394
70669427
70669815
70670047
70670182
70670260
70670284
70670297
70670350
70670581
70670618
70671324
70672492
70672563
70672596
70672973
70673061
70673062
70673212
70673492
70673566
70673725
70673865
70673990
70674221
70675428
70675537
70675539
70675570
70675718
70675785
70675889
70675972
70676164
70676205
70676297
70676369
70676497
70676619
70676842
70676984
70677244
70677257
70677566
70677730
70677885
70678205
70678210
70678212
70678429
70678669
70678741
70678883
70678955
70678962
70679055
70679724
70680061
70680674
70680858
70680937
70680980
70680987
70681200
70681639
70681678
70681843
70681970
70682007
70682019
70682334
70682816
70682934
70683041
70683102
70683120
70683215
70683384
70683641
70683996
70684040
70684198
70684543
70684581
70684720
70684747
70684751
70684848
70685013
70685313
70685489
70686009
70686357
70686440
70686585
70686661
70686679
70686790
70686847
70686927
70687120
70687243
70687505
70687629
70687639
70687655
70687760
70688035
70688355
70688368
70688398
70688416
70688418
70688421
70688572
70688656
70688661
70689536
70689537
70690069
70690492
70690626
70690668
70690768
70691022
70691030
70691100
70691143
70691163
70691180
70691411
70691455
70691952
70692167
70692173
70692175
70692486
70692733
70693000
70693024
70693054
70693326
70693402
70693420
70693623
70693932
70694006
70695748
70697708
70698742
70699211
70699832
70701174
70705236
70706624
70706641
70708758
70710511
70712301
70712434
70713692
70716008
70716175
70716653
70717210
70718448
70718812
70720811
70721645
70721734
70721745
70722150
70722413
70724123
70726528
70727065
70728235
70728347
70737890
70737958
70740719
70740900
70741711
70742262
70742678
70744389
70744675
70744858
70744923
70745139
70745409
70745657
70746047
70746338
70746353
70746462
70746750
70746852
70747286
70747320
70747576
70747652
70747759
70747774
70747829
70747843
70747924
70747965
70748189
70748211
70748315
70748362
70748433
70748831
70748842
70748867
70748885
70749317
70749366
70749420
70749427
70749429
70749441
70749698
70749825
70749885
70749911
70750278
70750312
70750538
70751583
70752440
70752444
70752523
70752629
70752654
70752791
70753034
70753101
70753288
70753597
70753601
70753643
70753661
70753792
70753818
70753870
70754070
70754457
70754702
70754802
70754883
70755039
70755051
70755229
70755258
70755392
70755505
70755629
70755786
70755832
70755882
70755903
70756116
70756163
70756398
70756510
70756580
70756604
70756638
70756841
70757303
70757422
70757532
70757692
70757724
70757879
70758328
70758331
70758332
70758970
70759162
70759437
70759450
70759451
70759553
70759561
70759660
70759680
70759705
70759722
70759726
70760098
70760207
70760287
70760399
70760441
70760476
70760573
70760659
70760750
70761015
70761159
70761163
70761168
70761210
70761378
70761390
70761804
70761917
70761984
70762478
70762569
70762733
70762783
70762886
70762906
70762936
70763180
70763413
70763478
70763767
70763860
70763940
70763952
70763958
70764029
70764088
70764268
70764586
70764690
70764716
70765016
70765057
70765241
70765544
70765569
70765689
70765905
70765968
70766044
70766050
70766090
70766130
70766254
70766346
70766351
70766995
70767063
70767200
70767277
70767473
70767683
70767802
70767848
70768531
70768579
70768724
70768795
70768848
70769089
70769427
70769440
70769814
70769937
70770100
70770330
70770350
70770466
70770559
70770662
70770755
70770886
70770888
70770891
70770931
70770935
70771021
70771057
70771283
70771285
70771287
70771291
70771309
70771485
70771736
70771975
70772134
70772468
70772476
70772870
70772878
70772944
70772957
70772994
70773479
70773597
70773694
70773764
70774124
70774392
70774622
70774648
70775208
70775366
70775372
70775512
70775532
70775552
70775559
70775575
70775581
70775599
70775603
70775683
70775774
70775860
70776721
70776771
70777001
70777036
70777221
70777429
70777513
70777526
70777538
70777552
70777600
70777749
70778495
70778497
70778503
70778504
70778506
70778557
70778849
70778851
70778878
70779550
70779655
70779917
70780018
70780050
70780460
70780550
70780634
70780636
70780638
70780728
70780759
70780846
70780849
70781227
70781270
70781271
70781354
70781380
70781516
70781553
70781710
70781810
70781835
70781853
70781855
70781910
70781976
70781984
70782091
70782092
70782110
70782231
70782244
70782288
70782349
70782414
70782419
70782434
70782488
70782652
70782760
70782854
70782905
70783026
70783051
70783083
70783139
70783240
70783246
70783288
70783380
70783463
70783541
70783549
70783609
70783873
70783883
70783959
70783962
70783965
70783981
70784007
70784009
70784175
70784233
70784250
70784349
70784392
70784457
70784489
70784508
70784609
70784746
70784916
70784924
70785079
70785365
70785562
70785587
70785644
70785745
70785760
70785960
70786101
70786139
70786210
70786302
70786339
70786362
70786532
70786608
70786759
70786780
70786919
70787107
70787117
70787446
70787522
70787523
70787527
70787528
70787543
70787839
70787848
70787884
70788328
70788643
70788849
70788870
70788901
70788920
70789290
70789296
70789298
70789422
70789551
70789586
70789619
70789799
70789823
70789868
70790231
70790356
70790385
70790615
70790631
70790660
70790930
70790954
70791052
70791110
70791193
70791202
70791288
70791626
70792390
70792440
70792495
70792526
70792606
70792617
70792700
70792748
70792866
70792868
70793006
70793007
70793059
70793078
70793379
70793407
70793424
70793497
70793611
70793813
70793843
70794325
70794362
70794498
70794573
70794687
70794836
70794844
70795098
70795117
70795130
70795544
70796055
70796210
70796323
70796327
70796415
70796526
70796799
70796877
70797181
70797276
70797286
70797304
70797355
70797648
70797786
70797883
70798113
70798510
70798564
70798631
70798636
70798898
70799597
70799641
70799645
70799719
70799750
70799912
70800371
70800610
70800742
70801083
70801203
70801284
70801693
70801702
70802014
70802023
70802030
70802444
70802487
70802718
70802722
70802868
70802909
70803013
70803515
70803530
70803546
70803711
70804007
70804424
70804717
70804857
70804868
70804885
70804958
70805029
70805519
70805558
70805693
70805849
70806010
70806024
70806257
70806307
70806332
70806364
70806388
70806659
70806705
70806860
70807029
70807082
70807224
70807408
70807624
70807629
70807806
70807929
70808018
70808064
70808070
70808119
70808138
70808196
70808442
70808711
70808921
70809007
70809256
70809360
70809386
70809425
70809662
70809779
70809981
70810081
70810387
70810400
70810422
70810576
70810981
70811062
70811073
70811091
70811133
70811140
70811328
70811338
70811374
70811470
70811674
70811847
70811851
70811925
70812006
70812007
70812066
70812099
70812106
70812356
70812426
70812491
70812530
70812657
70812687
70812853
70813044
70813446
70813534
70813549
70813566
70813567
70813710
70813804
70814013
70814398
70814735
70814785
70815007
70815027
70815031
70815144
70815505
70815574
70815656
70815685
70815687
70815734
70815760
70815859
70816150
70816694
70817155
70817231
70817954
70818039
70818078
70818574
70818756
70818760
70818850
70818919
70819051
70819325
70819416
70819674
70819997
70820038
70820227
70820657
70820695
70820857
70820932
70821040
70821071
70821834
70821998
70822189
70822339
70822359
70822396
70822424
70822522
70822661
70822887
70823062
70823316
70823670
70823709
70824217
70824222
70824240
70824263
70824355
70824614
70824894
70824919
70824946
70825393
70825509
70825565
70826137
70826558
70827035
70827381
70827382
70827937
70827989
70828448
70828450
70828550
70828585
70828587
70829037
70829985
70830070
70830731
70830792
70831150
70831919
70832164
70832451
70832483
70832840
70832870
70833025
70833143
70833144
70833147
70833174
70833258
70833316
70833492
70833675
70833680
70833800
70833848
70833850
70833875
70834322
70834340
70834348
70834352
70834856
70835155
70835308
70835715
70836128
70836231
70836247
70836277
70836582
70836835
70837139
70837149
70837377
70837531
70837661
70838529
70838803
70839057
70839269
70839448
70839591
70839905
70840305
70840630
70840872
70841096
70841360
70841637
70841669
70841726
70841729
70842020
70842026
70842362
70842418
70843046
70843230
70843247
70843416
70843424
70843495
70843675
70843935
70843968
70844021
70844083
70844353
70844367
70844943
70844969
70845279
70845329
70845353
70845380
70845429
70845461
70845483
70846009
70846066
70846107
70846470
70846481
70846584
70846672
70846976
70847024
70847064
70847352
70847384
70847461
70847770
70847858
70847867
70847892
70848568
70848592
70848724
70848747
70848809
70849079
70849228
70849665
70849667
70849677
70849678
70849684
70849715
70849794
70849837
70849939
70849994
70850329
70850611
70850612
70850625
70851141
70851160
70851164
70851183
70851224
70851371
70851390
70851669
70852719
70852874
70852998
70853066
70853575
70853668
70853883
70853971
70854099
70854748
70854770
70854782
70854808
70854890
70855955
70855971
70855973
70856124
70856427
70856518
70856574
70856614
70856720
70856786
70856824
70856827
70857069
70857477
70858033
70858056
70858089
70858101
70858113
70858269
70858571
70858622
70859123
70859582
70859710
70859897
70860433
70860630
70860928
70860984
70861199
70861225
70861228
70861306
70861686
70861747
70863092
70863335
70863591
70863833
70864082
70864630
70864901
70865006
70865263
70865902
70865927
70866190
70866393
70866472
70866487
70867562
70867578
70867655
70867676
70867686
70867701
70867805
70867807
70867826
70867863
70868354
70868405
70868522
70868674
70868910
70868933
70868949
70869063
70869086
70869236
70869466
70869470
70869760
70869871
70870125
70870433
70870569
70870586
70870726
70871249
70871279
70871368
70871576
70871742
70872125
70872155
70872418
70872461
70872464
70872514
70872530
70872601
70872607
70872609
70872681
70872750
70872775
70872796
70873015
70873085
70873348
70873750
70873762
70874505
70875443
70875500
70875756
70875836
70876530
70876960
70877030
70877073
70877083
70877305
70878075
70878181
70878351
70878632
70878658
70878808
70878925
70878960
70879024
70879040
70879056
70879466
70879502
70879527
70880127
70880299
70880400
70880458
70880461
70880464
70880801
70882620
70882654
70882663
70882676
70882812
70883777
70883783
70884462
70884466
70884468
70884522
70884562
70884782
70885098
70885272
70885649
70885916
70886541
70886867
70886977
70887002
70887386
70887729
70887811
70888389
70888444
70888562
70889845
70890423
70890572
70890601
70890618
70890865
70890914
70891291
70891480
70891507
70891700
70891920
70891930
70892101
70892135
70892314
70892443
70892490
70892506
70892507
70892750
70893287
70893359
70893413
70893728
70893758
70893983
70894345
70894501
70894503
70894643
70895200
70895437
70896045
70896428
70896945
70897157
70897385
70897557
70898562
70899290
70899583
70899902
70900393
70900433
70900520
70900524
70900940
70900942
70901102
70901546
70901815
70901857
70901937
70902065
70902229
70902578
70902588
70902673
70903486
70904427
70904433
70904506
70904511
70904751
70905064
70905121
70905375
70905413
70905660
70906331
70906344
70906431
70906597
70906630
70906801
70906901
70907339
70907568
70907857
70908389
70908701
70909382
70909479
70909893
70909974
70910043
70910231
70910279
70910307
70910314
70910348
70910554
70910601
70910877
70910916
70911349
70912657
70913440
70913524
70913529
70913863
70914383
70914555
70914705
70914731
70914817
70914940
70915112
70915602
70915791
70915927
70915946
70916063
70917118
70917354
70917548
70918131
70919129
70919581
70920196
70920373
70920401
70920929
70920993
70921119
70921258
70921265
70921683
70921978
70922029
70922500
70922808
70923017
70923067
70923407
70923886
70924085
70924118
70924167
70925088
70925184
70925280
70925298
70925769
70926615
70926662
70926715
70926718
70926725
70926734
70926884
70926965
70927126
70927557
70927571
70927647
70927656
70927782
70927887
70928429
70928907
70929341
70929419
70929510
70929524
70929527
70929529
70929532
70930053
70930139
70930178
70930223
70930728
70930744
70930822
70930980
70931149
70931190
70931234
70931336
70931484
70931637
70931744
70931809
70932001
70932010
70932128
70932542
70932610
70932861
70932878
70933121
70933155
70933994
70934006
70934007
70934195
70934632
70934991
70935029
70935153
70936158
70936343
70936861
70936937
70936968
70937161
70937170
70937412
70937441
70937451
70937837
70937898
70938182
70938463
70938503
70939234
70939413
70939933
70940125
70940167
70940299
70940402
70940405
70940617
70941100
70941125
70941603
70941635
70941804
70942478
70942553
70943279
70943323
70943536
70943818
70944252
70944266
70946181
70946186
70946431
70946494
70946574
70946924
70947120
70947665
70947893
70948482
70948700
70951805
70952084
70954451
70954764
70956927
70959675
70962237
70963395
70964250
70966088
70966413
70967322
70969140
70969743
70970355
70971009
70971224
70971309
70971327
70971336
70971794
70972061
70972077
70973053
70973144
70973153
70973167
70973186
70973190
70973738
70973754
70973755
70974099
70974487
70974719
70974830
70974850
70975037
70975139
70975181
70975214
70975593
70975686
70975794
70976501
70976715
70976726
70976761
70976910
70976962
70977401
70977490
70977600
70977619
70977782
70977855
70977905
70977920
70978228
70978400
70978703
70979088
70979212
70979223
70979730
70979753
70979857
70979859
70979882
70979909
70980328
70980367
70980417
70980588
70980771
70982295
70982876
70982915
70983500
70983628
70983811
70983818
70984392
70984491
70985343
70986996
70987259
70987771
70987855
70987986
70988745
70988795
70988989
70989399
70989504
70989639
70989856
70990246
70990586
70990635
70990729
70990775
70990976
70991053
70991605
70991827
70991829
70992035
70992794
70993317
70994303
70994844
70995141
70995184
70995352
70995417
70995540
70995603
70995606
70995673
70996062
70996110
70996149
70996183
70996194
70996263
70996264
70996539
70996645
70996898
70997020
70997598
70998036
70998040
70998276
70998358
70998454
70998797
70998801
70999021
70999024
70999040
70999259
70999260
70999281
70999729
70999842
71000602
71000604
71000609
71000760
71000977
71001282
71001900
71002823
71003015
71003020
71003038
71003085
71003112
71003129
71003135
71003137
71003550
71003916
71003918
71004253
71004258
71004671
71004798
71004830
71004992
71005290
71005389
71005515
71006106
71006229
71006330
71006332
71006422
71006642
71006886
71006897
71006931
71007209
71007766
71007951
71008309
71008447
71009921
71010022
71010088
71010148
71010329
71010341
71010383
71010445
71010909
71011172
71011263
71011467
71011529
71011556
71011829
71012007
71012069
71012387
71013212
71013553
71013635
71013756
71013769
71013932
71014087
71014139
71014156
71014603
71014871
71014872
71015638
71015847
71015906
71016142
71016308
71016314
71016430
71016727
71016877
71016918
71016975
71016990
71017066
71017240
71017591
71017724
71017955
71017969
71018324
71018445
71018529
71018628
71018719
71018794
71018833
71018855
71018986
71019126
71019354
71019389
71019699
71019965
71020053
71020222
71020913
71021002
71021081
71021617
71021788
71021840
71021895
71022327
71022403
71022418
71023366
71023691
71023694
71023704
71023719
71023836
71023946
71023981
71024396
71024591
71024609
71024699
71024719
71025050
71025996
71026274
71026570
71026835
71027003
71027300
71027401
71027566
71027960
71028016
71028859
71028892
71028974
71029146
71029384
71029491
71029847
71030057
71030406
71030780
71030982
71031201
71031311
71031575
71031966
71032099
71032243
71032465
71033424
71033684
71033702
71033880
71034160
71034191
71034224
71034225
71034412
71034522
71034721
71034955
71035175
71035239
71035392
71035399
71035412
71035472
71035767
71035870
71035872
71035936
71035937
71035939
71035942
71036371
71036458
71036663
71036895
71036940
71037449
71038035
71039383
71039500
71039535
71039598
71039801
71040068
71040341
71040376
71040465
71040607
71040632
71040660
71040684
71040700
71040815
71041064
71041293
71041345
71041410
71041911
71042207
71042209
71042232
71042305
71042314
71042579
71042709
71042781
71043314
71043413
71043457
71043551
71044198
71044483
71044554
71044822
71044895
71044980
71045130
71045481
71045686
71045721
71046359
71046535
71046839
71047043
71047075
71047315
71047474
71048054
71048070
71048220
71048353
71048792
71048825
71048879
71048995
71049254
71049294
71049338
71049349
71049383
71049414
71049580
71049627
71049757
71050365
71050377
71050407
71050478
71050499
71050518
71050756
71050822
71051683
71051870
71051878
71052752
71053758
71053840
71054061
71054232
71054467
71054486
71054760
71054944
71055449
71055554
71055922
71056122
71056632
71056651
71056673
71056693
71056760
71057299
71057320
71057336
71057453
71057498
71057601
71058113
71058233
71058450
71058692
71058811
71058833
71058856
71059003
71059096
71059147
71059192
71059573
71059577
71059588
71059632
71059643
71059801
71060039
71060203
71060260
71060283
71060452
71060508
71060571
71060660
71060678
71060737
71060747
71061328
71061409
71061416
71061446
71061447
71061570
71061594
71061671
71061961
71062278
71062292
71062562
71062592
71062618
71063171
71063346
71063479
71063632
71063633
71063768
71063896
71063903
71063945
71064225
71064234
71064387
71064420
71064440
71064707
71064718
71064908
71064988
71065140
71065149
71065485
71065519
71065834
71065918
71066183
71066224
71066354
71066430
71066584
71066675
71066970
71067148
71067408
71067872
71068040
71068134
71068319
71068442
71068659
71068697
71068731
71068789
71068962
71069152
71069320
71069457
71069546
71069670
71069748
71070423
71070672
71070785
71070819
71070820
71071085
71071410
71071784
71073076
71073077
71073115
71073117
71073447
71073542
71073888
71073981
71074040
71074041
71074100
71074501
71075194
71075477
71075490
71076184
71076362
71076393
71076419
71076609
71077355
71077373
71077374
71078003
71078022
71078212
71078215
71078278
71078513
71078600
71078711
71078729
71078737
71078773
71078951
71079404
71079737
71080095
71080158
71080188
71080264
71080320
71080375
71080703
71081104
71081115
71081125
71081161
71081163
71081222
71081317
71081373
71081972
71082068
71082213
71082420
71082888
71082896
71082908
71083195
71083300
71083821
71083934
71083998
71084050
71084142
71084272
71084416
71084953
71085114
71085252
71085390
71085576
71085666
71085977
71086053
71086169
71086227
71086620
71086779
71086850
71086885
71087694
71087703
71087810
71088147
71088162
71088337
71088947
71088968
71089068
71089072
71089081
71089094
71089109
71089118
71089121
71089511
71089535
71089593
71089737
71089830
71090113
71090305
71090458
71090625
71090800
71091426
71091912
71092045
71092202
71092877
71092880
71093037
71093415
71093425
71093829
71093911
71093969
71094042
71094355
71094654
71094695
71095198
71095305
71095735
71095861
71096007
71097043
71097389
71097590
71097628
71097689
71097692
71097718
71097826
71098220
71098487
71098490
71098508
71098680
71098962
71099137
71099138
71099144
71099411
71099757
71099877
71099937
71100058
71100121
71100185
71100740
71100763
71100808
71101087
71101146
71101597
71101811
71102058
71102119
71102137
71102371
71102406
71102659
71102680
71103114
71103367
71103560
71103580
71103718
71103762
71103790
71104112
71104126
71104152
71104664
71104747
71104897
71104907
71104920
71105152
71105157
71105161
71105162
71105470
71105482
71105624
71105653
71105671
71105775
71106458
71106519
71106572
71106769
71106867
71106922
71106927
71107479
71107861
71107981
71108223
71108385
71108484
71108608
71109251
71109554
71109639
71109694
71110443
71110453
71110454
71110518
71110569
71111452
71111504
71111792
71111978
71112147
71112313
71112357
71112361
71112581
71112685
71112704
71113133
71113175
71113736
71114003
71114127
71114360
71114458
71114459
71114506
71114811
71114896
71115000
71115079
71115083
71115113
71115236
71115270
71115291
71115357
71115561
71115595
71115704
71117157
71117526
71118263
71118354
71118990
71120050
71120096
71120277
71120560
71120670
71121123
71121190
71121405
71121412
71121847
71122348
71122892
71123084
71123197
71123245
71123321
71123891
71124253
71124530
71124742
71125141
71125189
71125521
71125769
71126482
71126484
71126498
71126778
71126827
71127011
71127160
71127168
71127231
71127487
71127613
71127621
71127694
71127699
71127780
71128069
71128110
71128262
71128325
71128330
71128362
71128363
71128427
71128784
71129048
71129460
71129517
71129558
71129559
71129742
71129751
71129762
71129813
71129898
71130105
71130291
71130667
71130850
71130862
71130873
71131011
71131166
71131459
71131461
71131578
71131634
71131709
71131882
71131894
71132051
71132072
71132097
71132136
71132365
71132546
71132742
71132900
71132921
71132928
71132953
71132957
71132972
71133866
71134145
71134160
71134232
71134800
71134850
71134873
71134876
71135281
71135702
71136131
71136141
71137077
71137238
71137274
71137878
71138018
71138113
71138123
71138716
71138825
71139005
71139185
71139235
71139296
71139304
71139333
71139659
71139684
71139874
71140056
71140170
71140206
71140217
71140296
71140534
71140624
71140788
71140794
71140943
71140971
71141011
71141156
71141444
71141671
71142176
71142213
71142317
71143135
71143203
71144875
71145514
71146777
71148299
71149805
71150080
71150834
71152559
71152732
71152848
71155491
71156931
71159305
71163262
71166792
71168099
71169016
71172978
71173916
71176911
71179068
71179946
71181655
71183044
71188101
71193292
71193340
71193581
71193734
71193847
71193865
71193871
71193879
71193888
71194060
71194153
71194403
71194500
71195238
71195281
71195483
71195656
71195771
71195856
71196405
71196690
71196695
71196739
71197385
71197745
71198727
71198828
71199161
71199441
71199450
71199465
71199541
71199767
71199926
71200075
71200246
71200354
71200544
71200722
71200850
71200858
71201001
71201413
71201447
71201570
71201668
71201729
71202095
71202180
71202243
71202487
71202541
71202599
71202839
71203743
71203951
71204163
71204593
71204688
71204728
71204845
71204860
71205067
71205169
71205723
71205766
71205916
71205986
71206422
71206554
71206626
71206749
71206869
71206874
71207276
71207287
71207400
71207618
71207745
71207791
71207806
71207826
71207835
71207865
71207891
71207986
71207992
71208112
71208275
71208606
71209020
71209118
71209166
71209217
71209298
71209386
71209432
71209439
71209463
71209476
71209490
71209507
71209516
71209672
71209739
71209778
71209787
71209803
71210320
71210350
71210387
71210713
71210766
71210812
71210872
71211019
71211238
71211267
71211407
71211416
71211440
71211597
71211863
71212343
71212391
71212489
71212537
71212587
71212634
71212910
71213068
71213209
71213411
71214344
71214587
71214631
71215068
71215353
71215637
71217133
71217580
71217738
71217789
71217875
71218051
71218166
71218229
71218351
71218480
71218511
71218534
71218567
71218820
71219007
71219366
71219427
71219561
71219714
71220065
71220101
71220166
71220198
71220426
71220848
71221144
71221169
71221505
71221854
71222139
71222159
71222206
71222285
71222303
71222321
71222523
71222820
71223448
71223458
71223472
71223597
71224117
71225847
71226169
71226262
71226400
71227097
71227231
71228378
71229038
71229366
71229391
71229409
71229483
71229719
71230211
71230253
71230317
71230483
71230640
71231086
71231088
71231258
71232123
71232297
71233246
71233332
71233529
71233682
71233877
71233927
71234472
71234510
71234541
71235044
71235118
71235152
71235169
71235343
71235969
71236191
71236208
71236466
71237403
71238544
71239397
71239433
71239748
71240015
71240046
71240063
71240281
71240485
71240636
71240707
71241245
71241291
71241397
71241676
71241739
71241748
71242017
71242132
71243031
71244212
71244344
71244509
71245071
71245076
71245224
71245627
71245724
71245990
71246251
71246279
71246400
71246591
71246961
71247306
71247639
71247749
71248217
71248226
71248520
71248924
71249437
71249544
71249786
71249787
71250148
71250694
71250747
71250959
71251492
71251499
71251630
71251863
71251879
71251976
71252898
71252902
71253165
71253207
71254016
71254271
71254655
71254661
71254713
71254825
71254931
71255130
71255408
71255553
71255655
71255686
71255822
71255872
71255937
71256042
71256050
71256140
71256173
71256201
71256233
71256490
71256530
71257206
71257344
71257704
71257793
71257807
71257909
71258036
71258097
71260070
71260118
71260772
71260986
71261816
71261948
71263020
71263387
71263889
71264152
71264955
71265327
71265728
71266494
71266539
71266651
71266740
71266764
71266848
71267390
71267405
71267601
71267855
71268036
71268135
71268165
71268722
71268806
71268916
71268917
71269026
71269100
71269117
71269676
71269944
71270190
71270236
71270598
71270614
71270737
71270807
71271752
71272051
71272202
71272607
71273175
71273461
71274214
71274225
71274571
71274987
71275019
71275082
71275148
71275179
71275262
71275426
71275567
71275589
71275776
71275971
71276126
71276441
71276571
71276824
71276825
71276843
71277094
71277340
71277442
71277496
71277609
71277616
71277625
71277959
71278281
71278414
71278627
71278666
71278804
71278807
71278828
71279052
71279273
71279431
71279658
71279729
71279866
71279878
71280386
71280608
71280635
71280645
71280796
71280799
71280838
71281202
71281509
71281714
71281767
71282141
71282286
71282377
71282487
71282603
71282626
71283008
71283316
71283662
71283743
71284258
71284265
71284598
71285408
71285528
71285680
71285748
71285925
71285934
71285949
71286117
71286294
71286393
71286459
71286493
71286981
71287079
71287307
71287597
71287676
71287729
71288167
71288189
71288217
71288319
71288824
71288971
71288994
71289108
71289183
71289225
71289490
71289520
71289572
71289638
71289877
71289905
71290061
71290189
71290239
71290240
71290331
71290379
71290397
71290442
71290594
71290622
71290738
71290755
71290863
71291228
71291771
71291789
71292184
71292279
71293849
71293897
71293999
71294143
71294158
71294248
71294332
71294382
71295150
71295237
71295548
71295897
71296005
71296022
71296342
71296507
71296514
71296793
71296934
71296936
71296961
71297090
71297256
71297389
71297527
71297659
71297904
71298578
71298742
71298928
71299005
71299056
71299613
71299675
71299764
71300666
71300732
71300733
71300758
71300764
71301008
71301123
71301129
71301152
71301243
71302023
71302344
71302455
71302714
71302980
71303040
71303181
71303278
71303384
71303450
71303532
71303670
71303769
71304328
71304644
71304770
71304930
71304967
71305230
71305907
71306170
71306224
71306276
71306579
71306642
71306667
71306669
71306682
71306856
71307504
71307754
71307791
71307954
71308232
71308233
71308327
71309287
71309291
71309426
71309840
71309888
71309986
71310067
71310090
71310157
71310210
71310552
71310639
71310682
71310709
71310710
71310821
71310903
71310909
71310995
71311022
71311248
71311254
71311255
71311257
71311268
71311278
71311282
71311325
71311381
71311395
71311411
71311612
71311636
71312403
71312623
71312834
71312879
71313149
71313296
71313297
71313308
71313325
71313341
71313356
71313633
71314861
71314898
71315175
71315323
71315399
71315442
71315487
71315622
71315741
71315759
71315771
71315796
71315837
71315862
71316102
71316122
71316624
71316633
71316684
71317008
71317099
71317281
71317292
71317677
71317801
71317935
71318091
71318105
71318189
71318237
71318483
71318594
71319610
71319619
71319766
71320403
71320466
71320897
71320985
71320986
71320991
71321041
71321044
71321082
71321262
71321291
71321294
71321306
71321312
71321330
71321337
71321496
71321560
71321659
71321756
71321758
71321907
71322086
71322406
71322876
71322951
71323065
71323119
71323187
71323535
71323736
71323812
71323904
71324984
71325536
71325843
71325845
71325888
71325979
71326073
71326096
71326125
71326132
71326253
71326398
71326593
71326813
71326852
71326929
71326931
71327147
71327797
71327849
71327971
71327991
71328012
71328090
71328247
71328283
71328667
71328970
71329313
71330354
71330407
71330547
71330955
71331054
71331417
71331501
71331531
71331577
71331585
71331644
71331956
71332198
71332600
71332705
71332818
71332838
71332984
71333269
71333274
71333433
71333870
71334206
71334226
71334261
71334506
71334894
71335288
71335397
71336768
71338326
71338391
71338915
71338944
71338949
71339127
71339640
71339998
71340023
71340181
71340195
71340212
71340278
71342078
71342870
71343042
71343055
71343101
71343126
71343408
71343468
71343615
71343763
71343880
71345066
71345115
71345120
71345519
71345527
71345660
71346231
71346448
71346820
71346960
71347045
71347058
71347086
71347237
71347249
71347468
71347807
71347955
71347972
71348078
71348255
71349056
71349218
71349225
71349823
71350166
71350193
71350240
71350434
71350518
71350749
71350897
71351156
71351231
71351503
71351805
71355298
71356651
71357579
71357872
71362338
71365154
71369603
71372022
71372409
71372447
71373118
71373128
71373415
71373424
71373453
71374267
71374311
71374336
71374507
71374520
71375212
71375562
71375891
71375966
71376097
71376111
71376140
71376297
71376336
71376346
71376406
71377753
71378195
71378447
71378541
71378672
71378942
71379307
71379577
71380117
71380231
71380587
71380707
71380893
71381182
71381732
71382004
71382525
71382558
71383086
71383153
71383213
71383272
71383337
71383601
71383674
71383996
71384137
71384209
71384292
71384383
71384560
71384586
71384592
71385220
71385320
71385454
71385550
71385614
71385778
71386229
71386263
71386446
71386545
71386583
71386629
71386652
71387224
71388094
71388264
71388387
71388423
71388707
71388951
71389066
71389174
71389367
71389624
71389641
71389742
71389770
71390409
71390992
71391008
71391332
71391334
71391346
71391358
71391460
71391662
71391769
71392425
71392652
71392762
71392917
71392957
71392967
71392976
71392983
71392987
71393019
71393035
71393261
71394001
71394139
71394186
71394371
71394552
71394643
71394828
71394871
71396186
71396239
71396370
71396660
71396754
71398034
71398054
71398066
71398274
71398340
71398417
71398483
71398700
71399111
71399162
71399232
71399413
71399784
71399815
71399845
71399920
71400087
71400296
71400375
71401230
71401365
71401509
71401940
71401941
71402241
71402516
71402694
71403282
71403799
71403852
71403880
71403895
71403909
71403916
71404293
71404303
71404888
71405183
71405812
71406408
71406916
71407393
71407695
71408260
71409087
71409222
71409235
71409337
71409478
71409528
71409780
71410558
71410753
71410928
71411159
71411821
71411950
71412052
71412057
71412060
71412161
71412257
71412418
71412426
71412499
71412562
71413478
71413488
71414366
71414501
71414600
71414623
71414763
71414984
71414997
71415115
71415172
71415254
71415735
71415752
71415842
71415869
71415913
71416013
71416259
71416318
71416452
71416569
71416590
71416661
71416714
71416781
71416806
71416812
71416843
71416864
71416956
71416990
71417245
71417288
71417350
71417467
71417502
71417784
71418571
71419344
71419501
71419644
71419663
71419679
71419933
71420015
71420017
71420112
71420142
71420507
71420677
71420900
71421018
71421059
71421231
71422736
71422901
71423002
71423048
71423339
71423426
71423935
71424455
71424513
71424577
71425307
71425717
71426130
71426459
71426700
71426861
71426975
71427019
71427119
71428008
71428832
71428895
71429534
71429574
71429886
71429939
71430113
71430123
71430192
71430476
71430657
71430823
71430949
71430950
71431147
71431245
71431401
71431552
71432324
71432466
71432611
71432738
71433120
71433256
71433299
71433358
71433585
71433601
71433746
71433756
71433768
71433862
71434171
71434506
71434592
71434641
71434689
71435191
71435444
71435701
71435994
71436054
71436152
71436795
71437248
71437621
71437767
71437961
71438157
71438175
71438323
71438436
71438551
71438623
71438811
71438878
71438985
71438989
71439279
71439349
71439514
71439893
71440034
71440053
71440423
71440487
71440561
71440631
71440726
71440948
71441152
71441903
71441973
71441976
71442448
71442559
71442564
71442605
71442650
71443175
71443333
71443352
71443365
71443634
71443970
71443981
71444333
71444678
71444770
71444779
71444782
71444788
71444794
71444798
71444812
71444852
71444911
71444998
71445007
71445028
71445054
71445142
71445146
71445163
71445212
71445215
71445290
71445343
71445412
71445504
71445659
71445664
71445959
71446916
71447407
71447970
71447973
71448254
71448657
71448723
71448858
71448886
71449210
71449284
71449874
71450015
71450120
71450149
71450332
71450472
71450502
71450700
71451000
71451085
71451365
71451368
71451404
71452416
71452526
71452616
71452618
71453215
71453230
71453627
71453715
71453956
71453985
71454025
71454068
71454125
71454258
71454619
71456127
71456199
71456207
71456239
71456258
71456393
71456738
71457564
71458181
71458470
71459013
71459319
71459499
71459779
71459909
71459914
71460191
71460315
71460491
71460504
71460687
71462048
71462366
71462369
71464152
71464591
71464933
71465015
71465026
71465107
71465169
71465172
71465246
71465256
71465445
71465643
71466250
71466325
71466537
71467013
71467923
71468021
71468468
71468537
71468608
71469232
71469272
71469316
71469367
71469575
71470145
71470170
71470231
71470288
71470306
71470347
71470473
71470538
71470587
71470630
71470803
71470805
71470987
71471021
71471816
71472171
71472209
71472261
71472771
71472885
71473109
71473175
71473193
71473334
71473372
71473593
71473596
71473612
71473802
71473894
71473908
71474085
71474089
71474165
71474189
71474226
71474663
71474760
71474805
71474837
71475139
71475534
71475995
71476020
71476023
71476069
71476118
71476237
71476256
71476266
71476311
71476318
71476400
71476406
71476421
71476458
71476471
71476588
71476782
71477138
71477315
71477380
71477428
71477502
71477757
71478128
71478226
71478362
71478425
71478429
71478776
71478933
71479675
71479895
71480027
71480106
71480111
71480503
71480540
71480772
71481063
71481069
71481139
71481190
71481280
71481334
71481350
71481387
71481974
71481992
71482258
71482315
71482448
71482473
71482475
71482876
71483241
71483280
71483760
71483847
71484491
71484935
71484957
71485245
71485364
71485645
71485835
71485893
71486040
71486051
71486094
71486183
71486211
71487165
71487414
71487441
71487976
71488048
71488056
71488057
71488091
71488096
71488118
71488304
71488316
71488398
71488641
71488839
71489018
71489159
71489178
71490471
71490653
71491004
71491248
71492168
71492178
71492278
71493238
71493239
71493250
71493366
71493373
71493415
71493459
71493484
71493577
71493685
71493756
71493777
71493790
71493830
71493833
71494304
71494400
71494805
71494919
71495350
71495369
71495400
71495412
71495463
71495489
71495493
71495505
71495524
71495578
71495645
71495718
71496014
71496355
71496395
71496399
71496477
71496645
71496678
71496679
71496847
71497190
71497198
71497227
71497423
71497582
71497617
71498709
71498776
71499104
71499139
71499159
71499187
71499564
71499887
71499901
71500750
71500808
71500815
71501383
71501559
71502091
71502175
71502562
71502566
71502728
71503020
71503875
71503941
71503991
71504026
71504113
71504449
71504462
71504660
71505092
71505208
71505236
71505401
71505443
71505460
71505513
71505741
71506063
71506204
71506561
71506591
71506593
71506665
71506799
71506922
71507121
71507152
71507201
71507451
71507480
71507597
71507625
71507833
71507844
71507932
71507947
71508022
71508132
71508268
71508392
71508427
71508718
71509086
71509146
71509155
71509615
71509722
71509993
71510012
71510099
71510144
71510204
71510337
71510624
71510807
71510844
71511047
71511055
71511136
71511222
71511260
71511272
71511276
71511318
71511553
71511643
71511668
71511943
71512058
71512079
71512094
71512114
71512115
71512141
71512825
71512860
71512885
71513048
71513193
71513593
71513955
71514129
71514297
71514358
71514411
71514412
71514414
71514441
71514731
71514889
71515200
71515303
71515322
71515356
71515487
71515500
71515505
71515621
71515636
71515899
71516171
71516221
71516263
71516296
71516567
71516593
71516605
71516651
71516808
71516994
71517564
71517572
71517700
71517808
71517816
71517944
71517949
71518008
71518123
71518445
71518522
71518633
71518687
71518722
71518899
71519276
71519354
71519670
71519679
71519741
71519746
71519784
71519813
71519829
71520068
71520106
71520700
71520719
71520918
71520949
71520965
71520977
71520979
71520991
71521041
71521096
71521648
71522003
71522071
71522434
71522479
71522554
71522729
71522847
71523144
71523618
71523625
71523767
71523881
71523932
71523957
71524030
71524044
71524083
71524126
71524229
71524634
71524758
71524763
71524786
71524796
71525146
71525154
71525174
71525208
71525212
71525244
71525548
71525684
71525709
71525722
71525917
71525984
71526383
71526565
71526785
71526950
71527059
71527445
71527497
71527682
71527689
71527740
71528030
71528031
71528057
71528096
71528103
71528110
71528221
71528930
71529110
71529143
71529492
71529498
71529847
71530017
71530025
71530216
71530350
71530520
71530604
71530606
71531002
71531405
71531520
71531763
71531827
71531854
71531858
71531940
71531989
71532276
71532384
71532389
71532534
71532552
71532584
71532733
71532824
71533126
71533420
71533490
71533608
71533618
71534200
71534202
71534458
71534606
71534666
71534700
71534756
71534782
71535218
71535463
71536045
71536056
71536106
71536314
71536477
71536535
71536912
71536975
71536995
71536999
71537010
71537187
71537194
71537227
71537266
71537323
71537333
71537366
71537377
71537430
71537681
71537690
71537694
71537701
71537704
71537707
71537708
71537903
71538040
71538275
71538497
71538541
71538643
71538700
71538784
71538837
71538861
71538866
71538920
71539458
71540282
71540291
71540521
71540711
71540719
71540898
71540991
71541545
71542411
71542554
71542660
71542713
71543163
71543220
71543310
71543491
71543523
71543813
71543994
71544235
71544399
71544404
71544408
71544463
71544604
71544912
71545180
71545911
71546417
71546574
71546607
71546628
71546748
71546845
71547110
71547136
71547154
71547196
71547250
71547382
71547776
71547917
71548035
71548162
71548301
71548439
71548464
71548613
71548728
71548768
71548871
71548943
71549020
71549340
71549438
71549459
71549490
71549517
71549616
71549773
71549775
71550010
71550062
71550308
71550399
71550454
71550572
71550665
71550720
71550808
71551303
71551346
71551440
71551749
71551791
71551882
71552017
71552071
71552107
71552133
71552363
71552567
71552798
71552810
71552857
71552976
71553213
71553472
71553704
71553802
71553996
71555496
71555552
71555708
71555817
71555865
71555899
71556058
71556090
71556103
71556515
71556556
71556765
71556815
71556871
71556884
71557177
71557318
71557540
71557627
71557641
71557660
71557913
71558083
71558334
71558342
71558354
71558502
71558551
71558577
71558581
71559375
71559661
71560015
71560191
71560323
71560503
71560942
71561005
71561014
71561099
71561685
71561751
71561881
71562259
71562271
71562432
71562718
71562922
71563340
71563460
71563605
71563963
71564012
71564081
71564174
71564237
71564243
71564356
71564414
71564429
71564433
71564464
71564501
71564655
71564782
71564786
71565319
71565473
71565862
71565906
71566335
71566342
71566525
71567112
71567200
71567573
71567627
71567828
71567855
71567919
71568322
71568360
71568390
71568540
71568700
71568710
71568800
71568829
71569802
71569828
71569836
71569977
71570289
71570644
71570657
71570682
71570690
71570819
71571054
71571102
71571275
71571298
71571369
71571768
71571938
71572039
71572050
71572099
71572202
71572352
71572359
71572392
71572525
71572629
71572669
71572716
71572773
71572828
71573040
71573099
71573100
71573741
71573781
71573785
71574072
71575015
71575102
71575473
71575584
71575612
71575670
71575763
71576087
71576267
71576423
71576579
71576693
71577353
71578108
71578358
71578424
71578557
71578658
71578689
71578829
71578898
71578995
71579109
71579175
71579202
71579241
71579303
71579383
71579397
71579422
71579429
71579461
71579653
71579755
71579912
71580343
71581317
71581442
71581449
71581471
71581495
71581548
71582077
71582275
71582374
71582426
71582448
71582669
71582902
71583026
71583415
71583599
71583678
71583818
71584026
71584037
71584056
71584510
71584700
71584701
71585002
71585042
71585047
71585058
71585140
71585208
71585209
71585782
71585961
71586130
71586237
71586272
71586428
71586469
71586700
71586908
71587276
71587573
71588390
71588402
71588460
71588607
71588644
71588831
71588883
71589001
71589034
71589087
71589244
71589542
71589601
71589728
71589881
71590352
71590386
71590395
71590503
71590817
71591024
71591132
71591183
71591245
71591990
71592013
71592019
71592352
71592353
71592387
71592397
71592441
71592680
71592686
71592692
71593042
71593082
71593177
71593409
71593513
71594008
71594165
71594192
71594200
71594266
71594300
71594471
71594995
71595355
71595415
71595452
71595467
71595759
71596052
71596266
71596555
71596560
71596577
71596752
71596791
71596815
71596896
71597417
71597905
71598308
71598325
71598406
71598445
71598503
71598542
71598546
71598575
71598586
71598628
71598700
71599458
71599570
71599907
71599984
71600064
71600335
71600448
71600681
71600859
71600970
71601116
71601373
71601627
71601787
71601865
71601993
71602143
71602146
71602172
71602245
71602346
71602421
71602700
71602975
71603026
71603175
71603231
71603307
71603319
71603341
71603358
71603971
71604018
71604084
71604436
71604489
71604576
71604608
71604614
71604630
71604664
71604671
71604681
71604687
71604691
71605130
71605157
71605178
71605211
71605215
71605266
71605316
71605524
71605747
71605869
71605904
71605980
71606207
71606414
71606446
71607027
71607059
71607112
71607143
71607200
71607274
71607392
71607518
71607539
71607602
71607963
71608017
71608076
71608108
71608215
71608252
71608396
71608486
71608528
71608620
71608928
71609056
71609103
71609652
71609653
71609668
71609774
71609891
71609938
71609996
71610212
71610321
71610323
71610351
71610363
71610659
71610666
71610722
71610782
71610898
71611058
71611076
71611166
71611304
71611601
71611751
71611815
71611972
71612078
71612090
71612091
71612182
71612215
71612393
71612683
71613144
71613402
71613643
71613682
71614032
71614057
71614095
71614120
71614121
71614126
71614144
71614252
71614326
71614347
71614692
71614714
71614742
71614778
71614836
71615049
71615209
71615211
71615262
71615422
71615434
71615853
71615882
71616129
71616191
71616262
71616323
71616343
71616348
71616368
71617226
71617414
71617684
71617762
71617905
71617978
71618145
71618388
71619053
71619147
71619398
71619541
71619625
71619663
71619744
71619795
71619834
71620388
71620466
71620611
71620707
71620877
71620994
71621010
71621131
71621142
71621144
71621261
71621426
71622313
71622724
71622958
71622983
71623020
71623330
71623440
71623464
71623467
71623513
71623535
71623555
71623688
71623785
71624235
71624359
71624360
71624369
71624844
71624947
71624964
71625018
71625584
71625809
71626182
71626223
71626376
71626596
71626607
71626648
71626673
71626778
71626788
71626796
71626827
71626835
71627010
71627013
71627088
71627441
71627474
71627669
71628045
71628056
71628078
71628123
71628454
71628510
71628755
71628986
71629036
71629544
71630110
71630113
71630115
71630121
71630177
71630243
71630277
71630310
71630396
71630505
71630721
71630770
71630822
71630837
71630852
71630916
71630996
71631002
71631283
71631307
71631321
71631758
71631792
71633330
71633733
71633739
71633868
71634174
71634176
71634207
71634283
71634315
71634341
71634839
71635228
71635466
71635599
71635687
71636281
71636568
71636905
71637040
71637103
71637284
71638590
71638594
71639106
71639231
71639392
71639513
71639686
71639718
71639764
71639967
71640173
71640188
71640233
71640324
71640361
71640612
71640619
71640858
71641005
71641148
71641171
71641296
71641834
71641835
71641926
71641952
71642254
71643138
71643301
71643311
71643717
71643722
71643939
71644002
71644045
71644064
71644187
71644256
71644271
71644373
71644557
71644623
71644644
71644919
71645075
71645317
71645370
71645388
71645655
71645878
71645944
71646796
71646859
71646885
71646962
71647026
71647380
71647404
71647460
71647462
71647478
71647496
71647497
71647675
71647685
71647722
71647920
71647954
71647959
71647964
71647978
71648031
71648040
71648043
71648082
71648122
71648146
71648153
71648239
71648279
71648301
71648383
71648428
71648590
71648737
71648748
71648803
71648955
71649022
71649182
71649287
71649406
71649981
71650082
71650219
71650353
71650405
71650412
71650425
71650763
71650867
71651358
71651359
71651584
71651722
71651909
71652309
71652467
71652476
71652513
71652522
71652543
71653020
71653490
71653672
71653959
71654108
71654169
71654200
71654206
71654401
71654420
71654713
71654718
71654799
71654944
71654947
71655071
71655090
71655175
71655177
71655371
71655372
71655801
71656015
71656870
71656872
71656912
71656983
71657070
71657098
71657289
71657398
71657995
71658132
71658158
71658185
71658539
71658799
71659059
71659178
71659455
71659460
71659674
71659813
71659827
71659923
71660008
71660231
71660339
71660395
71660486
71660519
71660525
71660537
71661475
71661671
71661806
71662008
71662523
71663933
71663997
71664270
71664526
71664688
71665059
71665215
71665803
71665854
71665868
71666051
71666132
71666172
71666181
71666188
71666262
71666270
71666764
71666999
71667198
71667310
71667708
71667770
71668010
71671050
71674779
71688503
71688851
71688979
71689152
71689187
71689213
71689419
71689529
71689864
71689944
71690006
71690007
71690184
71690494
71690969
71690985
71691146
71691149
71691365
71691384
71691670
71691987
71692017
71692019
71692198
71692209
71692223
71692263
71692273
71692435
71692482
71692508
71692624
71692833
71692997
71693025
71693176
71693218
71693263
71693380
71693408
71693502
71693722
71694008
71694588
71694603
71694640
71694882
71694909
71694978
71695021
71695276
71695277
71695307
71695353
71695615
71696062
71696253
71696365
71696760
71696912
71697060
71697062
71697196
71697213
71697281
71697503
71697705
71697794
71697945
71698097
71698119
71698169
71698813
71698904
71699366
71699530
71699716
71699754
71699784
71699918
71700009
71700044
71700060
71700213
71700266
71700319
71700347
71700574
71700652
71700914
71701022
71701047
71701083
71701525
71701998
71702300
71702721
71703353
71703503
71703944
71704087
71704127
71704159
71704652
71704669
71705373
71705546
71705798
71706063
71706119
71706524
71706765
71707075
71707124
71707229
71707287
71707456
71707538
71707560
71707685
71708285
71708454
71708505
71708546
71708571
71708611
71708772
71708923
71708974
71709032
71709335
71709364
71709536
71709580
71709873
71710083
71710141
71710432
71710564
71711909
71712023
71712291
71712327
71712347
71712905
71713157
71713233
71713425
71713473
71713513
71713599
71713672
71713679
71713817
71713982
71714020
71714204
71714540
71714638
71714789
71715083
71715616
71715743
71716291
71716632
71716790
71716802
71716841
71717046
71717539
71717866
71717963
71717988
71718014
71718324
71718329
71718376
71718393
71718840
71718941
71719041
71719338
71719415
71719760
71720524
71720760
71720784
71720838
71720892
71721008
71721111
71721235
71721276
71721303
71721311
71721339
71721906
71722709
71722742
71722862
71722970
71723221
71723317
71723356
71723436
71723483
71723579
71723946
71723964
71723971
71723977
71724176
71724295
71724338
71724403
71724674
71724856
71724950
71725007
71725109
71725242
71725340
71725529
71725570
71725636
71725664
71725747
71725748
71725790
71725811
71725886
71726038
71726089
71726391
71726614
71726910
71727459
71727952
71728135
71728208
71728333
71728418
71728426
71728429
71728461
71728661
71728770
71728972
71729026
71729102
71730600
71730794
71730802
71730813
71730852
71730862
71730871
71731088
71731116
71731136
71731152
71731183
71731227
71732603
71732989
71733147
71733453
71733463
71733507
71733514
71733560
71733591
71733964
71733986
71734068
71734136
71734158
71734161
71734617
71734972
71734999
71735088
71735127
71735379
71735708
71735769
71735837
71735958
71736105
71736408
71736805
71737083
71737318
71737453
71737768
71737832
71738367
71738631
71738876
71738901
71738958
71739055
71739124
71739128
71739180
71739269
71739416
71739800
71739878
71739945
71739948
71740058
71740129
71740170
71740218
71740272
71740370
71740901
71740981
71740998
71741634
71741640
71742068
71742378
71742495
71742541
71742557
71742745
71742800
71742809
71742880
71742939
71742942
71742991
71743050
71743129
71743305
71743455
71743539
71743565
71743851
71744199
71744785
71744920
71744940
71745085
71745112
71745296
71745308
71745427
71745627
71745644
71745690
71745700
71745712
71745784
71745850
71746264
71747479
71747988
71748359
71748403
71748563
71748574
71748575
71748725
71748964
71749003
71749068
71749140
71749218
71749260
71749272
71749289
71749685
71749759
71749944
71750255
71750574
71750620
71750950
71750962
71751243
71751279
71751339
71751464
71751488
71751520
71751624
71751630
71751693
71751726
71751759
71751807
71751993
71752037
71752091
71752386
71752460
71752481
71752579
71753942
71753960
71753966
71754077
71754175
71754231
71754349
71754533
71754600
71754674
71754879
71755220
71755247
71755261
71755622
71756200
71757184
71757688
71757760
71757779
71758017
71758327
71758639
71758702
71758724
71758769
71758896
71759034
71759052
71759081
71759107
71759488
71759614
71759654
71759661
71760299
71760718
71760752
71760980
71760984
71761024
71761034
71761058
71761322
71761354
71762304
71762680
71762762
71762897
71764041
71764048
71764167
71764255
71764463
71764557
71764587
71764835
71764894
71764974
71764999
71765142
71765324
71765441
71765448
71766487
71766668
71767180
71767331
71767347
71767588
71767613
71767673
71767741
71767761
71768124
71768356
71768510
71769807
71770357
71770672
71771015
71771244
71771601
71771827
71771870
71771934
71771998
71772003
71772242
71772596
71772747
71772885
71773221
71773485
71773486
71773785
71773817
71774162
71774355
71774587
71774772
71774773
71774839
71775340
71775356
71775372
71775383
71775608
71775863
71776037
71776168
71776273
71776322
71776331
71776584
71776703
71777077
71777372
71777434
71777500
71777529
71777813
71777848
71777992
71778430
71778566
71779431
71779453
71779526
71779592
71779613
71779861
71780152
71780169
71780201
71780328
71780434
71780578
71780884
71781035
71781041
71781044
71781150
71781153
71781222
71781351
71781430
71781548
71781561
71781685
71781693
71782064
71782190
71782329
71782423
71782452
71782720
71782751
71782879
71783324
71783358
71783522
71783572
71783840
71784074
71784156
71784336
71784699
71784891
71785066
71785118
71785355
71785518
71785562
71786020
71786048
71786057
71786070
71786347
71786643
71786909
71786911
71786992
71787161
71787168
71787200
71787224
71787298
71787337
71787454
71788414
71788864
71789392
71790246
71791052
71791057
71791091
71791111
71791126
71791401
71791507
71791618
71791622
71793827
71794016
71794353
71794479
71794497
71794537
71794550
71794849
71794943
71794990
71795112
71795119
71796177
71796289
71796421
71796442
71796464
71796733
71796953
71797013
71797040
71797127
71797147
71797176
71797252
71797606
71797673
71798024
71798040
71798145
71798159
71798190
71798316
71798450
71798611
71798650
71798764
71798770
71798958
71798961
71799467
71799589
71799730
71799854
71800103
71800153
71800235
71800468
71800492
71800550
71800617
71800665
71800679
71800761
71800811
71800949
71801281
71801308
71801381
71801430
71801643
71801684
71801703
71801794
71803075
71803170
71803282
71803286
71803394
71803449
71803452
71803628
71803747
71803938
71803964
71803968
71803987
71804328
71804346
71804726
71804754
71804777
71804895
71805065
71805260
71805263
71805358
71805404
71805498
71805595
71805726
71806063
71806580
71806694
71806713
71806769
71806785
71806800
71806903
71807251
71807436
71808413
71808531
71808595
71808599
71808633
71808801
71808806
71808832
71808950
71809011
71809024
71809040
71809052
71809086
71809092
71809233
71809249
71809346
71809458
71809498
71809508
71809577
71809692
71810114
71810121
71810138
71810440
71810507
71810586
71810644
71810742
71810806
71810835
71810969
71811297
71811300
71811306
71811383
71811519
71811654
71811971
71812166
71812270
71812434
71812448
71812705
71812780
71812788
71812953
71812960
71813000
71813152
71813209
71813359
71813403
71813457
71813898
71814249
71815080
71815371
71815880
71815897
71815907
71815953
71816012
71816039
71816244
71816378
71816404
71816406
71816407
71816411
71816428
71816450
71816484
71816551
71816731
71816764
71817064
71817163
71817182
71817577
71817832
71818099
71818343
71818626
71818649
71818977
71819087
71819484
71819544
71819639
71819640
71820046
71820063
71820074
71820402
71820518
71820686
71820713
71820784
71821309
71821799
71821852
71822283
71822461
71822629
71822655
71822677
71822721
71823140
71823362
71823370
71823373
71823412
71823424
71823552
71823764
71823767
71823769
71823786
71823813
71823923
71823986
71823992
71824122
71824190
71824396
71824639
71824803
71824897
71824971
71825146
71825368
71825944
71826030
71826226
71826776
71826973
71827123
71827186
71827222
71827509
71827606
71828053
71828129
71828305
71828403
71828427
71828477
71828570
71828571
71828685
71828832
71828836
71828876
71828880
71829082
71829212
71829270
71829278
71829358
71829361
71829577
71829993
71830095
71830325
71830370
71830517
71830535
71830543
71830713
71830926
71831056
71831086
71831391
71831488
71831549
71831734
71831762
71831794
71831952
71832334
71832357
71832416
71832564
71832766
71833001
71833003
71833020
71833032
71833149
71833420
71833440
71833501
71833539
71833725
71834445
71835309
71835755
71836200
71836280
71836291
71836371
71836908
71837061
71837178
71837263
71837316
71837377
71837460
71837468
71837484
71837491
71837619
71837794
71839376
71839438
71839584
71839820
71839978
71840018
71840289
71840310
71840316
71840410
71840785
71840799
71841064
71841090
71841096
71841131
71841429
71841446
71841544
71841630
71841742
71842172
71842311
71842472
71842659
71842790
71842807
71842816
71842857
71842858
71842991
71843206
71843574
71843687
71843719
71843816
71844155
71844198
71844206
71844211
71844219
71844297
71844487
71844880
71845081
71845138
71845234
71846116
71846157
71846267
71846353
71846484
71846540
71846556
71846732
71846826
71846827
71846849
71847055
71847074
71847183
71847280
71847295
71847326
71847371
71847393
71847775
71847967
71848041
71848047
71848116
71848776
71848834
71848929
71850993
71851295
71851317
71851358
71852104
71852298
71852518
71852585
71852598
71852629
71852646
71852797
71853245
71853603
71853636
71853706
71853872
71854018
71854111
71854116
71854194
71854514
71854561
71854720
71854903
71855176
71855199
71855319
71855358
71855378
71855448
71855486
71856303
71856558
71856797
71857093
71857153
71857408
71857750
71858109
71858260
71858723
71859101
71859118
71859168
71859169
71859572
71859590
71859816
71859829
71859948
71860169
71860306
71860327
71861107
71861971
71862023
71862140
71862303
71862403
71862426
71862873
71863129
71863245
71863374
71863789
71863822
71863867
71863892
71864045
71864074
71864216
71864323
71864717
71864890
71864913
71864937
71864952
71864978
71865061
71865446
71865528
71865644
71865828
71865846
71865987
71866144
71866145
71866162
71866184
71866304
71866315
71866347
71866401
71866563
71866593
71866930
71867149
71867338
71867452
71867471
71867560
71867616
71867718
71867761
71867769
71867830
71867841
71867848
71867864
71868281
71868523
71868741
71868778
71868813
71868836
71869094
71869138
71869592
71869658
71870150
71870197
71870552
71871073
71871500
71871502
71871809
71871847
71871862
71871916
71871943
71872013
71872138
71872215
71872389
71872401
71872542
71872557
71872826
71872980
71873085
71873214
71873300
71873394
71873470
71873477
71873792
71874113
71874193
71874210
71874343
71874597
71874937
71875003
71875035
71875099
71875320
71875340
71875351
71875988
71876243
71876247
71876428
71876500
71876504
71876624
71876714
71876770
71876775
71876975
71877099
71877175
71877177
71877207
71877253
71877259
71877267
71877300
71877334
71877381
71877418
71877504
71877689
71877842
71877897
71877911
71878027
71878028
71878032
71878047
71878049
71878085
71878189
71878630
71878977
71879102
71879355
71879559
71879801
71880215
71880513
71880667
71880702
71880707
71880893
71880998
71881055
71881152
71881167
71881548
71881777
71881962
71882094
71882103
71882156
71882266
71882293
71882465
71882471
71882950
71882951
71883169
71883244
71883347
71883778
71883781
71883838
71883951
71884367
71884450
71884508
71884673
71884691
71884724
71884746
71884994
71885005
71885062
71885068
71885428
71885528
71885617
71885666
71885925
71885973
71886598
71886767
71887280
71887421
71887475
71887516
71887649
71887652
71887683
71887742
71887867
71887926
71888134
71888180
71888276
71888750
71888974
71889204
71889219
71889222
71889228
71889390
71889391
71889411
71889521
71889531
71889535
71889663
71890074
71890940
71891004
71891559
71891642
71891672
71891893
71892133
71892569
71892624
71892688
71892828
71892922
71893161
71893563
71894794
71894818
71894845
71895089
71895164
71895395
71895737
71895791
71895861
71895944
71896227
71896766
71897390
71897521
71897943
71897959
71898371
71898643
71898924
71899205
71899721
71899725
71899869
71899887
71900121
71900287
71900296
71900481
71900526
71900548
71900648
71900892
71901039
71901237
71901254
71901353
71901395
71901471
71901876
71902079
71902225
71903454
71903522
71903538
71903551
71903643
71903963
71904022
71904082
71904190
71904214
71904261
71904414
71904460
71904469
71904528
71904636
71904640
71904727
71904920
71905108
71905147
71905175
71905460
71905501
71905833
71905853
71905979
71906289
71906601
71906654
71906987
71907301
71907344
71907408
71907487
71907694
71907792
71907841
71907854
71907903
71907990
71908022
71908119
71908128
71908629
71908832
71908833
71908840
71909178
71909234
71909699
71909715
71910049
71910227
71910274
71910546
71910583
71910664
71910716
71910768
71911045
71911116
71911169
71911335
71911432
71911693
71911740
71911760
71911763
71912211
71912260
71912438
71912712
71912771
71912787
71912913
71913305
71913309
71913379
71913405
71913421
71913643
71913873
71913937
71914392
71914775
71914799
71914819
71915029
71915081
71915633
71915886
71916079
71916143
71916166
71916180
71916197
71916257
71916260
71916263
71916301
71916328
71916571
71916708
71916770
71916866
71916902
71917365
71917382
71918218
71918739
71919067
71919098
71919157
71919219
71919267
71919462
71919917
71919932
71919976
71919991
71919992
71920019
71920291
71920477
71920658
71920822
71920918
71921374
71921569
71921929
71922021
71922535
71922695
71922852
71923002
71923122
71923204
71923363
71923380
71923978
71924081
71924256
71924289
71924302
71924625
71924757
71925140
71925266
71925267
71925327
71925436
71925777
71925904
71925985
71926020
71926103
71926317
71926343
71926344
71926373
71926447
71926864
71927194
71927720
71927931
71927991
71928188
71928511
71928745
71928886
71928888
71928891
71929511
71929555
71929713
71929766
71929860
71930194
71930320
71930491
71930578
71930965
71930991
71931038
71931093
71931125
71931131
71931239
71931314
71931454
71931478
71931549
71931752
71931767
71931930
71931938
71932096
71932148
71932202
71932208
71932218
71933293
71933297
71933369
71933457
71933488
71933558
71933650
71933823
71933844
71934057
71934452
71934521
71934530
71934552
71934565
71934567
71934773
71934949
71935029
71935216
71935362
71935528
71935825
71935981
71936014
71936332
71936942
71937157
71937254
71937300
71937335
71937549
71937702
71938101
71938394
71938403
71938487
71938505
71938549
71938668
71938730
71939325
71939375
71939451
71940244
71940715
71940944
71941225
71941260
71941375
71941385
71941469
71941673
71941769
71941780
71941857
71941968
71942082
71942150
71942207
71942264
71943457
71943536
71943602
71943639
71943944
71943980
71943987
71944002
71944095
71944163
71944165
71944188
71944410
71944467
71944697
71944748
71944864
71944963
71945410
71945453
71945545
71945724
71945742
71945763
71945968
71946027
71946062
71946231
71946466
71946674
71947443
71947493
71947534
71947653
71947740
71947762
71947771
71948348
71948354
71948362
71948618
71948763
71948815
71948873
71948967
71949366
71949566
71949572
71949579
71949664
71949685
71949712
71949719
71950050
71951175
71951199
71951712
71951900
71951958
71952504
71952604
71952803
71953054
71953061
71953063
71953313
71953439
71953647
71954668
71954671
71954684
71954739
71954740
71954753
71954933
71954944
71955143
71955439
71955580
71955911
71956745
71956849
71956879
71956994
71957048
71957215
71957732
71957960
71958038
71958049
71958102
71958234
71958310
71958394
71958478
71958488
71958519
71958547
71958574
71958944
71959106
71960376
71960484
71960538
71960801
71960845
71960876
71961043
71961053
71961094
71961380
71961408
71961423
71963181
71963311
71963999
71964434
71964455
71964480
71964775
71964778
71964948
71965049
71965144
71965253
71965383
71965459
71965578
71965735
71965867
71966356
71966362
71966376
71966467
71966513
71966519
71966852
71966919
71967212
71967292
71967532
71967712
71967792
71967979
71968201
71968353
71968367
71968427
71968429
71968498
71968574
71968597
71968687
71968709
71968750
71968758
71968762
71969014
71969057
71969070
71969113
71969119
71969139
71969362
71970082
71970255
71970262
71970348
71970350
71970428
71970537
71970848
71970935
71970963
71970964
71970978
71970984
71971369
71971585
71971586
71971588
71971646
71971681
71971700
71971808
71971838
71971899
71971944
71972141
71972146
71972512
71973237
71973241
71973261
71973382
71973412
71973489
71973592
71974060
71974264
71974406
71974442
71974875
71974911
71974936
71974979
71975008
71975024
71975026
71975030
71975067
71975104
71975126
71975170
71975189
71975213
71975295
71975305
71975757
71975960
71976063
71976098
71976105
71976137
71976155
71976173
71976192
71976222
71976233
71976383
71976393
71976404
71976451
71976454
71977057
71977075
71977450
71977481
71977574
71977751
71977776
71977814
71978171
71978402
71978490
71978586
71978692
71978716
71978821
71978834
71979045
71979060
71979072
71979102
71979186
71979188
71979191
71980242
71980291
71980321
71980351
71980367
71981848
71981949
71982294
71982877
71983072
71983330
71983404
71983489
71983788
71983836
71984024
71984525
71984533
71984540
71985258
71985574
71985696
71985734
71986075
71986108
71986125
71986164
71986197
71986199
71986621
71986750
71987191
71987387
71987532
71987614
71987647
71987835
71987856
71988156
71988178
71988224
71988315
71988392
71988401
71988432
71988510
71988534
71988545
71988570
71988740
71988975
71988977
71989042
71989151
71989152
71989197
71989222
71989475
71989547
71989650
71989726
71989752
71989843
71989981
71990257
71990320
71990380
71990423
71990441
71990482
71990500
71990507
71990509
71990594
71990676
71990695
71990703
71990713
71990823
71990987
71991115
71991148
71991321
71991394
71991476
71991500
71991504
71991574
71991853
71991873
71991928
71991990
71992484
71993119
71993249
71993293
71993326
71993515
71993787
71993806
71994209
71994210
71994295
71994299
71994515
71994600
71994754
71994764
71994768
71994889
71995077
71995309
71995424
71995673
71995864
71995939
71996130
71996191
71996337
71996676
71996868
71997335
71997385
71997393
71997482
71997874
71998342
71998652
71998668
71998686
71998721
71998722
71998732
71998822
71998972
71999179
71999199
71999202
71999234
71999266
71999283
71999295
71999308
71999355
71999501
71999525
71999631
71999672
71999720
71999784
71999825
71999899
71999940
72000251
72000493
72000697
72000856
72000894
72000904
72001210
72001724
72002193
72002421
72002456
72002461
72002482
72002504
72002582
72002701
72002818
72002830
72002881
72002886
72002943
72002950
72003429
72003545
72003589
72003593
72003609
72003627
72004051
72004327
72004329
72004436
72004616
72004673
72004735
72005088
72005292
72005350
72006394
72006561
72006752
72006902
72007166
72007307
72007646
72007712
72007844
72007953
72008027
72008053
72008450
72008461
72008577
72008608
72009169
72009283
72009401
72009600
72009659
72009842
72010223
72010335
72010346
72010501
72010514
72010725
72010925
72010968
72011113
72011193
72011202
72011396
72011459
72011471
72011478
72011593
72011619
72011627
72011669
72011696
72013096
72013115
72013234
72013334
72013338
72013491
72013580
72013649
72014120
72014198
72014314
72014317
72014351
72014503
72014515
72014666
72014721
72014725
72014745
72014746
72014764
72014774
72015075
72015101
72015141
72015164
72015327
72015468
72015472
72015494
72015835
72015922
72015932
72015943
72016083
72016141
72016176
72016860
72017074
72017369
72017775
72017780
72017808
72017826
72017870
72017939
72018247
72018288
72018612
72018677
72018679
72018843
72018882
72018911
72019054
72019071
72019096
72019104
72019317
72019746
72020172
72020680
72020823
72021034
72021145
72021215
72021432
72021556
72021619
72021807
72021983
72022196
72022330
72022450
72022638
72022763
72022773
72023191
72023245
72023259
72023271
72023444
72023537
72023717
72023738
72023938
72023960
72024096
72024185
72024294
72024397
72024703
72025019
72025244
72025297
72025338
72025648
72025804
72026089
72026298
72026627
72026710
72026941
72027026
72027153
72027167
72027176
72027214
72027285
72027361
72027720
72027912
72028527
72029082
72029938
72031494
72031526
72031548
72031920
72032042
72032134
72032203
72032279
72032468
72032673
72033221
72033499
72033563
72033567
72034034
72034039
72034138
72034293
72034365
72034485
72034492
72034758
72034890
72035259
72035599
72036685
72036793
72036911
72037021
72037090
72037095
72037184
72037258
72037639
72037755
72037938
72038126
72038139
72038250
72038253
72038352
72038941
72038959
72039758
72040019
72040803
72040996
72041962
72042287
72042981
72043086
72043290
72043516
72043652
72044070
72044118
72044697
72044723
72044859
72044986
72045362
72045719
72045725
72045756
72045784
72045835
72046048
72046151
72046303
72046334
72046337
72046383
72046385
72046754
72046758
72046852
72047044
72047217
72047265
72047284
72047382
72047518
72047530
72047917
72047943
72047972
72048074
72048494
72048799
72048804
72048829
72048860
72048876
72048959
72049018
72049019
72049030
72049146
72049438
72050553
72051087
72051316
72051318
72051531
72051664
72051665
72066006
72069580
72070325
72071565
72071921
72072172
72072552
72072555
72072907
72072972
72073079
72073104
72073208
72073938
72073964
72074331
72074368
72075161
72075222
72075478
72075494
72075511
72075548
72075567
72075573
72075651
72075669
72075677
72075934
72076107
72076282
72076328
72076334
72076393
72076435
72076566
72076569
72076579
72076651
72076681
72076684
72076719
72076723
72076801
72076974
72076977
72077012
72078250
72078799
72079154
72079287
72079447
72079606
72079726
72079765
72079941
72079953
72080321
72080389
72080737
72080807
72080852
72081190
72081454
72081549
72081730
72081825
72082024
72082040
72082067
72082116
72082236
72082428
72082487
72082850
72082861
72082888
72082903
72082980
72083278
72083453
72083482
72083534
72083661
72083709
72083913
72083929
72083993
72084498
72085234
72085750
72086692
72087015
72087021
72087026
72087069
72087222
72087363
72087594
72087618
72087991
72088029
72088111
72088155
72088180
72088234
72088314
72088331
72088334
72088349
72088363
72088502
72088631
72088739
72088808
72088816
72088947
72088991
72089039
72089358
72089486
72089568
72089967
72090486
72090546
72090556
72090627
72091116
72091129
72091141
72091149
72091165
72091184
72091207
72091228
72091368
72091401
72091459
72091498
72091544
72091572
72091589
72091635
72091708
72091719
72091745
72091752
72091953
72092108
72092249
72092357
72092503
72092513
72092703
72092743
72092918
72093106
72093115
72093164
72093309
72093583
72093602
72093862
72093865
72093886
72094172
72094977
72094986
72095122
72095202
72095225
72095657
72095795
72095810
72096004
72096180
72096203
72096333
72096334
72096400
72096484
72096519
72096563
72096601
72096611
72096617
72096660
72096663
72096666
72096689
72096694
72096835
72096867
72096906
72096917
72096918
72096939
72097118
72097178
72097344
72097509
72097595
72097603
72097792
72097850
72097918
72097950
72097960
72097991
72098029
72098200
72098210
72098278
72098307
72098336
72098340
72098530
72098661
72098719
72098787
72098851
72099096
72099211
72099440
72099452
72099459
72099479
72099480
72099532
72099765
72099866
72099873
72099976
72100031
72100042
72100049
72100090
72100203
72100206
72100213
72100270
72100380
72100518
72100631
72100648
72100725
72101011
72101165
72101228
72101704
72101729
72102095
72102160
72102175
72102185
72102254
72102288
72102596
72102621
72102717
72102823
72103372
72103773
72103969
72104075
72104496
72104571
72104841
72104900
72105061
72105105
72105435
72105676
72105819
72105823
72105891
72105972
72106019
72106030
72106069
72106331
72106354
72106396
72106553
72106622
72106685
72106753
72106765
72106778
72106840
72106860
72106880
72106892
72106948
72106956
72107059
72107285
72107677
72107955
72108572
72108602
72108613
72108693
72108845
72108943
72109128
72109332
72109597
72109632
72109743
72109847
72109848
72109896
72109921
72110035
72110125
72110133
72110308
72110485
72110588
72110864
72111079
72111093
72111771
72111812
72112495
72112501
72112738
72112740
72112764
72112888
72112941
72113267
72113524
72113611
72113738
72113992
72114145
72114328
72114338
72114549
72114602
72114920
72114957
72114963
72115019
72115169
72115186
72115314
72115402
72115972
72116138
72116218
72116551
72116595
72116655
72116783
72116860
72117027
72117080
72117152
72117329
72117476
72117547
72117560
72117684
72117724
72117822
72118032
72118279
72118418
72118483
72118499
72118579
72118623
72118678
72118809
72118818
72118828
72118851
72118928
72119021
72119142
72119205
72119262
72119268
72119289
72119301
72120239
72120256
72120351
72120374
72120452
72120811
72120919
72121069
72121087
72121217
72121338
72121343
72121427
72121539
72121962
72122369
72122498
72122801
72122832
72122877
72122898
72122917
72122928
72122929
72123313
72123359
72123538
72123548
72123559
72123599
72123742
72123814
72123824
72123880
72124338
72124453
72124861
72124961
72125020
72125048
72125084
72125120
72125144
72125160
72125184
72125205
72125333
72125387
72125403
72125405
72125450
72125539
72125610
72125722
72125790
72125793
72125804
72125887
72125968
72126179
72126461
72126472
72128040
72128144
72128158
72128168
72128222
72128943
72129084
72129251
72129342
72129542
72129592
72130063
72130111
72130212
72130312
72130511
72130551
72130752
72130860
72130989
72131272
72131458
72131462
72131482
72131549
72131579
72131580
72131594
72131659
72131885
72132043
72132684
72133320
72133355
72133560
72133638
72133641
72133852
72133887
72133924
72134148
72134157
72134215
72134357
72134649
72134680
72134853
72134917
72135234
72135258
72135693
72135804
72135816
72135874
72135885
72136045
72136175
72136192
72136254
72136255
72136304
72136711
72136717
72136775
72136794
72136881
72137171
72137232
72137290
72137569
72137595
72137639
72138333
72138462
72138557
72138689
72138843
72138852
72139048
72139140
72139348
72139670
72139739
72139780
72139912
72140555
72140616
72140645
72140660
72140664
72140736
72140776
72140788
72141034
72141506
72141670
72142256
72142501
72142638
72142734
72142833
72142886
72142929
72142944
72143115
72143172
72143291
72143366
72143450
72143537
72143626
72143875
72144161
72144399
72144400
72144551
72144557
72144595
72144670
72145019
72145046
72146532
72146681
72146698
72147215
72147384
72147589
72147705
72148067
72148408
72148441
72148520
72148604
72148649
72148915
72149190
72149351
72149526
72149599
72149920
72150293
72150350
72150357
72150381
72150630
72150647
72150661
72150911
72151038
72151094
72151148
72151185
72151206
72151451
72152469
72152592
72153094
72153416
72153608
72153816
72153947
72153950
72154552
72154675
72154697
72154745
72154892
72154901
72154922
72154953
72155005
72155034
72155103
72155144
72155195
72155309
72155372
72155459
72155486
72155733
72156002
72156323
72156752
72156919
72157075
72157152
72157229
72157571
72157968
72158126
72158350
72158526
72158572
72158579
72158611
72158699
72158855
72159451
72159465
72160037
72160078
72160177
72160429
72160537
72160552
72160967
72161048
72161077
72161550
72161683
72161692
72162146
72162427
72162533
72162600
72162655
72162729
72162806
72162954
72163126
72163209
72163299
72163396
72165163
72165187
72165430
72165453
72165620
72165643
72165865
72165869
72165951
72166320
72166325
72166499
72166643
72167172
72167201
72167268
72167432
72167457
72167790
72167889
72167961
72167964
72168056
72169603
72170119
72170187
72170358
72170649
72170684
72170760
72170854
72170865
72171154
72171162
72171188
72171194
72171243
72171264
72171613
72171650
72171718
72171745
72171794
72171824
72171828
72172180
72172194
72172255
72172474
72172562
72172636
72172860
72172889
72173682
72173822
72173880
72173961
72174086
72174424
72174882
72174904
72175054
72175283
72175284
72175368
72176148
72176248
72176411
72176564
72177068
72177204
72177542
72177665
72178020
72178724
72178922
72179626
72180600
72181025
72181045
72181194
72181848
72182523
72183379
72183829
72184460
72186352
72188272
72189071
72189260
72189312
72190257
72190440
72190487
72191586
72192535
72193393
72193664
72193914
72193987
72194054
72194416
72194469
72194486
72194811
72194812
72194998
72195002
72195023
72195097
72195250
72195354
72195403
72195659
72195675
72195684
72195965
72197406
72197410
72197845
72197940
72198108
72198224
72198227
72198256
72198672
72198892
72198981
72199693
72199830
72199900
72200086
72202056
72202151
72202209
72202415
72202515
72202973
72203038
72203114
72203214
72203245
72203404
72204971
72205038
72205263
72205522
72206003
72206334
72206703
72207724
72208868
72209580
72209581
72210374
72210789
72210974
72211460
72211470
72211598
72211899
72212064
72212080
72212292
72212306
72212329
72212774
72212974
72213095
72213319
72213738
72214466
72214485
72214563
72214712
72215678
72215821
72216990
72217443
72217450
72217714
72218632
72218657
72218767
72219076
72219259
72219315
72219600
72220166
72220414
72220509
72221694
72221983
72222526
72223913
72224830
72225214
72225734
72226001
72226022
72226177
72226297
72226372
72226510
72227468
72227488
72227808
72228110
72228632
72228730
72228812
72228910
72229312
72229404
72229747
72230105
72230375
72230404
72230590
72230778
72230935
72230960
72231484
72231714
72232440
72232566
72232844
72232916
72233279
72233295
72233359
72233746
72233819
72233824
72234071
72234122
72234125
72234134
72234754
72234817
72234864
72234867
72234873
72234905
72235103
72235115
72235266
72235278
72235785
72235797
72236019
72236161
72236192
72236203
72236205
72236311
72236437
72236459
72236785
72236878
72236918
72237349
72237452
72237595
72237721
72237735
72237935
72237954
72238015
72238281
72238344
72238554
72238576
72238677
72238889
72239108
72239275
72239517
72239552
72239652
72239671
72239899
72239968
72239988
72240033
72240079
72240198
72240441
72240447
72240496
72240515
72240611
72241140
72241220
72241238
72241538
72241559
72241571
72241573
72241745
72241795
72241797
72241820
72241844
72241852
72241882
72241978
72241999
72242007
72242064
72242320
72242323
72242524
72242890
72243007
72243257
72243273
72243595
72243652
72243667
72243673
72243915
72243983
72244016
72244134
72244198
72244286
72244421
72244622
72244703
72244707
72244740
72244889
72244932
72244953
72245003
72245302
72245413
72245440
72245530
72245648
72245650
72245653
72245725
72245770
72246133
72246138
72246307
72246408
72246497
72246522
72246545
72246653
72246690
72246840
72246901
72247106
72247144
72247171
72247786
72248078
72248180
72248545
72248578
72249082
72249358
72249644
72249763
72249785
72249797
72249875
72249947
72250351
72250710
72250783
72251479
72252019
72252281
72252496
72252523
72252625
72252864
72253074
72253348
72253774
72254084
72254304
72254334
72254505
72254538
72254942
72255163
72255244
72255419
72255577
72255609
72256178
72256180
72256818
72256888
72257291
72257817
72257844
72258850
72258995
72259072
72259108
72259146
72259300
72259424
72259444
72259599
72259664
72259826
72259829
72259838
72259841
72259846
72259853
72260014
72260075
72260145
72261140
72261506
72261684
72261843
72262886
72263293
72264324
72264451
72264487
72264553
72264592
72264593
72264620
72264663
72264678
72264753
72264963
72264970
72265009
72265118
72265148
72265170
72265316
72265423
72265433
72265480
72265489
72265528
72265653
72265665
72265675
72265804
72265855
72265860
72266072
72266109
72266463
72267188
72267360
72267489
72267501
72267506
72267515
72267588
72267736
72268231
72268295
72268315
72268319
72268452
72268454
72268627
72268871
72268920
72268951
72268967
72268980
72268997
72269021
72269028
72269068
72269591
72269652
72269852
72270280
72270312
72270585
72270960
72271805
72271899
72272032
72272066
72272886
72272909
72272979
72272987
72272996
72273463
72273695
72273779
72273913
72273927
72274111
72274642
72274828
72274881
72274982
72275078
72275210
72275455
72275458
72275972
72276218
72276453
72276521
72276549
72277174
72277325
72277445
72277625
72277709
72278014
72278180
72278272
72278471
72278689
72278783
72279061
72279582
72279734
72279813
72279858
72279922
72280245
72280484
72280491
72280519
72280938
72281343
72281679
72281766
72281947
72282004
72282016
72282073
72282151
72282343
72282504
72282741
72282769
72283039
72283395
72283420
72283661
72283815
72283852
72283865
72283926
72284086
72284306
72284308
72285151
72285265
72285390
72285491
72285699
72285713
72285811
72285822
72285862
72285874
72285887
72285888
72285949
72286371
72286448
72286484
72286549
72286551
72286568
72286668
72286682
72286694
72287826
72288013
72288014
72288160
72288169
72288359
72288488
72289226
72289512
72289587
72289624
72289815
72289816
72290129
72290138
72290152
72290316
72290359
72290810
72290827
72290897
72290937
72290955
72291258
72291404
72291453
72291549
72291944
72292133
72292140
72292374
72292470
72292472
72292595
72292596
72292644
72292686
72292700
72292908
72293215
72293230
72293386
72293480
72293495
72293632
72293754
72293884
72294020
72294176
72294187
72294272
72295061
72295224
72295234
72295250
72295703
72295774
72295797
72295870
72295905
72296004
72296143
72296176
72296226
72296230
72296252
72296501
72296505
72297283
72297563
72297719
72297776
72297800
72297909
72297967
72297969
72297974
72298166
72298449
72298551
72298572
72298624
72298890
72299344
72299639
72299848
72299984
72300015
72300399
72300411
72300602
72300612
72300742
72300880
72301024
72301139
72301761
72301959
72301963
72302114
72302117
72303781
72304041
72304050
72304193
72304218
72304486
72304730
72304793
72305683
72305763
72306220
72306416
72306476
72306480
72307041
72307727
72307925
72308259
72308455
72308583
72308732
72308943
72308954
72309024
72309135
72309323
72309465
72309473
72309508
72309549
72309573
72309631
72309901
72310036
72310186
72310275
72311686
72311902
72312120
72312153
72312240
72312320
72312346
72312380
72312620
72312666
72312694
72312782
72313294
72314264
72314290
72314614
72314771
72314789
72314794
72314818
72315265
72315660
72315668
72315951
72316124
72317412
72317469
72318048
72318306
72318373
72318404
72318457
72318481
72318626
72319026
72319218
72319814
72319889
72320037
72320058
72320158
72320292
72320923
72321032
72321220
72321627
72321732
72321735
72321795
72321857
72321861
72321927
72321930
72321954
72322080
72322090
72322119
72322216
72322224
72322226
72322450
72322472
72322475
72322529
72322596
72323607
72323694
72323696
72323713
72323722
72323830
72323868
72323915
72324039
72324270
72324647
72324708
72324944
72324965
72324989
72324996
72325117
72325126
72326071
72326202
72326273
72326823
72326898
72326993
72327177
72327351
72327542
72327545
72327548
72327607
72327685
72327699
72327984
72328020
72329039
72329043
72329372
72329541
72329728
72330537
72338420
72339583
72341586
72345257
72350389
72350511
72350694
72350775
72350866
72351043
72351191
72351316
72351777
72353606
72354322
72354641
72354738
72355536
72355589
72356274
72356310
72356404
72356581
72356582
72356619
72356630
72356655
72356811
72356861
72356931
72357017
72357561
72357752
72357756
72357778
72357918
72358362
72358431
72358513
72358522
72358524
72358528
72358557
72358592
72358612
72358624
72358742
72358925
72359087
72359253
72359618
72360178
72360401
72360631
72360776
72360798
72360998
72361099
72361101
72361102
72362115
72362124
72362474
72362691
72362741
72362788
72363101
72363114
72363166
72363174
72363327
72363346
72364619
72364805
72364840
72365139
72365209
72365227
72365518
72365553
72365612
72365694
72366139
72366226
72366386
72366609
72366612
72366625
72366628
72366674
72366859
72367030
72367231
72367316
72367444
72367632
72367821
72367958
72368016
72368088
72368372
72368518
72368943
72369034
72369100
72369261
72369382
72369388
72369389
72369390
72370719
72370765
72370902
72370915
72370941
72371113
72371167
72371182
72372105
72372267
72372309
72372442
72372508
72373446
72374494
72374946
72374947
72374956
72375248
72375313
72375402
72375410
72375501
72375628
72375708
72375714
72375718
72375746
72375754
72375888
72375928
72376100
72376145
72376981
72377068
72377185
72377266
72377286
72377420
72377540
72377678
72377748
72378252
72378339
72378589
72380000
72380060
72380083
72380159
72380168
72380281
72380417
72381053
72381454
72382394
72382481
72382514
72382554
72382648
72382730
72382766
72382769
72382833
72382957
72383012
72383128
72383145
72383199
72383214
72383222
72383268
72383276
72383304
72383350
72383359
72383504
72383515
72383547
72383576
72383579
72383640
72383665
72384576
72384637
72384766
72384817
72384847
72384866
72385039
72385190
72386359
72386799
72386800
72386831
72386863
72387373
72388150
72388820
72389312
72389379
72389414
72389478
72389486
72389516
72389562
72389565
72389566
72389800
72390020
72390046
72390333
72390340
72390448
72390476
72390630
72390684
72390709
72390792
72390835
72391043
72391113
72391116
72391179
72391497
72392562
72392594
72392599
72392600
72392601
72392613
72393276
72393350
72394032
72394560
72394955
72394981
72395142
72395458
72395583
72395695
72395716
72395790
72395952
72396002
72396171
72396221
72396467
72397790
72399101
72399215
72399385
72400648
72400837
72401210
72401443
72401726
72401839
72401882
72402110
72402368
72402519
72402976
72403082
72403748
72404536
72404621
72404697
72404736
72404902
72404909
72405017
72405139
72405171
72405199
72405596
72407535
72408039
72408199
72408374
72408758
72408991
72409179
72409191
72409344
72409438
72409443
72409508
72409513
72410295
72410851
72411664
72411761
72411776
72411900
72412064
72412324
72412367
72412477
72412494
72412497
72412879
72413066
72413204
72413254
72414059
72414146
72414439
72414446
72414504
72414630
72416304
72416456
72416577
72416780
72417063
72417221
72418201
72418392
72418653
72419626
72420053
72420057
72420118
72420201
72420253
72420368
72420616
72420760
72421648
72421798
72421954
72422002
72422060
72422183
72422225
72422231
72422314
72422607
72422640
72423141
72423302
72424055
72424170
72424705
72424859
72425729
72426255
72426468
72426480
72426747
72426892
72426922
72427265
72427785
72428101
72428128
72428177
72428506
72428649
72429339
72429651
72430304
72430347
72430466
72431517
72431818
72432026
72432110
72432120
72432533
72432538
72434137
72434753
72435453
72435740
72436031
72436121
72436526
72436743
72437445
72437503
72437544
72437919
72438249
72438651
72438684
72438785
72439607
72439637
72440736
72440901
72441309
72441370
72441387
72441392
72441588
72442379
72442477
72442744
72442784
72442848
72442914
72442922
72442937
72443008
72443027
72443166
72443172
72444390
72444408
72444629
72444700
72444822
72444917
72444953
72445138
72445221
72445290
72446797
72446874
72446887
72447595
72447714
72447880
72447937
72448482
72448501
72448566
72448978
72448981
72448986
72449010
72449054
72449179
72449314
72449331
72449343
72449354
72449640
72449661
72449975
72450301
72450559
72450849
72451072
72451119
72451137
72451213
72451433
72452024
72452151
72452783
72453028
72453574
72453660
72454094
72454538
72455087
72455174
72455392
72455450
72455494
72455526
72455543
72455612
72455726
72455921
72456023
72456401
72456580
72456878
72456969
72457176
72457242
72457938
72458008
72458405
72459084
72459768
72460243
72460668
72460673
72461346
72461482
72461552
72461560
72461761
72462048
72462092
72462837
72462999
72463321
72464015
72464533
72464758
72464854
72464876
72464942
72464957
72465098
72465167
72465552
72466730
72467087
72467199
72468274
72468504
72468771
72468832
72469037
72469243
72469267
72469400
72469522
72469571
72469867
72470353
72470459
72470712
72470835
72470836
72470837
72471105
72471193
72471408
72471422
72471521
72471562
72471598
72471729
72473000
72473141
72473166
72474282
72474557
72474970
72475218
72475395
72475487
72475541
72475582
72475588
72475591
72475648
72475732
72476125
72476210
72476250
72476264
72476684
72477845
72477880
72478254
72478341
72478957
72479076
72479181
72479184
72480000
72480303
72480411
72480450
72480551
72481314
72481873
72482148
72482908
72483028
72483275
72485006
72485255
72485407
72485699
72485868
72485923
72486041
72486421
72486431
72486541
72486591
72487180
72487185
72487568
72487699
72487733
72487840
72487923
72488060
72489256
72489308
72489309
72489480
72489556
72489980
72490256
72491523
72492572
72492706
72492708
72492953
72494102
72494149
72494342
72494458
72494496
72494674
72494970
72495510
72495826
72495835
72496377
72496555
72496703
72496715
72496830
72497483
72497568
72497980
72498214
72498393
72498541
72500393
72500734
72501122
72501189
72501293
72501650
72501791
72501849
72501913
72502304
72502415
72502442
72502463
72502508
72502563
72502575
72502698
72502836
72502842
72502904
72503203
72503516
72504439
72504442
72504786
72504837
72504955
72506143
72506284
72506595
72507115
72507217
72507501
72507682
72507699
72507841
72507854
72510191
72510676
72512094
72512118
72512784
72512940
72513198
72513258
72513579
72513585
72514039
72514094
72514303
72514312
72514471
72514534
72515795
72516167
72516508
72516943
72517931
72518062
72518347
72518505
72518658
72518937
72520373
72520522
72520799
72520935
72521035
72521293
72521295
72521941
72522120
72522175
72522469
72522865
72522892
72523053
72523054
72523065
72523291
72523725
72523779
72524636
72525615
72526426
72527197
72527559
72527564
72527609
72527627
72527647
72527705
72528085
72528149
72528173
72528318
72528667
72528853
72529422
72530455
72530635
72531026
72531116
72531229
72531255
72531258
72531333
72531975
72532781
72532788
72533192
72533302
72534792
72536639
72537169
72537182
72537216
72537318
72537430
72537716
72537812
72537840
72538366
72539189
72539300
72539688
72539785
72540223
72540249
72540456
72540457
72540676
72540806
72540854
72540928
72541369
72541721
72542122
72542208
72542470
72542536
72542586
72542752
72542806
72544473
72544725
72544921
72544958
72544979
72545187
72546239
72546424
72546991
72547151
72547506
72547790
72548020
72548614
72548864
72549111
72549853
72550504
72550537
72550707
72550867
72550896
72551077
72551103
72551118
72551125
72551138
72551200
72551218
72551248
72551333
72551362
72551365
72551367
72551467
72551753
72552017
72552865
72552872
72553219
72553756
72553827
72554010
72554028
72554129
72554807
72555045
72555330
72555937
72556245
72556261
72556468
72556487
72556778
72556881
72557002
72557135
72557142
72557153
72557196
72557276
72557292
72557342
72557356
72557576
72557606
72558177
72558357
72558484
72558845
72559059
72559338
72559622
72559719
72559734
72560609
72560646
72560705
72560712
72560784
72560953
72561524
72561572
72561833
72562732
72563274
72563395
72563681
72564815
72565618
72565828
72565893
72565925
72566040
72567583
72567587
72567630
72567663
72567678
72568115
72568224
72568233
72568250
72568256
72568489
72568515
72568738
72568752
72569381
72569531
72569552
72569720
72569880
72569942
72570391
72570493
72570500
72570609
72570732
72570936
72571145
72571210
72571304
72571909
72572106
72572145
72572316
72572330
72572390
72572420
72572430
72572511
72572710
72572917
72573370
72573917
72574179
72574377
72574722
72574879
72574930
72575468
72575685
72576212
72576223
72576320
72576355
72576401
72576659
72576670
72576712
72576761
72576763
72576921
72576971
72577082
72578529
72578751
72578824
72579031
72579122
72579427
72579556
72579601
72579896
72580082
72580336
72580959
72581235
72581328
72581365
72581423
72581500
72581741
72581865
72582129
72582159
72582171
72582204
72582343
72582358
72582379
72582397
72582657
72585430
72588380
72595553
72603333
72603468
72603571
72603607
72603622
72603797
72603954
72604082
72604665
72604772
72604943
72605028
72605138
72605188
72605246
72605578
72606051
72606563
72606963
72607119
72607853
72608229
72608550
72608715
72609238
72609681
72609940
72609982
72610060
72610206
72610211
72610409
72610584
72610618
72611255
72611523
72611546
72611590
72611881
72612005
72612727
72612876
72613489
72614607
72614640
72614836
72614858
72615070
72615150
72615185
72615312
72615322
72615356
72615375
72615390
72615402
72615441
72615448
72615450
72615518
72615567
72615684
72615733
72615745
72615746
72615783
72615916
72615939
72615972
72615979
72616026
72616063
72616150
72616826
72616839
72616910
72617040
72617219
72617522
72617845
72618014
72618373
72618388
72618401
72618485
72618525
72618562
72619226
72619278
72619311
72619317
72619581
72619834
72619852
72620194
72620203
72620287
72620496
72620568
72620601
72620933
72621227
72621324
72621343
72622457
72622663
72622839
72623215
72623218
72623219
72623223
72623235
72623241
72623758
72624589
72624644
72625252
72625258
72625685
72625697
72625859
72625913
72626182
72626321
72626348
72626810
72626879
72626982
72627168
72627173
72627191
72627213
72627269
72627406
72627451
72627645
72627663
72628845
72628955
72628995
72630546
72630598
72630675
72630883
72631000
72631606
72631764
72631773
72631816
72631860
72632093
72632400
72632466
72632742
72632817
72632890
72633532
72633552
72633565
72635637
72635706
72635753
72635760
72635900
72635942
72636119
72636583
72636614
72636845
72636848
72636849
72636920
72637225
72637664
72637715
72637783
72637859
72637973
72638102
72638115
72638418
72638980
72639134
72639992
72640037
72640077
72640377
72640399
72640739
72641021
72641034
72642715
72643078
72643428
72643850
72644181
72644278
72646541
72646977
72647106
72647443
72648461
72648696
72648947
72649346
72650008
72650137
72650269
72650373
72650453
72650547
72651026
72651276
72651515
72651635
72651718
72652555
72652918
72653662
72653753
72653998
72654019
72654038
72654158
72655243
72655254
72655306
72655553
72655908
72655912
72655934
72656186
72656387
72657447
72658036
72658530
72658623
72658639
72659112
72660116
72660293
72660338
72660527
72660721
72660775
72660776
72660781
72660784
72661534
72662287
72662504
72662518
72662739
72662783
72663778
72663884
72664428
72664486
72664724
72664820
72665862
72666004
72666558
72666869
72667381
72668272
72669263
72669395
72669506
72669566
72669645
72669652
72669912
72669919
72669933
72670135
72670174
72670428
72671243
72671787
72671899
72671947
72672038
72672103
72672116
72672139
72674027
72674766
72674868
72674897
72675293
72675375
72675655
72675698
72675785
72675814
72676245
72676872
72678804
72679084
72679135
72679748
72679911
72680683
72681261
72681361
72681526
72681616
72681714
72681725
72682080
72682418
72683837
72683884
72684702
72684738
72684767
72685054
72685900
72686674
72686690
72687005
72687324
72687328
72687332
72687343
72687345
72687855
72688156
72688648
72688664
72688666
72688678
72689983
72689988
72690301
72690351
72690692
72690887
72691885
72692079
72692105
72692889
72693136
72693149
72693326
72693747
72693847
72695122
72695131
72695487
72695562
72696427
72696499
72697047
72697060
72697130
72697467
72697969
72698703
72699929
72700000
72700186
72700329
72700420
72700499
72700536
72701231
72701685
72701736
72701739
72702213
72702527
72703089
72703121
72704440
72704817
72704909
72705188
72705241
72705650
72706906
72707243
72707365
72707393
72708245
72708292
72708299
72708480
72708662
72709827
72709860
72710588
72711039
72711165
72711464
72712877
72712887
72713311
72713712
72713970
72713974
72713994
72714432
72714637
72714680
72714681
72714737
72715253
72716572
72716811
72717270
72717318
72717352
72717611
72717920
72718038
72718499
72718599
72718781
72719606
72719727
72719764
72719799
72720070
72720078
72720142
72720211
72720292
72720835
72720962
72722053
72722862
72723163
72723342
72723490
72723491
72723692
72723756
72723992
72725274
72725420
72726763
72726975
72727160
72727242
72727323
72727540
72727592
72727737
72728230
72728301
72729036
72729905
72729959
72730285
72730317
72731527
72731596
72731691
72731752
72731761
72732298
72732370
72732407
72732489
72732498
72732574
72732967
72733174
72733386
72733458
72733587
72733915
72734164
72734636
72734695
72734716
72734762
72735140
72736110
72736217
72736352
72736418
72736420
72736430
72736558
72737072
72737162
72737261
72737401
72738085
72738621
72739203
72739950
72740400
72740675
72740830
72740863
72741785
72741940
72742030
72742262
72742545
72742719
72742900
72743430
72744757
72744812
72744981
72745346
72745386
72746008
72746144
72746831
72746957
72747203
72747313
72747367
72747712
72747947
72748142
72748240
72749281
72749402
72749815
72749927
72750176
72750195
72751186
72751217
72751759
72751809
72751868
72752417
72752451
72752603
72752674
72752681
72752688
72753045
72753094
72753445
72753500
72753758
72753768
72753807
72754043
72754207
72754258
72754514
72754656
72754811
72755191
72755203
72755242
72755587
72755921
72756354
72756555
72756707
72756736
72756840
72756861
72757047
72758184
72758577
72758758
72759080
72759144
72760171
72760240
72760258
72760562
72760598
72760728
72760987
72761013
72761086
72761326
72761370
72761595
72761695
72761937
72761994
72762120
72763336
72763360
72763455
72763485
72763549
72763689
72763782
72763891
72764082
72764696
72766137
72766683
72767599
72767900
72767986
72768664
72769139
72769290
72769304
72769741
72769947
72769985
72770541
72770653
72770686
72770722
72770750
72770826
72772617
72772784
72773585
72773669
72774044
72774082
72774128
72774944
72775038
72775150
72775212
72775245
72775555
72776273
72776405
72777227
72777661
72777868
72777871
72777916
72777945
72777948
72778012
72778398
72778404
72778452
72779490
72779493
72779710
72779844
72779872
72780411
72780466
72780493
72780537
72780561
72780784
72780856
72780911
72780960
72781549
72781580
72781597
72781750
72781837
72783312
72784023
72784207
72784283
72784885
72784898
72784904
72784968
72785088
72785761
72785768
72785821
72786190
72786484
72787223
72787267
72787512
72787549
72787602
72787663
72787664
72787894
72787990
72788108
72788136
72788473
72788694
72788760
72788983
72789248
72790159
72790202
72790543
72790602
72790832
72791518
72791923
72792860
72792904
72793077
72793089
72793780
72794741
72794940
72794981
72795394
72795546
72796665
72796790
72797024
72797181
72797652
72797694
72797747
72797782
72798165
72798416
72800230
72801293
72801389
72801514
72801795
72802203
72803158
72803509
72803705
72804310
72804869
72805176
72805342
72805567
72805604
72806362
72806475
72806486
72806584
72806648
72807017
72807396
72807463
72807479
72808085
72808119
72808670
72808677
72809188
72809295
72809370
72809794
72809964
72810407
72810440
72810455
72810648
72810654
72810671
72811565
72811603
72811754
72812176
72812275
72812282
72812701
72812926
72813195
72814127
72814301
72814422
72814873
72814996
72815195
72815210
72815380
72815441
72815637
72816229
72816655
72816758
72821230
72829472
72836893
72837155
72837850
72838003
72838198
72838391
72838437
72838933
72839974
72841527
72842006
72842012
72842047
72842057
72842541
72842542
72842690
72842707
72842783
72842985
72843117
72843173
72843203
72843211
72843308
72845083
72845763
72846150
72846866
72847059
72848274
72848311
72849006
72849010
72849077
72850005
72850191
72850309
72850314
72850360
72850586
72850610
72850615
72850683
72851241
72851435
72851516
72851910
72852256
72852586
72852601
72852683
72853471
72853472
72853508
72854547
72855047
72855418
72855735
72856028
72856062
72856098
72856119
72856399
72856626
72856627
72857052
72857591
72857607
72857982
72858129
72858281
72858451
72858452
72858600
72858628
72858659
72858678
72859144
72859383
72859928
72860015
72860917
72860958
72860963
72861029
72861101
72861172
72861338
72861386
72861388
72861515
72861558
72861597
72861774
72861790
72862293
72862636
72862705
72862776
72863395
72863627
72864494
72864585
72864595
72864700
72864757
72864865
72864874
72864931
72864951
72864990
72865057
72865067
72865600
72866237
72866239
72866273
72866477
72866584
72866605
72866699
72866770
72866830
72867498
72867726
72867840
72867865
72868402
72868515
72868551
72869216
72870253
72870418
72870571
72870624
72870646
72870745
72870753
72870784
72870804
72870992
72870995
72871815
72871926
72871945
72872481
72872663
72872833
72872897
72873095
72873112
72873286
72873324
72873426
72874294
72874451
72875177
72876271
72876495
72877536
72878084
72879316
72879376
72879433
72880744
72881041
72881303
72881388
72881910
72882712
72882784
72882786
72882856
72882969
72883169
72883608
72883712
72884267
72884449
72884825
72884837
72885303
72885476
72886515
72886765
72887012
72887098
72887464
72887576
72887643
72887690
72888112
72888433
72888587
72888731
72888904
72888935
72889142
72889303
72890346
72890623
72890653
72890673
72890819
72890902
72891180
72891981
72892086
72892540
72893436
72893695
72893771
72893861
72894359
72894414
72894500
72894621
72894626
72894671
72894721
72894735
72894902
72895388
72896685
72897240
72897655
72897899
72898023
72899249
72899624
72900004
72900074
72900255
72900490
72900802
72900853
72901033
72901848
72901999
72902172
72902926
72903908
72904716
72904843
72905603
72905704
72905862
72905883
72906004
72906584
72906807
72907316
72907678
72908257
72908525
72909142
72909175
72909329
72909354
72909449
72909895
72910261
72910633
72910975
72911374
72911417
72911703
72911785
72912108
72912118
72912148
72912347
72912372
72912424
72912465
72912836
72915278
72915557
72916470
72917324
72917341
72917344
72917425
72918382
72918455
72919104
72919359
72919366
72920542
72920604
72920666
72921778
72922362
72922423
72922612
72923195
72923425
72923901
72924524
72924624
72924796
72925407
72925840
72925915
72926283
72926597
72927040
72927745
72928322
72928743
72928756
72930938
72930957
72931962
72932238
72932363
72932447
72933320
72934587
72934944
72935016
72935111
72935373
72935607
72936095
72936443
72936582
72936661
72936748
72937164
72937259
72937653
72937867
72938226
72938416
72938780
72939353
72939518
72940347
72940433
72940723
72940915
72941231
72941666
72941789
72941880
72942205
72942969
72943361
72943696
72944090
72944300
72944368
72944369
72944652
72944727
72944904
72945181
72945549
72946247
72946412
72946629
72947183
72947335
72947375
72948064
72948425
72949276
72949340
72949688
72949733
72950105
72950632
72950834
72953968
72954311
72954371
72954402
72954834
72954845
72956261
72956504
72956793
72956893
72957022
72957204
72957679
72958201
72958235
72958292
72959608
72959631
72959665
72959716
72959790
72960241
72960415
72960619
72960638
72960710
72960737
72960914
72960922
72960934
72960995
72960996
72961210
72961399
72961680
72961690
72962261
72962290
72962458
72962578
72963054
72963955
72964237
72964246
72964289
72964722
72964795
72964849
72964949
72965081
72965086
72965095
72965409
72966057
72966676
72966802
72966849
72966919
72967363
72967451
72967854
72968046
72968375
72968537
72968707
72968777
72968789
72968857
72969163
72969791
72970001
72970032
72970259
72970499
72970856
72971183
72973015
72973076
72973414
72973434
72974127
72974352
72974427
72974676
72975092
72975134
72975476
72975510
72975572
72976350
72977152
72977264
72977526
72977569
72978000
72978518
72978716
72979089
72979135
72979140
72979304
72979662
72979746
72979871
72980086
72980177
72980270
72980370
72980857
72987327
72988241
72990532
72995080
73000971
73001001
73001244
73001319
73001392
73001477
73001552
73001554
73001610
73002019
73002472
73003249
73004111
73004458
73004530
73004806
73004870
73004890
73005178
73005368
73005414
73005810
73006240
73006618
73006628
73006742
73006820
73006882
73006911
73007967
73008099
73008109
73008116
73008162
73008772
73009200
73009743
73009787
73010020
73010052
73010502
73010964
73011545
73011551
73011588
73011654
73011730
73011877
73011941
73012494
73013507
73013877
73014126
73014306
73014528
73014542
73014575
73014713
73015446
73015752
73015948
73016257
73016273
73016327
73016377
73016455
73016519
73016613
73017811
73018335
73018905
73018959
73019193
73019868
73020260
73020280
73020401
73020627
73021257
73021356
73021551
73021818
73022166
73022292
73022294
73022406
73022686
73022821
73023986
73024452
73024728
73025169
73025316
73025746
73025776
73025816
73026342
73026773
73027439
73027485
73027525
73027641
73027862
73027885
73028063
73028525
73028797
73029525
73029591
73029813
73031465
73031558
73031688
73031756
73031870
73032510
73032578
73032986
73033061
73033107
73033513
73034389
73034553
73034582
73034849
73035640
73035760
73036927
73037119
73037441
73037892
73038149
73038433
73039113
73039590
73039711
73039811
73040159
73040251
73040339
73040504
73040569
73041589
73043157
73043317
73043359
73043859
73044166
73044247
73045093
73045396
73045559
73045811
73046013
73046493
73046902
73047091
73047439
73047498
73048330
73048702
73049049
73049069
73049124
73050854
73051181
73051424
73051450
73051811
73052069
73052358
73053235
73053266
73053547
73053550
73053654
73053656
73053791
73053976
73055036
73055395
73055959
73055983
73056117
73056196
73056421
73056531
73056545
73056565
73056596
73056597
73056602
73056754
73057104
73057238
73057250
73057497
73058064
73058504
73058792
73059018
73059022
73059395
73059467
73059561
73059674
73059754
73059843
73059928
73059946
73059968
73060130
73060559
73061332
73062157
73062213
73063108
73063339
73063557
73064411
73064471
73064525
73064642
73064740
73065257
73066085
73066219
73066244
73066977
73067268
73067317
73067643
73068036
73068218
73068267
73068369
73068990
73069997
73070052
73070357
73070397
73070651
73070661
73070770
73071013
73071224
73071422
73071645
73071688
73071947
73072146
73072244
73072546
73073874
73074500
73074617
73074914
73075108
73075316
73075462
73075622
73076108
73077502
73077697
73077706
73078431
73078648
73078780
73079225
73079279
73079426
73079684
73080128
73080518
73080593
73080873
73081212
73081615
73082403
73082404
73082409
73082605
73083081
73083823
73084120
73084138
73084149
73084224
73084515
73084541
73084965
73085146
73085507
73085845
73085902
73086702
73086719
73086926
73087397
73087721
73088131
73088671
73088800
73088826
73089757
73090055
73090795
73090982
73091085
73091299
73091948
73092508
73092549
73092559
73092680
73093477
73093918
73094223
73094496
73095027
73095397
73095672
73096325
73096475
73096523
73098349
73099110
73099155
73099180
73099199
73099302
73099478
73100113
73100370
73100567
73101009
73101039
73101551
73101572
73101922
73102161
73103101
73103209
73103379
73103997
73104406
73104570
73104690
73105361
73105693
73106225
73108168
73108514
73108789
73108933
73108937
73109118
73109181
73110247
73110467
73110604
73110955
73111529
73111536
73111588
73111885
73112071
73112463
73112570
73113124
73113429
73113445
73113733
73114280
73114285
73114406
73115191
73115462
73115501
73115569
73115950
73116030
73116585
73116589
73116705
73116908
73117498
73117501
73117517
73117553
73117796
73118092
73118156
73118265
73118329
73119014
73119591
73119809
73119816
73119819
73119896
73119947
73119981
73120145
73120158
73120247
73120479
73120511
73121143
73121163
73121318
73121321
73121393
73121520
73121535
73121573
73123139
73123270
73123380
73123611
73124383
73124634
73124808
73125098
73125137
73125209
73125385
73126033
73126121
73126225
73126367
73126629
73126739
73126787
73126978
73127110
73127277
73127528
73127863
73128009
73128531
73128806
73128925
73129010
73129013
73129018
73129079
73129230
73129257
73130036
73130043
73130076
73130166
73130408
73130490
73130839
73130841
73131060
73131887
73132032
73132067
73132247
73132328
73132350
73133076
73133250
73133611
73133762
73134258
73134354
73134462
73134505
73134507
73134739
73134938
73134954
73134958
73135606
73135682
73137100
73137225
73137257
73137258
73137635
73138245
73138698
73138740
73138820
73138862
73139094
73139207
73139208
73139239
73139765
73139958
73140240
73140583
73140670
73140743
73141086
73141263
73141669
73141676
73141950
73141951
73141986
73142126
73142192
73142282
73142297
73142514
73142542
73142817
73143909
73143980
73144139
73144298
73144445
73145072
73145739
73146092
73146157
73146344
73146634
73146737
73147026
73147546
73147753
73147840
73148013
73148276
73149364
73150862
73152291
73154589
73161803
73165927
73171159
73171729
73171798
73173411
73173505
73173560
73173574
73173976
73174038
73174790
73175038
73175040
73175200
73175332
73175575
73175702
73176303
73176320
73176742
73176852
73177512
73177687
73177870
73177925
73178131
73178199
73178710
73178746
73178985
73179199
73179351
73179600
73179692
73180754
73181517
73182222
73182878
73182899
73183540
73183612
73183798
73185052
73185115
73185248
73185505
73185551
73185626
73185846
73186167
73186931
73187244
73187406
73187712
73188704
73189093
73189355
73189543
73190030
73191000
73191027
73191290
73192172
73192185
73192562
73193688
73194054
73194059
73194160
73194235
73194450
73194644
73194865
73195027
73196646
73197297
73197705
73198005
73198508
73199109
73199223
73199736
73199890
73200189
73200263
73201606
73201643
73201685
73201732
73201789
73201813
73201939
73201988
73203409
73203758
73204189
73204316
73204322
73204541
73204551
73204879
73205116
73205128
73205415
73206100
73207631
73208110
73208133
73208278
73208364
73208568
73208607
73208745
73208792
73208915
73209047
73209313
73209445
73209496
73209705
73209710
73209753
73209820
73209943
73210090
73210367
73210644
73210710
73211372
73211533
73211538
73212271
73213179
73213443
73214016
73214020
73214078
73214155
73214523
73214574
73215045
73215162
73215330
73215380
73215567
73215569
73215840
73217018
73217133
73218491
73218553
73218629
73218711
73218764
73218887
73218920
73218954
73218960
73218971
73218978
73219167
73219478
73219482
73219533
73219541
73219606
73220171
73220516
73220664
73221062
73221269
73221626
73221737
73221833
73222068
73223793
73224036
73224079
73224814
73224998
73225082
73225093
73225429
73225667
73225720
73225851
73226118
73226540
73226837
73227461
73227738
73227974
73227986
73228150
73228155
73228410
73228921
73229187
73229270
73229944
73230084
73230104
73230327
73230351
73230360
73230403
73230477
73230503
73230551
73230633
73230649
73230727
73230827
73230878
73230989
73231081
73231260
73231329
73231493
73231586
73232417
73232577
73232828
73233438
73233456
73233587
73233844
73233895
73233910
73234634
73234812
73235647
73236140
73236638
73237198
73237602
73237765
73238167
73238191
73238706
73238981
73239924
73240327
73240459
73240462
73241314
73241351
73241411
73241501
73241553
73241580
73242066
73242703
73242732
73243400
73243815
73244551
73245134
73245359
73245581
73245716
73245853
73246316
73247336
73247521
73248121
73248127
73248365
73248509
73249391
73249602
73249644
73250003
73250034
73250208
73250617
73250645
73250910
73251196
73251548
73251872
73252039
73252136
73252174
73252236
73252250
73252537
73252544
73254582
73254828
73255319
73255448
73255590
73256281
73256596
73256934
73257185
73258032
73258174
73258179
73258333
73258903
73258910
73259242
73259309
73259564
73261140
73261210
73261800
73261872
73262017
73262029
73262667
73262890
73262946
73262985
73263192
73263206
73263577
73263701
73264806
73265058
73265187
73265255
73265496
73266805
73266932
73266935
73266940
73267885
73268716
73268748
73269253
73269346
73269521
73269539
73269713
73269748
73269865
73269913
73269982
73270059
73270508
73270659
73271170
73271182
73271217
73271255
73271296
73271298
73271633
73272083
73272138
73273052
73273123
73273149
73273538
73273595
73273778
73274395
73274423
73274621
73274789
73274864
73274993
73275186
73275276
73275600
73275976
73276019
73276460
73276640
73277044
73277141
73277208
73277224
73277918
73277931
73278261
73278268
73286927
73298571
73299075
73299250
73299258
73299544
73299746
73299791
73300012
73300479
73301047
73301151
73301258
73301361
73301509
73302450
73302487
73302549
73302873
73302934
73303167
73303263
73303938
73304065
73304176
73304293
73304763
73305004
73305270
73306002
73306367
73306385
73306405
73306472
73306800
73306868
73307169
73307173
73307499
73307706
73307868
73308000
73308410
73308543
73308682
73308917
73309005
73309053
73309138
73309299
73309421
73309491
73309592
73309818
73310062
73310090
73310215
73310258
73310314
73310472
73310574
73310650
73310982
73311013
73311187
73311366
73311542
73311551
73311630
73311646
73311881
73311946
73311992
73312149
73312442
73312485
73313127
73313343
73313457
73313591
73315123
73315366
73315721
73315746
73315794
73315817
73315878
73315932
73316455
73316544
73316738
73316740
73317016
73317125
73317216
73317481
73317498
73317687
73317738
73317761
73317950
73318191
73318323
73318355
73318466
73318488
73318913
73318967
73318988
73319026
73319098
73320280
73320803
73321043
73321296
73321424
73321435
73321642
73321739
73322205
73322777
73322871
73323244
73323297
73323323
73323370
73323548
73323571
73323663
73324104
73324214
73324564
73324577
73324763
73325133
73325421
73325690
73325884
73326136
73326205
73326448
73326827
73326923
73327020
73327185
73327953
73328225
73329118
73329199
73329521
73330084
73330265
73330308
73330343
73330403
73330595
73330723
73331410
73331549
73331853
73332282
73332479
73332692
73332788
73332842
73332950
73333475
73333837
73333954
73334119
73335264
73335283
73335290
73335376
73335438
73335548
73335606
73335848
73335887
73336308
73336559
73336677
73336854
73336942
73336943
73337223
73337413
73337522
73337646
73337864
73338013
73338031
73338367
73338432
73338700
73338847
73338981
73339183
73339362
73339380
73339503
73339580
73339615
73339901
73340194
73340908
73341094
73341743
73341762
73342266
73342300
73342312
73342590
73342753
73342797
73342897
73343263
73343889
73344050
73344411
73344553
73344556
73344598
73344659
73344677
73344716
73344771
73344817
73344970
73345049
73345053
73345153
73345259
73345400
73345468
73345506
73345673
73345677
73345848
73345952
73346001
73346015
73346060
73346254
73346331
73346484
73346507
73346576
73346583
73346635
73346742
73347178
73347179
73347181
73347184
73347303
73347444
73347478
73347481
73347552
73347567
73347898
73348063
73348075
73348128
73348132
73348146
73348274
73348546
73348557
73348696
73348705
73348763
73349751
73349851
73349872
73350611
73350901
73351283
73351640
73351724
73352002
73352274
73352293
73352311
73352374
73352677
73352724
73352936
73353292
73353430
73353524
73353545
73353995
73354003
73354153
73354291
73354315
73354692
73354802
73355014
73355120
73355176
73355262
73355860
73355912
73356449
73356621
73357173
73357237
73358281
73358748
73359572
73359635
73360339
73361009
73361317
73361558
73361616
73361878
73361939
73362344
73362653
73362722
73362995
73363474
73364046
73364238
73364365
73364623
73365166
73365207
73365350
73365418
73365712
73365747
73365765
73365816
73365830
73365916
73365958
73365966
73366008
73366185
73366472
73366591
73366816
73366885
73366962
73367125
73367143
73367331
73367577
73367789
73368170
73368385
73369211
73369273
73369326
73369717
73370469
73370569
73370570
73370879
73371129
73371775
73372145
73372169
73372354
73372528
73372657
73372760
73372773
73372799
73372833
73372852
73373466
73373899
73374203
73374437
73374483
73375124
73375144
73375158
73375168
73375328
73375505
73375528
73375535
73375564
73375565
73375755
73375778
73375936
73376341
73376422
73376789
73376793
73376843
73376922
73376933
73377396
73377775
73377900
73377904
73377908
73378461
73378665
73378806
73379185
73379459
73379777
73379990
73380565
73380656
73381402
73381698
73381796
73382246
73383136
73383432
73384055
73384325
73384467
73384819
73384843
73385104
73385109
73385509
73385795
73385841
73385975
73386008
73386049
73386675
73387040
73387050
73387106
73387127
73387140
73387144
73387375
73387633
73387682
73388209
73388251
73388285
73388378
73388395
73388607
73388862
73389619
73389881
73390018
73390193
73390366
73390407
73390639
73390746
73391443
73391675
73391796
73391843
73392378
73392440
73392488
73392515
73392904
73393647
73394789
73407696
73413701
73413887
73413924
73413978
73414001
73414012
73414135
73414317
73414640
73414731
73414855
73414908
73415342
73415448
73416094
73416797
73416879
73416960
73417100
73417171
73417190
73417241
73417501
73418153
73418375
73418429
73418534
73418603
73418625
73418676
73418684
73418698
73419339
73419508
73419700
73419713
73419767
73419962
73420059
73420114
73420123
73420271
73420505
73420552
73420727
73420924
73421255
73421451
73421574
73421654
73421952
73422151
73422684
73423050
73423174
73423219
73423788
73424109
73424182
73424279
73424612
73424670
73424675
73424681
73424843
73424909
73425019
73425078
73425391
73425459
73425549
73425973
73426163
73426552
73426555
73426943
73427205
73427248
73427457
73427569
73427858
73427969
73428154
73428157
73428172
73428186
73428217
73428239
73428455
73428669
73428740
73428791
73429023
73429190
73429191
73429213
73429314
73429341
73429363
73429938
73430044
73430096
73430160
73431037
73431163
73431493
73431507
73431822
73431851
73431855
73431871
73432018
73432025
73432572
73432751
73432801
73433058
73433230
73433232
73433248
73433643
73433872
73433958
73434065
73434104
73434207
73434221
73434228
73434264
73435018
73435178
73435308
73436376
73436536
73436601
73436876
73437370
73437647
73437658
73437726
73437984
73438094
73438240
73438396
73438468
73438871
73438970
73439006
73439027
73439059
73439369
73439387
73439497
73439613
73439944
73440106
73440538
73440657
73440884
73441106
73441215
73441266
73441291
73441337
73441399
73441791
73441802
73441839
73442312
73442790
73443246
73443326
73443437
73443714
73444351
73444361
73444389
73444715
73444822
73444850
73445029
73445442
73445745
73445868
73445944
73446213
73446264
73446384
73446570
73446871
73447063
73447385
73447458
73447921
73448473
73448526
73448601
73448675
73448839
73448937
73449235
73449342
73449578
73450310
73450382
73450758
73450779
73450847
73451269
73451590
73451598
73451707
73451815
73451899
73452652
73452895
73453190
73453607
73453929
73454004
73454170
73454408
73454660
73454733
73454831
73455125
73455421
73455621
73455723
73455927
73456207
73456823
73456974
73457509
73457561
73457676
73457699
73457707
73457767
73457839
73457867
73457972
73457990
73458098
73458139
73458263
73458271
73458458
73458522
73458664
73459019
73459037
73459078
73459087
73459096
73459105
73459479
73459499
73459561
73459572
73459574
73460444
73460541
73460734
73460888
73460954
73460998
73461155
73461276
73461341
73461735
73461971
73462121
73462435
73462493
73462508
73462538
73462678
73462754
73462999
73463217
73463394
73463580
73463796
73464886
73464997
73465145
73465162
73465331
73465483
73465536
73465604
73465630
73465758
73465835
73466057
73466270
73466709
73466838
73467158
73467416
73467807
73467826
73468128
73468183
73468712
73468891
73468912
73468943
73469122
73469144
73469151
73469705
73469797
73470051
73470375
73470627
73470796
73470907
73471033
73471188
73471425
73471505
73471514
73471516
73471548
73471663
73471816
73471860
73472139
73472322
73472608
73472620
73472812
73472842
73472931
73472935
73473350
73473400
73473412
73473423
73473446
73473496
73473803
73474153
73474415
73474616
73474969
73475069
73475230
73475509
73475880
73476416
73476604
73476689
73476990
73477206
73477465
73477498
73477949
73478081
73478261
73478301
73478698
73478718
73478787
73479289
73479314
73479358
73479450
73479452
73479560
73479587
73479807
73480117
73480195
73480363
73480478
73480955
73481172
73481201
73481403
73481502
73481632
73481995
73482046
73482561
73483135
73483147
73483318
73483481
73483521
73483609
73483651
73484100
73484196
73484520
73484537
73484628
73484651
73484689
73484908
73484982
73485021
73485286
73485357
73485420
73485638
73486092
73486185
73486404
73486598
73486801
73486838
73487074
73487303
73487324
73487456
73487532
73487591
73487612
73487841
73488017
73488321
73488353
73488558
73488693
73488700
73489292
73489311
73489539
73489660
73489853
73490014
73490525
73490527
73491486
73491691
73491712
73491783
73492095
73492101
73492279
73492631
73492815
73492818
73492880
73492881
73492977
73493689
73493809
73493822
73494006
73494133
73494375
73494376
73494613
73494774
73494792
73494806
73494901
73494992
73495198
73495372
73495384
73495436
73495687
73495704
73496231
73496257
73496941
73497138
73497509
73498027
73498059
73498062
73498084
73498261
73498778
73498779
73498818
73498915
73499003
73499364
73499404
73499452
73499476
73499616
73499933
73500028
73500080
73500374
73500401
73500505
73500885
73500990
73501134
73501353
73501428
73501562
73502279
73502376
73502410
73502758
73502791
73502799
73502801
73502849
73502864
73503005
73503103
73503523
73503533
73503708
73503712
73503816
73503914
73503922
73503972
73504107
73504342
73504436
73504554
73504818
73505231
73505252
73505498
73506039
73506241
73506254
73506277
73506316
73506519
73506742
73506963
73507162
73507390
73507485
73507491
73507657
73507696
73507790
73507888
73508096
73508578
73509473
73509575
73509710
73509783
73509948
73510544
73511065
73511179
73511753
73511793
73511828
73512153
73512355
73512634
73512917
73513237
73513318
73513376
73513613
73513799
73513875
73513894
73513917
73514005
73514061
73514132
73514243
73514300
73514417
73514627
73514737
73515386
73515506
73515741
73515873
73516165
73516199
73516213
73516255
73516514
73516669
73516933
73517198
73517281
73517304
73517341
73517638
73517789
73518059
73518077
73518152
73518233
73518437
73518763
73519104
73519105
73519123
73519235
73519349
73520029
73520382
73520456
73520600
73520606
73520734
73520748
73520811
73520916
73521582
73521601
73521640
73521787
73521833
73521876
73521877
73522492
73522494
73522495
73522556
73522561
73522616
73522999
73523042
73523276
73523412
73523440
73523610
73523830
73524109
73524426
73524480
73524489
73524523
73524554
73524556
73524558
73524570
73524580
73525347
73525462
73525662
73525780
73525789
73525932
73525957
73525978
73527069
73527221
73527283
73527352
73527495
73527496
73527504
73527620
73527758
73527859
73527895
73527896
73527932
73527946
73528196
73528393
73528434
73529170
73529404
73529537
73529574
73529763
73529813
73530608
73530807
73530947
73530973
73531031
73531077
73531158
73531189
73531545
73531550
73531679
73531701
73531810
73531936
73531977
73532044
73532200
73532255
73532260
73532295
73532365
73532379
73532799
73532968
73533260
73533295
73533318
73533372
73533384
73533422
73533489
73533582
73533642
73534056
73534181
73534328
73534333
73534344
73534386
73534387
73534687
73534818
73535048
73535232
73535638
73535647
73535715
73535945
73536018
73536055
73536124
73536192
73536362
73536459
73536800
73536802
73536831
73536843
73537098
73537205
73537258
73537752
73537876
73537927
73538013
73538524
73538717
73539147
73539349
73539572
73539612
73539821
73540076
73540108
73540601
73540607
73540621
73540625
73540632
73540654
73540667
73540679
73540909
73540963
73540975
73541002
73541007
73541033
73541117
73541239
73541582
73542453
73542618
73543255
73543432
73543575
73543735
73543841
73544074
73544220
73544312
73544338
73544529
73544582
73544788
73544888
73545127
73545251
73545351
73545467
73545834
73545899
73545967
73545976
73546253
73546270
73546274
73546341
73546342
73546399
73546401
73546574
73546600
73546663
73546874
73547108
73547162
73547529
73549970
73567602
73567692
73567731
73567746
73567902
73567932
73567996
73568076
73568177
73568231
73568290
73568400
73569268
73569273
73569290
73569333
73569367
73569518
73569545
73569591
73569913
73570031
73570795
73570864
73570865
73570921
73570987
73570995
73571003
73571018
73571196
73571219
73571446
73571448
73571465
73571482
73571505
73572019
73572040
73572123
73572613
73572633
73572719
73573103
73573394
73573681
73573710
73574266
73574443
73574709
73574996
73575061
73575071
73575456
73576063
73576392
73576560
73576664
73576742
73576830
73576920
73576966
73576969
73576974
73577229
73577449
73577567
73577990
73578071
73578132
73578185
73578255
73578314
73578587
73578629
73578733
73578901
73578984
73579093
73579176
73579185
73579395
73579548
73579590
73579856
73579945
73580076
73580139
73580293
73580462
73580671
73580894
73580986
73581071
73581235
73581688
73581756
73581760
73581789
73581829
73581987
73582129
73582463
73582720
73582834
73582840
73582941
73583088
73583335
73583662
73583747
73584018
73584066
73584122
73584533
73584700
73584714
73584762
73584801
73585154
73585326
73585327
73585332
73585679
73585883
73586193
73586416
73586585
73586663
73586735
73586903
73586928
73587104
73587419
73587425
73587539
73587726
73587960
73588029
73588149
73588345
73588384
73588448
73588475
73588611
73588632
73588640
73589123
73589138
73589238
73589245
73589248
73589378
73589628
73589825
73590029
73590037
73590039
73590293
73590490
73591125
73591164
73591328
73591371
73591407
73591539
73591611
73591619
73591671
73591704
73591786
73592624
73592980
73592984
73593115
73593218
73593565
73593602
73594051
73594224
73594441
73595277
73595313
73595359
73595489
73595537
73595541
73595546
73595645
73595696
73595712
73595823
73595956
73596087
73596499
73596567
73596572
73596601
73597164
73597179
73597253
73597723
73597726
73597930
73598726
73599567
73599614
73599615
73599633
73599791
73599873
73600060
73600166
73600271
73600358
73600405
73600468
73600804
73600939
73601019
73601489
73601525
73601537
73601701
73601719
73601768
73602010
73602444
73602581
73602745
73603049
73603211
73603283
73603408
73603682
73603833
73603841
73603853
73603855
73603905
73604059
73604111
73604282
73604702
73605285
73605337
73605420
73605645
73605669
73605779
73605792
73605966
73605990
73606097
73606151
73606255
73606266
73606298
73606577
73606684
73607154
73607205
73607336
73607350
73607367
73607415
73607725
73607900
73608133
73608328
73608377
73608764
73609186
73609571
73609577
73609873
73610016
73610019
73610327
73610402
73610457
73610842
73610868
73611119
73611297
73611322
73611334
73611552
73611557
73611674
73611737
73611800
73612292
73613011
73613241
73613339
73614105
73614140
73614294
73614477
73614481
73614545
73614570
73614658
73614812
73614821
73614974
73615682
73615794
73615832
73615997
73616031
73616053
73616121
73616135
73616144
73616327
73616514
73616517
73616538
73616560
73616573
73616750
73616840
73616842
73616900
73617007
73617112
73617129
73617783
73617894
73618367
73618562
73618567
73618592
73618687
73618864
73619209
73619212
73619237
73619380
73619404
73619604
73619623
73619930
73620018
73620223
73620274
73620335
73620385
73620390
73620422
73620428
73620745
73620973
73621706
73621741
73621744
73621784
73622036
73622040
73622670
73622673
73622675
73622725
73622832
73622906
73622927
73623048
73623049
73623082
73623096
73623104
73623128
73623435
73623532
73623913
73624543
73624585
73624698
73624741
73624811
73624924
73624925
73624928
73624936
73625056
73625070
73625072
73625073
73625083
73625088
73625173
73625192
73625200
73625222
73625267
73625299
73625314
73625398
73625444
73625515
73626287
73626401
73626405
73626473
73626513
73626853
73626921
73627083
73627246
73627343
73627351
73627447
73627516
73627810
73627954
73628100
73628241
73628265
73628356
73628361
73628457
73628775
73628869
73629089
73629154
73629285
73629329
73629797
73629873
73630307
73630423
73630478
73630594
73630702
73630787
73630790
73630817
73630851
73630853
73630913
73630995
73631000
73631003
73631054
73631505
73631533
73631728
73631750
73632276
73632794
73632796
73632834
73633017
73633023
73633148
73633170
73633228
73633235
73633320
73633339
73633340
73633412
73633523
73633653
73633899
73634420
73635199
73635539
73635800
73635811
73635815
73635821
73635980
73635984
73636112
73636159
73636642
73636673
73636823
73637156
73637246
73637491
73637551
73637687
73637704
73637707
73637711
73637715
73637861
73637866
73637881
73637900
73638077
73638284
73638338
73638686
73638855
73639138
73640019
73640266
73640367
73640623
73640705
73640729
73640949
73640965
73641022
73642227
73642653
73642784
73643026
73643073
73643464
73644288
73644310
73644362
73644366
73644450
73644650
73645045
73645220
73645369
73645446
73645527
73645748
73645762
73646228
73646255
73646667
73647106
73647498
73647843
73648143
73648296
73648455
73648542
73648655
73648707
73648813
73649087
73649091
73649229
73649416
73650303
73650359
73650434
73650720
73650733
73650748
73650881
73650924
73651256
73651414
73651543
73651580
73651810
73651945
73652100
73652274
73652366
73652448
73652459
73652573
73652593
73652848
73652881
73652947
73653025
73653237
73653298
73653417
73653467
73653569
73653589
73653714
73653803
73653841
73653975
73654063
73654201
73654572
73654574
73654620
73654726
73654847
73655225
73655265
73655363
73655403
73655563
73656393
73656506
73656750
73656790
73656855
73656954
73657213
73657296
73657682
73657762
73658213
73658379
73658414
73658502
73658536
73658537
73658627
73658693
73658696
73658807
73658883
73658966
73658967
73659004
73659397
73659441
73659468
73659517
73659538
73659861
73660010
73660083
73660187
73660224
73660242
73660261
73660949
73660953
73661381
73661493
73661645
73661713
73661888
73661946
73662115
73662129
73662448
73662689
73663614
73664054
73664124
73664134
73664184
73664229
73664327
73664738
73664972
73664979
73665010
73665036
73665102
73665131
73665336
73665364
73665372
73665442
73665549
73665686
73665944
73665982
73666070
73666180
73666267
73666292
73666690
73666941
73667334
73667352
73667353
73667607
73667667
73667723
73667743
73667772
73667802
73667826
73667930
73668001
73668035
73668038
73668043
73668220
73668261
73668356
73668398
73668737
73669009
73669194
73669203
73669433
73669497
73669562
73669634
73669862
73669961
73670083
73670113
73670236
73670647
73670808
73670847
73671288
73671931
73672328
73672453
73672799
73672982
73673154
73673249
73673358
73673384
73673410
73673447
73673461
73674113
73674617
73674620
73674800
73674881
73675544
73675559
73675656
73675683
73675688
73675894
73676146
73676197
73676285
73676400
73676431
73676532
73676793
73677095
73677202
73677246
73677654
73677704
73678072
73678819
73679202
73679375
73679612
73679671
73679683
73679803
73680096
73680787
73680942
73681005
73681190
73681425
73681493
73681693
73681836
73682071
73682099
73682708
73683131
73683172
73683267
73683321
73683353
73683356
73683938
73684091
73684246
73684313
73684563
73684931
73685141
73685169
73685648
73685959
73686234
73686358
73686786
73686875
73686904
73687078
73687644
73687947
73688056
73688128
73688254
73688428
73688671
73688750
73688951
73689040
73689070
73689700
73690505
73690681
73690797
73690807
73690935
73691259
73691338
73691489
73691628
73691720
73691767
73691865
73691896
73691940
73692068
73692079
73693148
73693187
73693436
73693443
73693884
73693899
73694459
73694784
73694887
73694897
73695236
73695249
73695351
73695394
73695523
73695546
73695836
73696697
73696788
73696797
73696856
73696862
73696947
73697243
73697535
73698424
73698476
73699605
73699753
73699785
73699975
73700080
73700207
73700406
73700487
73700534
73700699
73700780
73700907
73701115
73701238
73701613
73701845
73701903
73701906
73702156
73702266
73702414
73702593
73702620
73702972
73703109
73703154
73703212
73703961
73704179
73704608
73704822
73704863
73705509
73705773
73705833
73706026
73706038
73706044
73706573
73706755
73706762
73706809
73707200
73707792
73709362
73709490
73709975
73709988
73710433
73710567
73710667
73711254
73711332
73711333
73711439
73711904
73711995
73712247
73712647
73713096
73713132
73713163
73713224
73713248
73713343
73713388
73713494
73713499
73713502
73721417
73735382
73735383
73736249
73736990
73737081
73737315
73737653
73737665
73737735
73738014
73738046
73738157
73738267
73738774
73738780
73739931
73740369
73740919
73740993
73741075
73741124
73741268
73741674
73741843
73741890
73741978
73742120
73743131
73743366
73743499
73743515
73743629
73743949
73744413
73744504
73744617
73744837
73745129
73745587
73745848
73745853
73746145
73746153
73747326
73747349
73747367
73747610
73747974
73747984
73748004
73748080
73748380
73748481
73748736
73748767
73749078
73749718
73750060
73750214
73750219
73750506
73750696
73751436
73751442
73751670
73751704
73751903
73751912
73752201
73752444
73752519
73752551
73752801
73752817
73752949
73752961
73753011
73753132
73753137
73753172
73753183
73753186
73753219
73753232
73753402
73754518
73754722
73754809
73754867
73755069
73755156
73755216
73755572
73756002
73756136
73756160
73756439
73756454
73756711
73756781
73756807
73756816
73756844
73756856
73757115
73757290
73757620
73757660
73757824
73757910
73757920
73757921
73757948
73758043
73758518
73758528
73758533
73758586
73758745
73758950
73759047
73759212
73759466
73759498
73759565
73759612
73759961
73759966
73760014
73760052
73760748
73762166
73762292
73762707
73762995
73763446
73763682
73763734
73763918
73764013
73764150
73764249
73764398
73764453
73764510
73764852
73764907
73765018
73765145
73765442
73765510
73765652
73765724
73765803
73765984
73766065
73766066
73766094
73766290
73767120
73767130
73767197
73767333
73767492
73767534
73767673
73767813
73768435
73768526
73768606
73768755
73768945
73769270
73769699
73769752
73770416
73770427
73770615
73770634
73770663
73770778
73770787
73770827
73771145
73771148
73771164
73771270
73771334
73771408
73771544
73771660
73771764
73771911
73771939
73771954
73771960
73772127
73772128
73772320
73772430
73772475
73772830
73772940
73773120
73773712
73773918
73774037
73774066
73774227
73774358
73774536
73774639
73774904
73775284
73775755
73775973
73776120
73776269
73776292
73776344
73776436
73776939
73777354
73777437
73777451
73777587
73777962
73778117
73778222
73778235
73778324
73778768
73778811
73778883
73779049
73779088
73779205
73779459
73779472
73779631
73780104
73780592
73780944
73781047
73781399
73781503
73781532
73781978
73782036
73782168
73782344
73782461
73782467
73782480
73782617
73782636
73782737
73782745
73782792
73783067
73783160
73783548
73783616
73783685
73783734
73783824
73784275
73784335
73784389
73784412
73784513
73784644
73784859
73784867
73785506
73785585
73785692
73785876
73785882
73785938
73785943
73786212
73786438
73786459
73786493
73786781
73787018
73787152
73787155
73787161
73787168
73787192
73787419
73787617
73788578
73788655
73789002
73789028
73789188
73789400
73789443
73789676
73789737
73790299
73790519
73790575
73791099
73791289
73791313
73791325
73791754
73791804
73791881
73791914
73792288
73792399
73793016
73793357
73793511
73793532
73793559
73793658
73793804
73793961
73793965
73793987
73794181
73794182
73794199
73794420
73794471
73794971
73795836
73795866
73795880
73795989
73795993
73796018
73796117
73796207
73796511
73796522
73797011
73797082
73797166
73797172
73797179
73797240
73797835
73797840
73797959
73798336
73798756
73798757
73798951
73799508
73799523
73799700
73799761
73800290
73800309
73800626
73800636
73800771
73800953
73800982
73800983
73801222
73801350
73801934
73801942
73801944
73802014
73802084
73802155
73802193
73802210
73802364
73802489
73802783
73802800
73803062
73803311
73803566
73803683
73803860
73803972
73804288
73805344
73805390
73805424
73805577
73805978
73806012
73806342
73806432
73806524
73807070
73807221
73807278
73807534
73807781
73807812
73807836
73808491
73808924
73809056
73809543
73810114
73810183
73810266
73810607
73810735
73811024
73811298
73811357
73811361
73811395
73811458
73811537
73811903
73812658
73812866
73813000
73813273
73813882
73813945
73813952
73814295
73814347
73814477
73814482
73814945
73815025
73815055
73815080
73816616
73816635
73816723
73816778
73816834
73816975
73817426
73817435
73817576
73818035
73818545
73818892
73819001
73819129
73819178
73819216
73819546
73819746
73819823
73819847
73820094
73820174
73820247
73820289
73820562
73820705
73821095
73821360
73821367
73821590
73821699
73822569
73822596
73822751
73822905
73822962
73823413
73824158
73824567
73824823
73824827
73825288
73825359
73825421
73825684
73825833
73825834
73826148
73826336
73826430
73826432
73826457
73826658
73827009
73827102
73827478
73827939
73827986
73828451
73828452
73828540
73828551
73828611
73828701
73828931
73829010
73829171
73829254
73829651
73829655
73829854
73829876
73830197
73830273
73830479
73830592
73830825
73830846
73830906
73830915
73830920
73830933
73830935
73831045
73831047
73831103
73831479
73831572
73831625
73831639
73831973
73832017
73832179
73832775
73832822
73832914
73852803
73853123
73853238
73853311
73853370
73853600
73853604
73853660
73853758
73853931
73854030
73854079
73854277
73854461
73854512
73854533
73854779
73854824
73854850
73855167
73855371
73855667
73855746
73855834
73856339
73856381
73856650
73856749
73857250
73857463
73857464
73857512
73857549
73858086
73858663
73858727
73858803
73858845
73859026
73859321
73859409
73859623
73859700
73859845
73859878
73860171
73860542
73861124
73861341
73862034
73862258
73862371
73862767
73863068
73863178
73863210
73863256
73863438
73863956
73864272
73864756
73864989
73865294
73865338
73865419
73865494
73865510
73866234
73866672
73866894
73866921
73866958
73867052
73867136
73867403
73867633
73867738
73867998
73868041
73868305
73868394
73868407
73868675
73869152
73869300
73869529
73869561
73869716
73869814
73870303
73870337
73870369
73870390
73870554
73870791
73871097
73871109
73871216
73871399
73871414
73871674
73871757
73872290
73872479
73872747
73872868
73873366
73873377
73873587
73873690
73874117
73874504
73874761
73874805
73874847
73874973
73875602
73876145
73876560
73877010
73877273
73877286
73877992
73878284
73878494
73878598
73879345
73880680
73880743
73880957
73881107
73881263
73881352
73881415
73881422
73881457
73881602
73881718
73881725
73881997
73882220
73882232
73882266
73882428
73882456
73882479
73882537
73882601
73882607
73882729
73882763
73882765
73883880
73883996
73884018
73884139
73884150
73885067
73885100
73885535
73885542
73886183
73886369
73886561
73886571
73887115
73887300
73887965
73888278
73888375
73888846
73888936
73889118
73889933
73890081
73890105
73890265
73890299
73890514
73890931
73890964
73891221
73891252
73891453
73891594
73891643
73891668
73891675
73891924
73892140
73893063
73893247
73893290
73893296
73893322
73893794
73893840
73894046
73896065
73896142
73896669
73896714
73897220
73897469
73897534
73897606
73897679
73897697
73897820
73897887
73898007
73898839
73898879
73899079
73899141
73900055
73900277
73901356
73901531
73901547
73901680
73901775
73902268
73902304
73902512
73902515
73902663
73902729
73902733
73902777
73903126
73903287
73903486
73903551
73905263
73905289
73905363
73905562
73905569
73905931
73905971
73906090
73906111
73906233
73906246
73906538
73906855
73906965
73906984
73907049
73907700
73907737
73908005
73908149
73908377
73908537
73908598
73908715
73920707
73928996
73929251
73929365
73929586
73929850
73930069
73930113
73930161
73930170
73930306
73930610
73930843
73931182
73931204
73931448
73931458
73931466
73931476
73931477
73931555
73931639
73932294
73932425
73932495
73932577
73932581
73932952
73933066
73933131
73933177
73933342
73933844
73934089
73934117
73934134
73934147
73934159
73934728
73934775
73935270
73935533
73935764
73936380
73936509
73936903
73937578
73938179
73938706
73938854
73938896
73938923
73939315
73939440
73939462
73939482
73939794
73939941
73939971
73940270
73940463
73940904
73941803
73941923
73941929
73942073
73942440
73942443
73942489
73942536
73942630
73942807
73942861
73942902
73943205
73943457
73943858
73943861
73944476
73944642
73944934
73945141
73945144
73945153
73945154
73945901
73946005
73946211
73946916
73946995
73947073
73947075
73947155
73947634
73947806
73947836
73947882
73947967
73948053
73948209
73948505
73948927
73949092
73949095
73949234
73949362
73949363
73949449
73949550
73949575
73949630
73949699
73949877
73949883
73950074
73950142
73950154
73950612
73950801
73950931
73951409
73951602
73951631
73952141
73952341
73952448
73952582
73952650
73952683
73952766
73952844
73952887
73952978
73952985
73953169
73953499
73953609
73953718
73953786
73953919
73954247
73954617
73954645
73954892
73955203
73955547
73955550
73955905
73956072
73956173
73956374
73956389
73956471
73956554
73956716
73956781
73957112
73957141
73957199
73957367
73957654
73957987
73958328
73958353
73959102
73959685
73959729
73959867
73959883
73959991
73960156
73960203
73960565
73960721
73960807
73960819
73960822
73960827
73961257
73961604
73961651
73961696
73961724
73962014
73962624
73962851
73962929
73963169
73963237
73963587
73963867
73964325
73964338
73964443
73964576
73965049
73965214
73965359
73965651
73967193
73967498
73967500
73967501
73967509
73967511
73967632
73967948
73968203
73969330
73969350
73969398
73969400
73970671
73970805
73970808
73970993
73971282
73971917
73971940
73972258
73972321
73972397
73972529
73972581
73972734
73972736
73972852
73972953
73973717
73973719
73973794
73973851
73973852
73973856
73974101
73974331
73974484
73974998
73975001
73975396
73975534
73975726
73975792
73975840
73976174
73976457
73977191
73977928
73978287
73978686
73978780
73978974
73978987
73978989
73979292
73979648
73980104
73980144
73980307
73980503
73980504
73980568
73980752
73980898
73980942
73981038
73981289
73981512
73981771
73981803
73982276
73982281
73982289
73982306
73982314
73982356
73982526
73983061
73983351
73983593
73983742
73983839
73984316
73984820
73984917
73985291
73985642
73985807
73985834
73985853
73985863
73985978
73987040
73987122
73987185
73987322
73987468
73987644
73987679
73987726
73987793
73988088
73988463
73988862
73988863
73988878
73988971
73989017
73989171
73989329
73989357
73989602
73989779
73989834
73989860
73989930
73990061
73990300
73990341
73990570
73990651
73990970
73990972
73991139
73992097
73992187
73992327
73992978
73993046
73993050
73993260
73993263
73994191
73994570
73994646
73994770
73994832
73994863
73995518
73995598
73995753
73995786
73995925
73996428
73996436
73996444
73996537
73996996
73997066
73997068
73997073
73997091
73997096
73997101
73997170
73997218
73997319
73997474
73997476
73997894
73997990
73998416
73998650
73998736
73998770
73998792
73999056
73999378
73999524
73999703
73999824
74005915
74012762
74015553
74020061
74020239
74020298
74020304
74020647
74020776
74021449
74021515
74021666
74021740
74022591
74022829
74022873
74023136
74023358
74023426
74023915
74023953
74024404
74024730
74025603
74025652
74025769
74025774
74027871
74028124
74028192
74028730
74029011
74029032
74029341
74029602
74029797
74030282
74030503
74030504
74030966
74031226
74031234
74031377
74031611
74032006
74032117
74032697
74032714
74032839
74033469
74034086
74034189
74035559
74036252
74036324
74037509
74037543
74037620
74038130
74038218
74038224
74038232
74038349
74038595
74038691
74038700
74039440
74039601
74039717
74039739
74039770
74039930
74040425
74040461
74040513
74040545
74040654
74040656
74041031
74041058
74041187
74041360
74041435
74041848
74042124
74043001
74043232
74043334
74043397
74044006
74044062
74044261
74044324
74044931
74044978
74045666
74045728
74045753
74046171
74046345
74046470
74046585
74046684
74046703
74046822
74047019
74047853
74047972
74048091
74048111
74048118
74048768
74048777
74048987
74049048
74049403
74049740
74050031
74050042
74050434
74050605
74050709
74051667
74051778
74052327
74052330
74052332
74052504
74052646
74053478
74053669
74053995
74054480
74054770
74054929
74055355
74055369
74055401
74055661
74055728
74055981
74055988
74055993
74056143
74056284
74056362
74056539
74056613
74056835
74057350
74057371
74057597
74057820
74058070
74058132
74058138
74058286
74058312
74058844
74059159
74059322
74059500
74059708
74060144
74060174
74060414
74060896
74061139
74061321
74061443
74061469
74061486
74062076
74062322
74062501
74062821
74062843
74063392
74063610
74064485
74064677
74064757
74064832
74064874
74065152
74066050
74066182
74066510
74066821
74067365
74068383
74068511
74068523
74068531
74068727
74068845
74068922
74069463
74069948
74070162
74070463
74070640
74070642
74071104
74071190
74071263
74071321
74071886
74072448
74073253
74073652
74073743
74073785
74074210
74074376
74074995
74075029
74075034
74075352
74075444
74075848
74077193
74077235
74077467
74077758
74077853
74077870
74077889
74078044
74078994
74079146
74079261
74079303
74079385
74079658
74079677
74080435
74080453
74080590
74080689
74080785
74080889
74080924
74081053
74081353
74081586
74081790
74082100
74082281
74082792
74083193
74083199
74083303
74083305
74083481
74083557
74083608
74083658
74083882
74083942
74084005
74084228
74084251
74084321
74084848
74084867
74084882
74084885
74085248
74085257
74085261
74085400
74085483
74085757
74087597
74087661
74088192
74088225
74088383
74088662
74088810
74088886
74088956
74089326
74089435
74089466
74089730
74090093
74090437
74090479
74090627
74090641
74090669
74090813
74091273
74091624
74091744
74091800
74091813
74092063
74092081
74092900
74093625
74093633
74093864
74094171
74094413
74094444
74094474
74094870
74095802
74095833
74095942
74096137
74096758
74096876
74096879
74097031
74097098
74097171
74097448
74097676
74100732
74101797
74101863
74117996
74118174
74118184
74118535
74119193
74119214
74119375
74120122
74120215
74120720
74120901
74121187
74121436
74122017
74122129
74122470
74122733
74122807
74123885
74123887
74123984
74125143
74125150
74125322
74125796
74125845
74125850
74125872
74125971
74126005
74126179
74126512
74126656
74126945
74127224
74127327
74127344
74127543
74127575
74127627
74127813
74127815
74127886
74127962
74128035
74128350
74128773
74128805
74128823
74129537
74129952
74130475
74130638
74130660
74130693
74130708
74130741
74131511
74132046
74132082
74132166
74132280
74132288
74132367
74132492
74132555
74132617
74133060
74133317
74133522
74133813
74134012
74134058
74134334
74134350
74134501
74134724
74134901
74135174
74135413
74135464
74136036
74136051
74136453
74136510
74136744
74137253
74137580
74138220
74138519
74138918
74139353
74139654
74139766
74139858
74139864
74139912
74139917
74140146
74140192
74140220
74140682
74140708
74140779
74140969
74141163
74142163
74142506
74143694
74143770
74143850
74144294
74144388
74144542
74144640
74144786
74144859
74144890
74144983
74145165
74145761
74146281
74146971
74147004
74147665
74147954
74147973
74148268
74148294
74148799
74149333
74149381
74149405
74149482
74150271
74150392
74150442
74150756
74151229
74151235
74151444
74151625
74151629
74151874
74151927
74151973
74152204
74152295
74152748
74152872
74152885
74154370
74154484
74154604
74154908
74155409
74155463
74155533
74155819
74156697
74157049
74157259
74157688
74157747
74157884
74157987
74158096
74158455
74158549
74158550
74159066
74159331
74160249
74160590
74160609
74160779
74161230
74161286
74161294
74161912
74161971
74162159
74162282
74162360
74162615
74162700
74162845
74163069
74163192
74163265
74163430
74163924
74163949
74163961
74164035
74164044
74164102
74164146
74164454
74164478
74164500
74164590
74164597
74164825
74164839
74165371
74165633
74165789
74165942
74166207
74166282
74166399
74166675
74166864
74167049
74167085
74167181
74167866
74168113
74168342
74168531
74168790
74168879
74169010
74169833
74169842
74169873
74169925
74169955
74169956
74170045
74170124
74170355
74170370
74170869
74170895
74171225
74171254
74171468
74171691
74172440
74172561
74172754
74172864
74173195
74173197
74173394
74173443
74173721
74173780
74173879
74173881
74173949
74174265
74174866
74174912
74174979
74175060
74175458
74175621
74175914
74175988
74176070
74176102
74176348
74176562
74176581
74176632
74176679
74176865
74177126
74177159
74177351
74177510
74178022
74178154
74178198
74178440
74178551
74180529
74198831
74199381
74199404
74199521
74199536
74200242
74200444
74200480
74201615
74201958
74202089
74202136
74202146
74202300
74202639
74202829
74202911
74203118
74203307
74203439
74203717
74204074
74204120
74204451
74204640
74205909
74206932
74207290
74207489
74207725
74207741
74207839
74208326
74208753
74208818
74208959
74209051
74209235
74209902
74209921
74210088
74210130
74210151
74210593
74211088
74211319
74211327
74211587
74211642
74211646
74211664
74211831
74212176
74212894
74213275
74213449
74213457
74213543
74213585
74213607
74213636
74213913
74213936
74214224
74214579
74214803
74214930
74214951
74215191
74215730
74216399
74216412
74216665
74217069
74217277
74217404
74217646
74218496
74218558
74218837
74219317
74219638
74220210
74220310
74220334
74220619
74220636
74220839
74220965
74221031
74221163
74221302
74221304
74221317
74221570
74222397
74222641
74223074
74223454
74223567
74223692
74224435
74225568
74225617
74225643
74225817
74225950
74226707
74226840
74226844
74227232
74228008
74228031
74228620
74228770
74229247
74229564
74230012
74230167
74230292
74231252
74231463
74231632
74231813
74231853
74231906
74231910
74232491
74232951
74233262
74233637
74233704
74233848
74233902
74234008
74234559
74234743
74234902
74234949
74234996
74235542
74235802
74235868
74236045
74236451
74237184
74237237
74237504
74237516
74237549
74237772
74238270
74238706
74238883
74239113
74239853
74239908
74239933
74240096
74240196
74240265
74240764
74240793
74240876
74241489
74241893
74241991
74242121
74242188
74242242
74242483
74242561
74242670
74242827
74242868
74243125
74243686
74244247
74244598
74244796
74245248
74245383
74245579
74245835
74246170
74246346
74246443
74246630
74246665
74246870
74246941
74247733
74247751
74248807
74248867
74248988
74249179
74249466
74249620
74249652
74249666
74249966
74250160
74250433
74250554
74250950
74251021
74251240
74251289
74251704
74252084
74252099
74252369
74252568
74252583
74252738
74252845
74252923
74253246
74253720
74253907
74254124
74254148
74254619
74254717
74254858
74255507
74256069
74256089
74261785
74267330
74269034
74276390
74276427
74276747
74276818
74276884
74277012
74277154
74277366
74277442
74277560
74278864
74278950
74279022
74279266
74279748
74279869
74280171
74280551
74280560
74280664
74280678
74280776
74281007
74281209
74281354
74281373
74281419
74281422
74281457
74281467
74281613
74282024
74282057
74282060
74282138
74282505
74282852
74282857
74283799
74284062
74284853
74284961
74285082
74285646
74285666
74285781
74285798
74285808
74285820
74285945
74285975
74286311
74286429
74286672
74287517
74287625
74287656
74287680
74287711
74287780
74288911
74288962
74289131
74289237
74289253
74289254
74289259
74289610
74289881
74290028
74290188
74290205
74290979
74291022
74291313
74291456
74291529
74291555
74291596
74292150
74292264
74292409
74292413
74292427
74292510
74292721
74292787
74292791
74292849
74292958
74293261
74293825
74294050
74294219
74294228
74294949
74295255
74295359
74296060
74296096
74296744
74296881
74297104
74297422
74297557
74298684
74298946
74299194
74299310
74299420
74300873
74300887
74300890
74300939
74300958
74301015
74301371
74302149
74302160
74302236
74302682
74303179
74303271
74303407
74304022
74304058
74304138
74304226
74304394
74304609
74304740
74304944
74305085
74305173
74305628
74305740
74305818
74306026
74306572
74306730
74306749
74307201
74307204
74307652
74307708
74308256
74308631
74308636
74308676
74308730
74308825
74308893
74309004
74309115
74309252
74309260
74309305
74309586
74309689
74309807
74310130
74310508
74310849
74310932
74311065
74311342
74311850
74312525
74313038
74313169
74313243
74314055
74314116
74314132
74314304
74314638
74314676
74314944
74315029
74315073
74315430
74315631
74315902
74316112
74316152
74316194
74316230
74316340
74316346
74316374
74316503
74316522
74316541
74316648
74316903
74317181
74317376
74317471
74317510
74317596
74317600
74317607
74317747
74318121
74318562
74318646
74318719
74319661
74319684
74319846
74320026
74320197
74320284
74320410
74320417
74320457
74320696
74320949
74321077
74321327
74321721
74321731
74322680
74322698
74322786
74322996
74323041
74323149
74323183
74323233
74323655
74323800
74324302
74324494
74324856
74325329
74325493
74325588
74325676
74325777
74325830
74326381
74326412
74326767
74329698
74347311
74347379
74347432
74347449
74347451
74347579
74347733
74347754
74348042
74348153
74348650
74348660
74349002
74349638
74349651
74349832
74350328
74350387
74350832
74351749
74351879
74352542
74352653
74352798
74353445
74353532
74353742
74353811
74354038
74354317
74354664
74354789
74355461
74355621
74356686
74356718
74356743
74356754
74357000
74357277
74357334
74357513
74357575
74357587
74358287
74358316
74358468
74358479
74358559
74358998
74359002
74359033
74359130
74359335
74360382
74360428
74360854
74360934
74360945
74360978
74361567
74361786
74361930
74362104
74362122
74362434
74362767
74362776
74362815
74362961
74363394
74363409
74363693
74363774
74364035
74364077
74364190
74364283
74364351
74364481
74364636
74364700
74364826
74364851
74364974
74365019
74365053
74365244
74365291
74365333
74365455
74365602
74365830
74365844
74366057
74366154
74366215
74366239
74366310
74366550
74367348
74367462
74367657
74368092
74368294
74368487
74368526
74368528
74368546
74368748
74368814
74368871
74368941
74369406
74369516
74369741
74369846
74370004
74370182
74370398
74370410
74370458
74370679
74370734
74370738
74370744
74371083
74371136
74371229
74371241
74371318
74371615
74371771
74371997
74372039
74372355
74372509
74372636
74372802
74372872
74372888
74372990
74373021
74373070
74373258
74373259
74373428
74373494
74374004
74374152
74374153
74374223
74374263
74374306
74374503
74374606
74374694
74374977
74374983
74375034
74375071
74375367
74375455
74375512
74375642
74375768
74376181
74376392
74376664
74376753
74376769
74376823
74377465
74377652
74377661
74378065
74378075
74378079
74378082
74378620
74378855
74379123
74379126
74379143
74379364
74379369
74379373
74379404
74379523
74379545
74379638
74379645
74379730
74379772
74379943
74379965
74380164
74380206
74380215
74380629
74380707
74380864
74380884
74380892
74380977
74381571
74381633
74381638
74381832
74381937
74382018
74382027
74382431
74382601
74382849
74383104
74383242
74383833
74383892
74383992
74384186
74384245
74384443
74384532
74384589
74384832
74384920
74385226
74385261
74385361
74385371
74385413
74385564
74385595
74385736
74385950
74386187
74386527
74386804
74386982
74387014
74387243
74387346
74387471
74387490
74387687
74388245
74388259
74388609
74389150
74389245
74389397
74389572
74389583
74389658
74389726
74390020
74390192
74390592
74390603
74391407
74391486
74391751
74391764
74391785
74391920
74392216
74392260
74392269
74392438
74392968
74393273
74393427
74393560
74393703
74393863
74393889
74393971
74394312
74394318
74394550
74394825
74394860
74395370
74395376
74395578
74395695
74396394
74396545
74396648
74396850
74396887
74397052
74397090
74397192
74397266
74397369
74397394
74397440
74397608
74397953
74398442
74398527
74398608
74398687
74398739
74399068
74399668
74399707
74400270
74400301
74400370
74400482
74400551
74400574
74400625
74400655
74400791
74400800
74400861
74401144
74401337
74401524
74401568
74401820
74402025
74402180
74402306
74402377
74402499
74402561
74402576
74402623
74402965
74403538
74403640
74403708
74403723
74403925
74404776
74404851
74404938
74405064
74405070
74405172
74405208
74405277
74405556
74406353
74406835
74407088
74407094
74407200
74407367
74407832
74408134
74408418
74408551
74408672
74408767
74408883
74408954
74408983
74409154
74409155
74409318
74409761
74410423
74410456
74410771
74410820
74411065
74411088
74411419
74411808
74412015
74412435
74412808
74413165
74413534
74413579
74413959
74414059
74414161
74414395
74414399
74414430
74414548
74414721
74415368
74415432
74415470
74415848
74416415
74416741
74417106
74417252
74417258
74417721
74417862
74418110
74418117
74418118
74418169
74418203
74418219
74418361
74418506
74418671
74419118
74419207
74419219
74419256
74419274
74419292
74419293
74419304
74419306
74419361
74419807
74420343
74420606
74420642
74420644
74420652
74420716
74420911
74420914
74421045
74421058
74421079
74421155
74421299
74421514
74421626
74421713
74421844
74422122
74422299
74422591
74422618
74422667
74422684
74422920
74423131
74424409
74424788
74424889
74425165
74425167
74425185
74425318
74425495
74425498
74425636
74425656
74425983
74426006
74426188
74426301
74426479
74426628
74426687
74426797
74426880
74426881
74426889
74427140
74427179
74427198
74427345
74427414
74427460
74427492
74427507
74427731
74427839
74427854
74427877
74427928
74427983
74428212
74428361
74428416
74428564
74428747
74428749
74428801
74428810
74428844
74428923
74429355
74429530
74429946
74430061
74430117
74430136
74430145
74430657
74430658
74430688
74430724
74430762
74431109
74431136
74431149
74431248
74431254
74431431
74431523
74431559
74431567
74431569
74431666
74431684
74431782
74431834
74431869
74431874
74432196
74432238
74432461
74432684
74432685
74432742
74432835
74432923
74433059
74433325
74433391
74433409
74433430
74433647
74433648
74433757
74433847
74434090
74434177
74434274
74434396
74434463
74434702
74434747
74435005
74435050
74435155
74435161
74435188
74435341
74435414
74435604
74435766
74435924
74436162
74436241
74436556
74437215
74437220
74437245
74437298
74437324
74437478
74437675
74437729
74438106
74438144
74438327
74438741
74438888
74438944
74438946
74439004
74439103
74439158
74439308
74439968
74439979
74440196
74440209
74440272
74440293
74440392
74440396
74440568
74440594
74440595
74440711
74441111
74441405
74441921
74442042
74442047
74442153
74442298
74442381
74442988
74443389
74443542
74443758
74443821
74443875
74443963
74444041
74444313
74444433
74444470
74444502
74444746
74444776
74445055
74445123
74445227
74445324
74445384
74445499
74445558
74445597
74445702
74445704
74445963
74446041
74446151
74446240
74446294
74446439
74446452
74446589
74446611
74446728
74446839
74446895
74446918
74447390
74447797
74448001
74448073
74448219
74448284
74448322
74448674
74448785
74448991
74449129
74449214
74449235
74449381
74449615
74450289
74450292
74450336
74450425
74450472
74450544
74450747
74450902
74451343
74451517
74451526
74451570
74451674
74451677
74451983
74452373
74452484
74452575
74452671
74452725
74452890
74452914
74453152
74453767
74453971
74454338
74454427
74454431
74454445
74454705
74454730
74454758
74454939
74455401
74455759
74455766
74455840
74455841
74456086
74456567
74456760
74456804
74456847
74456850
74457183
74458151
74458275
74458307
74458325
74458355
74458437
74458737
74458926
74459294
74459297
74459330
74459332
74459472
74459871
74460108
74460222
74460285
74460871
74461057
74461064
74461082
74461083
74461134
74461409
74461514
74461520
74461669
74461854
74461980
74462608
74462711
74462715
74463060
74463149
74463528
74463659
74463722
74464116
74464141
74464174
74464231
74464462
74464532
74464616
74464781
74465090
74465295
74465374
74465389
74466142
74466164
74466175
74466346
74466871
74467111
74467498
74468155
74468228
74468557
74468623
74468693
74469045
74469322
74469331
74469334
74469562
74469701
74469993
74470146
74470358
74470515
74470598
74470620
74470630
74471454
74472052
74472095
74472329
74472645
74472841
74472878
74472993
74472997
74473058
74473148
74473384
74473558
74473646
74473847
74474117
74474172
74474183
74474251
74474252
74474364
74474416
74474457
74474479
74474489
74474613
74474974
74475039
74475041
74475141
74475378
74475451
74475966
74476135
74477045
74477248
74477256
74477387
74477549
74477696
74477715
74477752
74477808
74478070
74478124
74478138
74478224
74478411
74478447
74478498
74478586
74478858
74479184
74479315
74479403
74479466
74479688
74479869
74479896
74479923
74479972
74480016
74480388
74480571
74480733
74480755
74480827
74481062
74481194
74481334
74481458
74481490
74481600
74481631
74481696
74481711
74481868
74481988
74482195
74482284
74482339
74482448
74482622
74482819
74482822
74483012
74483252
74483446
74483696
74483950
74483995
74484088
74484148
74484208
74484298
74484360
74484392
74484627
74484704
74484880
74485005
74485036
74485085
74485148
74485296
74485370
74485395
74485694
74486211
74486799
74486820
74486928
74487166
74487196
74487223
74487543
74487701
74488237
74488505
74488591
74488737
74488783
74488794
74489736
74489945
74489982
74490725
74491165
74491619
74491662
74491692
74491989
74492226
74492233
74492465
74492584
74492833
74492920
74492935
74493065
74493106
74493416
74493619
74493636
74493946
74494084
74494349
74494600
74494708
74494786
74494901
74495167
74495306
74495562
74495625
74495882
74495983
74495986
74496168
74496170
74496189
74496237
74496309
74496420
74496571
74497150
74497181
74497242
74497275
74497423
74497457
74497484
74497504
74497506
74497661
74498155
74498327
74498533
74498645
74498682
74498766
74498794
74499149
74499256
74499859
74499863
74499940
74500068
74500161
74500342
74500779
74500807
74501187
74501652
74501728
74501755
74502240
74502252
74502290
74502406
74502469
74502686
74502845
74502861
74502955
74503127
74503284
74503551
74503593
74504106
74504117
74504224
74504626
74504877
74504912
74507090
74508977
74510148
74524184
74525554
74525565
74525592
74525791
74525861
74525983
74526111
74526395
74526921
74527175
74527299
74527358
74527678
74527883
74528089
74528381
74529242
74529281
74529476
74529481
74529535
74529804
74529879
74530284
74530361
74530782
74530794
74530862
74531261
74531626
74531921
74532188
74532473
74532539
74532544
74532869
74533154
74533344
74533563
74533687
74534013
74534216
74534357
74534503
74534516
74534583
74534649
74534703
74535034
74535170
74535365
74535389
74535757
74535760
74535804
74536273
74536802
74537116
74538137
74538177
74538429
74538743
74539055
74539058
74539101
74539252
74539480
74539528
74539550
74539571
74539698
74539818
74539908
74540074
74540083
74540242
74540243
74540753
74540842
74541034
74541274
74541511
74541937
74542064
74542185
74542512
74542956
74542967
74543064
74543065
74543075
74543151
74543231
74543276
74543280
74543401
74543437
74543485
74543575
74543692
74543932
74543956
74544073
74544084
74544254
74544624
74544663
74544810
74544858
74544897
74544926
74544999
74545116
74545300
74545466
74546339
74546375
74546556
74547159
74547713
74547856
74548178
74548447
74548489
74548605
74548702
74548729
74548791
74549222
74549542
74550249
74550531
74551432
74551517
74551770
74552045
74552374
74552375
74552448
74552606
74553056
74553267
74553276
74553357
74553523
74553614
74553645
74553683
74553878
74553895
74554069
74554584
74554898
74555100
74555220
74555288
74555304
74555307
74555312
74555421
74555700
74555729
74556956
74557001
74557232
74557282
74557286
74557329
74557373
74557810
74557967
74557974
74558116
74558122
74558433
74558465
74558530
74558832
74558902
74559047
74559293
74559426
74559730
74559915
74560659
74560762
74560775
74560889
74561194
74561489
74562196
74562322
74562765
74562784
74563025
74563686
74563974
74564186
74564481
74564848
74564856
74564992
74565085
74565634
74565783
74565969
74565976
74566233
74566240
74566263
74566438
74566453
74566475
74566499
74566507
74566765
74566775
74566791
74567229
74567331
74567407
74567532
74567875
74567922
74567972
74568239
74568288
74568550
74568551
74568553
74568647
74568784
74568787
74568791
74568867
74568879
74568976
74569172
74569223
74569225
74569292
74569355
74569758
74570002
74570160
74570625
74570669
74571403
74571590
74571756
74572159
74572314
74572366
74572597
74572665
74572776
74573046
74573104
74573112
74573243
74573262
74573482
74573543
74573587
74573637
74573885
74573892
74574251
74574376
74574421
74574505
74574774
74574804
74574952
74575167
74575240
74575276
74575982
74576233
74576332
74576562
74576670
74577066
74577916
74578031
74578079
74578129
74578405
74578637
74578648
74578673
74578698
74578925
74579043
74579591
74579835
74580721
74580791
74581034
74581239
74581764
74582360
74582902
74583045
74583199
74583261
74583396
74583726
74583834
74584166
74584387
74584500
74584504
74584534
74585005
74585044
74585103
74585109
74585146
74585206
74585817
74586252
74586258
74586547
74586748
74586784
74586892
74586960
74587146
74587163
74587264
74587273
74587368
74587422
74587654
74587833
74587851
74587944
74588362
74588758
74589047
74589389
74589402
74589417
74589496
74589598
74589601
74589607
74589813
74590794
74590802
74590926
74591202
74591205
74591226
74591351
74591511
74591636
74592645
74592860
74592862
74593489
74593541
74594342
74594427
74594472
74594519
74594520
74594574
74594754
74594810
74595317
74595414
74595898
74595906
74595928
74596001
74596003
74596073
74596282
74596398
74596720
74596815
74596824
74597081
74597248
74597553
74597586
74597935
74598886
74598891
74599359
74599478
74599812
74599824
74600065
74600099
74601445
74601525
74601681
74601743
74601902
74602009
74602129
74602139
74602373
74602393
74602928
74603028
74603071
74603148
74603379
74603399
74603404
74603429
74603445
74603462
74603506
74603540
74603549
74603817
74603838
74603841
74603895
74604086
74604096
74604144
74604148
74604260
74604360
74604394
74604400
74604830
74605084
74605304
74605352
74605788
74605861
74606258
74606389
74606456
74606491
74606719
74607138
74607362
74607449
74607528
74607600
74607713
74607735
74607904
74608469
74608484
74609176
74609523
74609703
74610531
74612228
74612383
74612468
74612616
74612682
74613089
74613112
74613186
74613251
74614067
74614278
74614284
74614403
74614593
74614934
74614981
74615037
74615047
74615117
74615324
74615625
74615671
74616743
74616765
74616898
74617270
74617475
74617575
74617707
74617917
74618076
74618099
74618597
74619577
74619641
74619880
74620160
74620191
74620204
74620328
74620649
74620807
74620927
74620932
74620991
74621490
74621736
74622053
74622591
74622665
74622816
74623088
74623103
74623162
74624104
74624105
74624130
74624180
74624181
74624227
74624471
74624593
74625159
74625188
74625197
74625464
74625523
74625939
74625940
74625964
74626027
74626106
74626177
74626633
74627670
74627704
74627735
74627743
74627993
74628539
74628563
74628696
74628864
74629025
74629106
74629241
74629381
74629434
74630049
74630091
74630166
74630179
74630370
74630494
74630496
74630791
74630922
74630946
74631165
74631987
74632036
74632155
74632161
74632308
74632484
74632705
74632722
74632876
74632964
74633091
74633131
74633210
74633328
74633523
74634067
74634105
74634234
74634592
74634671
74634687
74634710
74634712
74634726
74634957
74635058
74635663
74636543
74636572
74637195
74637351
74637521
74637802
74638071
74638252
74638310
74638913
74639041
74639930
74640062
74640847
74640894
74640902
74641906
74642556
74642708
74642908
74643358
74644468
74644647
74645526
74646195
74646490
74646601
74646788
74647409
74648541
74648603
74649226
74649440
74650112
74650333
74650392
74650854
74651021
74651080
74651216
74651315
74651354
74651405
74651626
74651682
74651727
74651844
74651852
74651967
74652008
74652428
74652659
74652790
74653784
74653953
74654360
74654536
74654712
74654761
74655380
74655402
74655468
74655909
74656031
74656510
74656679
74656692
74656886
74656911
74657206
74657291
74657597
74657602
74657605
74657736
74657976
74658219
74658686
74659294
74659320
74659360
74660314
74660767
74660907
74661014
74661151
74661228
74661428
74661640
74661738
74661783
74661804
74661825
74661832
74662067
74662113
74662132
74662164
74662519
74662708
74663270
74684618
74684939
74684951
74685009
74685322
74685451
74685523
74685581
74685594
74685628
74685723
74685777
74685892
74685979
74685988
74686188
74686202
74687005
74687216
74687302
74687451
74687843
74687854
74688092
74688334
74689103
74689348
74689383
74689605
74689811
74689855
74690148
74690339
74690457
74690589
74690751
74691304
74691884
74691936
74692137
74692278
74692354
74692428
74693245
74693760
74694991
74695191
74695438
74695796
74696522
74696590
74696930
74697098
74697166
74697395
74697525
74697984
74698062
74698413
74698476
74699554
74699671
74700032
74700082
74700136
74700185
74701036
74701893
74701896
74702045
74702257
74702535
74703000
74703491
74704258
74704446
74704700
74704706
74704941
74706396
74706571
74706692
74706890
74707053
74707194
74707785
74707941
74708225
74708259
74708583
74709301
74709577
74709889
74709898
74709902
74710852
74711215
74711782
74711791
74711802
74712294
74712391
74712662
74713409
74713671
74714444
74714763
74715010
74715012
74715736
74715848
74716963
74717191
74717919
74718131
74718714
74719397
74719505
74719570
74719979
74720822
74721019
74721026
74721817
74722450
74723384
74724952
74725015
74725053
74725311
74725565
74725573
74725647
74726035
74726089
74726702
74727241
74727291
74727406
74728405
74728642
74728945
74730071
74730141
74730340
74730596
74730615
74730934
74731550
74731763
74731811
74732901
74733083
74733242
74733461
74733524
74734074
74734310
74735097
74735220
74736117
74736368
74736610
74736773
74737232
74738681
74739075
74739096
74739213
74739353
74739456
74739502
74739572
74740001
74740061
74740261
74740442
74740620
74740709
74740933
74741035
74741059
74741557
74744624
74745028
74745625
74745695
74745743
74745795
74746225
74746228
74746463
74746646
74746721
74746769
74746809
74747170
74747428
74747533
74747619
74748073
74748134
74748346
74748438
74748824
74748992
74749679
74750565
74750598
74750604
74750681
74750800
74750940
74750977
74750983
74751423
74751780
74752035
74752047
74752081
74752151
74752319
74752484
74752527
74752629
74752773
74752876
74753061
74753120
74753121
74753161
74753186
74753330
74753346
74754335
74754747
74755622
74756103
74756339
74756434
74756484
74756794
74756912
74757276
74757303
74757317
74757887
74758309
74758319
74759019
74759279
74759394
74759563
74759568
74759974
74760492
74760626
74760727
74761112
74761125
74761317
74761403
74762031
74762054
74762403
74762623
74763242
74764813
74764838
74764905
74765450
74765535
74765538
74765620
74765870
74766097
74767680
74767824
74768107
74769023
74769320
74769457
74770022
74770253
74770432
74770453
74770485
74770555
74770563
74770566
74770568
74770745
74771660
74771788
74772368
74772549
74772907
74773132
74773679
74773685
74773835
74773968
74775164
74775289
74775483
74775501
74775577
74775628
74776100
74776377
74776414
74776428
74776488
74776693
74776986
74777492
74777572
74778112
74778765
74778935
74779109
74779244
74779704
74780044
74780094
74780113
74780305
74780326
74780366
74780542
74788938
74789904
74801026
74801073
74801361
74801789
74802303
74802398
74802553
74803171
74803337
74803377
74803563
74804510
74805061
74805111
74805208
74805279
74805845
74805899
74805986
74806461
74806563
74806583
74806613
74806767
74807198
74807838
74808071
74808089
74808783
74808892
74809164
74809180
74809202
74809651
74811736
74811785
74812396
74812760
74812955
74813604
74814043
74814045
74814297
74814461
74814475
74815105
74815368
74815533
74815566
74815832
74816016
74816039
74816714
74817075
74818065
74818978
74819163
74819329
74819357
74819378
74819468
74819549
74819593
74820220
74821451
74822063
74822212
74822804
74822894
74823074
74823169
74823242
74823316
74823800
74824162
74824384
74824638
74825325
74825394
74825466
74825901
74825938
74826129
74827180
74827495
74828152
74828321
74828534
74829180
74829438
74829695
74830471
74830955
74832381
74833252
74833676
74833708
74834021
74834368
74834997
74835042
74835347
74836785
74837082
74837249
74838145
74838354
74838494
74839881
74840376
74840621
74840694
74840925
74841134
74841352
74841458
74841513
74841537
74842004
74842107
74842218
74842307
74842752
74843196
74843515
74843584
74845573
74845592
74846073
74846814
74847755
74847987
74848381
74848387
74848445
74848773
74849256
74849627
74851666
74851687
74852249
74853279
74853625
74853933
74854002
74854102
74854107
74854231
74854253
74854317
74854441
74854540
74854543
74854913
74855078
74855194
74855304
74855408
74855421
74855869
74855901
74855922
74855929
74856149
74856187
74856378
74856408
74856795
74856969
74858619
74859663
74859923
74860135
74861250
74861329
74862457
74862637
74862991
74863300
74863376
74863473
74863643
74863944
74864355
74864742
74864966
74865272
74865349
74865660
74865724
74865725
74865789
74866083
74866247
74866511
74866689
74866776
74867359
74867727
74868004
74868558
74869144
74869212
74869263
74869265
74869950
74870679
74870965
74871936
74871984
74872295
74872492
74873288
74873426
74873634
74873800
74873911
74873995
74874073
74874252
74874810
74874822
74875166
74875833
74875950
74876050
74876126
74876289
74876370
74876434
74876461
74876592
74877055
74877302
74877437
74877443
74877471
74878154
74878364
74878853
74878929
74879270
74879313
74879379
74879591
74879774
74879918
74880290
74881201
74881388
74881401
74882054
74882182
74882618
74883121
74883342
74883547
74883650
74884019
74884072
74884075
74884090
74884455
74884523
74885187
74885882
74885960
74886114
74886743
74887118
74887886
74888342
74889584
74889627
74889955
74890113
74890208
74890876
74890936
74891074
74891192
74891577
74892195
74892207
74892329
74892747
74892822
74893288
74893334
74893791
74894394
74894860
74894916
74895034
74895088
74895736
74895960
74895981
74896040
74896373
74897034
74897050
74897466
74898457
74898536
74900025
74900310
74900894
74902264
74903444
74903673
74903759
74904067
74904995
74905055
74906084
74907332
74907456
74908084
74909029
74909089
74909496
74909499
74909778
74910697
74910874
74911192
74911314
74911608
74911847
74912142
74912340
74912724
74912838
74912930
74913289
74913729
74913741
74914141
74914194
74914372
74914398
74914421
74914556
74914675
74915485
74915741
74915994
74916223
74916311
74917060
74917069
74917963
74918293
74918300
74918369
74918527
74918536
74918560
74918968
74919051
74919212
74919435
74920206
74920258
74920325
74920350
74920364
74920370
74921042
74921833
74921914
74922074
74923147
74923258
74923291
74923478
74923499
74923604
74924262
74924499
74924859
74924995
74925026
74925208
74925289
74926219
74927322
74927482
74928596
74928630
74930556
74930668
74930685
74930776
74930874
74930985
74930988
74931365
74931620
74931981
74932711
74933502
74934319
74934806
74935788
74936585
74936609
74936892
74936928
74936945
74937233
74937374
74937530
74937541
74937551
74937557
74937615
74937646
74937683
74937740
74937804
74938096
74938121
74938123
74938340
74938630
74939226
74939474
74939507
74939519
74939687
74939979
74940023
74940215
74940736
74941986
74942230
74942232
74942265
74942558
74942831
74942832
74943052
74943410
74943601
74943733
74943736
74944343
74944535
74944871
74945003
74945187
74945198
74945814
74946103
74946112
74946153
74946157
74946441
74946449
74946576
74946605
74946625
74946632
74946654
74947105
74947495
74947516
74947524
74947661
74947685
74947748
74948010
74948067
74948558
74948835
74948890
74949205
74949486
74949743
74950010
74950469
74950680
74950821
74951217
74951344
74951525
74951576
74951590
74951645
74951667
74952240
74952326
74952568
74952681
74952748
74952781
74952839
74952844
74952966
74953016
74954166
74954182
74955299
74955414
74955867
74955881
74955905
74955919
74955987
74956036
74956049
74956542
74956919
74958354
74958359
74958380
74958930
74959054
74959070
74959088
74959508
74960583
74960720
74960724
74960838
74960949
74961447
74961568
74961877
74961995
74962005
74962180
74962654
74962813
74963834
74963985
74964213
74964269
74964546
74964823
74965276
74966102
74966272
74967168
74967231
74967903
74967949
74968021
74968481
74968911
74969369
74969504
74969963
74969981
74970027
74970375
74970414
74970746
74970935
74971279
74972136
74973648
74973836
74974026
74974153
74974229
74975010
74975202
74976384
74976786
74976792
74976793
74977138
74977669
74977847
74978659
74979491
74979885
74979913
74979929
74979933
74980679
74980939
74981030
74981058
74982046
74982300
74983164
74983293
74983566
74984166
74984533
74984847
74985098
74985140
74985593
74985933
74987006
74987893
74988329
74988471
74988473
74988619
74989068
74989299
74989344
74989403
74990137
74990328
74990570
74991018
74991099
74991330
74991554
74991581
74991672
74991917
74992191
74993029
74993065
74993164
74993240
74993462
74994034
74994492
74994520
74994784
74994787
74994877
74995018
74995407
74996058
74997251
74997588
74998235
74998279
74999028
74999336
74999834
75000789
75000795
75001071
75001258
75001431
75001436
75001690
75001864
75002423
75002430
75002440
75002506
75002536
75002586
75003282
75003527
75004063
75004086
75004792
75005058
75005078
75005384
75006045
75006060
75006072
75006494
75006564
75006775
75006785
75006831
75007615
75007658
75008651
75009499
75010155
75010295
75011299
75011654
75011905
75012190
75013323
75013524
75013584
75015054
75015559
75016323
75016347
75016595
75017098
75017195
75017428
75017594
75017717
75018167
75018462
75018593
75018888
75019016
75020110
75020767
75020871
75021147
75021230
75021295
75021297
75021506
75022348
75022414
75022605
75022887
75022919
75022922
75023487
75023737
75023867
75024121
75025280
75025979
75026009
75026092
75026096
75026355
75035073
75043942
75047167
75047213
75048077
75048126
75048156
75048177
75048950
75049309
75050500
75050599
75050769
75050952
75051002
75051061
75051215
75051609
75051676
75051735
75052154
75052261
75052716
75053030
75053275
75053279
75053570
75053642
75053655
75054157
75054199
75054228
75054237
75054484
75054701
75054810
75054848
75054961
75055013
75055257
75055684
75056344
75056560
75056691
75056708
75056880
75056917
75056984
75057262
75057738
75057786
75058558
75058606
75058733
75058750
75058838
75059024
75059708
75059862
75059919
75060343
75060673
75060731
75061115
75061122
75061349
75061573
75062443
75062472
75062505
75062540
75062727
75063068
75063304
75063387
75063805
75063806
75064350
75065016
75065517
75065628
75065629
75065719
75065817
75065947
75066009
75066049
75066386
75066512
75066538
75066670
75066919
75067288
75067437
75067759
75067810
75068098
75068252
75068344
75068376
75068419
75068495
75069299
75069442
75069846
75071024
75071216
75071491
75071511
75071535
75071727
75071819
75071866
75072135
75072166
75072412
75072602
75072604
75072628
75072697
75072712
75072873
75073435
75073488
75073976
75074241
75075642
75075662
75075871
75075874
75076060
75076239
75076300
75076550
75076915
75077710
75077855
75078071
75078186
75078228
75078298
75078429
75078787
75079053
75079104
75079157
75079364
75079410
75079930
75080288
75080678
75080763
75080793
75081103
75081715
75081875
75081974
75082157
75082646
75082797
75084048
75085943
75086215
75086724
75087017
75087035
75087731
75087760
75087766
75088205
75088414
75088556
75088902
75088903
75089611
75089774
75089939
75090039
75090155
75090360
75090583
75091136
75091198
75091246
75091257
75091314
75091859
75092337
75093543
75093929
75094038
75094084
75094418
75094563
75094564
75094941
75095032
75095182
75096226
75096285
75097365
75097560
75098218
75099527
75099954
75100053
75100170
75100199
75100337
75100364
75101126
75101243
75101284
75101320
75101706
75101812
75101972
75102154
75102727
75103022
75103159
75103167
75103650
75103776
75104689
75105162
75105404
75105511
75105560
75105640
75106272
75106475
75106485
75106656
75106715
75106789
75107486
75107606
75107805
75107806
75107861
75107956
75108370
75109759
75110599
75110646
75110718
75111448
75111489
75111609
75111683
75112049
75113923
75114619
75114654
75114763
75114765
75114812
75114903
75114984
75115173
75115175
75115331
75116168
75117193
75117705
75118355
75118398
75118399
75118674
75119690
75120316
75120692
75120747
75120824
75120880
75120930
75121250
75121587
75121806
75121875
75122213
75123311
75123532
75123665
75124079
75124085
75124310
75124858
75124890
75125069
75125208
75125316
75125413
75125727
75125924
75126243
75126577
75126783
75127431
75128243
75128387
75128390
75128416
75128539
75128836
75129104
75129105
75129356
75129859
75129898
75130164
75130421
75130446
75132286
75132422
75132941
75133115
75133253
75133339
75133536
75133997
75134131
75134201
75134776
75134808
75134870
75135995
75136278
75136323
75136408
75136410
75136467
75136476
75136482
75136486
75136659
75136967
75137015
75137102
75137884
75138321
75138365
75139006
75139049
75139217
75139227
75139575
75140712
75140964
75141233
75141845
75141917
75141919
75142116
75142269
75143053
75143248
75144550
75144587
75144618
75145309
75145636
75145971
75146226
75146595
75146639
75146705
75146986
75146989
75147624
75147797
75147880
75147893
75148240
75148291
75148345
75148451
75148606
75148841
75149134
75149257
75150254
75150532
75150803
75150840
75150992
75151006
75151186
75151229
75151304
75151628
75151888
75151902
75151984
75152260
75152292
75152788
75152886
75153215
75153528
75153720
75153860
75154418
75154626
75155317
75155443
75155450
75155543
75155611
75155612
75155654
75155774
75155775
75156109
75156120
75156200
75156729
75156803
75156835
75156939
75157025
75157193
75157215
75157687
75157744
75157840
75157846
75157983
75158107
75158485
75158548
75158861
75158957
75159025
75159168
75160124
75160222
75160405
75160732
75160790
75160950
75161349
75161391
75161549
75162233
75162258
75162340
75162515
75162613
75162742
75162876
75164138
75164528
75164897
75164901
75165219
75165481
75165601
75165647
75165981
75167291
75167325
75167391
75168252
75168595
75168910
75170273
75172524
75173276
75173360
75174275
75175431
75175472
75175538
75175557
75175804
75176460
75176474
75177020
75177561
75177770
75178172
75178298
75178394
75179271
75179421
75179705
75180004
75180054
75180168
75180173
75180634
75180748
75181059
75181335
75181912
75182083
75182100
75182249
75182395
75182479
75182656
75182886
75182982
75183081
75183243
75183244
75183460
75183663
75183686
75183737
75183749
75183947
75184472
75184791
75185466
75185598
75185825
75185900
75187099
75187403
75187533
75187853
75188035
75188069
75188454
75189063
75189083
75189532
75191109
75191366
75191381
75191428
75191453
75191458
75191569
75191643
75191853
75192120
75193351
75194004
75194032
75194460
75194822
75195033
75195188
75195356
75195432
75195718
75195909
75197064
75197485
75198475
75198571
75198849
75198935
75199009
75199266
75199356
75200232
75200889
75201045
75201297
75201593
75202281
75202692
75203018
75203039
75203056
75203201
75203366
75203896
75204397
75205067
75206256
75206434
75206510
75206589
75206821
75207227
75207816
75207892
75207918
75208124
75208554
75209044
75209133
75209598
75210185
75211215
75211455
75212067
75212405
75212466
75212971
75213649
75213812
75213930
75214319
75214499
75214567
75215011
75215032
75215352
75215424
75215483
75215635
75215775
75215906
75215912
75215932
75216268
75216469
75216632
75216939
75217169
75217384
75217674
75217714
75217894
75218085
75218674
75219399
75219870
75220049
75220288
75220888
75221052
75221058
75221565
75221596
75221746
75221867
75222008
75222120
75222271
75222875
75222898
75223723
75224321
75224326
75224407
75224477
75224711
75224827
75225055
75225151
75225735
75225884
75225887
75226246
75226325
75226360
75226590
75226699
75226942
75226956
75226971
75227410
75227708
75228394
75229227
75229506
75229806
75230236
75230429
75230601
75230613
75230741
75230759
75230906
75231183
75231343
75231641
75231982
75232406
75233019
75233078
75233575
75234232
75235130
75235619
75235751
75236392
75236490
75236492
75236932
75237643
75237798
75237959
75238112
75238177
75238585
75238672
75238845
75239402
75239411
75240001
75240214
75241109
75241629
75242642
75242646
75243185
75243262
75243560
75243562
75243711
75244185
75244247
75244337
75244440
75244531
75245202
75245399
75245451
75245690
75245807
75246268
75246619
75247194
75247607
75247719
75247792
75247810
75247824
75247844
75247848
75247860
75248090
75248465
75248957
75249019
75249224
75249832
75250518
75250739
75250761
75250780
75250940
75251277
75251347
75251349
75251866
75252030
75252077
75252228
75252368
75252493
75252553
75252928
75253513
75254970
75254984
75255295
75255359
75255753
75255918
75255983
75256355
75257805
75258055
75259087
75259481
75260177
75260220
75260517
75260533
75260703
75261261
75261515
75261595
75261641
75261642
75261665
75261698
75261794
75262034
75262053
75262146
75262515
75262745
75262780
75263120
75263600
75264100
75264252
75264356
75264683
75265664
75265710
75265761
75265826
75266213
75266719
75268071
75268797
75268891
75270230
75270259
75270391
75270512
75271063
75271074
75271128
75271167
75271373
75271581
75272282
75272416
75272502
75272545
75273257
75273357
75273534
75273665
75274074
75274244
75274429
75274522
75274777
75275553
75276862
75277366
75278143
75278240
75278278
75278725
75279010
75279401
75279706
75279929
75280668
75281220
75281698
75281950
75281964
75281990
75282342
75282370
75282495
75282988
75283047
75283597
75283906
75283950
75283966
75284342
75284581
75284695
75284796
75284805
75284967
75284990
75285091
75285488
75285773
75286482
75286592
75286656
75286667
75287302
75289958
75301139
75308417
75308701
75309169
75309998
75309999
75310436
75310645
75311174
75311422
75311570
75311780
75311868
75311872
75312352
75312840
75313188
75313894
75315423
75315546
75315708
75315947
75316440
75316840
75316843
75318467
75318950
75319146
75319299
75319315
75320115
75320319
75320509
75321451
75321844
75321847
75322149
75322156
75322247
75323719
75324410
75324515
75324587
75324968
75326501
75327301
75329491
75329796
75330153
75330337
75330375
75330587
75330891
75332241
75333310
75333550
75333569
75333739
75333815
75333907
75334607
75334856
75335484
75335497
75335506
75335592
75335600
75335825
75336104
75336636
75336752
75337223
75337431
75337555
75337994
75338213
75338274
75338291
75338607
75338656
75339093
75339223
75339280
75339310
75339468
75339881
75339959
75340275
75341785
75341897
75341916
75341928
75342029
75342429
75342671
75342717
75343129
75343166
75343423
75344019
75344023
75344379
75344915
75345631
75346400
75346547
75346832
75347452
75347696
75347811
75348561
75348827
75348872
75349017
75349366
75349482
75349814
75350033
75350457
75350855
75350997
75351067
75351086
75352195
75352498
75352499
75353215
75353672
75354827
75355621
75356173
75356246
75357000
75357573
75357592
75358353
75358397
75358953
75359211
75359218
75359590
75361431
75361633
75361723
75362431
75362989
75363043
75364044
75364067
75364143
75364772
75365129
75365201
75365502
75365619
75366072
75366805
75367357
75367431
75368403
75368461
75369635
75370016
75370042
75370331
75370504
75370900
75371517
75372220
75372555
75372691
75373005
75373449
75373484
75373663
75373694
75373941
75374920
75375484
75375919
75376078
75376156
75376685
75377136
75377619
75378174
75379561
75380466
75380818
75380930
75381468
75381478
75382014
75382048
75382656
75383343
75383523
75383640
75383767
75383837
75383857
75384025
75384043
75384168
75384485
75384584
75385050
75385530
75385707
75387116
75387489
75388457
75388594
75388877
75389423
75390148
75390165
75390344
75390675
75390740
75392041
75392183
75392369
75392752
75393460
75395611
75395800
75395939
75396660
75396726
75396829
75397135
75397180
75397720
75397761
75398194
75398397
75398962
75398970
75399278
75400488
75402177
75404061
75404149
75404731
75406599
75407686
75407971
75408850
75409413
75409414
75409460
75409746
75409808
75409854
75409855
75410019
75410281
75410289
75410738
75411198
75412421
75412601
75412649
75412682
75412900
75412985
75413060
75413210
75413443
75413468
75414005
75414255
75414527
75415054
75415445
75415759
75415880
75415893
75416037
75416228
75416616
75417219
75417728
75417802
75419125
75419423
75420208
75421011
75421723
75421754
75421823
75421863
75421929
75422155
75422223
75422302
75422385
75422520
75422856
75423196
75423290
75423292
75423505
75423552
75423727
75423774
75423792
75424124
75424805
75425002
75425237
75425257
75425311
75425546
75425600
75425622
75425695
75426235
75426266
75426799
75427216
75427446
75427929
75427981
75428580
75428624
75428918
75429135
75429490
75430024
75430158
75431609
75431662
75432942
75433247
75433248
75433292
75433541
75433713
75434324
75434326
75434466
75434639
75434656
75435009
75435467
75435517
75435519
75437903
75438031
75438049
75438625
75438921
75438922
75439225
75439226
75439231
75439566
75439608
75439782
75440709
75440883
75441042
75441154
75441629
75442528
75443433
75443500
75443840
75443941
75444263
75444656
75444663
75445379
75445651
75445677
75445683
75446041
75446792
75447005
75447151
75448037
75448185
75448252
75448357
75448459
75449821
75449869
75450712
75451387
75451684
75451748
75452046
75452087
75452168
75452232
75452928
75453139
75453606
75454058
75454073
75454460
75454631
75455160
75455542
75457834
75458181
75458227
75458387
75458579
75458703
75458729
75459001
75459167
75459271
75459508
75460152
75460270
75460709
75461606
75461657
75462553
75462589
75462784
75462825
75463107
75463795
75464016
75464018
75464074
75464401
75464727
75464949
75465019
75465907
75466166
75466188
75466578
75466686
75466967
75467794
75468065
75468644
75468793
75468882
75469199
75469249
75469515
75469867
75471047
75472001
75472347
75472370
75472492
75472501
75473221
75473405
75473568
75473593
75473594
75473702
75473850
75473857
75474442
75474458
75474571
75474636
75474960
75475012
75475145
75475769
75475904
75476111
75476204
75477547
75477638
75477751
75478075
75478888
75478892
75479964
75479978
75480757
75481119
75481697
75481992
75482061
75482642
75483394
75484211
75484550
75484656
75484800
75485067
75485293
75485325
75486114
75486380
75488167
75489296
75489943
75490156
75490318
75490476
75490814
75490870
75491568
75491730
75492736
75492804
75493010
75493020
75493029
75493617
75493642
75494224
75494429
75494818
75494867
75495599
75495794
75496073
75496246
75497115
75497287
75498294
75498732
75499266
75499542
75499601
75500249
75500336
75500623
75500914
75502470
75502824
75502838
75503819
75504105
75504193
75504467
75505285
75505723
75505883
75506212
75506741
75507008
75508569
75508574
75508724
75509437
75510154
75511084
75511599
75511695
75511743
75511947
75512143
75512404
75512450
75512540
75512545
75512598
75512618
75513393
75513455
75514532
75514700
75514923
75515797
75516519
75516631
75516907
75518317
75518348
75518444
75518717
75518802
75518843
75518936
75519126
75519146
75519282
75519746
75519810
75520262
75520507
75521313
75521517
75521522
75522221
75522362
75522902
75522932
75523096
75523157
75523863
75524481
75524512
75524588
75524683
75525143
75525627
75525900
75526939
75527173
75527176
75527233
75528014
75528165
75528167
75529143
75529414
75529663
75530363
75530378
75530845
75530935
75531311
75531784
75532164
75532535
75532662
75532780
75533430
75533779
75533965
75535761
75536126
75536355
75536474
75536586
75537092
75537222
75537766
75538368
75538577
75538716
75540307
75540413
75541088
75541164
75541213
75542193
75542203
75542210
75543063
75543587
75543688
75543809
75543851
75544317
75544437
75544549
75546313
75546961
75547129
75547174
75547795
75548006
75548097
75549160
75549407
75550407
75550953
75551376
75551800
75552709
75553111
75553190
75553319
75553884
75554094
75554841
75555263
75555324
75555885
75556287
75557205
75557808
75558061
75558075
75558173
75558596
75558931
75559112
75559282
75559701
75559711
75559720
75559736
75560167
75560208
75560557
75560780
75560788
75560876
75561155
75561205
75561335
75561589
75561830
75561879
75561946
75562104
75562127
75562374
75562375
75562578
75562730
75563386
75563444
75563980
75564034
75564039
75564059
75564275
75564608
75564874
75565129
75565391
75565492
75566210
75566330
75566350
75566972
75566984
75567002
75567023
75567156
75567198
75567723
75567951
75568132
75568336
75568789
75569273
75569587
75570295
75570426
75570838
75571288
75571294
75571389
75571397
75571478
75571601
75571773
75572597
75572724
75572982
75572991
75573224
75573452
75573454
75573457
75573568
75573693
75573722
75573839
75574317
75574765
75574800
75575129
75575156
75575863
75575864
75575991
75576162
75576438
75576474
75576524
75576948
75577411
75577765
75577794
75577838
75577980
75578627
75578877
75578999
75579055
75579323
75579342
75579563
75579819
75580461
75580750
75580751
75580854
75581299
75581816
75581935
75582025
75582128
75582690
75582721
75582844
75583453
75583534
75583841
75583962
75584359
75584434
75584456
75584458
75584620
75585840
75585935
75586377
75586381
75586551
75586705
75586719
75586996
75587432
75587943
75588064
75588098
75588848
75589115
75589949
75590277
75591414
75591491
75591665
75591706
75591757
75592392
75592469
75592883
75593864
75593974
75594820
75594940
75595947
75596326
75596394
75596415
75597186
75597335
75597854
75598193
75598194
75598303
75598656
75598755
75598985
75598993
75599689
75599756
75600130
75600222
75600271
75601118
75601877
75602019
75602441
75602453
75602454
75602455
75602469
75602834
75602848
75602933
75602996
75603646
75604219
75604352
75604568
75604937
75605119
75605120
75605359
75605933
75605953
75605954
75608395
75608543
75608673
75608829
75609332
75609439
75609555
75610478
75610623
75611110
75611283
75611404
75611444
75611480
75611807
75611913
75611973
75612049
75612519
75613044
75613057
75614590
75614734
75615091
75615110
75615294
75615493
75615602
75616216
75616306
75616347
75616515
75616685
75616964
75617193
75617485
75617965
75618848
75619382
75619549
75619631
75619759
75620282
75620454
75620517
75620615
75620643
75620723
75620831
75620865
75621289
75621800
75622002
75622354
75622377
75622603
75622720
75623137
75623182
75624196
75624366
75624580
75625174
75625206
75626024
75626028
75626130
75626442
75626899
75627113
75627746
75627941
75627944
75628534
75628878
75629070
75629256
75629357
75629690
75629766
75630111
75630143
75630291
75636553
75638593
75650508
75650573
75650915
75651177
75651297
75651313
75651585
75651646
75651863
75652110
75653308
75653642
75653662
75653747
75654257
75654326
75654767
75654791
75655288
75655470
75655748
75655968
75655970
75656014
75656200
75656488
75656861
75657067
75657070
75657320
75657605
75658089
75658222
75659075
75659143
75659334
75659649
75659765
75660312
75660465
75661112
75661429
75661565
75661847
75662073
75662078
75662956
75663072
75663469
75663475
75663733
75663965
75666075
75666092
75666592
75666616
75666986
75667496
75667948
75667969
75668180
75668260
75668578
75668598
75669127
75669164
75669762
75669904
75669912
75669989
75670655
75670735
75670781
75671118
75671467
75672143
75672485
75672684
75673720
75674113
75674542
75674574
75674761
75674790
75675920
75676755
75676967
75677177
75677539
75677623
75677651
75678632
75679172
75679191
75679384
75679595
75679621
75679723
75679898
75679993
75680236
75680482
75680677
75680963
75680998
75681540
75681826
75682569
75682782
75683217
75683572
75683817
75684243
75684873
75685234
75685454
75685836
75685967
75686654
75687472
75687557
75688083
75688226
75688976
75689011
75689018
75689127
75689156
75689182
75689449
75689662
75689799
75689828
75690377
75690485
75690636
75690656
75690941
75691371
75691532
75691581
75691691
75691792
75691994
75692625
75692648
75692686
75692725
75692856
75693582
75693848
75693959
75694511
75694807
75694879
75695108
75695929
75696449
75696801
75696826
75697070
75697074
75697350
75697530
75697534
75697680
75698428
75698687
75698855
75699003
75699422
75699632
75699844
75700167
75700297
75700506
75700512
75700669
75700771
75700982
75701063
75701138
75701393
75701583
75701684
75701800
75702100
75702192
75702324
75702424
75702811
75702864
75703154
75703445
75703565
75703700
75703701
75703878
75704896
75705016
75705154
75705747
75705763
75705815
75705856
75706116
75706382
75706523
75706537
75706810
75707252
75707415
75707529
75707623
75708213
75708328
75708554
75708732
75708747
75708884
75709238
75709249
75709398
75709521
75709565
75709578
75709945
75709946
75710161
75710669
75710786
75711097
75711150
75711408
75711692
75711793
75712138
75712459
75713140
75713283
75713590
75714139
75714805
75715005
75715158
75715236
75715292
75715341
75715640
75716176
75716210
75716855
75717790
75717886
75718214
75718282
75718478
75718554
75718645
75719013
75719402
75719474
75719570
75720146
75720153
75720336
75720451
75720490
75720564
75720976
75721367
75721382
75721619
75721697
75721836
75721873
75721903
75721921
75721931
75722087
75722180
75722236
75722306
75722399
75722992
75723025
75723042
75724628
75724854
75725029
75725036
75725086
75725253
75725273
75725292
75725641
75725694
75725795
75725824
75725849
75726244
75726965
75727223
75727323
75727644
75727847
75727899
75728980
75729017
75729094
75729175
75730000
75730670
75730823
75731163
75731230
75731247
75731417
75731553
75731720
75731736
75731746
75732298
75732681
75732948
75733625
75733966
75734111
75734125
75734583
75734803
75734820
75735219
75735489
75735554
75735557
75735744
75736225
75736244
75736319
75736878
75737569
75737613
75737795
75737938
75738248
75738294
75738417
75738780
75738885
75739206
75739240
75739259
75739367
75739422
75739778
75739780
75739938
75739992
75740421
75740425
75741261
75741959
75743170
75743420
75743710
75744241
75744279
75744299
75744547
75744563
75744707
75745050
75745787
75745897
75746434
75746588
75746715
75746768
75746983
75747397
75747646
75747853
75747861
75747887
75748016
75748238
75748413
75748483
75748495
75749439
75749470
75749761
75749898
75750124
75750273
75750613
75750693
75750716
75750869
75751164
75751291
75751666
75751671
75751694
75751921
75752064
75752168
75752180
75752197
75752974
75753023
75753127
75753208
75753605
75753696
75754304
75754307
75754603
75754758
75754843
75755018
75755184
75755223
75755429
75755479
75755782
75757262
75757276
75757378
75757434
75757500
75757609
75757641
75757774
75759001
75759125
75759260
75759405
75759484
75759821
75760185
75760694
75760785
75760967
75761434
75761882
75762016
75762031
75762087
75762121
75762480
75762703
75762707
75762710
75762766
75762802
75762941
75764232
75764328
75764619
75765199
75765314
75765722
75766860
75767169
75767566
75767804
75767968
75767979
75767993
75768048
75768054
75768250
75768714
75769239
75770798
75770920
75771337
75771695
75771765
75771811
75772007
75772871
75772970
75773206
75773533
75773542
75773640
75774901
75774917
75775071
75775319
75775365
75775849
75776092
75776171
75776243
75776334
75776652
75776725
75777009
75777024
75777357
75777533
75777757
75777777
75777793
75777939
75778236
75778424
75778446
75778633
75778982
75779073
75779152
75779629
75779695
75779869
75779891
75779897
75779996
75780199
75780408
75780629
75780688
75780895
75781553
75781626
75781914
75782094
75782613
75783013
75783032
75783115
75783239
75783385
75783538
75783953
75784048
75784356
75784386
75784490
75784850
75785277
75785516
75785525
75786142
75786185
75786204
75787529
75787557
75787612
75787623
75787687
75787720
75788100
75788152
75788390
75788458
75788597
75788606
75789066
75789442
75789472
75789622
75789742
75789743
75789961
75790085
75790547
75790712
75790731
75790782
75790873
75791056
75791283
75791533
75792246
75792562
75792679
75792911
75793065
75793327
75793568
75793863
75793879
75794736
75795620
75795701
75796008
75796313
75797074
75797189
75797358
75797429
75797732
75797863
75798025
75798122
75798337
75798849
75798889
75799066
75799294
75799297
75799304
75799338
75799531
75799635
75800006
75800035
75801369
75801391
75801423
75801805
75802080
75802432
75802892
75803019
75803021
75803570
75803573
75804764
75805137
75805643
75806037
75806216
75806228
75806355
75807516
75807552
75807591
75807678
75807764
75807864
75808038
75808263
75808344
75808541
75808909
75809390
75809660
75809987
75810372
75810373
75810414
75810565
75810877
75810984
75811051
75811855
75812249
75812334
75812452
75812612
75812615
75812664
75812693
75812804
75812995
75813073
75813530
75814482
75815330
75815640
75816831
75817052
75817092
75817264
75817328
75817480
75817626
75817907
75817923
75818058
75818189
75818511
75818526
75818527
75818565
75818937
75819164
75819612
75819775
75819871
75819997
75820042
75820050
75820533
75820611
75820931
75821253
75821951
75822126
75822589
75822908
75823300
75823377
75823430
75823711
75823896
75823937
75824230
75824480
75824602
75824801
75824892
75825366
75825380
75825787
75825792
75826314
75826504
75826637
75826734
75826872
75827307
75827341
75827350
75827395
75827527
75828098
75828646
75828774
75828880
75829154
75829306
75829428
75829780
75829815
75829952
75830104
75830296
75830678
75830713
75831131
75831192
75831229
75831414
75831793
75832063
75832169
75832320
75832501
75832547
75832832
75832854
75832874
75832979
75833001
75833076
75833368
75833822
75833964
75833989
75834037
75834067
75834069
75834080
75834250
75834384
75834543
75834991
75835281
75835427
75835642
75835673
75835872
75835991
75836458
75836579
75836678
75836800
75836851
75837536
75837702
75838093
75838235
75838260
75838305
75838911
75839863
75839880
75840349
75840930
75841155
75841181
75841304
75841381
75841810
75842099
75842137
75842496
75842613
75842718
75842951
75843240
75843365
75843545
75843819
75844042
75844107
75845027
75845227
75845329
75845510
75845902
75846241
75846497
75846728
75846760
75847054
75847150
75847291
75847339
75847422
75847819
75847951
75847970
75848126
75848131
75848286
75848409
75848423
75848523
75848788
75848954
75848976
75849584
75849852
75850695
75850823
75851158
75851417
75851551
75851724
75851919
75852188
75853356
75853922
75853965
75854423
75854546
75855226
75855526
75855537
75855775
75855797
75855879
75856006
75856017
75856184
75856369
75856469
75856784
75857440
75857522
75858274
75858278
75858787
75859262
75860356
75861032
75861252
75861772
75862123
75862208
75862220
75862392
75863100
75863149
75863152
75863694
75863746
75864032
75864052
75864055
75864126
75864490
75864636
75864709
75864962
75865384
75865520
75865589
75865601
75865706
75866341
75866412
75866424
75866550
75866585
75866779
75866992
75867273
75867326
75867459
75867527
75867680
75867724
75867731
75867764
75868573
75868626
75869327
75869391
75869514
75870603
75870828
75871257
75871394
75871564
75871972
75872020
75872180
75872604
75872683
75872733
75872773
75872796
75872888
75873024
75873171
75873209
75873233
75873308
75873417
75873980
75874035
75874251
75874320
75874507
75875208
75875324
75875477
75875569
75875686
75875743
75875986
75875997
75876510
75876621
75877003
75877671
75877943
75878554
75878734
75878989
75879117
75879465
75879605
75880112
75880130
75880239
75880254
75880255
75880313
75880891
75881016
75882037
75882062
75882557
75882599
75883258
75883514
75883523
75883540
75883747
75883883
75883892
75883986
75884134
75884189
75884264
75884343
75884366
75884386
75884708
75885872
75886064
75886065
75886157
75886433
75887326
75887546
75887562
75887719
75887780
75887810
75887996
75888065
75888251
75888369
75888500
75888836
75889354
75889753
75890326
75891116
75891329
75891495
75891543
75891626
75891696
75891912
75892065
75892795
75893119
75893166
75893285
75893862
75895600
75895775
75895837
75895955
75895956
75896547
75896641
75897530
75897864
75897983
75898237
75898244
75898249
75898614
75898882
75899316
75899378
75899431
75899833
75900012
75900066
75900165
75900458
75901047
75901141
75901379
75901441
75901448
75901707
75901881
75902345
75902608
75902933
75902950
75902964
75903352
75904120
75904518
75905008
75905677
75906235
75906237
75906331
75907151
75907910
75907963
75908210
75908382
75908703
75908734
75908744
75908903
75908917
75909062
75909364
75909652
75909856
75910078
75910680
75911072
75911184
75912090
75912677
75912826
75912856
75912935
75912961
75912970
75913143
75913169
75913211
75913245
75913409
75914059
75914062
75914098
75914664
75915345
75915438
75915498
75915556
75915593
75915627
75915660
75915800
75916323
75916444
75916805
75917038
75917190
75917464
75917495
75917844
75918364
75918428
75918436
75918869
75918878
75919180
75919336
75919535
75919708
75919896
75920293
75922886
75922935
75923286
75923452
75923631
75923786
75923886
75924004
75924120
75924468
75924597
75924630
75924650
75924702
75924792
75924809
75925264
75925690
75925988
75926011
75926014
75926015
75926022
75926402
75926456
75926461
75926475
75926602
75927879
75927895
75927963
75928015
75928430
75928642
75928803
75930389
75930663
75930917
75931267
75931552
75931679
75931688
75931908
75931965
75932041
75932154
75932393
75932656
75932662
75932849
75933016
75933292
75933367
75933433
75933593
75933657
75933671
75933703
75933839
75933976
75934052
75934633
75934644
75934664
75934679
75934710
75934711
75935053
75935071
75935141
75935245
75935280
75935340
75935617
75935624
75935673
75936069
75936093
75936503
75936580
75936740
75936914
75937231
75937407
75937514
75937664
75937775
75937885
75938741
75939250
75939762
75939850
75940059
75940376
75940945
75940948
75941126
75941212
75941255
75941317
75941341
75941408
75941730
75941839
75941935
75942369
75942505
75942774
75942796
75942815
75942845
75943660
75943995
75944011
75944018
75944051
75944236
75944458
75945495
75945673
75945766
75945777
75945907
75946004
75946546
75946659
75946732
75946771
75946809
75946921
75947571
75947987
75948332
75948383
75948944
75949318
75949605
75950117
75950181
75950525
75950872
75950949
75951014
75951148
75951474
75951506
75951533
75951841
75952335
75952342
75952487
75952632
75953402
75953460
75953466
75953471
75953524
75954546
75954549
75954997
75955012
75955050
75955127
75955263
75955316
75955560
75955683
75955782
75955833
75956106
75956274
75956924
75956981
75957241
75957967
75958096
75958583
75958596
75958891
75958947
75959625
75959878
75960139
75961116
75961509
75961730
75961743
75961792
75961956
75962128
75962598
75962772
75962790
75962905
75962966
75963222
75963467
75963469
75963664
75963669
75963735
75963978
75963988
75964059
75964363
75964444
75964524
75965347
75965451
75965796
75966218
75966318
75966324
75967568
75968003
75968354
75968493
75968640
75968653
75968743
75969009
75969364
75970237
75970242
75970535
75970657
75970800
75970812
75971024
75971350
75971522
75971780
75971804
75971973
75971983
75972144
75972933
75973163
75973318
75973376
75973626
75974028
75974038
75974061
75974152
75974482
75974537
75974539
75974632
75974755
75974997
75975178
75975980
75976025
75976078
75976433
75976871
75976952
75977262
75977352
75977508
75977535
75977610
75977666
75977944
75978110
75978262
75978305
75978707
75979394
75979663
75980109
75980715
75980935
75980948
75981344
75981836
75982108
75982115
75982383
75982713
75983289
75983290
75983543
75985749
75986658
75986876
75986992
75987121
75988232
75988376
75988517
75988571
75988603
75988627
75988764
75989715
75989851
75989957
75990076
75991207
75991313
75991426
75991699
75992092
75992599
75992619
75992843
75992901
75992977
75993096
75993208
75993330
75994279
75994685
75994688
75994703
75994715
75994987
75995299
75995357
75995674
75996047
75996255
75996341
75996842
75996857
75997243
75997464
75997761
75997783
75998053
75998345
75998418
75998436
75999175
75999191
76000041
76000298
76000639
76000682
76000697
76000916
76000920
76000931
76001122
76001274
76001479
76001878
76002331
76002345
76002465
76002512
76003518
76004471
76004737
76004743
76004779
76005050
76005053
76005054
76005060
76005083
76005091
76005369
76005605
76006210
76006383
76006387
76006459
76006633
76006716
76006980
76006981
76007141
76007252
76007597
76007728
76007732
76007893
76008160
76008211
76008220
76008279
76008292
76008394
76008941
76009334
76009628
76010541
76010664
76010777
76011131
76012046
76012054
76012081
76012437
76012478
76012481
76012650
76012683
76013752
76013819
76013922
76014478
76014579
76014794
76016175
76016292
76016541
76017627
76017736
76017903
76018028
76018242
76018412
76018464
76018922
76018960
76018970
76019174
76019316
76019394
76019417
76019662
76019780
76019934
76020161
76020390
76020774
76020780
76021104
76021108
76021114
76021142
76021790
76021930
76022150
76022221
76022446
76022563
76022585
76022787
76022826
76023270
76024327
76024993
76025038
76025221
76025269
76025282
76025721
76026939
76027346
76027371
76027567
76027690
76027830
76028442
76028689
76028900
76029098
76029304
76029555
76030078
76030445
76030864
76030944
76031048
76031089
76031622
76031833
76031996
76032318
76032470
76032631
76032734
76033113
76033254
76033303
76033359
76033438
76033439
76033654
76033847
76033912
76033974
76033983
76034244
76034429
76034461
76034932
76035875
76035995
76036095
76036269
76036359
76036537
76036562
76036611
76036728
76036729
76036765
76037229
76037307
76037370
76037533
76037556
76037566
76037567
76037666
76037678
76037947
76038054
76038468
76038552
76038721
76038780
76039027
76039186
76039218
76039466
76039698
76039888
76039907
76039928
76040021
76040083
76040223
76040278
76040667
76040706
76040848
76041002
76041027
76041119
76041683
76041890
76041919
76042471
76043473
76043803
76043814
76044149
76044243
76044644
76044685
76044704
76044713
76044794
76044798
76046177
76046473
76046481
76046579
76046814
76046891
76047002
76047093
76048132
76048165
76048239
76048259
76048334
76048548
76048552
76048570
76048712
76048834
76048942
76048956
76049090
76049094
76049102
76049296
76049433
76049442
76049498
76049653
76049925
76050214
76050215
76050301
76050384
76052514
76052515
76052589
76052750
76052817
76052961
76053448
76053494
76053979
76054303
76055024
76055099
76055174
76055460
76055540
76055615
76055616
76055626
76055780
76055952
76055970
76056136
76056460
76056542
76057691
76058380
76058515
76059043
76059511
76059792
76059958
76060170
76060775
76061033
76061247
76061286
76061337
76061338
76061339
76061470
76061677
76061723
76061908
76062060
76062114
76062601
76063043
76063801
76063912
76063918
76063922
76064101
76064181
76064836
76064921
76064925
76064932
76065017
76065020
76065055
76065102
76065109
76065262
76065529
76065552
76065585
76065625
76065676
76065678
76065689
76065695
76065815
76066166
76066537
76066802
76067188
76067771
76067965
76068021
76068038
76068046
76068144
76068572
76068879
76069061
76069328
76069640
76069760
76069840
76069911
76069923
76070124
76070745
76071121
76071296
76071902
76072360
76072396
76072435
76072490
76072527
76072528
76072574
76072715
76073393
76073563
76073722
76073888
76074033
76074364
76074367
76074552
76074584
76074638
76074720
76074955
76075461
76075958
76076371
76076705
76076784
76077773
76077835
76078091
76078826
76079193
76079549
76079591
76079644
76079838
76079894
76079910
76080026
76080792
76080838
76081411
76081441
76081724
76081746
76081923
76082381
76082468
76082961
76083498
76083606
76083841
76083881
76083964
76084383
76084647
76085174
76085405
76085679
76085805
76085838
76086102
76086110
76086313
76086330
76086458
76086899
76086917
76087292
76087535
76087693
76087780
76088042
76088346
76088547
76088610
76088614
76089123
76089335
76089452
76090341
76090482
76090492
76090610
76090834
76091125
76091307
76091404
76092627
76092797
76093097
76093126
76093453
76093742
76094535
76094628
76095392
76095510
76095613
76095624
76095822
76095909
76095940
76095958
76096534
76097356
76097471
76097567
76097591
76098837
76099000
76100585
76112765
76119276
76119456
76119750
76119923
76120052
76120252
76120402
76120711
76120966
76121164
76121192
76121365
76121366
76121569
76121746
76122042
76122389
76122418
76123019
76123026
76123671
76123806
76124555
76124681
76124843
76124886
76125670
76125914
76126101
76126134
76126398
76126938
76126942
76127010
76127050
76127275
76127503
76127687
76127692
76128073
76128101
76128594
76128678
76129847
76130258
76130422
76130482
76130584
76130829
76131134
76131584
76131773
76131790
76132335
76132750
76132803
76133213
76134504
76134876
76134877
76135118
76135132
76135225
76135246
76135481
76136643
76136843
76136852
76137114
76137174
76137243
76137383
76137951
76138058
76138222
76138468
76138511
76138904
76139117
76139312
76140168
76140398
76140521
76140524
76140949
76141704
76141885
76142001
76142037
76142136
76143102
76143150
76143319
76143490
76143588
76143725
76143811
76144158
76144384
76144570
76144630
76144737
76144754
76144935
76145121
76145203
76145221
76145222
76145318
76145598
76145649
76145870
76145882
76146112
76146345
76146878
76146901
76147113
76147121
76147686
76147947
76148408
76148702
76148774
76149329
76149386
76149597
76150286
76150349
76151438
76151638
76152261
76152446
76152574
76152834
76152858
76152949
76153027
76153176
76153295
76153433
76154248
76154833
76154843
76155205
76155208
76155752
76156552
76156571
76156768
76157371
76157605
76157810
76158690
76158786
76158934
76159059
76159092
76159230
76159243
76159439
76159577
76159837
76159893
76160186
76160344
76160777
76160805
76160852
76160859
76161008
76161060
76161127
76161230
76161428
76161636
76161751
76161765
76161854
76162191
76162365
76162569
76162576
76162702
76163196
76163309
76163457
76163900
76164542
76165004
76166245
76166691
76167019
76167338
76167568
76167872
76167950
76167962
76168260
76169118
76169252
76169616
76169724
76169986
76171306
76171572
76171864
76172126
76172815
76172880
76173548
76173927
76174254
76175570
76175577
76175972
76176129
76176197
76176257
76176751
76177372
76177430
76178302
76178328
76178870
76179516
76179831
76180014
76180304
76180430
76180431
76180506
76180840
76180902
76180908
76181107
76181366
76181638
76181854
76183227
76183762
76185036
76185285
76185292
76185483
76185500
76185549
76185663
76185855
76185893
76185969
76186174
76186334
76186384
76186764
76187181
76187361
76187836
76187903
76188255
76189219
76189381
76189940
76190589
76191412
76191850
76193036
76193061
76193155
76193269
76193448
76193830
76194612
76194635
76194703
76194974
76195352
76195843
76195982
76196337
76196385
76196420
76196587
76196913
76197148
76198027
76198229
76198364
76198833
76199728
76200442
76200523
76200565
76200724
76200726
76200874
76201437
76201652
76201809
76201896
76201932
76202026
76202056
76202169
76202257
76202575
76202577
76202807
76204637
76205061
76205106
76205271
76205465
76205835
76206887
76207199
76207336
76207615
76207672
76208120
76208206
76208211
76208222
76208380
76208685
76208796
76209631
76209866
76210766
76210855
76211241
76212296
76212349
76212372
76212570
76212720
76213003
76213018
76213202
76213456
76214189
76214473
76215079
76215432
76216312
76216343
76218524
76218713
76219101
76219108
76220047
76220688
76220944
76221079
76221176
76221225
76221397
76222757
76222891
76223833
76223903
76224391
76224639
76225265
76225349
76225557
76225932
76226239
76226460
76227129
76227404
76227443
76227766
76227860
76227918
76228358
76228910
76229103
76229253
76229290
76229368
76229462
76229556
76229969
76230461
76230618
76230861
76231145
76232286
76232338
76232636
76232672
76233413
76233566
76233670
76233786
76234303
76234717
76234734
76235008
76235150
76235365
76235688
76235732
76236058
76236115
76236357
76236717
76236814
76237047
76237421
76237517
76237857
76238190
76238335
76238640
76238724
76238846
76239365
76239409
76239821
76239902
76240870
76242913
76243694
76244133
76244384
76244446
76244724
76245068
76245755
76245851
76246678
76246694
76246867
76247025
76247054
76247775
76248292
76248405
76248780
76249016
76249093
76249733
76249982
76250071
76250563
76250738
76251024
76251265
76251317
76251336
76251534
76251945
76251976
76252017
76252088
76252111
76252295
76252573
76252686
76252688
76253466
76253548
76253947
76254051
76254078
76254220
76254735
76254966
76255096
76255806
76255831
76255950
76256128
76256181
76256221
76256277
76256434
76256745
76257054
76257240
76257270
76257688
76257777
76258184
76258683
76258758
76259193
76259195
76259206
76259271
76259428
76259640
76259667
76259828
76259915
76260269
76260673
76260817
76260906
76261101
76261138
76261495
76261873
76262231
76262574
76262786
76262815
76262828
76264227
76264232
76264267
76264616
76264622
76265153
76265211
76265459
76266222
76266345
76266346
76266369
76266408
76266557
76267280
76267703
76267809
76267937
76268004
76268197
76268505
76268833
76268897
76268908
76268963
76269445
76269499
76269658
76269703
76269710
76269712
76269845
76269848
76269949
76270045
76270337
76270446
76270554
76270979
76271187
76271298
76272095
76272458
76272469
76272595
76273399
76273587
76273603
76273697
76274043
76274175
76274499
76274522
76274777
76275631
76276672
76276840
76278195
76278549
76279819
76280379
76280769
76280774
76280812
76280961
76281085
76281174
76281298
76281383
76281442
76281453
76282473
76282621
76284292
76284373
76284375
76285025
76285068
76285190
76285384
76285478
76285759
76287094
76287370
76287619
76288105
76288200
76288418
76288486
76289076
76289786
76289824
76289843
76290120
76290680
76290723
76291695
76291852
76291911
76291942
76292004
76292238
76292239
76292410
76292703
76292775
76293973
76294371
76294880
76295839
76296712
76296930
76297294
76297648
76298113
76298167
76298343
76298639
76298800
76299497
76299502
76299698
76300439
76300484
76300492
76301119
76301473
76301589
76301845
76302607
76302767
76302990
76303057
76303228
76304208
76304507
76304872
76305088
76305109
76305522
76305633
76305880
76305935
76306571
76306697
76306705
76306869
76306911
76306943
76307200
76307243
76307306
76307986
76307988
76308171
76308263
76309263
76309484
76309897
76310775
76311975
76312416
76312612
76312683
76312869
76313095
76313809
76313939
76313962
76314645
76315365
76315449
76315641
76315655
76315996
76316302
76316496
76316853
76317858
76318424
76319027
76319689
76320218
76320235
76320664
76320792
76321542
76321632
76321635
76321642
76321828
76321977
76322208
76322838
76323031
76323082
76323219
76323587
76323669
76323698
76324353
76325527
76325552
76325974
76326778
76326906
76326927
76327135
76327478
76327479
76327551
76328321
76328493
76328494
76328628
76328646
76328779
76328870
76328942
76330041
76330263
76330388
76330390
76330509
76330658
76331108
76331203
76331462
76331529
76332033
76332605
76333244
76333304
76333317
76333640
76334176
76334392
76334525
76334640
76335103
76335109
76335120
76335195
76335363
76335625
76335795
76335827
76335995
76336016
76336124
76336134
76336144
76336638
76337282
76337383
76337793
76338196
76338533
76339484
76340045
76340151
76340231
76341353
76341534
76341545
76341839
76342512
76342677
76343146
76343255
76343281
76343352
76343419
76343498
76343538
76343624
76343832
76344321
76344697
76345137
76345190
76345399
76345427
76345484
76345531
76345670
76346118
76346308
76346725
76346727
76346730
76346736
76346945
76347072
76347326
76347472
76347518
76348423
76348545
76348577
76348761
76350049
76350356
76350451
76350493
76351063
76351104
76351257
76352060
76352079
76352280
76352312
76352528
76352727
76353346
76354806
76354990
76355053
76355333
76355744
76356223
76356403
76356636
76356656
76357598
76357710
76357746
76357898
76357993
76357999
76358684
76358795
76359701
76359867
76360135
76360559
76361075
76361156
76361398
76361739
76361962
76361965
76362617
76362704
76363360
76363820
76364178
76364980
76365105
76365114
76365371
76366058
76366254
76366314
76366436
76366547
76366548
76366619
76366790
76367182
76367184
76367747
76367748
76368089
76368204
76368341
76368421
76368443
76368508
76368543
76368627
76368674
76369096
76369248
76369329
76369331
76370008
76370115
76370878
76371152
76371827
76371905
76372058
76372458
76372811
76372961
76373998
76374855
76375269
76375480
76375545
76376635
76376772
76377229
76377454
76378611
76378989
76379048
76379368
76379670
76379993
76380206
76380299
76380343
76380589
76380654
76380796
76381005
76381103
76381236
76381250
76381963
76382229
76382234
76382243
76382343
76382947
76383210
76383257
76383288
76383684
76384195
76384270
76384754
76385015
76385049
76385501
76385537
76385557
76385604
76385954
76386012
76386156
76387202
76387207
76387486
76387502
76387756
76387865
76388052
76388159
76388337
76388465
76388808
76388818
76388899
76389392
76389431
76389953
76390143
76390425
76390620
76390720
76390748
76390875
76391011
76391037
76391259
76391480
76391587
76391984
76392676
76392679
76392857
76393083
76393094
76393181
76393288
76394179
76394581
76394632
76394719
76395107
76395920
76396305
76396883
76397031
76397265
76397706
76397876
76398066
76398247
76398301
76398311
76398388
76398451
76398578
76398744
76398777
76398800
76399238
76399393
76399416
76399644
76399951
76400247
76400622
76400881
76401077
76401099
76401132
76401201
76401232
76401373
76401786
76402520
76402531
76402610
76402728
76402923
76403179
76403342
76403485
76403610
76403671
76404616
76405275
76405497
76405793
76406015
76406997
76408022
76408156
76408519
76408591
76409476
76409546
76409802
76409898
76410026
76410072
76410293
76410754
76411279
76411788
76413073
76413100
76413911
76413918
76414134
76414368
76414474
76414612
76414667
76414881
76415058
76415073
76415789
76416101
76416507
76416573
76417244
76417424
76418510
76418650
76419480
76419512
76419590
76419794
76420076
76420507
76421061
76421150
76421589
76421642
76422276
76422382
76422536
76422835
76422839
76423149
76423803
76423809
76424159
76424162
76424217
76424531
76424860
76424939
76424945
76424965
76425070
76425120
76425126
76425148
76425504
76425966
76426297
76426391
76426517
76426546
76427063
76427082
76427294
76427337
76427340
76427418
76427438
76427614
76428061
76428372
76429227
76429242
76429690
76429821
76429980
76430156
76430323
76430703
76431054
76431075
76431223
76431308
76431318
76431389
76431548
76431812
76432049
76432229
76432231
76432468
76432487
76432652
76433537
76433632
76433957
76434677
76434678
76434763
76435436
76435952
76436214
76436250
76436861
76436921
76436943
76437600
76437669
76438001
76438467
76438506
76438559
76439053
76439054
76439282
76439331
76439394
76440211
76440238
76440515
76441061
76441200
76441325
76441729
76442785
76442787
76442799
76443846
76444092
76444187
76444374
76444855
76444958
76445386
76445507
76445649
76445967
76446395
76446770
76447609
76447855
76448450
76448870
76448960
76449818
76450745
76450746
76450922
76451065
76451289
76452147
76452331
76452372
76452712
76452897
76453390
76453428
76453435
76453949
76453964
76454006
76454088
76454229
76455959
76456007
76456855
76457386
76457417
76457426
76457479
76457571
76457705
76458237
76458310
76459385
76459510
76459688
76460046
76460197
76460263
76460504
76460691
76461552
76461881
76462013
76462191
76462396
76463056
76463173
76463253
76463381
76463561
76464008
76464090
76464274
76464609
76464688
76464946
76465748
76465885
76466629
76466633
76466644
76466684
76466731
76467256
76468173
76468446
76468739
76469009
76469338
76469461
76469472
76469566
76470217
76470218
76470585
76470619
76470849
76470980
76471488
76471601
76471683
76471895
76472695
76472809
76473003
76473039
76473099
76473158
76473585
76473624
76473818
76474309
76474658
76475213
76475433
76475439
76475475
76475481
76476095
76476107
76476396
76476454
76476953
76477794
76478061
76478215
76478475
76478695
76479068
76479082
76479407
76479430
76479493
76479497
76479739
76479942
76480236
76480512
76480627
76480633
76480802
76480852
76480894
76481067
76481193
76481282
76481818
76485354
76488901
76501129
76502077
76502325
76502544
76502785
76503282
76503356
76503584
76503635
76503797
76503896
76504098
76504202
76504475
76504701
76504742
76505123
76505302
76505337
76505338
76505588
76505802
76505835
76506302
76506600
76507441
76507498
76507597
76508324
76509170
76509526
76510008
76510023
76510375
76510498
76510787
76510792
76511261
76511392
76511855
76512173
76512567
76512576
76512947
76513236
76513656
76513982
76514029
76514414
76514427
76514428
76514603
76514677
76515326
76515545
76515826
76515999
76516041
76516145
76516382
76516432
76516688
76516758
76517388
76517878
76517931
76517947
76518112
76518208
76518671
76518756
76518994
76519624
76520029
76520138
76520143
76520234
76520316
76520332
76520338
76520455
76520883
76520986
76522098
76522270
76522334
76522832
76522999
76523635
76523890
76524260
76524459
76524462
76524685
76525234
76525236
76525320
76525321
76525377
76525947
76525968
76526523
76526578
76526701
76527244
76527741
76527953
76528372
76528752
76529751
76530353
76530429
76531188
76531588
76531729
76531851
76532792
76533372
76533463
76533694
76533846
76533915
76534315
76534501
76534515
76534693
76534865
76535335
76535451
76535822
76536409
76536534
76537321
76537598
76537691
76537802
76537869
76538370
76539026
76539229
76539685
76539957
76540972
76541134
76541347
76542892
76542945
76542963
76543073
76543272
76543471
76543562
76543655
76543810
76544019
76544698
76545004
76545178
76545253
76545359
76546058
76546279
76546781
76546835
76546893
76546932
76546957
76546959
76547143
76547565
76548026
76548189
76548269
76548460
76549311
76549330
76549703
76549710
76550006
76550300
76550354
76550355
76550537
76551039
76551180
76551284
76551674
76551860
76551870
76552116
76552391
76552424
76552762
76552987
76553127
76553198
76553471
76554019
76554082
76554232
76554319
76554378
76554843
76554877
76554969
76555089
76555092
76555462
76555869
76555905
76555924
76556004
76556194
76556820
76556839
76556923
76557027
76557159
76557197
76557367
76557372
76557373
76557410
76557567
76557578
76557621
76557754
76557924
76558209
76558464
76558724
76558780
76559515
76559628
76559801
76559899
76559901
76560006
76560127
76560335
76560883
76561746
76561988
76562014
76562077
76562290
76562808
76563430
76564359
76564461
76564985
76565511
76565768
76565917
76565933
76566012
76566176
76566551
76566857
76567151
76567362
76568046
76568773
76569461
76569858
76570346
76570399
76570951
76570964
76571252
76571319
76571330
76571462
76571489
76571932
76571937
76572758
76572769
76572780
76573807
76573938
76573941
76574153
76574201
76574279
76574349
76574525
76574555
76574975
76575005
76576111
76576582
76576601
76576728
76577028
76577779
76578055
76578801
76578834
76578840
76579862
76580047
76580499
76580856
76581723
76581872
76581891
76582844
76583674
76583833
76583866
76584857
76584861
76584976
76585357
76585358
76585839
76586010
76586307
76586340
76586347
76586795
76587218
76587398
76588107
76588541
76589273
76589407
76590372
76590483
76590552
76591576
76591589
76591626
76591779
76591877
76592231
76592772
76592810
76593228
76593608
76594354
76594440
76594669
76594758
76594861
76594902
76595733
76596765
76596905
76597072
76597086
76597121
76597260
76597381
76597978
76598407
76599026
76599851
76600148
76600310
76600745
76601649
76602063
76602548
76603156
76603191
76603277
76603316
76603475
76604275
76604307
76604468
76604693
76604750
76604903
76605119
76605120
76605301
76605352
76605528
76606126
76607717
76608590
76608725
76609717
76610063
76610302
76610386
76611207
76611447
76611461
76611840
76611841
76611846
76611849
76611850
76611857
76611866
76611884
76611940
76612325
76613034
76614028
76614102
76614169
76614219
76614695
76614718
76615815
76616313
76616521
76616549
76616601
76616758
76616761
76617513
76617517
76617696
76617703
76617715
76617730
76617834
76617882
76617972
76618285
76618623
76619746
76619823
76620551
76620800
76620898
76621104
76621105
76621351
76621375
76621513
76621532
76621642
76621670
76621740
76621796
76622337
76622635
76623014
76623021
76623897
76623947
76624004
76624421
76625236
76625634
76625662
76625707
76625817
76625972
76626094
76626122
76626416
76627066
76627158
76627321
76627604
76627684
76627749
76627929
76628152
76628156
76628499
76628501
76628605
76628653
76628741
76629019
76629328
76629588
76629862
76629894
76629928
76629975
76630524
76630779
76630809
76630833
76631287
76631847
76631979
76632308
76632328
76632620
76632665
76633001
76633052
76633910
76633989
76634133
76634234
76634475
76635027
76635769
76636095
76636320
76636424
76636511
76636741
76636932
76637305
76637775
76637927
76638177
76638679
76638845
76638895
76639465
76639720
76641101
76641328
76641431
76641438
76641698
76642144
76642232
76642287
76642466
76642485
76642644
76642735
76643024
76643224
76643338
76643901
76644124
76644811
76644877
76645476
76645665
76645755
76645756
76645869
76646095
76646187
76646196
76646333
76646513
76646669
76646847
76647285
76647319
76647383
76647493
76647541
76647631
76647650
76647820
76648430
76648472
76648624
76648738
76649096
76649175
76649182
76649230
76649506
76649794
76650120
76650154
76650329
76650441
76650567
76651325
76651388
76651725
76652415
76652514
76652620
76652813
76653002
76653911
76654227
76654359
76654487
76654536
76654650
76654991
76655059
76655097
76655590
76655891
76655915
76656026
76656443
76656448
76656793
76657448
76657477
76657504
76657568
76657569
76657780
76657907
76658311
76658563
76659269
76659394
76659541
76659782
76659856
76659905
76659926
76660126
76660668
76660890
76661617
76661659
76661918
76661992
76662069
76662073
76662215
76662871
76662917
76663334
76663580
76663628
76663698
76664146
76664208
76664525
76664532
76664787
76664808
76664845
76665815
76665931
76666180
76666194
76666200
76666815
76667098
76667178
76667201
76667518
76667714
76667999
76668044
76668061
76668169
76668570
76668596
76669033
76669041
76669044
76669094
76669418
76669477
76670012
76670242
76670702
76670787
76670869
76671372
76671398
76671868
76672036
76672155
76672227
76672637
76672999
76673289
76673407
76673481
76673546
76674385
76674855
76674922
76675183
76675214
76675617
76675741
76676298
76676694
76676908
76677003
76677090
76677349
76677999
76678078
76678192
76678704
76678782
76679007
76679140
76679234
76679406
76679664
76679974
76680143
76680692
76680902
76681151
76681481
76681931
76682014
76682172
76682303
76682458
76682465
76682467
76682554
76682580
76682584
76682621
76682722
76682862
76682888
76682890
76683135
76683166
76683216
76683433
76683480
76683579
76684085
76684260
76684388
76684498
76684771
76684772
76684853
76685098
76685156
76685179
76685300
76685307
76685362
76685427
76685669
76685762
76685822
76685844
76686150
76686381
76686505
76686651
76686740
76686860
76687120
76687285
76687427
76687808
76688201
76688258
76688338
76688943
76689229
76689349
76689843
76690123
76692404
76692482
76692487
76692538
76692758
76693207
76693941
76694057
76694704
76695484
76695639
76695675
76695880
76695931
76695932
76696139
76696146
76696411
76696432
76696600
76697458
76697604
76697655
76697840
76697941
76698136
76698335
76698460
76699171
76699276
76699704
76699710
76699777
76699911
76700327
76700760
76700761
76700901
76701135
76701234
76701469
76701636
76701645
76706144
76721784
76721848
76721857
76721872
76721956
76721959
76722194
76722458
76723038
76723228
76723394
76723397
76723417
76723444
76723445
76723545
76723553
76724279
76724283
76724433
76724761
76724962
76724982
76724990
76725057
76725221
76725278
76725300
76725428
76725432
76725542
76725608
76725965
76726055
76726093
76726395
76726560
76726750
76727117
76727380
76727796
76727932
76728020
76728296
76728490
76728863
76728869
76728897
76729045
76729116
76730079
76730169
76730302
76730378
76730498
76731207
76731434
76731774
76732633
76732868
76733298
76733357
76733368
76733437
76733438
76733564
76733589
76733735
76734055
76734077
76734889
76734896
76734905
76735095
76735126
76735356
76735979
76736131
76736313
76736388
76736413
76736744
76736901
76737486
76737909
76738267
76738352
76738623
76738751
76738874
76738963
76739027
76739081
76739097
76739151
76739318
76739966
76740241
76740316
76740539
76741112
76741430
76741435
76741683
76741718
76741986
76742049
76742231
76742369
76742384
76743102
76743288
76743569
76743626
76743710
76743762
76744100
76744198
76744387
76744910
76744921
76745143
76745450
76745670
76745690
76745821
76745965
76746120
76746137
76746450
76747033
76747055
76748610
76748809
76749199
76749214
76749376
76749600
76749812
76750202
76751024
76751165
76751220
76751361
76751563
76751596
76752089
76752140
76752952
76752973
76753703
76753815
76754105
76754570
76754585
76755283
76755543
76755565
76755915
76756395
76756555
76757183
76757405
76757917
76757974
76758104
76758452
76758505
76758848
76759164
76759443
76759553
76759658
76760304
76760489
76760582
76760607
76760804
76761016
76761049
76761170
76762135
76762289
76762330
76762777
76763154
76763967
76763998
76764163
76764439
76764877
76764999
76765282
76765415
76765563
76765614
76765672
76765733
76765746
76765813
76765843
76766229
76766874
76766930
76767188
76767384
76767503
76767557
76767761
76768093
76768117
76768319
76768407
76768415
76768622
76768708
76769091
76769146
76769213
76769240
76769284
76769416
76769423
76769531
76769863
76769886
76770193
76770247
76770478
76770869
76771127
76771289
76771710
76771897
76772506
76772742
76772761
76772868
76772902
76772924
76773792
76773810
76774299
76774316
76774610
76774635
76774636
76774650
76774993
76775705
76775993
76776004
76776182
76776210
76776495
76776824
76776907
76776979
76777050
76777213
76777525
76777791
76777905
76778171
76778981
76779320
76779698
76780184
76780928
76780988
76780995
76781048
76781697
76781753
76781859
76781867
76781945
76781980
76781987
76782137
76782160
76782347
76783219
76783266
76783557
76783582
76783583
76783603
76783717
76783844
76784170
76784187
76784560
76785283
76785750
76785870
76786613
76786698
76786731
76786837
76786879
76786976
76787046
76787176
76787440
76787504
76787539
76787553
76787801
76788161
76788343
76788515
76788847
76789566
76789651
76790132
76790454
76790820
76790863
76790933
76791003
76791557
76791639
76792288
76792496
76792530
76793277
76793517
76793942
76793952
76794112
76794224
76794481
76794686
76794739
76794786
76795082
76795324
76795391
76795409
76796191
76796445
76796485
76796672
76796685
76797242
76797762
76797777
76797862
76798046
76798399
76798508
76798539
76798777
76799200
76799270
76799274
76799460
76799554
76799696
76799714
76800013
76800348
76800449
76800517
76800685
76801312
76801416
76801654
76802032
76802409
76802450
76802539
76802617
76802732
76802748
76803116
76803285
76803309
76804208
76804409
76804531
76804565
76804606
76804729
76804740
76804853
76805589
76805628
76805755
76805764
76806262
76806527
76806675
76806763
76807244
76808034
76808136
76808588
76808631
76809007
76809588
76809716
76809736
76809737
76809826
76810217
76810219
76810224
76810329
76810453
76810571
76810646
76810876
76811430
76812006
76812299
76812422
76812480
76812483
76812539
76812963
76813038
76813066
76813400
76813442
76813469
76813763
76813894
76814879
76815581
76815645
76815999
76816512
76816638
76816692
76816991
76817194
76817213
76817243
76817407
76817863
76817884
76817914
76818029
76818399
76818532
76818624
76818953
76819246
76819468
76820448
76820938
76821010
76821620
76821865
76822470
76822513
76822559
76822612
76822637
76822686
76823143
76823486
76823734
76823817
76825046
76825135
76825256
76826026
76826032
76826240
76826285
76826762
76826824
76826847
76826935
76827219
76827435
76827900
76827982
76828109
76828165
76828376
76828514
76828842
76829131
76829164
76829558
76829620
76829934
76830029
76830074
76830349
76830939
76831394
76831443
76831503
76831677
76831760
76831781
76831797
76831897
76831922
76831923
76831938
76832025
76832326
76832941
76833442
76833812
76833985
76834458
76834605
76834768
76834858
76835109
76835299
76836079
76836081
76836103
76836986
76837013
76837116
76837141
76837337
76837357
76837562
76837842
76838008
76838284
76838305
76838423
76838697
76838909
76838921
76839846
76840253
76840325
76840467
76840929
76840952
76841070
76841254
76841749
76841869
76841945
76841980
76842259
76842713
76842868
76843054
76843418
76844080
76844442
76844633
76845818
76845928
76845977
76846321
76846858
76846892
76847026
76847089
76847383
76847547
76847876
76847941
76848189
76848512
76848678
76848785
76849173
76849178
76849472
76850396
76850417
76851928
76852074
76852088
76852348
76852358
76852658
76852889
76852908
76853752
76853921
76853956
76854019
76854130
76854192
76854233
76854310
76854478
76855088
76855479
76855602
76855644
76856195
76856235
76856460
76857152
76857199
76857998
76858038
76858094
76858172
76859190
76859528
76859785
76859961
76860189
76860206
76860280
76860805
76860940
76861161
76861774
76862092
76862166
76862249
76862404
76862446
76862671
76862781
76862990
76863113
76863501
76863728
76863913
76863971
76864273
76864277
76864487
76864566
76865022
76865024
76865277
76865516
76865608
76865629
76865962
76866463
76866987
76867104
76867430
76867548
76867575
76867750
76867875
76868026
76868027
76868302
76869009
76869389
76869732
76870035
76870064
76870075
76870165
76870327
76870362
76870579
76871155
76871338
76871479
76872187
76872247
76872254
76872351
76872559
76873025
76873354
76873614
76873622
76873628
76874177
76874179
76874507
76875458
76875582
76875782
76875933
76876278
76876286
76876354
76876437
76876586
76876904
76877036
76877268
76877414
76877631
76877752
76878065
76878177
76878245
76878246
76878268
76878269
76878531
76878687
76878704
76878757
76879194
76879281
76879286
76879350
76879602
76879662
76879999
76881027
76881169
76882083
76882183
76882314
76882466
76882554
76882566
76902650
76902932
76903473
76903767
76904449
76904605
76904739
76904886
76904982
76905127
76905238
76905708
76905787
76905810
76906132
76906165
76906198
76906310
76906352
76906773
76906859
76906971
76907072
76907085
76907528
76907900
76907907
76908066
76908821
76908843
76908891
76909119
76909190
76909391
76910084
76910125
76910170
76910180
76910360
76910491
76910573
76910812
76911411
76911468
76911530
76912675
76913221
76913229
76913250
76913372
76913638
76914363
76914439
76914481
76914905
76915242
76915455
76915619
76915976
76915998
76916413
76916941
76917761
76918154
76918170
76918364
76918548
76918581
76918684
76918710
76919972
76920073
76920137
76920469
76920789
76921016
76921179
76921195
76921415
76921681
76922008
76922373
76922451
76922569
76922967
76923386
76923571
76923704
76923879
76924100
76924233
76924252
76924817
76925373
76925476
76925855
76926054
76926219
76926541
76926836
76929804
76929867
76930007
76930107
76930979
76931418
76931460
76931567
76931627
76931801
76931911
76931928
76932484
76932614
76932618
76932822
76933046
76933077
76933104
76934509
76934716
76934855
76934889
76935257
76935587
76936275
76936949
76936990
76937854
76937944
76938345
76938646
76938655
76938704
76939259
76939513
76939888
76939897
76940412
76940427
76940858
76941132
76941177
76941191
76941386
76941454
76941468
76942264
76942393
76942397
76942620
76942666
76942780
76942804
76942813
76943207
76943349
76944032
76944138
76944467
76944506
76944525
76945093
76945423
76945602
76945913
76946559
76946861
76946946
76947056
76947085
76947103
76947373
76947400
76947757
76947974
76947995
76948192
76948403
76948405
76948563
76948615
76949223
76949327
76949334
76949718
76949750
76949768
76949770
76949853
76949994
76950282
76950350
76950669
76950727
76951326
76951529
76951569
76951917
76951989
76952123
76952256
76952341
76952653
76952812
76952853
76952991
76953167
76953358
76953364
76953376
76953596
76953603
76953693
76953947
76954155
76954315
76954526
76954652
76954789
76954896
76954987
76955032
76955490
76955522
76955629
76955666
76955919
76956199
76956284
76956429
76956890
76956936
76956980
76957085
76957308
76957743
76957753
76958682
76958826
76958993
76959087
76959160
76959698
76959738
76959788
76960011
76960016
76960709
76960760
76960793
76960803
76961127
76961230
76961234
76961411
76961690
76961724
76961793
76961811
76961812
76962151
76962221
76962276
76962399
76962400
76962614
76963243
76963344
76963586
76963658
76963880
76963896
76964064
76964207
76964417
76964850
76964854
76964941
76965004
76965180
76965356
76965840
76966188
76966898
76966930
76967098
76967100
76967107
76967110
76967131
76967287
76967313
76967394
76967536
76967688
76968176
76968194
76968344
76968584
76968831
76968970
76969300
76969989
76970169
76970219
76970244
76970654
76970971
76971368
76971408
76971582
76971608
76971654
76971655
76971730
76971856
76971868
76971933
76972031
76972312
76972631
76972641
76972863
76973171
76973643
76973893
76973935
76974154
76974178
76974425
76974437
76974941
76975083
76975647
76975963
76975970
76976158
76976472
76976573
76976727
76977128
76977198
76977492
76977850
76977930
76978132
76978271
76978642
76978728
76978929
76979227
76979355
76980137
76980385
76980404
76980850
76980904
76981524
76981525
76981569
76981838
76981864
76981890
76981908
76982112
76982157
76982664
76983187
76983775
76984010
76984036
76984204
76984949
76985844
76986067
76986112
76986378
76986763
76986882
76986980
76987137
76987326
76987451
76987762
76987810
76988006
76988058
76988205
76988231
76988335
76988664
76988732
76988800
76989482
76989991
76990435
76990894
76991185
76991251
76991271
76991370
76991505
76991875
76991904
76992371
77000084
77003659
77004947
77011204
77012213
77012470
77012917
77013386
77013627
77015558
77016067
77016475
77016784
77017336
77017377
77017562
77017800
77017838
77017844
77017875
77017927
77018065
77018183
77018393
77019001
77019068
77019295
77019756
77019975
77021156
77021215
77021368
77021565
77021729
77021996
77022066
77022299
77022390
77022520
77022581
77022644
77022648
77023026
77023265
77023348
77023423
77023710
77023895
77024697
77025071
77025183
77025468
77025490
77025542
77025662
77025789
77025919
77025968
77025994
77026696
77026953
77026956
77027195
77027314
77027413
77027476
77027497
77027884
77027912
77028749
77028754
77029357
77029409
77029424
77029522
77030286
77030630
77031181
77031213
77032054
77032174
77032271
77032308
77032334
77032360
77032642
77032651
77032653
77032675
77032949
77034163
77034271
77034862
77034886
77035328
77036496
77036886
77037422
77037766
77038256
77038328
77038374
77038602
77039048
77039074
77039075
77039117
77039118
77039121
77039150
77039221
77039341
77039667
77040176
77040521
77040584
77040741
77040824
77041101
77041110
77041116
77041299
77041324
77041384
77041595
77041683
77041773
77041801
77041896
77041923
77042187
77042428
77042432
77042442
77042498
77042550
77042654
77042657
77042658
77042740
77042765
77042806
77042809
77042880
77043005
77043007
77043084
77043134
77043235
77043574
77043912
77044200
77044875
77045225
77045226
77045604
77045775
77045840
77046142
77046365
77046630
77046670
77047099
77047312
77047318
77047573
77047721
77047806
77047828
77047963
77048419
77048546
77048578
77048740
77049536
77049778
77049943
77049974
77049997
77050716
77051234
77051257
77051393
77051628
77051857
77052002
77052161
77053304
77053427
77053517
77054277
77054493
77054587
77054793
77055056
77055305
77055676
77057387
77057611
77057757
77057778
77057927
77058427
77058523
77058562
77058600
77058727
77059137
77059479
77059556
77059745
77060163
77060926
77061402
77061496
77061525
77061617
77062355
77063144
77063430
77063619
77063699
77063921
77063929
77063963
77064040
77064081
77064330
77064378
77065178
77065196
77065643
77065690
77065857
77065971
77066120
77066226
77066379
77066412
77067161
77067214
77067343
77067364
77067497
77067616
77067759
77067774
77068308
77068608
77068698
77069449
77069592
77069786
77070167
77070844
77070993
77071084
77071089
77071175
77071315
77071447
77071456
77072263
77072326
77072831
77073959
77074158
77074535
77074707
77074793
77074932
77075137
77075139
77075590
77076497
77076657
77076911
77076977
77077256
77077743
77077894
77077937
77078466
77078779
77079166
77079599
77079617
77079654
77079731
77079740
77080096
77080495
77080721
77080781
77081193
77082511
77082602
77082623
77082817
77082818
77082869
77082884
77083257
77083281
77083299
77083690
77083992
77084030
77084568
77084898
77085277
77085315
77085361
77085379
77085387
77085533
77085898
77086089
77086242
77086449
77086486
77086643
77086763
77087624
77087699
77088523
77088646
77089184
77090135
77090446
77090447
77090500
77090563
77090759
77090926
77090945
77090948
77091295
77091363
77091422
77092133
77092519
77093277
77093466
77093469
77093559
77093619
77093639
77093703
77094504
77095091
77095251
77095280
77095290
77095446
77095495
77095641
77095842
77096000
77096129
77096200
77096250
77096263
77096597
77097508
77098420
77098448
77098449
77098670
77099237
77099404
77099692
77100268
77100646
77100657
77100672
77100729
77100783
77100803
77100986
77101181
77101511
77101768
77102256
77103287
77103559
77108979
77115165
77121220
77124538
77124660
77125077
77125194
77125293
77125363
77125705
77126052
77126385
77127121
77127619
77127680
77128015
77128035
77128289
77128293
77128295
77128548
77128806
77128921
77128999
77129015
77131199
77131207
77131211
77131226
77131578
77131943
77131994
77132090
77132167
77132191
77132209
77132794
77133085
77133547
77133686
77133926
77134312
77134434
77134724
77134895
77134946
77135015
77135275
77135293
77135300
77135720
77136318
77136377
77136833
77137365
77137538
77137598
77137609
77137733
77137836
77138020
77138300
77138907
77139311
77139341
77140193
77140676
77140739
77140808
77141000
77141185
77141262
77141872
77141896
77142063
77142068
77142206
77142684
77142936
77142973
77143113
77143941
77144532
77145066
77145091
77145965
77145968
77145987
77146536
77146947
77146948
77147316
77147658
77147844
77148473
77148505
77148674
77148803
77149038
77149098
77149582
77149914
77150297
77150863
77150912
77152137
77152360
77152381
77152698
77152810
77152839
77152870
77152880
77152980
77153690
77153898
77154865
77155332
77155545
77155774
77155835
77156003
77156279
77156837
77157272
77157389
77157505
77157592
77157758
77157907
77157908
77158032
77158882
77159269
77159494
77159528
77159629
77159630
77160166
77160327
77160386
77160449
77160473
77160606
77160943
77161340
77161790
77161822
77162232
77162468
77162513
77162517
77162612
77162707
77163008
77163021
77163587
77163588
77163897
77163995
77164059
77164386
77164841
77164941
77165134
77165220
77165603
77165649
77165681
77165719
77165796
77165985
77166218
77166264
77166807
77167505
77167894
77168164
77168318
77169598
77169672
77169815
77171059
77171346
77171768
77172045
77172068
77172468
77173024
77173204
77173488
77174050
77174127
77174362
77174642
77174786
77174971
77175535
77175993
77176021
77176044
77176088
77176117
77176336
77176579
77177024
77177150
77177478
77177490
77177495
77177604
77177631
77177704
77178571
77178584
77178675
77178683
77178986
77179025
77179145
77179630
77179785
77179904
77179917
77179921
77180015
77189711
77198833
77198853
77200248
77200343
77200592
77201570
77201616
77201913
77202048
77202050
77202051
77202079
77202450
77202520
77202586
77202663
77202967
77202971
77202975
77203123
77203310
77203536
77203588
77204156
77204335
77204896
77204957
77204972
77205292
77205360
77205493
77206108
77206215
77206360
77206388
77206416
77206487
77206540
77206639
77206644
77206940
77207204
77207209
77207526
77208148
77209017
77209542
77209650
77209797
77210983
77211243
77211489
77211865
77211919
77212294
77212739
77212755
77212989
77213423
77213434
77213514
77213628
77213765
77213805
77213932
77214778
77215235
77215558
77215769
77215963
77216356
77216491
77216568
77216937
77216962
77217360
77217969
77217982
77218056
77218090
77218245
77218531
77218582
77218672
77219382
77219530
77219720
77219722
77220259
77220880
77221013
77221198
77221814
77221966
77222283
77222319
77222803
77222847
77222944
77222985
77223506
77223558
77223991
77224016
77224859
77225058
77225738
77226678
77227139
77227379
77228015
77228135
77228201
77228396
77228824
77228896
77229163
77229325
77229342
77229522
77229959
77229998
77230292
77230344
77230356
77230690
77230795
77230944
77231386
77231608
77231906
77231996
77233198
77233673
77233710
77233924
77234176
77234259
77234288
77234777
77234973
77235375
77235424
77235664
77235698
77236020
77236568
77236587
77236750
77236793
77237121
77237275
77237366
77237744
77237745
77238092
77238475
77238492
77238873
77239069
77239236
77239289
77239428
77240001
77240470
77240600
77240743
77240874
77241621
77241626
77242677
77242848
77242949
77243175
77243178
77243355
77244125
77244793
77244880
77244883
77245229
77245480
77246062
77246711
77246852
77246889
77248059
77248090
77262296
77265613
77268417
77268692
77268781
77269026
77269044
77269594
77270415
77270806
77271143
77271390
77271487
77272142
77272196
77272287
77272336
77272794
77273024
77273539
77273558
77273644
77273677
77273867
77273873
77274009
77274261
77274365
77274560
77274695
77274731
77274816
77275143
77275177
77275194
77275417
77275423
77275814
77276612
77277440
77278083
77278884
77279618
77279619
77279834
77280107
77280228
77280966
77281862
77281867
77282036
77282678
77283103
77283186
77283331
77283439
77283657
77283847
77284051
77284196
77284484
77284846
77284923
77285101
77285269
77285416
77285895
77286111
77286260
77287097
77287284
77288572
77288627
77289776
77290059
77290304
77290751
77290768
77291292
77291395
77291418
77291648
77291892
77292124
77292716
77293039
77293126
77293799
77294217
77294291
77295096
77295195
77295387
77295416
77295426
77295489
77295730
77296053
77296185
77296270
77296525
77296532
77296607
77296840
77297121
77297130
77297764
77298313
77298784
77298989
77299104
77299414
77299791
77299860
77300041
77300286
77306750
77312379
77320494
77320675
77320723
77320730
77320932
77321035
77321166
77321318
77321508
77321977
77322507
77322690
77322858
77323260
77323515
77323694
77324261
77324471
77324642
77324842
77324976
77324978
77324992
77325018
77325190
77325256
77325312
77325381
77325961
77325979
77326012
77326911
77326969
77327230
77327309
77327375
77328032
77328209
77328601
77328945
77329039
77329047
77329098
77329332
77329691
77329988
77330884
77331023
77331123
77331246
77331537
77332588
77333183
77333539
77333623
77333714
77333822
77333849
77334352
77334481
77334873
77335039
77335657
77335873
77335937
77335972
77337085
77337403
77337543
77337665
77337966
77337967
77338008
77338190
77339020
77339242
77339423
77339426
77339641
77339655
77339756
77339965
77339977
77340278
77340305
77340501
77340655
77340983
77341093
77341239
77341535
77341597
77341783
77341962
77342561
77342676
77343338
77343462
77343591
77343847
77344772
77345785
77345848
77346552
77346931
77347172
77347307
77347329
77347330
77347596
77347600
77348605
77348674
77348811
77349119
77349247
77350098
77350712
77351212
77351347
77351546
77351691
77352271
77352416
77352949
77353174
77353278
77353409
77353438
77354070
77354114
77354178
77354292
77354925
77355162
77356153
77356544
77356655
77356759
77356879
77362370
77374801
77375454
77377009
77377016
77377162
77377377
77377559
77377595
77378469
77378554
77379634
77379804
77380128
77380178
77380905
77381059
77381869
77382816
77383680
77383919
77384877
77385579
77385855
77385870
77386173
77386264
77386424
77386550
77387204
77388110
77388716
77388847
77388997
77389182
77389220
77389312
77389738
77390493
77390861
77390983
77391066
77391167
77391451
77391528
77391947
77392008
77392312
77392405
77392461
77414499
77414845
77414860
77414873
77415131
77415361
77415551
77416172
77417119
77417485
77417621
77418258
77418472
77418589
77419228
77419297
77419317
77419605
77419671
77419980
77420083
77420416
77420710
77421094
77421107
77421120
77421770
77422168
77422760
77423068
77423271
77423589
77423787
77424042
77424253
77424752
77425046
77425057
77425615
77425618
77426454
77426467
77426517
77426683
77427131
77427312
77428154
77428182
77428242
77428258
77428396
77428642
77428858
77428987
77429026
77429659
77429923
77430354
77430473
77430769
77431701
77432242
77432870
77432984
77433340
77433527
77433602
77433698
77434142
77434270
77434954
77435753
77435969
77436650
77436750
77437113
77437135
77437280
77437558
77437627
77437714
77438039
77438154
77438487
77438524
77438548
77438696
77438761
77438922
77439660
77439673
77439947
77439996
77440137
77440335
77440778
77454927
77461012
77461109
77461181
77461353
77462314
77462423
77462621
77463408
77463636
77463684
77464014
77464459
77464803
77464845
77465485
77465486
77465715
77465725
77465727
77465754
77466601
77467057
77467562
77467734
77467767
77467806
77467959
77467991
77468011
77468029
77468250
77469014
77469975
77470722
77471059
77471182
77471263
77471328
77471569
77472207
77472312
77472713
77472788
77473019
77473243
77473705
77473869
77473901
77474197
77474304
77474772
77475009
77475479
77476018
77476429
77476928
77477070
77478008
77478468
77478521
77479311
77479355
77479439
77479574
77480077
77480145
77480288
77480351
77480354
77480373
77480528
77480535
77481624
77481634
77481738
77482244
77482601
77482757
77482765
77483398
77483542
77483574
77484066
77484237
77484283
77484319
77484610
77485265
77485380
77485481
77485601
77485665
77485848
77486024
77486030
77486285
77486615
77486697
77486926
77486997
77487024
77487183
77488010
77488032
77488036
77488113
77488258
77488742
77489300
77489470
77490877
77490998
77491392
77491421
77491652
77491971
77492005
77492099
77492172
77492651
77492656
77492675
77493402
77493469
77493481
77493561
77493733
77493767
77493781
77493784
77493809
77493873
77494160
77494185
77494764
77495049
77495073
77495149
77495199
77495373
77495383
77495396
77495474
77495844
77496110
77496119
77497371
77498112
77498503
77498655
77498777
77498852
77499233
77499506
77499552
77499878
77500018
77500131
77500167
77500280
77500796
77500970
77500978
77501041
77502339
77502342
77502411
77502583
77503287
77503684
77503749
77503790
77504495
77504813
77504815
77505450
77505454
77506038
77506845
77507020
77507327
77507601
77507695
77507719
77508076
77511811
77516918
77527920
77528903
77528909
77529259
77529763
77529918
77530238
77530365
77530591
77530941
77530948
77531073
77531158
77531765
77531891
77532190
77532274
77532427
77532464
77532518
77532568
77532649
77532898
77532915
77533094
77533105
77533327
77533363
77533828
77534189
77534594
77534866
77535354
77535572
77536332
77536364
77536576
77536811
77536886
77537156
77537444
77537465
77537516
77537742
77538037
77538069
77538376
77538654
77538710
77538784
77539297
77539784
77539935
77540976
77541002
77541014
77541914
77542027
77542046
77542106
77542494
77542858
77543159
77543252
77563532
77563589
77563839
77564557
77564650
77564754
77564824
77564891
77565100
77565333
77565497
77566494
77566943
77567249
77567524
77567802
77567849
77568337
77568732
77568782
77569025
77569193
77569253
77569434
77569566
77569708
77569881
77570235
77570339
77570367
77570785
77571365
77571423
77571957
77572086
77572286
77572481
77572544
77573504
77573610
77574441
77574502
77575105
77575126
77575312
77575381
77575436
77576254
77576820
77576881
77576972
77577117
77606203
77625641
77647358
77657481
77657523
77657699
77657788
77658103
77658273
77658707
77658721
77659060
77659262
77659313
77659373
77659445
77659531
77659879
77659902
77660359
77661229
77661441
77662147
77662408
77662926
77664605
77664765
77665558
77665585
77665598
77666059
77666430
77666633
77666825
77667544
77668168
77668300
77668514
77669151
77669267
77669303
77669361
77670015
77670397
77670654
77671437
77671897
77672885
77673500
77674069
77674887
77674937
77675261
77675639
77675703
77675763
77675917
77676662
77676746
77676989
77677194
77677249
77677387
77677390
77677891
77678556
77678574
77678692
77679206
77679577
77679991
77680109
77680508
77681609
77681777
77681998
77682125
77682325
77682591
77683138
77683292
77683540
77683743
77685299
77685476
77685687
77686443
77686732
77687080
77687103
77687172
77687332
77687410
77687642
77687677
77687697
77687895
77688594
77688731
77688853
77688891
77689043
77689097
77689553
77689567
77689588
77690787
77691005
77691802
77692055
77692588
77692589
77692738
77692810
77692905
77693340
77693465
77693520
77693562
77693623
77693715
77694172
77694703
77694913
77695152
77695179
77695716
77695858
77696219
77697618
77697722
77698424
77698614
77699393
77699526
77699583
77699656
77700256
77700360
77700560
77700675
77700693
77700762
77701044
77701128
77701518
77701655
77701661
77701967
77701969
77702064
77702306
77702477
77702507
77702624
77702803
77703246
77703453
77703519
77703665
77703677
77704007
77704014
77704063
77704105
77704456
77704757
77704854
77705506
77706557
77706984
77707116
77707353
77707434
77707564
77707757
77707830
77708253
77708883
77709240
77709387
77709583
77709726
77709807
77710731
77710874
77710958
77711047
77711095
77711174
77711289
77711699
77711734
77711915
77712152
77712165
77716651
77718070
77719207
77726994
77751383
77770717
77792334
77792435
77792463
77792633
77792651
77792918
77793042
77793350
77793558
77793640
77793800
77794013
77794242
77794497
77794717
77794755
77794757
77795009
77795118
77795128
77795250
77795411
77795425
77795428
77795434
77795453
77795675
77796173
77796228
77796618
77797126
77797230
77797346
77797479
77797776
77797924
77798449
77798696
77798783
77799098
77799110
77799159
77799878
77799932
77800136
77800334
77800526
77800563
77800576
77800961
77801002
77801108
77801284
77801312
77801675
77801933
77802585
77802701
77802985
77803135
77803414
77803764
77804253
77804417
77805782
77805980
77806321
77806789
77807164
77807931
77807976
77808070
77808237
77808264
77808377
77808529
77808686
77808702
77808976
77809144
77809252
77809372
77810945
77811111
77811357
77811401
77812177
77812273
77812873
77813590
77814068
77814119
77814875
77815230
77815266
77816210
77816412
77816553
77817157
77817582
77817971
77817984
77817994
77818060
77818291
77818363
77818753
77818814
77819071
77819273
77819519
77819652
77819662
77820200
77820356
77820444
77820480
77821427
77821558
77828905
77829533
77853406
77853424
77862810
77869832
77879485
77903038
77903214
77903297
77903342
77903454
77904087
77904334
77904727
77905449
77905555
77905605
77905761
77905821
77906270
77906498
77907712
77907880
77907892
77907976
77908708
77908721
77908812
77908960
77909244
77909432
77909511
77909600
77909647
77909959
77909967
77910167
77910675
77911262
77911530
77911555
77911698
77911884
77911893
77912209
77912724
77912874
77912995
77913045
77913219
77913999
77914037
77914079
77914187
77914727
77915245
77915274
77915476
77915610
77915719
77916665
77916807
77917211
77917342
77917552
77917604
77917648
77917716
77918180
77918225
77918277
77918434
77918573
77918731
77919486
77921038
77921610
77921896
77922495
77922558
77922692
77922813
77923128
77924081
77924330
77924338
77925705
77961650
77961676
77972656
77987565
78005476
78005755
78005863
78005884
78006279
78007847
78008733
78008751
78008844
78009129
78009327
78010332
78010776
78011284
78011371
78011749
78012258
78012316
78012714
78012767
78013034
78013116
78013417
78013441
78013788
78013854
78013987
78014748
78015420
78015655
78016339
78016836
78017429
78017937
78018021
78018136
78018388
78018396
78018657
78018710
78018827
78019146
78019464
78020170
78020998
78021534
78021853
78022502
78023101
78023252
78023264
78023929
78031689
78065861
78069822
78104083
78104133
78104730
78105144
78105329
78105688
78105783
78105784
78106014
78107172
78107492
78107953
78108588
78108716
78108897
78108973
78109281
78109611
78110017
78110182
78110215
78110834
78110846
78111371
78111487
78111632
78112129
78112446
78112651
78113073
78113325
78113386
78113524
78113540
78113875
78114136
78114617
78114697
78114767
78114816
78114894
78115226
78115292
78115444
78115728
78115740
78116056
78116131
78116462
78116545
78116687
78116820
78188385
78197279
78197685
78197764
78197898
78198018
78198674
78199201
78199241
78199431
78199504
78199772
78200254
78200337
78200734
78201657
78202438
78203184
78203223
78203288
78203406
78203932
78204109
78204128
78204599
78204948
78205323
78205417
78205428
78226026
78245308
78286087
78286975
78287068
78288351
78288394
78288619
78289369
78289999
78290590
78290704
78290826
78290827
78291039
78291488
78291797
78292164
78312823
78372406
78373087
78373529
78373646
78373851
78374114
78374221
78374230
78374381
78375141
78375720
78376053
78376206
78376407
78376777
78377003
78377061
78377564
78377568
78377583
78377767
78459062
78459154
78459210
78459235
78460092
78460132
78460388
78461477
78461964
78462129
78462233
78462432
78462469
78462484
78463262
78464051
78464230
78464260
78464682
78464732
78465083
78465298
78475100
78545738
78547008
78547326
78548265
78548651
78548711
78549337
78549408
78551069
78551144
78551359
78551443
78569539
78581274
78626532
78631967
78632404
78632438
78633500
78633538
78633967
78634091
78634226
78634424
78634715
78634826
78635079
78635091
78635312
78635343
78635584
78635895
78635905
78702488
78716197
78716288
78716624
78716711
78717135
78717160
78717302
78717546
78717547
78717881
78718234
78718557
78718642
78718812
78718936
78720046
78720547
78720817
78720988
78721344
78780078
78801827
78802049
78802487
78803154
78803215
78803793
78803921
78804608
78833365
78880375
78885123
78885284
78885843
78886101
78886426
78886492
78886575
78886775
78886822
78887086
78888087
78919535
78968580
78968655
78968806
78969257
78969419
78969548
78969936
78970255
78970698
78970986
78971021
79019360
79051525
79051675
79051769
79052097
79052521
79052889
79053383
79053405
79053420
79054436
79106078
79125682
79126634
79134588
79135016
79135154
79135495
79136228
79136249
79136546
79136784
79136822
79140450
79149187
79153399
79185671
79217277
79217341
79217501
79218158
79218209
79218409
79231705
79299638
79299953
79299967
79300104
79300328
79300391
79332455
79380853
79381294
79381643
79382237
79441407
79462535
79463373
79463448
79542995
79543653
79545148
79545164
79545269
79546593
79568817
79594106
79604243
79626114
79626130
79626196
79626381
79645979
79707168
79707397
79707426
79716384
79736590
79744445
79748038
79788240
79788381
79816099
79868870
79929891
80000458
80000538
80000653
80001310
80001490
80001531
80002188
80002505
80002685
80003222
80005577
80005693
80005763
80005998
80006451
80006528
80007102
80007119
80007248
80007318
80007485
80007546
80007878
80009273
80010206
80010259
80010328
80010570
80011165
80011194
80011452
80011522
80011655
80011836
80012035
80012294
80012562
80012586
80013229
80013371
80013952
80014216
80014343
80014512
80014915
80015296
80015321
80015327
80015464
80015682
80015806
80016195
80016358
80016403
80016694
80017076
80017109
80017866
80017896
80018442
80018529
80018542
80018554
80018791
80019009
80019651
80019992
80020274
80020455
80020502
80020759
80020824
80020877
80020964
80020965
80021065
80021102
80021538
80022032
80022779
80022959
80023005
80023184
80023226
80023242
80023421
80023564
80024217
80024248
80024497
80024539
80026286
80026967
80027364
80027477
80027784
80027916
80028282
80028427
80028827
80028922
80029833
80030141
80031118
80031445
80031510
80031961
80032337
80033251
80033347
80033361
80033366
80033384
80033691
80034065
80034668
80035074
80035116
80035158
80035185
80035622
80035761
80036889
80037221
80037245
80037412
80037732
80038157
80038742
80039584
80040679
80041040
80042718
80043259
80043334
80043423
80043474
80043969
80044555
80045831
80046098
80047470
80047535
80049827
80050359
80050642
80051186
80051718
80052600
80052630
80053157
80053599
80054038
80054918
80055042
80055148
80055453
80056117
80056789
80057059
80057161
80058229
80059358
80059506
80059778
80060025
80061121
80061485
80061603
80061836
80061841
80061875
80062460
80062544
80062689
80063046
80063416
80064119
80064150
80064342
80065377
80065607
80065640
80065985
80066295
80066887
80067509
80067770
80067992
80068421
80068712
80068910
80068925
80070343
80070661
80070757
80070977
80071101
80071228
80071535
80071798
80073067
80074808
80074838
80074868
80074992
80075056
80075185
80075974
80076273
80076712
80076760
80076777
80076846
80077363
80078187
80078392
80078605
80079150
80079298
80079473
80079564
80079600
80079750
80079762
80080487
80081276
80081322
80081425
80081623
80082013
80082021
80082029
80082032
80082426
80082439
80082737
80083401
80084096
80084415
80084524
80085711
80085814
80086076
80087009
80087084
80087454
80087914
80088004
80088826
80088851
80090425
80090537
80090650
80091480
80092273
80092567
80092890
80092926
80093385
80093396
80093471
80093846
80094799
80094878
80095262
80096502
80096919
80099075
80099535
80099863
80100313
80102708
80102710
80103077
80103080
80103713
80103753
80105619
80105803
80106237
80107575
80107606
80107661
80107691
80107823
80107847
80107946
80107982
80108435
80108437
80108501
80108762
80109077
80109492
80110784
80110977
80111649
80111838
80112053
80113204
80113270
80113637
80113698
80113906
80114253
80114845
80115133
80116597
80117718
80118936
80119907
80120271
80120768
80121654
80121788
80121821
80121973
80122051
80122289
80122883
80123329
80123782
80124627
80125313
80126352
80126519
80126562
80126649
80126683
80126804
80126839
80127029
80127138
80127172
80127398
80127616
80127844
80128231
80128558
80128692
80129313
80129339
80129523
80130163
80130405
80131109
80132159
80132779
80132950
80133582
80134586
80135070
80135111
80135164
80135966
80137100
80137361
80138086
80138465
80140056
80140774
80140809
80141166
80141241
80142008
80142119
80142955
80143178
80143803
80144665
80144857
80144914
80144931
80144942
80145250
80146374
80146883
80147486
80148981
80149577
80149687
80149745
80150226
80150244
80151503
80151542
80152880
80153345
80153494
80154941
80155773
80156074
80156157
80156283
80156620
80157105
80157148
80157205
80157501
80157817
80158342
80158641
80158901
80159823
80159869
80159967
80159976
80160165
80160350
80160536
80160537
80160824
80160991
80161039
80161278
80161730
80161738
80161773
80162953
80163126
80163956
80164579
80164837
80165177
80166017
80166740
80166939
80166945
80167036
80167087
80167689
80169095
80169161
80169307
80169536
80169887
80169938
80171090
80171164
80171863
80172524
80172531
80173238
80173969
80174281
80175021
80175158
80175370
80175388
80175703
80175727
80176059
80176106
80176321
80176751
80177071
80179513
80180577
80181109
80181536
80181588
80181807
80181933
80182234
80182582
80182634
80182662
80182766
80183029
80183116
80183286
80183948
80183956
80184450
80184540
80184701
80186273
80186337
80186396
80186878
80187195
80187354
80187440
80187489
80187547
80187672
80187903
80188625
80188986
80189073
80189227
80189255
80189390
80189897
80190290
80190465
80190557
80190770
80190917
80191109
80191830
80192432
80192578
80193306
80193709
80194056
80194131
80194163
80194282
80194643
80194740
80195240
80195574
80195762
80196827
80196872
80196921
80197503
80197507
80197995
80198205
80198312
80199104
80199227
80199659
80199769
80199868
80200081
80200833
80200879
80200925
80201538
80202186
80203286
80206967
80207196
80207247
80207588
80208129
80208862
80209741
80209868
80210170
80210673
80210899
80210930
80211459
80212047
80212232
80213801
80214175
80214190
80214590
80215074
80215087
80217251
80218090
80218506
80220336
80221764
80221776
80223101
80223383
80224287
80224557
80225418
80228183
80228406
80228471
80229501
80229560
80230464
80230598
80230713
80230794
80230942
80231652
80231887
80232327
80232406
80232629
80232754
80233016
80233367
80233517
80233638
80234900
80237477
80237978
80238252
80238842
80238980
80239737
80240280
80242051
80242446
80243105
80243765
80243897
80243979
80244258
80244302
80245253
80245349
80246132
80246464
80246992
80247298
80248263
80248544
80248615
80248651
80248928
80249053
80249131
80249219
80249460
80249957
80250633
80250655
80250788
80250925
80251067
80251103
80251218
80251391
80251471
80252018
80252499
80252544
80252757
80253740
80254352
80255039
80255234
80255302
80255411
80255616
80255643
80255661
80256380
80256928
80257815
80257999
80258937
80259262
80260157
80260319
80260354
80260381
80261271
80261345
80261705
80261741
80261940
80261977
80262002
80262008
80262198
80262213
80262247
80262421
80262529
80262815
80263234
80263302
80263406
80263602
80263672
80264760
80265038
80265578
80265591
80265605
80266293
80266348
80266495
80267265
80267564
80267635
80267999
80268704
80269053
80270408
80271885
80272150
80272857
80273066
80273462
80274196
80275658
80275760
80276367
80276494
80276552
80276989
80277450
80278801
80279225
80279529
80279553
80279624
80279773
80279850
80279894
80280041
80280067
80280167
80280364
80280777
80282003
80282142
80282771
80283255
80283431
80283523
80283634
80283814
80284207
80285896
80286015
80286145
80286241
80287998
80288022
80288452
80290902
80291031
80291244
80291343
80291429
80291881
80291961
80292325
80292501
80293097
80293132
80293272
80293537
80293554
80293778
80294249
80294397
80295495
80296153
80296351
80296378
80296504
80297205
80297644
80298677
80299296
80300496
80301228
80303428
80304023
80304436
80304746
80305465
80305812
80306037
80306058
80306580
80307291
80307358
80307607
80308926
80309652
80309800
80309842
80309852
80310227
80310533
80310612
80310786
80311462
80311651
80313026
80313548
80313889
80314054
80314340
80314405
80314559
80314607
80315214
80315380
80316502
80317120
80317256
80317569
80318495
80318659
80319443
80320260
80320606
80321270
80321420
80321527
80322017
80322169
80322209
80322251
80322863
80323336
80323903
80325837
80326140
80326778
80326947
80327158
80327461
80327783
80329272
80330724
80331115
80331648
80332689
80332741
80333913
80333993
80334032
80334848
80335414
80335503
80335620
80337304
80337557
80337627
80338701
80338864
80338922
80339067
80340828
80340839
80340896
80341539
80342144
80342474
80342550
80343688
80345430
80345501
80347034
80347455
80347461
80347959
80348974
80349065
80349286
80349705
80350413
80350622
80350794
80350819
80351489
80352021
80352143
80352897
80354679
80354854
80355700
80356491
80357319
80357522
80357922
80359055
80359411
80360343
80360438
80361544
80362019
80362559
80362619
80363689
80364200
80365485
80366072
80366455
80367064
80369113
80370170
80370382
80370894
80371441
80371515
80371822
80371878
80372010
80372382
80372831
80372842
80372868
80373100
80373569
80373695
80373882
80374049
80374923
80375238
80375350
80375771
80376755
80377033
80378874
80380501
80381856
80381946
80382544
80382774
80384774
80385314
80385372
80385736
80386269
80386373
80386636
80386645
80386660
80386984
80387399
80387548
80387948
80388360
80388732
80389286
80389785
80390298
80390369
80390676
80391463
80392475
80392730
80392946
80393039
80393070
80393356
80393499
80393510
80393605
80393670
80393917
80394370
80394490
80397244
80397377
80397928
80398331
80398414
80399705
80401478
80401525
80401821
80402001
80402626
80403110
80403188
80403480
80404064
80405329
80407258
80407324
80407524
80407629
80407732
80408916
80409789
80411048
80411623
80413111
80413824
80414569
80415322
80415662
80416415
80416999
80417124
80417962
80418014
80418949
80419590
80419708
80419988
80420564
80420605
80420785
80420978
80421282
80421297
80422534
80422977
80424975
80426162
80426826
80426923
80427448
80427781
80428337
80428890
80429365
80429540
80429589
80429743
80429781
80430083
80430748
80430806
80430957
80431800
80432051
80433212
80433732
80434819
80434838
80435671
80435682
80436294
80436862
80437062
80437108
80437549
80438095
80438622
80439247
80439721
80439769
80439968
80440461
80440870
80441048
80441595
80441776
80441820
80441828
80441885
80441981
80442135
80442141
80442596
80442630
80442966
80443320
80444037
80444753
80444847
80444962
80445010
80445503
80445586
80445921
80446889
80447731
80448027
80448097
80448151
80448201
80448207
80449074
80449325
80449894
80450256
80450560
80450678
80451186
80451314
80451627
80451927
80452405
80452447
80452655
80452846
80452863
80453593
80453963
80454003
80455129
80455558
80455838
80455889
80456874
80457085
80457783
80458029
80458033
80458139
80459476
80460284
80461011
80461736
80461924
80462044
80463334
80463580
80463941
80463944
80464521
80465438
80465784
80466405
80466528
80467679
80468743
80469111
80469922
80470249
80470296
80470446
80470454
80470774
80470869
80471075
80471082
80471148
80471578
80471931
80471948
80471961
80472220
80472402
80473999
80474220
80474729
80475862
80476166
80476750
80477019
80477206
80477733
80477754
80477875
80478863
80479234
80480190
80481393
80481586
80481877
80482624
80483125
80483173
80483453
80483695
80484466
80485012
80485780
80485909
80486883
80487890
80487979
80489338
80489424
80490371
80490571
80492077
80493094
80493589
80494277
80494336
80494919
80495498
80495628
80496874
80498140
80499054
80499304
80499344
80499534
80499595
80499871
80499913
80501146
80501249
80501574
80501742
80501838
80501899
80502382
80502700
80502772
80503839
80504057
80504467
80504929
80505351
80506231
80506782
80507381
80507448
80507460
80507640
80508144
80508256
80508436
80509177
80509436
80510737
80511265
80511783
80512143
80512686
80513434
80513794
80515458
80515688
80515801
80516940
80516955
80517927
80518067
80518544
80519508
80520456
80520637
80521881
80521936
80522486
80522502
80522524
80522612
80522999
80523130
80523283
80523338
80523807
80524571
80524732
80524867
80526041
80526154
80527389
80527525
80527713
80527719
80528027
80528245
80528812
80529113
80530425
80530664
80531346
80531365
80531563
80531974
80533284
80533713
80534072
80534306
80534953
80535129
80535693
80535963
80536321
80536330
80536922
80536974
80537467
80537775
80538237
80538259
80539111
80539139
80539409
80540028
80541061
80542594
80542698
80543116
80543232
80544011
80544484
80545143
80545354
80546868
80547089
80548214
80548638
80548664
80548811
80549283
80549804
80549965
80551530
80551706
80552136
80553919
80555396
80557096
80557206
80557578
80557708
80558048
80559466
80560690
80562629
80562779
80563088
80563308
80563472
80563964
80564333
80565299
80566032
80566048
80566067
80570092
80571180
80572850
80573500
80574207
80574825
80576487
80576638
80576694
80577006
80577215
80578510
80579163
80579670
80579752
80579994
80580186
80580439
80581276
80581939
80582035
80583444
80583706
80584272
80584404
80586203
80587279
80587494
80588211
80588716
80592282
80592574
80592769
80592889
80593149
80594518
80594540
80594702
80594708
80595827
80596074
80596494
80596590
80596667
80597349
80598110
80599293
80599896
80599901
80601693
80602047
80602624
80603588
80604381
80604712
80605481
80606207
80606261
80606678
80606750
80606897
80607079
80607442
80607672
80607785
80607962
80608077
80609340
80610443
80610989
80611705
80611785
80611926
80612152
80612322
80612389
80612963
80613398
80613702
80614347
80614419
80614736
80614833
80615093
80615098
80615284
80615512
80616025
80616077
80616199
80616312
80616734
80616899
80617142
80617524
80618460
80618679
80618680
80619037
80619038
80619359
80619637
80620066
80620349
80621138
80622031
80622037
80622565
80622696
80622765
80623130
80623173
80623818
80624170
80624187
80624845
80624996
80625028
80625408
80625644
80625981
80626034
80626236
80627262
80629156
80629981
80630890
80631056
80631128
80631199
80631246
80631318
80631929
80631977
80632653
80632721
80632833
80632847
80632931
80632986
80633001
80633182
80633509
80633712
80633856
80633903
80634044
80634149
80634706
80634810
80635129
80635271
80635308
80635423
80635955
80636506
80637073
80637328
80637555
80638630
80639522
80639539
80639843
80640310
80640314
80642872
80643311
80643347
80643473
80643633
80643716
80643843
80644014
80644074
80644756
80647625
80648843
80649109
80649296
80649829
80649848
80649866
80650085
80650760
80650908
80652331
80653349
80653777
80654759
80655375
80655646
80655696
80655921
80655971
80656083
80657311
80657385
80658041
80658428
80658454
80658586
80659032
80659475
80659728
80659788
80659912
80660000
80660079
80660336
80660394
80660477
80660972
80661090
80661429
80661862
80662450
80662946
80663285
80663968
80666146
80666973
80667876
80668178
80668689
80668790
80668855
80669076
80669252
80669559
80670078
80670414
80670457
80670826
80670893
80671005
80671060
80672101
80672118
80672308
80672639
80672889
80672938
80672980
80673072
80673299
80673557
80673853
80674463
80674920
80674931
80675211
80676423
80676530
80676984
80677344
80677674
80680188
80680398
80680937
80682046
80682391
80683337
80683769
80684073
80685517
80686122
80686283
80686292
80686656
80686720
80687033
80688464
80689825
80690005
80690106
80691506
80692074
80695934
80703965
80747887
80796693
80824155
80824420
80830666
80841836
80855344
80864064
80871108
80872132
80884636
80893354
80894256
80897604
80900365
80902089
80908903
80909340
80912003
80918082
80920246
80935010
80935666
80955528
80967576
80978462
80984220
80984271
80988746
80997081
81024243
81059611
81059625
81076946
81077428
81080098
81095479
81102035
81110449
81113066
81119331
81125006
81132226
81159044
81211737
81233036
81240299
81252221
81275462
81281010
81285021
81289927
81292069
81310710
81312910
81324387
81370008
81377578
81408474
81422839
81438301
81457316
81460735
81498275
81542927
81543731
81546805
81577984
81582084
81597663
81598524
81633981
81648290
81654562
81676009
81681907
81704234
81712684
81877207
81879143
82033483
90000079
90000500
90080945
90081169
90143283
90221640
90323514
90404340
90565574
90625135
90673462
90805997
90881085
90887670
90887694
91072141
91289334
91289356
91289536
92418495
92466846
93055002
