23676389
42917263
46057822
40378986
21538840
21574700
43413487
76469461
47718260
23562081
21816379
41214635
40502889
43616091
43379074
46056372
26643350
26729256
41863761
29615025
01186124
16581164
60002984
20081538
21537338
41788552
42262670
42338349
20102968
21577647
47470791
29716801
07368966
43720465
09098040
20018425
30850035
46418921
44101358
21517664
44350082
80548811
42019482
22282092
42938767
00369171
31490239
31036508
04731456
40722283
04439130
05851098
41899026
44301228
43049714
60035977
43479934
40972848
20070429
15709537
73435308
41769365
46420207
40371635
45686066
31662243
42219349
41737201
21538786
45974251
47668582
15643281
19576437
42924539
29734053
19801476
40111248
21463434
09641161
42554652
42383664
21534205
45009708
41873268
40145304
27988673
41792685
16160005
23961603
04438754
23984516
31183540
05643097
33341217
40712612
03827494
42309780
40113524
28243326
41082193
41968765
24887039
42888213
43170905
30413195
20023614
23547109
74775577
40955565
41116566
26722793
40921245
16146411
40845794
45482188
44902672
05364536
42601901
47765944
31033825
43402209
75053030
76020774
40467044
42260652
42386306
27737913
40911148
46037559
42342352
71438323
31541836
43599356
22302781
43835146
43755687
09638607
32131034
45666952
48670847
40987311
80363689
41080494
09953549
45285204
40072599
42909168
42204181
09752076
73516199
42040127
10700953
27074713
29481386
29481389
43338686
40811834
46673641
00222131
43432431
42578679
06782065
47258958
10226150
32394887
46511277
47936406
32653919
40511353
21475895
21520763
22086548
05312537
40930273
23948320
09954263
45668401
29363450
08724237
40571059
45825274
70392127
20440534
42189037
20676922
31682313
41035429
42492622
42751991
47294067
09294449
44341309
40146731
15289379
44204970
24986376
46803243
44004462
70451294
70031379
72006394
43242863
41520498
41851723
25317001
80311462
21815125
15980229
41142019
41076901
70761984
32039166
23266286
21557012
48791812
40252809
01140329
05377263
45275401
42156922
43266899
42025149
47181596
44350802
21480518
44741915
42168820
04078073
44105355
30953684
18020126
10432704
32393203
70223530
41856391
44730390
31150029
44065978
41742957
43986780
31189037
42006623
41199095
41469573
05599452
09853156
41456577
21885882
72193987
41142500
17626660
80342550
20547268
42125711
23379074
23959539
43814418
44501323
40836517
10326932
73421952
42479838
70414588
32908359
45990438
23538741
46471581
45498298
40705838
06290835
16562577
15716049
20558554
80081322
73533295
42327738
20072937
40341975
40687297
31309059
72326071
45062803
42641009
45454393
47149980
45639500
04744575
43334169
15369289
43677680
21856504
43494816
18202454
42114614
10151331
10116284
43074356
29642666
73468183
22277800
42689017
71350518
47477275
43272187
29460883
44407381
21859452
44858210
25140672
15438822
71811297
46776381
44235804
45045602
10833503
46771316
31357710
42854852
80536330
45979392
16748726
43957544
30481804
45979387
16766636
05322124
31359233
06310702
40993387
09999914
41538602
16140800
40951513
42363846
31477202
45773378
07303178
43834898
48017743
08115687
40999308
44127997
10694226
42303377
05617652
70071772
44666750
41911174
44316333
41072300
09428407
40140610
42867178
44425559
23702495
21473116
46036760
30493608
40553877
16711674
40436978
22190112
40344251
24467784
76531588
42946530
41006382
40960779
00106565
42667599
05934852
30844081
26696459
32526203
70868910
23275352
10644197
03606393
30410037
44274588
46306930
42409282
45827168
23543700
20099349
06070491
40508841
05333232
44074274
40872056
05310561
44956979
29722785
70475172
05351319
40668390
05785910
42223844
08499978
43260838
70360790
09950499
31356574
43501894
45719478
43700917
31528470
45680111
09383442
48079017
72761595
42923306
44920942
46210013
46375961
70337787
42483118
43208451
46669640
31035753
23904494
45630908
02877312
21571114
17448423
16126829
21865904
23949705
21528668
45361539
22300234
08154518
40118077
48385933
80547089
46040660
41948827
18190425
20070794
41171737
16147735
17449781
46138902
80352021
70319384
09370514
28292009
41497546
70502246
43871121
15362651
44536171
29606869
06112679
40017814
46447467
45062532
40428412
71650219
32534929
21530427
07696139
43739992
80140774
09257474
03688518
46687021
45480280
00119993
80279773
40705935
70410187
41849040
43231521
41275041
15203566
27077872
42546878
44519276
42573199
44233270
46839133
44999111
41103300
32263245
23688836
19988629
45077157
42800247
71032099
46376819
16626511
17895594
41342882
29425488
27843365
30843391
40421493
15449897
41153286
44615612
44921086
20097373
40936279
43027338
42682509
43044450
72093602
40393531
43255166
45182271
47627637
10173979
21000179
25841380
19961200
43750351
17616131
71878085
46077803
47072102
00478086
22277295
47192262
40807310
45373533
46692511
40706587
43550918
41204505
05296825
41445604
42898954
70032254
32225043
07454460
07685101
43862968
03879025
42083711
18222954
43270873
28068318
72847059
43301547
41964046
32388440
10478749
41391670
43183970
18170139
04437660
40443616
47628895
42984877
42391441
02703611
03629765
71891672
70084407
15407986
00320564
45076404
07827758
70129397
16570964
45558768
23013968
43591436
76726560
30763140
30655452
09207225
45629783
40273608
76962400
23017458
01272173
22103317
19922835
30581024
31636809
42771177
40198998
70087861
46155639
23224915
45602202
73001392
42133154
42601831
02307761
41859848
10731172
29565509
29619602
02428405
01303221
46884996
45594104
46379178
44486021
41602321
72836893
44601629
42259878
05610073
01996327
42661843
41662628
71319610
40629498
45700102
20025883
09962872
41558065
08088306
25319340
31358279
43241671
41325153
42269057
42546601
43890853
10111970
46889679
28267263
08848915
04338761
42193721
00097352
43749397
80489424
10216895
40464317
24489147
27059011
71989726
42462466
40917854
77532898
71306276
15865635
06101136
43782245
07905194
07228275
42318538
42480824
40915870
70614318
44516735
24477478
80386645
42033345
41637592
42841740
42275491
41867846
43189543
44662593
44955464
31477611
29342441
01343052
08351887
25310300
30946627
46065841
40161515
43869408
07846151
41270207
42310831
16316455
62105638
41860624
43488988
25002970
40445469
08915136
00985380
01878402
43089832
40227384
43523699
45468752
72372105
41168476
40633422
31173722
24895686
24809799
41788789
40047538
41626179
72297776
09369212
01873689
43091307
42142946
21577003
44518872
71288319
45107837
31485971
10607496
42361128
70195760
41414118
73322205
29723036
46048573
74604400
42110192
44890934
22474287
06634844
43274473
47512965
23276945
43245520
29516747
24803784
43634495
42903313
02417834
43153692
73546253
40149126
43853548
41781786
70210037
09471670
44793195
80237978
16129941
28997334
19568871
31544288
80153494
73691259
42172396
42288390
75695108
01558533
40503009
24002078
44092761
46420881
15743902
15693637
22307495
23214805
28302918
45945708
22098601
46797842
23148340
41300908
24580705
15431960
10738514
46301565
22494854
74228008
45505777
46697379
43852855
25198221
10301662
42323035
43475068
29539419
41554221
43329921
09436439
43672943
45463268
27277574
20047422
43441709
42264461
45001593
31188592
40441790
40103278
44703633
42349336
42717535
06762685
44011759
30480172
47310754
80411623
60267604
05327130
48186833
09599750
42102740
48163439
41610701
09431194
44166578
22503331
09723954
07149120
16592063
61393228
00964349
40171064
42695097
09842366
42198746
29468464
40795836
10874413
42195311
44047318
23948053
72088739
16297406
77808377
44244546
42004325
43538465
47316933
43594439
43072716
41049170
42275235
09711745
42353343
42428056
42251601
45612917
40458899
41705207
02431682
41107069
41166177
02555661
29657899
47863197
47620195
73321739
00453746
41812399
42618046
22887923
42255066
22501279
42272283
43877319
07579084
16752671
40245963
71844297
76335795
44308825
02439234
46321523
45352691
23935910
42196421
10384115
70224498
40695249
10501139
41795780
42093199
09252454
20563293
09733743
08876056
40019431
23961993
46745104
21493337
43507529
19260046
43993876
72104571
15702408
43351222
10549867
42969230
41386945
44588892
30422980
24711539
30428264
71077373
41015391
41749082
42033677
47645799
45331739
08169105
40811252
01320876
24003274
31004011
20577580
29726378
41593490
30651766
21562060
43264374
47969031
43027547
29459911
73856381
31037895
31342764
43303824
80616734
22461241
80218506
43816554
42639861
60050939
41848278
25006237
46769529
00520986
08897669
00107899
40343403
00122832
40066486
48397783
22437690
46038785
21549185
42317073
42065832
41365233
80187903
15355613
04435845
07229720
09785472
42179056
80079150
00082474
40706405
44605168
46142876
15731969
31652178
31135543
44674828
46110687
31020234
23900323
47656626
23098341
10258707
21578364
80063046
74161286
41760686
70216604
44527821
46760298
31032075
40865375
10029477
41672728
43154307
28825264
44187568
70237648
41337072
16650003
45479765
43422724
40228203
41972484
70166250
23967598
23967344
44116512
41550257
42268758
43283207
42102735
10379403
24003971
01851286
27732297
42281084
41925552
48353901
42300884
40546688
46040591
02050261
40893863
42781757
47141115
46275401
16284521
41724553
41737585
31543636
04815550
44364264
40712450
28835894
43485243
42294023
21482739
43471570
19892699
45784205
42575915
45913598
43446775
43442954
42024338
31476755
29498641
42193969
41907958
24708740
28311889
44273523
42090980
23008641
32300035
22674035
41970073
43825025
75589115
44074365
09373210
22874446
28605451
41585448
29557433
40171454
41896805
42121661
40254985
25317804
24988233
08805812
45475536
43964281
02444160
08878977
24486421
76617696
10092593
23984825
70061946
40497883
44482163
46498422
44954286
43679083
70522162
80327783
15986169
10185361
45863692
45952387
40936738
41504575
40667414
41285487
09287828
20062819
42204414
42420823
29542701
80318495
45068152
43090657
45742339
42870628
40762800
40109405
15421650
01162547
31034346
80448207
46738153
31355388
31823131
21801996
40786740
40068333
43840760
44341519
73486801
16699102
31188135
45451807
45128335
22886844
42301768
04083679
42842808
43372789
31043877
42894483
40516386
40466981
48103164
10586151
41938963
15762412
45470249
24373451
80066295
07667737
80276494
29706651
42430140
31934220
07629825
09573309
29542484
29553315
29643206
80669252
42128012
29333809
43966577
43050509
15858734
42661284
45549475
29697653
46388422
42251509
42557575
42683854
44414903
44209492
10641664
01343372
41915777
24586292
01502879
23846458
15430279
30941609
41464650
02043531
45423173
29351728
40539075
24791400
29640045
27914714
42139295
40542912
09894292
80081623
45086752
33599097
25190736
80671060
48180449
24870138
42386068
28289767
23853785
42918450
21535992
43839503
43726727
00234827
44664184
48534916
42794961
02412375
24709260
01333975
24682928
45399757
71504475
24715632
40187949
44285515
40625252
42440599
60279507
21485834
21576304
42293638
41469153
45493681
24002814
02759583
41858461
46203006
09652293
25319535
41794827
46930068
41418949
44124705
44548932
44638079
43363652
24690387
23537089
45888262
44665773
48161794
42633846
45355920
41138159
20006388
42141345
45470180
25309822
09242784
40214492
76980850
24463327
44290720
70113511
80668178
80212232
24005203
23960707
22296248
03231541
23535446
00865116
45175837
43000555
25008036
46743198
41570611
40939234
42624631
16577037
22292891
45439997
28604640
41094992
47289410
42606368
23975992
23916804
42629603
02663547
31184868
43555447
43933946
21463977
41158850
46404614
40001516
70579413
41919025
40951028
29083188
28590309
45417937
22316018
31036717
47786375
43306239
16696966
25132188
08582155
43830993
43511295
43965638
22876885
24716666
03333236
23963829
41830105
45243155
42732690
42339753
03636340
43583312
23949398
45017629
02287680
46300452
43435078
32826060
23542571
16778531
70392061
46273563
28219979
24580089
41151910
01344287
41121034
04823569
44750580
42729143
40509683
47931920
43162960
24709110
24894322
31182291
43930049
71503318
04811967
04825976
71199465
23940751
42489527
23840455
24003760
44281353
18210216
26961824
46134122
41489996
41528654
23532288
40407854
01297231
43159101
27834690
44510790
40063013
44571686
40354171
43905569
70476741
41111033
44532001
03900350
27417710
27378939
27752765
43214655
31361221
07958538
18080806
43577970
07500629
43162907
46653751
61039645
20081480
41332813
71801430
41741846
41766908
46882008
26674727
32644899
43415062
47363889
41928103
41922168
41175444
46154250
31654700
47200767
47371778
19560490
46007597
42111472
10490089
45462046
21509417
07708777
22080597
03699517
43096526
44963793
23248923
77053517
48467590
29328246
09283655
48099926
46329493
32729538
47146870
19912261
45839518
41400665
20593931
43811121
01144507
46169904
20683710
45360877
15858975
70114726
43869319
41151797
40504962
45377040
44821658
40058703
32136962
32302787
32296790
42260255
41748692
80162953
21829332
41821766
45260600
42277309
23534688
41132096
19939983
47777953
00448424
21856696
40387064
23557527
05713506
31527103
43090193
47483069
40127171
26724767
43931914
30582755
22520415
29625415
09881775
80286241
16755010
43055909
44083163
10724852
41231454
73053976
46417360
45380609
72174086
42873968
40791738
04031372
42648055
10432637
20905890
22103051
33257395
71709364
33674917
04049779
42771942
46609902
40756483
43629652
33726867
43499657
42680508
00434427
42133140
43131231
41826432
17544522
16744461
04026182
21537775
80189618
22672894
41379636
40935208
20087280
44904965
25831235
44257424
72325117
45903026
43788834
27436496
42047436
44062443
06699274
03099687
41913474
40808543
19970684
40228022
46746128
42083944
42878173
43138046
43032253
42856942
20688026
44981802
20648581
20651972
21250944
40153228
43478404
05063517
42123322
43238944
44639711
16167943
41485349
03688577
41155692
03369577
08180353
45687956
80387948
43097660
46085041
41830251
30765023
01539687
80011836
42327430
40638362
04809463
19670416
45304989
22446507
42080860
42276663
43099539
22706786
09873189
43562524
05845311
43910548
44885278
80543232
30770714
41287711
18005895
22665688
31607888
20685541
40154155
46840348
10164888
30953621
03686893
41265414
40806064
25198505
21421456
43649428
40052354
03344144
23688341
32489555
19973545
70076007
17555488
01055191
43346396
20059334
00483605
23974865
42120893
42101937
43392572
17575201
44673111
32042036
41574474
41503018
33246917
44701245
19868784
16787065
43924996
43924803
43271891
26671204
42531760
44116499
40067893
32602477
32027318
45497075
16730454
43538788
46015299
19426487
44641760
43706405
18073519
40612004
31635519
00675233
04210128
20679068
44571490
28308266
41511440
23837687
03243259
47305990
40957052
22309723
17443261
48510150
40155096
45584425
43966110
70749441
45577837
23528929
27268424
46663709
44382443
70910279
42143213
40741203
06589913
00808624
27731018
18858095
23680431
33678039
42457838
42213112
22661680
43092260
46113826
41927169
43153515
43147994
29646349
20965316
03502687
80372382
44358473
42491136
30941091
20071065
16796198
00181938
31617926
44826829
41693392
09045997
44799896
10620795
43660826
29714272
20024800
41581551
43606452
71908832
44020641
41843303
46884545
45075864
10409473
27415796
40803524
41109022
42621611
47348529
04824614
43249810
05853381
25318391
40549602
22304127
21860343
80634044
44845382
45598401
19425591
41989557
09526506
00890655
40605326
40778663
20966897
29548339
40812450
42710765
18070820
46395349
31935951
01047452
47068293
41240151
16731151
42892190
47689163
32404315
42095073
46860442
31660706
21515953
40495337
41522676
26683615
10303135
72778404
71882951
70093620
05928063
22660845
29635975
72214466
33804817
05786644
41743476
44972972
42478561
45935920
40626594
01092990
05405570
44869388
33827661
00683263
44662242
44502358
01188655
32029719
40695527
10727533
10613289
03879087
41898886
41609838
44405646
41854110
41142370
02823699
33418110
01039995
21795935
15855159
42190610
70936343
20420979
09737803
02884739
27395696
23171816
80629156
41068492
43604705
10088755
42090499
29625065
40473172
21573347
43188617
03241457
42624373
40260885
10777392
00944835
21875167
74123887
21286326
75542193
40436270
42701652
41001583
46164382
20058153
19837531
45671082
42557638
42460933
20689787
23687994
74424788
42162969
43297638
80623130
43038517
76808136
43968691
23699942
44320113
40635616
46476517
45686135
23017376
00835889
44331215
16763027
22754893
21543001
42936521
21477430
80317569
44734348
46303593
44640696
19695632
41166365
10130402
32387306
46946412
08746760
46314349
45644991
31184789
33248484
33248674
40502850
19845039
40862238
44753363
80126649
21518771
43978572
40619774
22196590
25006653
42768186
21266150
01131251
19326140
19036280
32046313
19957616
44369094
48693926
09929939
44057289
71924625
04031782
18858069
20115680
41749437
70233498
80161039
46499498
73053654
45520181
07534179
41635844
20039401
23963848
19433346
32389935
70764586
40132891
06772100
41836026
71480540
28604632
72246840
43097319
44134494
17899724
30642531
20423050
40635944
25007803
42715274
21122538
27418581
20555257
46821037
42655129
33721200
29649422
41552385
46892498
45966789
40615811
28116407
01162561
42872409
44063327
10678017
41538001
23926868
23804781
32961536
42200870
40910995
19080539
41605088
18196868
43650437
80579163
41481015
19249949
19245531
28105889
31343987
24948289
02617281
43898605
80203286
42002653
43035313
27428773
33958996
43302112
47561290
31680937
42729049
21547368
01114790
42203130
42800078
03483638
44065481
80260157
07499557
02889418
42712728
43773998
33245797
10589069
42769187
20679238
43906583
42006618
42236616
20026651
26688144
80294397
06883104
32523307
42134858
08815101
41597469
09559576
43439419
04034935
00673975
24291910
45956698
07562334
80140056
80253740
07571057
40539272
42265433
70253647
41376614
45251919
41736250
47682848
05856680
10211111
26928285
44124016
27266977
46445062
40303331
44053148
20722733
21278796
46084966
42572624
08680909
41990005
22184510
45284162
44707623
43345525
44456400
29429782
20121652
00087877
42046914
41620654
01086232
30846622
10677306
20719926
17435418
32887271
72159465
31548640
40146798
03098755
45956650
18228478
46092523
10563999
43064168
33726898
41562724
40233323
16466722
19911034
41161603
42378538
32407636
42775246
41913489
43900040
71087810
41685395
27836042
42301402
41804394
20902018
43073948
41403136
20066329
26729796
40921359
80123782
73370569
24372730
33432896
41433511
42719868
40726478
18101948
73519349
19426891
04425761
46243933
33731310
41299077
31541697
42625163
70984491
44140450
27417212
41059087
44465613
48254214
40187655
23939547
42093201
32952540
42380669
44431212
42150959
09889586
45695548
20035883
02660914
23899511
23227306
09502477
01131733
08693968
47013036
16695888
43589035
43745767
23557363
09971018
21103044
43116435
44447524
33430299
31468329
06007781
10139419
00493245
43036679
05340858
71609103
15432480
46795094
41960384
42529367
16562026
24008007
22530306
71975305
41093354
42329074
25784195
41407737
22703768
23268708
17634149
33572367
62590056
22188444
44086509
17437539
45823433
42848361
46748967
33424030
72569942
16694674
27413157
42069875
20037850
44331059
43502313
47302886
20045095
18109659
72203038
42645965
74025603
43709435
42886204
47452686
44483281
19559031
22311195
02611233
43536576
47554554
07260150
44371403
44308761
42066879
02675824
70167044
00824526
41691667
45715515
27418936
47456646
45215692
03700615
03877422
28206025
22301920
16678195
43131012
45526436
44618070
10646736
45294561
33812512
07071602
40957290
42806749
19428739
43352588
32875996
48230833
22758313
23561870
47998823
42185585
46174185
41144742
21120687
44445262
17620677
40070973
45766330
44951039
25795538
44051987
20698136
27386914
41146210
40871117
42366566
10886570
16678475
21457455
20078075
42380679
43980522
44438555
42187862
41416725
42878956
03113225
27855390
25637163
31160534
27990819
02820471
23093189
40597922
40509137
41668504
23967516
42767963
08839749
80574207
42312766
44148788
40665622
21878470
46995902
45136650
19691832
05620558
41661663
09372340
33598643
70760659
80021102
43170581
10141630
43366786
04744812
32647728
44117039
48332326
80132159
40296148
43877231
47857261
42560040
27739791
31356780
20123523
44102437
41279706
22277103
42748070
41161713
32487276
44740229
42637002
45842572
42250027
46969964
29603075
42962015
16639970
04008500
16713549
80124627
40789021
44778411
41297585
42553957
70151988
43518134
20721660
46922912
44116084
29294444
00482905
07497858
41371993
27559735
31041677
74697166
20719927
41286582
46057582
33722220
40823906
41957132
45112995
41482708
42138797
41790049
16562985
41724637
42770288
32536751
22476999
73232577
19918448
29612624
45963255
43711779
33800488
23976565
22490176
32992423
20665202
19238295
28068407
10314774
43226358
21857695
42627604
10292489
41672751
40721243
03872123
25738359
41439162
70865006
21575523
23258208
23545672
44370148
47759171
40611996
45493355
33431690
19415695
40350371
16672869
29595880
09645548
42975712
09474529
04349144
07085686
44347737
40902030
41958579
33656668
32495753
40987704
40346350
15395218
04050908
42053569
25838145
04033535
09673289
04060832
42878877
40689432
04079298
04070426
09929147
04044557
71251638
04087013
04328404
40143182
16137408
10040121
16168360
41781957
45497607
16150663
15430240
16129782
43507416
15708871
09893205
15741557
76738267
06506965
43919533
16148999
06723449
07682734
08873665
16134243
15744597
16001671
16021687
07652876
44722362
08148402
43995347
06135465
10537346
15282982
40576875
40513984
16147344
42115995
16165778
40617204
80649866
06781863
16139036
15207565
09889214
15746669
80510730
15354294
40154206
40056909
42268126
72890902
16281357
03464952
16017916
06885406
42137473
10079989
16301222
42091759
04203355
08077824
15694295
06888865
42329097
15586679
40797602
08167306
27729518
46411895
42303890
45074178
46801847
15866931
16139888
15205376
40081829
42287384
70428923
15395293
09421472
42158642
15201870
09403074
15422829
70275612
40764855
48074806
70278173
16143415
15698762
44167224
08882544
43623249
42749346
43094932
08631606
09322553
71132742
75700512
41475696
15381413
10444221
16300268
15204640
44667231
10049082
41311970
43362168
46844157
40514872
15721297
43872019
07669405
47194576
16298746
09059460
46313122
15384295
15437503
16307938
40282128
41463776
06833838
40719014
44922518
06606954
42419345
08880066
10567721
25582629
16158462
03654847
09706637
41127486
44135867
08426360
16127255
44592363
19952133
41526377
45384800
09371112
40141470
09935532
09401281
16128190
16305888
41571957
16002187
43554511
60273552
10713674
10776069
15841195
40739328
16176006
44532318
47720736
28297313
44068884
70236362
71209020
23973361
41360675
43835360
42619932
10747986
07492200
21574472
28851988
42914241
42757355
22079667
40740204
42170226
70153062
28811480
28710131
43002798
47534944
40709404
28312052
45277185
42414693
40396621
41326754
29089428
42078871
10081393
43938887
07456491
28306640
28298871
09268232
42986898
42427563
28314437
43664570
40929065
70148353
42226239
43553690
22310527
42320103
41868757
41961983
06828247
46251881
06624214
28313389
28285517
80549283
43635531
28806638
21557883
45552086
41576611
45558800
72395716
22079763
41746728
47500343
10559895
70190943
42226699
28595715
73392904
28835177
43322977
40832389
09650738
44402176
44048956
28996521
28297139
28842554
07752653
80050642
40337119
40972073
42280746
80017896
28981622
72445138
44209508
46035717
10118628
46313882
71598700
30571606
43629085
72655243
30763223
42661876
41223616
29329250
01299391
16135020
80263302
29468683
30417993
47182606
80355700
40850978
29419055
29666596
43588194
30670436
29314353
30421213
40674419
43348705
29576545
29633170
29351161
42663291
74071886
29548785
30647931
29614764
46393007
43897007
01331892
42412411
02169797
02444075
01310290
42360235
42401329
43528499
72637973
42961724
42234297
46464129
45153346
02166018
41093069
41960155
71867841
40057423
42712511
41602567
71739878
42878651
80010328
41713898
41158572
43651538
29428626
01271623
01228232
01683173
42573837
44239910
42639730
46128743
01313506
01549761
40693124
44401247
01340052
44139540
02044080
80494336
02417158
02398556
43338076
46053184
40387886
01512748
02298857
42792437
70014080
07511089
42333322
41163335
47593349
40995066
01687764
01704775
71044895
29569336
44124743
80082021
24719301
44811937
01557702
41667589
01701821
40739570
01853648
01321011
70482772
46352443
41517898
44854645
73956072
42886274
02535060
40570162
43155585
42468744
44304696
00662231
46630753
40999935
72206003
43777783
80374923
42310787
01869014
70437034
46910386
41679032
41267434
43047094
45651112
10131622
41026666
41866246
41624751
46846224
06468266
17894945
18873404
00666539
00880943
43516349
44756974
24293386
19324147
01101016
46113064
46895534
27716656
70254486
43828124
09526850
42868291
44186015
00448221
46472654
43275024
10683246
48112063
00664154
45116822
42016889
10279150
00972517
41282853
44398153
44709978
00486787
75786142
10636002
80411048
01134727
42463032
43542831
74201958
00844052
46299372
01058605
07500904
40599850
41246993
46681453
71532733
33596605
05405741
77206360
08242162
40945957
41493289
00834864
46548322
46266311
44413942
46262305
45525242
18178056
17821358
41986625
21412635
06806597
00048357
17610651
40188910
46347231
42402576
80232754
71256140
19433205
40758954
44584770
40434351
42858184
24678372
29421714
18107845
09884284
45940376
01142673
73388378
45920344
76634133
00828444
09433797
77176579
10527133
42272776
70394170
42514628
07773463
40559103
18850473
42303352
07255022
07744319
18836166
20028238
01187184
21475932
72023259
08081315
27577065
46308763
40330584
01075127
25662907
09925303
07199811
43748671
42635675
44691476
42656236
00949135
43484529
45473759
10273762
10275884
41048941
43270349
18175275
70225660
42460248
73115950
10577561
40847600
42620947
17442215
16620529
43201321
18089234
41886120
06805658
42201155
45456985
42538314
72202415
40528031
48145435
16682106
01023757
46082553
42241441
16780856
16784537
42221693
45667381
80436862
43440368
27423954
18025075
60587244
46630699
44201962
10154264
71311395
70920196
18138891
01132617
07684635
00452685
16696020
07414635
43974185
43445141
71549438
47393004
33768266
19958501
23562777
43195773
42391931
47950589
73616514
43501865
46776693
28266932
42582338
43778238
48418909
20003720
19960912
21247267
20060886
47678571
71784891
42391961
29554296
20678791
70198009
42110643
41732470
43595098
45208042
46355996
20906314
46295598
42921497
80084415
43126462
40904250
40744950
73975792
41543728
20691306
70019892
44661390
40728409
10439955
47698489
41585623
23710171
61554827
42247589
42124152
20113283
41438862
43780411
20427018
22705958
29572059
48010180
40712108
41168972
20072939
48173652
20054203
28294190
41685075
41915155
42396957
44099899
41314201
43426636
46983038
06245413
41968752
42402836
44025248
33764045
40207951
41057552
71956745
46841631
46864608
43501243
80299296
40815231
42741053
73103379
20670470
71704087
42345311
29592519
45595809
19970124
20042914
20702857
10745828
70232455
46000522
20674434
25484602
44587018
43982487
10590382
20972306
33597584
70351372
20663950
60002713
40325826
44287032
40360833
20593275
41911941
41276931
42159479
70064053
21140038
19987074
70269251
44483414
47816379
71196690
29303896
20428694
10673772
40992101
43178242
07945492
40743830
45810426
41276734
43525896
15972769
15751320
40553515
43575805
06615071
80283814
16008401
43881554
42697872
10330755
10463226
15643758
44350928
40948946
70085784
42210079
15648213
06556662
40358577
09188845
08602510
09418430
15665327
20719576
20741424
41558826
09287066
40977612
06943971
15726284
06222432
16131433
15679444
42008707
10088159
29728836
41894960
40381093
09620169
08620378
44422046
17627464
42012554
46243736
45934139
16775783
40496667
70782110
72693149
17587696
10631671
19911694
43132118
42716627
42008825
42796203
42380582
20113335
06735769
45167818
03692364
18176947
43355847
45137900
46203372
18116747
18165694
16136195
44131201
19221315
19216244
16617369
17448407
44297685
40438276
16127254
45478640
43690168
80673557
08152556
16539763
42979824
10354166
42052497
80511370
02793672
25771488
06226945
41345801
10347978
09678917
44372447
33596779
42299901
77388997
42022250
70855973
70523807
72766683
70178373
31036289
10708793
47910728
80232406
10242916
23020412
07318262
23005425
72028527
42210662
42660300
28289704
44979204
43932642
76460263
01334119
48243154
04325238
77676746
17443974
45004163
42283354
44772741
41532284
23607832
22892706
23171754
45901481
40964185
23991415
44204263
80151542
24584070
43549962
80576638
44874644
43461088
24572595
40890461
71816551
40882268
45278472
23947844
24485790
41148685
43634477
41473850
06806211
30647990
44766192
46777613
42012105
29728398
71584056
43594987
41365338
41448246
29285875
30663128
29662205
29611992
43267101
29631624
29712235
30863845
29505793
44025958
30776791
47091231
29521456
80197503
09411102
10753071
44022246
29501136
29329221
42084110
29255700
30645634
09690779
30579234
30582555
42045175
30571838
30651776
42477663
40844621
47716954
45442513
29569534
41451304
30410762
09436697
29482953
42887423
29379481
71257793
02164575
29390073
29543719
40983530
47253463
06276175
17609783
21402919
32404718
05390923
15289342
18103390
08481866
42636560
72527762
07682398
48103778
21003535
45552356
45703516
07262622
06609216
10484178
09602744
16131536
25521974
46115951
17589919
16626474
17421269
15755444
10132800
71733514
18064652
40334943
21885521
17446344
47779304
01149914
21481109
40603685
40381301
03241285
44939586
15426461
45674010
42410585
07926776
10529002
42188092
32128655
32401544
05711980
40499987
41284709
45499570
31642620
27848994
16135151
09765275
71501383
40952537
16136798
70073385
05787177
16736879
48245291
40890589
45833952
44661086
45256422
45659781
41525513
16520917
42357693
09881148
06965005
00030838
15205835
43841423
41938146
32109240
05314470
45629655
16130240
16717614
42124001
40896770
09704644
44054816
05358940
25646622
08945647
44712842
43661878
15722902
41221397
05311920
40352134
40913743
07493327
17614488
22099863
21862847
21280137
32129671
09327149
09894451
40675103
41052084
05399730
16592794
16744140
43735190
41646907
09054827
43415748
72271899
01155223
16174633
08674320
43413998
16175582
05356376
42900663
44015433
09845080
17443591
48392772
17432292
16298772
01139904
44165079
05415444
22097870
43462645
08963680
16149713
15356900
08869820
41658152
17425908
45737959
07933576
41807927
05396614
43031177
10606412
40821955
43005689
44745338
07470088
17579305
42112576
40747680
43042587
05375523
44636402
80539139
41683445
00944873
41311284
41235323
75834384
05266023
43843531
44250109
16127244
43813779
44724250
45097931
09947433
22491363
40816705
15421103
00970877
44006312
76473039
10818537
21550909
09771589
22190268
09052903
47125178
09647526
41042048
07478905
45082873
08954351
40204901
46713870
42005034
10771171
09039671
05356947
15970735
32109381
43318869
20041410
40395110
00967572
70086899
09603083
05792205
10185376
15396997
06023072
42898946
16178382
28124597
17420638
05260879
41716450
21551284
08544317
01158687
09523470
01161549
15431854
46297297
16606928
45068760
70347733
09926906
17561947
40555918
41878119
19054678
44581160
18072475
10323735
42977866
18178736
73037892
40541542
40158075
09498032
05708484
16311425
20550696
45035137
27720725
19254744
19215561
05339221
03339004
17549699
46769032
43290096
40615153
43319387
20900129
18858754
80103077
43759226
20422106
70944252
41498277
41823325
41624457
09486499
40874304
46149459
07648702
21266082
45537236
80386660
41478838
40157139
42204451
10308318
24680667
40826459
48301743
46464771
73492279
42043784
20668957
40055565
07544349
45003649
41972858
18185370
17410891
43388722
42572649
29462869
19574255
05263160
80024248
07163809
42181570
21248290
25019642
43039167
07371265
42798018
24992477
44204815
44517942
44689701
33768658
80659728
09520650
29351945
41835006
42472222
20434633
22742276
01265143
24693014
71616323
21279910
02147160
23979357
46558982
40180501
20440791
70262281
06795870
46033973
42175777
73684091
47043599
43046965
33815889
21001532
33731989
73783616
43592885
23946109
40014306
43062293
46888975
43350093
32608493
32611707
41461768
40888117
42326238
09370328
17549476
44366497
40701406
21553793
71210766
42907816
06674508
08503018
09490582
07077322
32611011
40468267
40554288
45258903
17624734
33768378
10341981
46195102
46406354
31658828
41457021
46700267
41252631
33572801
31648055
42369259
41166210
23853058
06245095
42681602
29364809
16791776
73893840
00083099
09448145
29579967
41826295
44868788
42069245
27567008
47584845
71403282
28851231
10592983
28851623
44917440
28848386
10029337
29723509
28295134
08915809
20077655
80614419
40526499
41097497
43272345
80229501
71892133
45284633
42032440
43382072
47394598
26655254
44978100
41143265
43152613
42432274
43521183
44271461
43557534
29084621
40695553
20000550
43957087
41247261
22977664
47855606
43436594
41404365
40145425
28822781
46103900
46746300
40738536
70770886
28208482
45053314
08232548
70815734
40024929
28312337
23014119
70420518
42402072
44434942
28274919
29082175
42358097
28250878
70109036
42401651
42361483
44691250
40525300
22527279
43424881
42002163
43000608
08154523
43833480
70117232
71809692
43372544
40726980
28830259
73451815
40394115
45035853
45126441
22868161
41887513
43549420
45718827
06283992
46468299
40552604
44290795
29096880
28314063
28303369
29101439
47491780
70654305
28291399
42273389
29653820
42629777
43449043
44103625
09698175
42332584
30941507
21547040
44304216
08153847
21533017
28218215
48521547
44186974
28291190
44387668
45711646
28292080
09063757
47602700
40261521
21798589
40377886
06662452
40196100
22648754
41830492
43176762
40659027
42736123
08405315
72513258
22976963
40999216
26961099
41544278
47646285
06776095
42269127
42980291
80549804
21450758
42787752
42251350
20579445
47568458
45832896
31655520
42907243
46074392
70231935
42213839
22733270
24002652
10073281
44228544
23181232
80243897
42459527
28289656
45542279
41621707
43511581
03378981
80339067
43318651
47585502
02794010
41623236
03670286
41069009
42460934
80477875
42384180
41334713
03233469
41535919
80341539
40982178
43219248
03099079
47701980
02811430
47201825
40161635
02860794
10467789
46387805
42777044
80202186
41595946
03688567
40721620
45094548
03356532
40213399
45852924
42784048
00408638
46741966
22497943
47524914
22751077
42750722
77025490
22510469
23168950
42471577
09454960
22521822
22463210
44636055
22731176
74479315
22733274
23166058
45751415
22503147
22889026
47502443
22461883
22477529
48223058
22512811
47638095
41617086
26608523
40118889
47248120
45424448
27161107
27048501
27413072
17609705
42866725
28068023
42839464
27567558
26663371
74760626
40813051
26725309
17436793
45201630
73985291
27265698
74237549
40762184
40831806
45012339
42972775
73219167
46574030
10202021
47782473
26937266
41460539
46614098
44585188
43036333
46671747
16730856
42712794
41857791
45028574
44420608
27071362
44150519
41204977
27919994
41726305
41967571
08906692
71749759
41658786
27438210
75244185
27856729
43744727
44121903
70173466
47178281
27718744
27144567
47885862
28112301
27426610
27425810
41275218
27077831
26723238
80142008
42833828
46044104
46851288
26654119
76812963
44162815
16702176
40117745
26689971
41054612
16719393
40718262
42350551
27168890
27731106
07264035
26703721
27278991
40441532
27721022
41315772
46086937
19323515
71460504
80631056
15447975
22514871
22501560
25717769
22527228
73014126
46825023
10054704
22435798
41230082
46508585
44119722
42119031
40686857
42423757
33727151
46247315
33730927
40750901
43413805
26732189
42416622
25787595
33814641
41693140
06026420
70834352
42879192
33425644
27426604
08301296
80343688
43610495
43120743
46041470
33652164
41793367
08408967
45133787
41961828
45180105
44278701
46055099
47515158
42822679
41115974
45961246
42261775
71806713
33737238
42099580
33430168
41485409
73665364
33808234
46056215
41751887
41323050
43990089
41169825
47239201
41913760
80437108
46604276
80249957
33734708
42663157
09634180
29720029
29710727
44224568
29284196
29447830
29624367
41915502
41778884
29566574
30962183
29353897
73674617
30660581
29532578
46809829
29480648
29350908
29515390
42458588
29326794
29427090
29638641
40380190
30410032
40867360
40012164
42417245
29530785
44030684
40337152
73079279
29427261
43717830
41740931
33589967
33961215
33767738
47635538
33408311
70180694
42045565
33578218
33950774
33400820
72020172
41938175
33814066
33430311
41284836
42917313
45589626
43563548
72122898
33431728
08141930
33417015
33599190
43529015
33797009
27080136
16772399
40473975
33426565
41055999
33942198
27386386
70252371
41820834
33429805
43752720
43456911
42862421
44195080
33727859
48265928
70550977
44593332
46159242
26731663
44055987
33813807
70161049
33948908
33815816
16757559
41269895
44503484
47120013
42476472
70214124
42802125
47598296
41778614
40422514
40173837
43752490
47550496
43529006
33737221
45518918
72119301
43208723
46056918
33947322
72917344
33781295
73011941
80086076
29399027
70214860
19237225
71605130
15596389
42881134
40527789
07665502
08703343
40760753
41079224
07999886
05400965
18861000
19254999
15598373
16603139
02683894
27691680
41050235
44191529
09292794
07995536
42008003
42576387
17451784
41283485
41511771
19570928
00235878
40237743
09921837
02869374
24003145
29285064
09787910
40303339
41033975
03649574
72098851
27150733
32903682
45261216
17900087
17578644
07222022
43978041
15979499
44164961
07974959
15377218
02898165
18018557
41863177
43849098
41476226
40694639
17545202
40909066
46187542
75284796
44445347
42342167
03378699
20081472
18147854
45014167
09522613
44429118
41765802
15601078
17878878
18845342
19560522
06821404
18886826
18120021
16785675
18906810
16705471
80639539
32992106
44339134
08128064
43009028
44938749
42422621
71889228
07259267
06924472
80043259
09357994
46485525
19094417
40425574
42308748
71342870
32877616
15437286
43073278
02691393
42525449
41841020
45089672
20044594
41957285
08971858
72089967
43541376
41383829
40136828
10817803
10553237
40775261
08873759
47339689
70269866
46128754
42563225
06735195
40836017
01557567
40290582
45471400
23831618
01539951
02434419
74390794
43784741
42851929
02439766
15291281
29734813
25844700
02043392
80233517
09473882
29590910
45883167
02396253
09745719
47962847
07050172
48568788
15708720
29723848
43763922
40546395
29343769
07399887
40816321
10512302
43299211
30487896
41129846
30668122
10105233
46254291
08208558
47544750
29723310
40414796
45791869
07785973
46170439
40281668
25855710
40279513
29705969
43686229
70976501
80111649
30843497
44859697
29693741
42116494
20675716
47030278
42616011
10721804
21844372
46139620
31672994
41438657
21878954
03693450
42916107
07044264
44811255
29735515
07262239
47179790
40339558
32405265
44535096
44004307
41654541
43888527
44534035
44204834
43364562
42764564
71380587
41377416
31543419
72887098
40041807
32040095
30846556
23810859
47610865
40505070
43958360
31775303
32972816
31038285
40495142
41833222
45932030
42558067
40765036
42180549
32985440
08137463
71955439
70377711
10197852
15597769
24481401
31943099
41769384
31774950
43526361
42678296
32280750
10165220
42318607
42804043
42171385
41955554
09307547
09065956
16708021
46817169
43568440
41321797
40786416
43556608
41658567
15851710
10389283
40372722
31673836
70195005
42240280
41768592
32124789
80393039
40835109
32486204
41505878
15864427
44598541
41354729
32610560
10749413
05609835
41109886
80068712
44620078
15856194
45919965
32875059
74234743
15857858
09876058
33256877
42184201
73666941
72568233
15854342
73901775
40660222
47686361
31648510
07461961
46193685
31551077
31938127
10376940
40585824
40432455
41547961
31662934
45494625
44461406
46529299
42860852
15857603
44740277
48132366
31671397
44645301
44204769
20421171
45719330
45259714
42081032
10625783
40736992
31825563
47965270
32293504
15709116
31668437
80093471
43537589
73438468
09223408
10156625
45224088
31830995
44340412
09899601
43985370
70300518
09506994
41596308
46123564
27914187
40455015
02836702
21556650
70445080
71348078
17549755
02714749
06816321
19327943
22649001
48415759
23085035
46383709
60806763
40142213
15760010
19235378
17572873
31644205
41615960
43029409
41305994
46364153
44142146
22505357
15720392
44946773
41962088
61553258
02672585
19327152
43463767
47071496
42736801
41203593
73858086
44219827
60075430
42422108
15616100
43084520
09836537
44247818
07766329
02050625
09372222
42306768
41892677
40165550
45854890
43485267
75555324
46299418
41489556
40927210
46561598
00368469
42420968
43187372
15988364
41134716
32958125
40586304
41712821
21502442
08424595
73431493
42002627
71513193
19676008
43144645
42950600
33250439
40867036
42186937
21518795
03351394
16316428
42014168
41951311
42752969
72562732
06541985
42659546
44155082
44967168
44442470
27048540
40601281
23568662
45165866
46292045
16139076
16297352
30487935
40565489
23683851
27850156
45149474
22753451
40457592
44638619
41207573
04081807
41167825
41448890
18840042
32130372
42409495
41161389
10173909
06644165
41455671
43268509
45014031
47300405
27992179
43933349
46665385
22075848
48180456
41894743
40390471
31675474
32035202
27413065
27738014
71454068
16014778
29665136
40678594
80105803
47986281
45571712
06833902
80533713
41498539
15204853
41988050
15434307
41555856
40745129
09911578
33584138
41361463
08502222
32134845
09805640
33328791
43566232
44192588
45362988
80182634
44553530
33333572
10512807
70212665
46587098
44579263
44329171
41505877
41851620
17544138
29625616
07599193
21501394
09508327
40387145
06598487
42421794
47924471
42035175
08969803
41795983
03678989
48982426
16294630
46209279
45360620
42767299
40776494
04050172
21506102
31013313
00515241
76591626
04069930
46721326
47259717
46773050
70180736
28576533
41785473
46703314
29621810
41512690
30661941
41910477
72461560
43524975
41272710
17420533
33257536
05412586
18872502
16300270
40108128
46230328
32880331
40312219
05376308
22649754
72531026
44732012
70200111
46069278
16736139
42651486
76607717
45941366
43375537
43281734
30840225
46525227
10234997
40155959
43556451
03898903
47059364
41852062
27913625
26712284
70353106
42383549
25799460
30429328
41362372
40158867
46935742
27852597
02715364
15975028
18834304
42841620
44653002
72843203
70165898
43040298
42529878
70303272
45776994
01314409
45623335
30666605
01700581
40893816
10033461
43554433
04220816
01685076
45590957
42092584
47737068
16170771
45333867
18858056
22299686
29646632
17533030
31544135
05707593
41230022
33589800
42200553
73637551
32125809
41758184
23524498
47294449
32933136
43208716
43442369
70437261
31951746
40827090
40105354
43452441
40963170
44416820
70051859
70576783
08180419
47466632
45334988
70268635
15429601
10686887
42708198
23099736
41435699
00059546
22103228
10169670
70269929
42659301
46072727
21536298
44056090
32226474
22497778
00229709
44969981
48108013
45245527
33946580
27253086
71966467
32921406
05414887
80224557
33341579
40290055
27993230
28219116
47203008
41462631
33951402
44331244
21103433
43877157
03659311
22196592
43279551
32486072
42589660
05848971
43196369
22731302
42318670
42206899
47234749
45450611
80672938
15361467
46189413
22277060
43722492
47096430
15735945
22892381
09567481
17435391
33425222
70515126
40719248
44476225
01105391
73390193
05416069
43916653
74412015
71263020
40025136
41955517
42454702
41942945
46688351
33948145
05296827
27289199
01085731
18122888
08887389
28221581
40141546
32728222
30950658
44045686
10304933
71451404
32401710
41358489
16523643
42198376
33429273
47759591
32394384
16127471
44578760
45861850
07765876
42385707
44702821
43443117
16178215
02858169
80338701
42148750
22496975
45076279
23257669
40462826
41889878
41030452
41036458
48310515
42287917
16299744
41622907
46494429
41594504
46860963
32650373
42866384
44096791
00969010
27436054
74561489
43816460
00325158
16786277
19807437
16155629
43186027
32655177
41212425
42121921
42496700
46533867
72257817
42062703
09828220
42117941
21842936
47416406
22301711
73617007
48062118
47741225
43509755
42253862
40565826
43321413
45479578
19559237
18130640
19036792
09675520
76667999
00850995
27712631
03223054
40735814
41720262
30760547
47730449
40333803
70313527
44654623
44943147
00249048
33764200
77243175
07027032
47936455
42009645
40233417
45051578
76749812
40261766
40341773
43207530
42347938
41034840
48600937
08174506
10182562
72297969
26724816
05342258
02838512
26953142
40827339
71692833
44824102
07513326
46146600
44628166
40885521
04051780
19416247
29618138
41910230
45612846
19326143
22184657
30488007
41865644
27078752
41798945
40944362
43622638
31625303
70393565
10321496
26724674
42485953
43497552
42549748
16734042
43739449
45783046
41040686
76537598
43004562
25710298
06221575
31679855
23982435
32489499
28818622
80255643
74383242
41352606
16485474
71131166
40274500
40848797
16739182
45480670
21143482
19051409
07853454
46075064
21841280
43728410
46106998
26724144
41936077
42819442
41670651
42357548
05867452
41589648
47867335
27860170
07500512
19561215
73976174
40942997
29517156
17605804
43075299
43096931
10819951
16526724
80314340
23014668
19954037
16168646
01249171
10052800
40075076
42340458
47185547
05303002
01050126
43718961
42150052
42283067
42203350
22509375
43041638
28315583
28603322
19257025
46343707
05301753
40698253
41832303
42159755
00438458
02854881
04084256
43368310
23991580
21472291
80448027
41690249
40814821
40553093
47729147
40180646
21516644
33950059
09169836
43864960
42031247
80080487
47679684
18178173
46131503
16768982
05330437
08842328
42479193
09706092
42861213
43079059
01137670
41736477
02876494
00246807
40806754
41765800
15441208
41052746
44066776
30656026
32226210
15865031
70356992
40385149
29724901
42818652
22494522
00114230
27292211
48413813
06281459
03871388
47631305
45262961
21828895
10191767
40724619
43711619
09600252
42582211
46438039
15437547
43682971
30945129
45810891
23946062
73310215
42353634
42673686
46971497
43305030
48578563
44045095
41919032
25770561
29734895
42139790
05373247
74232491
45791355
41480625
40161668
42760376
70092359
41762918
19887482
40811544
04220504
42727348
15647647
10192029
42801611
44452176
05616996
05630706
27266109
00103068
41517219
32529113
22187213
19075914
73828540
09808198
08887113
48339619
45371685
45692633
73183612
01118332
44901012
19960957
42240100
40692429
45848904
32533495
09571439
43547791
41913157
19223483
42339829
16778304
40098613
41404298
47135198
29116071
45785696
27433468
46135918
45904784
77244883
16002329
46696273
21490085
43002187
42188276
01333029
43178372
06948151
43113740
41506667
41325269
45321998
42270831
43502684
70818574
44210530
05310556
47450624
40332857
43805683
40097950
43605311
25221409
43748289
27152921
03326625
33244796
31774003
07620307
40587222
18079541
40223448
43530304
23887382
18068266
47207675
44066072
47861587
19424631
70246642
00128505
70523676
10361221
19558603
46902905
44021443
33942138
73775755
05791587
42484706
43690027
27737751
02882635
15291492
19551069
46526749
45639190
40065432
41805370
43844604
05851130
43486542
05857226
17588713
70190518
21817568
43831111
43141274
15702768
42408375
02885232
32272742
10695003
18130029
09220189
01332889
41767241
15218400
41160182
44976866
80322209
41883639
40841231
40781973
05865277
32610736
40668389
03894920
29669201
16803602
41919941
40966670
40472743
46175906
01314734
27741082
44733991
42294049
40650042
80146883
44084997
41517049
72684738
15206374
46256698
41140859
42111583
41757456
00463292
21833069
45467690
21146121
47856301
44060837
42058349
33806989
19704262
41305614
41527666
33792695
40547520
43860597
45301774
41496320
27913630
40376321
71531405
76388818
01123668
43925180
40251474
46422230
42090946
07499053
42096998
42088433
43285634
27920541
42581275
41722850
70462964
42246765
18860952
24374530
24985191
09329168
42339504
80640314
25566086
16775246
10323347
41403094
80249219
40504280
02556018
45683183
05858994
70102954
41100330
18986613
47905523
44720655
21492217
40073807
46686013
09966700
41005622
43326172
43842224
43340430
40680886
21872194
75139227
42565406
33793334
42428094
41958076
71948873
32034845
42960952
40644948
40058772
80613702
70371819
10269519
40967867
74876370
21536651
71611304
41931335
77575312
43779332
71079404
43526984
40417298
41571185
41615750
43500489
43161885
08189002
45436209
15687126
17642623
47229217
43522950
08219712
22703388
22759430
32738268
08142464
32221193
41773932
09434782
25189552
44024314
41575742
08813095
41833468
20057616
08225218
43116398
10862047
47285603
44874541
32128461
04315775
23911574
04076438
70224942
72175368
42174449
70485534
25217377
80499913
42312729
44774579
33248585
04652814
10159548
72959665
04203259
42951185
70861199
44811266
80144931
26683834
25427454
27564396
10201500
32033569
70357847
25188547
42236791
32948742
07346928
09789807
16583558
43921609
41378315
80132779
09841733
02168083
09330517
33251177
09526678
47224105
27429231
41656442
19696094
46337414
45096913
08166038
32796742
32981529
45261343
09847661
43987341
40431109
42516167
43910046
42809628
29593802
80288452
45133995
28447712
28264650
10191026
28267975
25198412
80120271
40098244
42649335
80433732
26662991
46610100
72173822
44831573
46407413
41518494
09446633
32938004
71870552
32971520
42321464
41416101
09469619
44683509
71659827
41059593
42118468
28605391
44485351
04216749
43538038
31673299
24495982
32531211
45716829
04622848
46757164
40243653
33242829
04075527
41370390
44103851
70693000
05620358
43343602
20014722
42090022
17618224
47569046
46286605
45552834
41277648
41094888
41785244
47203496
08784782
41068273
46318962
44013550
09520877
27066841
42936801
33768395
76867104
75050500
42065646
03357597
44467480
45455793
45450600
40129063
42674691
72322224
70121591
10672699
32282574
32875116
42082378
45970839
43072372
41661631
46238994
41022793
15393952
00484347
29429218
40304302
46681261
19195629
47534780
41949366
02168707
41543407
43631141
40089834
41504825
01308632
43145100
45787602
10031168
33331841
44836769
80040679
02284988
32302634
33336613
44499769
41984048
10341812
43479604
10485410
41738355
46036244
48241938
22487992
70375695
41513439
41335556
32881191
48575902
22887115
25847921
22703696
43957110
41971801
00504131
42913757
41982046
44098610
41259951
32653883
32647484
22476149
41894567
43483019
02305450
01202467
10725239
43763219
80528812
71645655
44680383
46181716
24871307
01772310
22887420
02287571
01850402
43460930
00669471
02031171
02303051
46561069
10167788
00494755
01511653
06574394
42825682
03482984
40686512
22868835
73758518
43727886
41336300
47718922
07624931
45271574
43055093
42278487
06881580
45959592
20025872
46824691
76141704
01322720
00497736
45145551
80019651
44298536
80192578
42106312
48316547
22890819
44928219
40576457
48071189
62324881
43314494
22752454
41275014
10405937
46798500
47995178
40995873
32034685
40746654
32033733
23086723
80616077
10577182
42913256
02430129
00513880
61447259
43857392
80209741
80306058
42889200
40762369
48143645
41150942
40903405
02432591
02064362
42263095
40169435
42577174
05851985
70142822
70456880
06810638
40246129
41243130
42304989
31639065
80006451
77236750
41811120
10755617
02539964
05849059
44329145
40308000
40753202
10276962
09850674
41121096
42077486
70690668
09564770
41296813
41733162
41939767
44647464
06613250
32108494
42134253
80430748
22494388
42521945
74176581
45102328
40275246
41435310
00496799
42967341
10765851
42449137
09824770
15203064
23807895
45858945
02431871
41027365
10570663
02444895
32893921
80206967
25458246
33332597
41336294
45787345
01308480
02431152
44704225
02430074
15426227
41696518
41954143
01551114
18854373
03484697
43400614
71464152
43280937
01546506
45902472
09999095
80315380
40299665
43063284
41579804
42646354
10380019
08239401
41950168
32657603
10798244
71583599
80592769
22997780
01340637
10403674
47113733
47405839
03475834
03504115
40073795
09637040
41954090
43173124
46832949
42560580
43921265
72944300
42952301
29545169
31828645
42322748
22494974
41605187
09405183
42967343
43776411
41177739
23000943
41321532
41729981
05348792
42753764
07684477
31668452
71863245
43973625
41733032
41489759
22483618
47328992
44497556
10285800
40858649
41512298
42368169
42652622
44930015
00671827
23097922
32405883
40280533
40408604
01248791
42023046
03473274
40825175
06605911
42536698
80458139
45144116
00100429
40400169
47196652
31605128
41714321
09008057
42240938
06783019
42514562
29580170
40874710
10876863
08883652
06051199
18206838
10317550
08764893
43595798
05393734
00231962
47656511
46637978
00126139
16780436
00115975
45740514
40411963
43313585
44085683
18151851
00371815
70226951
09683494
40696975
05344796
46941009
43667515
08622967
40527516
44220749
42217800
33598262
72579122
47160748
44631229
46886821
44976209
41939154
41542039
74548489
41277504
47986250
45995931
09310345
41437249
07340052
00234019
45930321
09616210
43998770
29706930
00253645
18117974
72942205
19536469
75810414
15421710
74568879
40460070
40135732
43451780
70757879
41696710
45668809
43293837
44131180
27058354
40669022
08963756
42668218
46645369
44483295
45092801
30567375
42763922
45449478
76140398
32226308
42839479
40439330
45800801
24469768
29341724
27685341
42693678
41417235
44697114
41119056
42789742
41421811
45232163
47353699
32495663
40560672
22520068
44365328
05712821
29540597
10755466
19825940
20554648
48212617
15444259
72140736
21288928
43186578
42678166
42700106
44229514
46049715
41707898
71507152
72605578
42233599
46448314
42539246
19944332
47226983
42490095
41185628
43252853
41624638
10443933
45638859
46017820
42559747
29567191
40081633
80682046
40674424
07883287
22458950
46113592
42923567
40054401
03657559
22756962
47028991
44001311
21011626
31669851
80452655
42847455
42706364
10681809
43755001
43605616
15846076
44354049
40464192
43613315
42770910
23864034
28591214
42313574
15749830
42816953
41765308
27725835
40202677
28314328
42689490
42115206
32111898
72155103
19893073
01095976
80079600
42140144
30571182
45524282
30842833
42459148
16663366
30763124
32966548
15645270
42475045
42470240
42016257
41970843
40096074
07238973
43089634
45361172
46547828
32134168
40896497
40401428
47618992
46579513
40132369
31020638
04731281
21559210
45464444
29629015
24894579
31042161
43482644
02549653
31171993
80520637
31673657
45697283
43887051
29084500
70330304
45155867
46859700
44266658
44734629
10556919
42362375
80596074
48059753
21461473
09348826
45440365
42325145
09308542
09688657
29098544
20966762
15989879
41397767
44113795
76678078
07525882
80255661
41016305
06216667
24876644
29528970
10042691
25327162
72288488
40718723
08313030
24889451
24291298
19259162
40700345
33818960
15647547
30497728
47634453
06668493
40521610
24860261
27927580
32534707
45645065
42233066
41931833
20005211
45163530
48688798
09908261
28243592
43596438
41809458
41702713
41658837
42372713
43511477
09462187
27725500
22882725
70851371
42283679
43316394
45465042
41842518
74240096
43109821
40655695
44055148
48556747
42779187
15744320
41939605
04033887
28236946
15860717
41107157
22494751
41422176
41773762
45655675
41698229
31937169
80273462
60003233
44300500
40098125
45904489
47137975
28528225
80602624
47223373
44903286
29616388
42709313
43314550
43994752
09988496
44687072
22488014
17995579
15361754
42616627
42495126
44372407
26663169
43467328
27421179
42555304
27843428
70362215
40322138
07056136
16627317
22673246
26944141
43425644
09980259
46839004
20023727
80616199
19667369
28981481
32035082
40422461
07881671
28283798
45252145
04305576
80535693
15855980
09725156
40718586
40690854
43863042
42211069
42084191
45696911
41553223
32043295
16726074
41762138
23979957
71086885
42254577
41618733
80518067
41985488
43239646
00795390
46809237
41105844
44526490
46634687
26623940
27978824
43399441
41302667
46864375
02044375
15413069
40383333
77327309
42023539
46625148
41287729
41611704
42559997
70195986
28274911
44432725
74220619
44918023
40810543
28851935
46021451
42497772
22512384
73767492
41244007
30776714
44100852
21817895
42579531
30647755
42488352
41509676
31653242
46821157
42292822
31944802
45277292
09968232
43913506
41990682
48057589
70548272
47682487
73230477
22663377
80331648
22487922
41772463
03232861
43494134
44074296
45578604
33343245
20047229
43621668
42995557
22707048
05621244
43377864
43696520
43864511
30488067
20726055
41159679
43194751
29561948
32280889
45694012
10816973
40872161
40486518
44104614
43944878
06160372
46614724
44146516
42875656
10750446
45205327
42592324
16788449
19037384
43995279
42088360
47317803
71639686
21876973
43832573
43638694
46583882
40901683
42755212
40437940
43004120
42038369
10055444
80660000
04437595
70359949
08129798
43080122
80393510
48291607
30580891
72453574
40138460
10500751
33248473
06786391
45887527
44119401
46612868
45036055
21563509
47826496
21887968
27728716
43108676
44314174
41017359
45374019
09632012
02714158
40554048
24887848
40915932
44429053
42416903
26709865
46466254
42372550
40625608
04214871
21527907
46308676
42728773
31682233
44809319
00523270
45895365
76227860
23868715
42903541
29343537
40383813
16691531
44947194
31826849
80074868
02707939
29711174
70768531
31041052
03615024
46834186
32402586
09599741
45430924
24888346
71931938
46692080
45892764
43767008
42684087
43848784
42604899
70885098
70510206
41676516
09407537
42077046
10762568
41718616
42147005
80263672
80111838
42186241
27695599
44770317
04427546
45157532
40763510
41834159
46540696
40705772
22100055
21546964
47538748
41246666
01538281
80207247
41972978
41435920
48454147
15706803
73770427
42653055
80074838
42476064
05381872
16174440
40574460
42464053
80107575
43467405
46855910
27423773
19096857
44395484
33430395
44101581
71974911
70221388
04217142
07426816
41898721
23012314
70499230
44394369
42022445
41731580
43224300
40235012
42866398
71080188
44024311
29575074
72523053
22460803
32036457
30564983
29722450
15991426
41722847
45977755
19924376
48597981
43525922
45903842
09682485
23270709
29086956
41704582
25209871
42430477
47634858
44919220
46198753
47257347
40462426
47918165
40211103
23991850
40217144
41457168
42745158
70782414
42162279
24480779
72422060
43419758
44794313
30422762
41603524
48611969
02526980
29548782
43627876
43538167
07351252
20579010
08891040
43800923
42736480
76818029
17939040
41471693
07513355
40098727
44205427
41900306
47180460
21571214
09949397
47001714
41754928
44260883
19088937
48557504
40883742
70013995
02398245
06823045
41272793
40220932
16143541
22882398
40430434
03895555
41196883
45992827
46662298
41106846
23538855
74419118
43793140
07522448
46866921
22486420
07528221
00886640
07235342
43184667
45069613
23369277
15438012
41594983
44746774
44260202
42542898
22507960
45048360
43506086
48184588
19677155
10014447
43248193
41961091
44215124
43305022
31657654
23098771
43130699
10032921
09678655
80017109
40030790
15724775
47717953
03853734
44075130
27081659
42752772
30430702
44317656
41822803
31005012
41783145
41080549
42623486
44359816
23702818
42974774
76391259
30572811
47220337
07863875
42222702
32963873
76777791
46438122
29515241
41110266
28997027
47908807
48157355
43767205
24717497
20428258
40112675
20442806
24804715
00107083
43920955
42267593
45202347
46712135
44122410
04085130
03881852
71742541
41473019
42731385
23555651
40211482
42279179
40422192
44203247
75143248
16586962
42398692
45353271
06650549
41400878
47387062
44567475
43530300
28068484
42069844
46831068
22750833
42371868
45340206
43881037
46682724
00817828
43503350
44469638
43440867
44963969
29678204
70395217
42362837
45555001
29326934
43496695
40739162
26733743
01325300
30585896
70154061
42146734
42194164
19934474
46566540
09423239
44389416
47265707
28289547
32980990
80022779
46445840
21812974
44099314
45177137
41178123
40733077
20693832
70872607
47532761
20999591
43146501
44416975
02793641
45595932
40640934
47824107
41172249
01552772
01491056
41607608
42557889
30834137
15645720
09676917
25217427
72022763
19224353
19218828
45652741
47379011
07688952
42294882
10754391
02040513
44450741
24705047
06929235
40315747
42655963
46395284
47779882
47893645
44834131
45924463
08175382
48132324
41659394
24490520
40177876
41855424
80142955
06387245
23854472
23974872
23977389
18879197
40802735
41916214
31038987
15617016
42121542
24001723
24369920
24390456
42269045
23977125
23926422
44714263
25222362
25319556
16135855
45542257
25220393
24378248
45677340
25310538
72373050
10272239
40894079
75448459
74347379
47330540
45497605
40033209
25203711
24812690
23812048
03656318
06269712
15958192
46246028
15864479
44209996
03835892
40262654
48145434
72539688
25137384
20556954
06076528
24473121
44517885
25001840
24586224
45564458
08386321
41341678
20106177
41109063
15640653
15735426
42417644
15741983
08314105
07064680
42699997
41925555
47175304
44137338
24576895
15448156
41999583
19993679
15992749
16305909
07525248
73544074
46145909
41944070
28271584
73449342
41164872
10593257
42833349
42471178
47315867
46356127
07750124
47377402
22510949
46502793
46720472
73231262
33669463
27852596
03232743
33660002
23839382
43427196
03700430
21562460
07634177
42919342
21869614
08081871
42251633
40360147
04722484
16012391
21459848
40226520
41723261
42285597
15677265
03629084
47513182
21886482
41981293
40027911
42789879
21567629
43266761
07638347
08198771
73544312
21528724
09673801
42510011
09934006
02807902
41584518
04727587
29312353
04728326
04417166
21530894
46883206
45543131
41667224
40249200
08261786
32927964
44416530
72973076
09413208
09381038
44292103
07742587
04733136
29481730
42738169
09312696
16765790
47971996
09143127
42943771
44017454
29634809
76247025
41027572
30950128
15418592
10550373
00173985
07698794
46184675
42038291
48446947
25681735
33677371
07988818
07833461
17446110
07135876
40471590
40825013
17549618
09752075
09858660
42014160
45041057
09254434
05376873
18832673
45056228
06288054
44370023
43302356
09398419
41073726
20672522
15847908
04430361
04432286
09914735
46123092
08475026
15765485
18149419
42257048
04744821
29513757
42262776
25678940
06726470
44919754
43955871
25716532
42480887
48232532
05935377
01325958
32887638
01218898
70167490
40876706
42882252
46318278
46709192
29596367
41885323
23849683
44994507
71438623
44421132
27289826
01170291
80304746
43033952
25303614
72540456
40724972
29497406
20591423
20557773
10441471
05620589
48529360
73700780
33818406
47997488
44752756
04430842
05309996
05371494
40684264
10813601
46980335
05362241
23019762
40191499
72015932
48262300
40009586
09009501
09363775
76745821
29482921
44317638
72292596
05609600
05307186
80065640
05613360
05339786
44020678
15385320
73144298
41711835
76289786
33407515
05238613
40476421
05795154
29354011
42871821
10813280
42648279
03503521
71079737
44758812
10073191
20426260
10691380
03098044
28576715
07065115
22436123
10660154
02836091
42188439
04033791
46603587
41510950
10377794
70075173
45542945
03689907
80252544
21487467
43991296
09051213
42379937
45674518
44704197
45183096
32661665
19078937
10506920
28237920
00085975
40111035
22702609
15586758
32532138
21102916
32495916
20406149
21478873
18011358
20433470
10186931
22098647
72049146
45190409
23546578
42669025
01341103
23467512
43756594
44064501
40258958
28310314
42023147
44176427
18872369
44258409
70598826
41485305
44460495
21568583
42574855
02832359
32486228
43006519
15409349
09425642
42375068
42939326
61447240
76590483
45637277
17549522
42546324
33419075
46002122
21107784
43261358
19875692
42824554
42006198
31772353
43201458
45100636
18117081
42403774
41092701
42868972
45626773
71833149
19944341
09867023
18072629
47847452
06254402
70747774
47548349
76840253
09656544
70416690
41542614
20663862
07456314
41335181
19256609
18208858
44076840
19936699
20690325
46566756
22311157
20043789
44459294
31774959
41435445
20426168
41925842
21550068
21131505
05311675
71586908
30501465
80335414
43411417
10700457
21512651
15851576
09718854
44370334
17597247
73475509
31935131
40543990
15452343
09779513
25701989
32221154
02838424
32033535
42808636
16670057
70021599
15285604
07626701
08882101
40214452
41269348
47622012
16605751
40433296
70326334
43384435
45843730
04328786
20116426
44750187
40058793
41587062
40575044
40980314
03892508
08459792
41773721
09498788
42292193
40920698
46706880
77131735
29597908
41667256
10551025
40406517
22489799
28812722
21411537
18200741
73854533
43182335
80426923
44934568
43895611
09914916
40226210
80175370
22757415
20118260
18904851
10516151
77225738
42646667
44606045
41500996
40271830
09849167
43328510
20004903
40737171
43693678
21574684
45611826
77433340
21524034
40374931
20703084
05403563
20723098
47250198
42811696
72408039
70746338
21532227
05791733
00114862
20412581
07266092
80248544
41694141
46271800
45238561
47619976
71125521
41302132
80126683
80141166
42344922
42345191
43192908
42410480
10399038
41881418
41606330
47216316
22191010
43208332
70554512
44734096
03692617
08285136
28604234
04348914
40106634
22706734
46819796
45799268
03486830
42593436
09512603
31191706
41525829
31830647
32393422
71440726
72603954
00454084
73113124
01119181
47660312
28264952
15290634
40071598
41664201
15362574
41471810
72259829
09599892
44078877
42253797
70316321
20112589
01139627
31483122
40044603
42085598
29603327
44669725
09335388
44317643
31774451
09786025
18983998
45317526
10220318
40860496
44906680
47725393
10161414
33244472
18164852
10553056
44202332
41086267
43162552
43440806
31833639
07906373
28202606
18077736
70211174
70269145
48176055
40035857
10650019
06856666
40430742
41618553
07764063
17916827
41611164
31609861
71833420
03868487
70107822
09251392
40275812
46158254
70331976
22098477
21095914
42490640
41253763
45495668
23716768
42770453
74405556
45028447
43405753
41402870
43920420
41777741
41611851
31936711
43726680
21104560
09393341
31184403
44431223
22079709
41795862
40599369
20667140
40686538
19433070
42442319
44491303
15642635
80658428
28290698
62276445
07328976
06547334
03322212
42548676
08939380
70098092
41769364
31020714
48128564
43245864
73091299
15693386
10866479
15365464
42266742
40326804
33243445
08114299
46290804
20421185
47043018
32986217
20722672
43412662
45248470
45138773
40812922
19327972
45069620
71419344
33245333
43936868
28267121
42741138
18007798
41151864
40271787
46020682
42414963
73673249
29116125
45031644
20710461
19874880
42863985
15640061
06384790
45160276
42861621
04429757
16589079
42769843
28314294
43491719
44206363
74946441
42105046
00516765
08985659
10226725
41514102
80147486
09737925
32487522
40980626
41758896
29419186
41733498
32384224
04012459
20039462
28303552
47067078
31350970
42260373
42837066
40738840
08575235
44794342
40096017
33248663
48657458
10500172
70459201
40934646
40264759
80027477
80615093
18172737
70323637
33343855
20094008
21574455
71287597
31929778
46174130
46430280
20001792
40031190
42507711
47679400
61298368
33259965
44230293
45277278
70036883
46748291
07493684
45356090
40987808
70271629
27850342
25805331
80013371
02884935
71333274
42796923
10453047
46915648
16291476
41716997
40526501
41680419
80103080
43157055
45737488
77238492
41634677
10699013
45533097
10056499
20738705
42065936
21416316
46617587
40380951
42399419
23683642
04066950
42799745
04435768
44056071
45343058
31168093
40855785
70371096
44184816
44580761
43048449
70749317
10744662
46069725
30564119
42258755
31032056
41877450
03231552
41043068
44351227
70270314
70074612
32958054
70295888
43719760
45730086
42117398
42845493
45445011
31035795
44636032
80359411
43029789
43313638
70106409
40631026
15208539
21146166
44333659
80625408
19409964
18985930
46072766
40603539
21872995
43417357
46092088
09952185
46001642
41990169
45120894
31174847
28314491
41660675
42928645
42462965
43721737
41465071
40369469
80087009
10592851
42751489
42259457
41112676
46976686
31175841
32654170
21523468
21819436
44267673
18203771
40869804
42245118
42681497
43945302
07526292
41083972
43137087
41645444
19999649
32918995
80632986
21266047
44434827
19565757
70260939
44719846
43590368
74422684
42089759
21278565
44193488
76443846
70219172
44102071
40623819
21501626
46239346
15719919
45659778
20563820
05861918
20421202
41424634
48291450
46036522
41026891
44945567
45310012
18096842
40748563
40409299
33252095
31669310
47885561
42606811
18168229
72097850
41616678
40149794
19702794
22674588
45603562
18128423
24718881
24568022
44577434
45727757
40025691
20022952
43366796
43305705
80512143
70123588
19918947
71887649
19867202
44857621
00831980
17537657
40977340
43084774
32928969
00188257
44396949
42694993
41902446
42993826
15720661
41559002
31939565
40119684
75234232
40290985
00791765
09786731
71330547
73337223
02857109
40433882
44500914
42896325
45001889
40590987
43394718
20893263
40915564
41445971
31601882
70328143
47233266
23227376
40181592
40874453
19810114
40426555
46057078
15849993
42565525
21884994
21577110
45307507
42748280
41853045
75320319
42346743
03899171
31188078
07490352
20105038
46155497
80626034
00827926
70805693
10563875
19868936
32903964
19968054
46455096
48628020
44054155
20083974
42209878
10789583
00116212
72578529
18901452
18151561
19990707
32302842
41146164
46637082
33258204
15405477
15372771
15369780
43269736
41396079
03495752
44363534
42885567
00124475
80059778
43813992
19943508
21264669
33336257
21828012
20680876
09657216
43633639
04082967
03853647
73201606
10251547
40628330
24376855
47688826
04417729
70442601
04007893
33768946
70346729
25583422
33581681
32876154
02896658
09867568
10344361
42342267
45052750
70076455
43628319
40783296
73532365
46466940
31476421
31175340
40188789
80043616
28221891
23961405
46018933
41378511
47230223
00053725
20672559
44084900
44258314
42570666
10000982
45850243
20106570
22186044
23858869
46369908
43085820
45002863
31031675
10455322
42006589
04749816
41232820
15751664
05626325
41245883
16126666
04963296
30409511
48320539
40409757
42868155
42309496
21468762
41177502
02432872
44111396
42535302
03131554
42204448
41792562
45290870
31478393
71396754
21873430
02789094
31551757
71920291
15846646
42078143
47322065
45904176
80416999
70772864
46623459
42060183
42394333
46716873
30560678
46626834
20066866
21547561
43562109
45039130
31353097
40163017
42829263
41751425
44627696
40763494
43195947
21578382
62407175
80349286
21283987
29734521
43807958
80211780
43506389
43192270
04429854
31168709
48055803
23986760
10199317
05308650
31359156
47602265
42835333
70439589
43498123
41855040
73771270
15732288
21877310
41565284
23931097
20120604
23863548
00101871
20045759
05370183
23987106
45157508
15742544
31344414
21825506
47236298
21498718
29515873
42880913
45319844
42797051
71892922
45961932
16286701
73766290
24382381
43243865
21436461
24804309
46622041
80102710
45284069
42522018
23923181
42174937
44693841
75829952
41405264
21524608
47318588
44352906
00797029
31039018
40771425
45437006
41955577
44866865
41173048
31164524
31044340
70554170
41148674
45022054
15724191
40800345
41558210
31176363
46615249
47884610
42109550
01703846
70840305
73543786
09644609
31186912
10776374
30413581
40812215
46189283
43715400
76193448
30420622
25321482
47625223
22191074
41166962
30410231
43359633
21517051
73694396
10403357
21846874
10635665
43065330
41439294
41157871
25062475
43136069
40303543
16800366
41089095
43478878
44882761
70072752
40815220
41042389
08303712
80102708
41678576
22304475
21275614
44117073
31036353
45668157
19573294
42451666
29273281
00482878
20676857
21818508
40829052
24807103
46449102
42872828
29615237
42831172
30579675
04085208
46078699
40318985
29621649
15399976
31182297
21573658
01843965
00497871
47148906
24468507
80682391
45254480
43065559
24714002
00672766
43164553
80592282
15213793
46729789
44358283
47032505
70757724
02843950
43726976
77027912
42289261
21500727
46621466
19950014
42420446
44614613
72611368
40704515
71864045
01868185
71412161
04432466
80522999
09935647
76272469
80633903
76346223
42594756
43116626
15638452
16124262
42756400
40686174
42786482
41584515
32534154
29327223
42489543
42172537
73006618
43329931
29473155
73345506
46526516
23920390
44655707
46901071
09823164
40406756
22188375
70661990
23933335
43562517
09715378
01343834
47502169
42311187
40430574
26607843
47216143
04821457
20068150
41272662
22086456
24495422
80156117
04417189
70113495
44056196
70766346
29426601
70111065
21883815
31185536
20719074
08118845
23962155
41151448
43566248
43874545
44183323
40934494
21571512
02847052
41620684
00501363
15721568
44187302
21871258
21536206
07262110
21456030
18077521
01189542
45122165
22741215
47225224
20663762
21273473
80263406
05410155
41326636
20693275
70453796
77055056
43064786
20710264
22664597
27256019
10275684
29537466
00371882
44659670
47878355
70421539
20071631
42027898
44963545
70013438
20670894
20063896
17620655
42137587
70473347
71503875
76383257
22702789
44990117
20407881
00255151
46596707
45773961
17435192
42366421
22753204
42742421
40905210
31182186
33344412
33819009
43941132
40825233
06273497
22511070
41217496
16730748
42939536
44885682
42260070
47561707
41273965
07160511
44907234
41352677
09443105
22504329
40434318
41960784
42898823
45085331
16600921
08034616
41129712
21851096
47239660
10270647
18863829
21128142
31824830
46971799
20071096
20726437
32734233
07651806
21543121
42214770
02655029
09803242
20113323
32394036
22075245
00515154
70749911
16027653
23097987
46245230
20722646
71251976
41977489
22752634
10344881
40048211
08533456
21871165
20674380
17415665
46160806
00225208
45688242
42273704
21289879
01146998
41067599
70779917
00050108
03374810
03130423
42779887
43214860
21481620
04200811
02773437
10471572
42835364
43703677
10131957
00520190
44442551
20434365
10741259
72023738
45231052
43384802
45670109
42855577
32133177
01150475
47867648
43158170
42772974
03691174
09014349
80177071
42749252
75978110
21109732
42376270
46239343
32806542
02854314
40361977
00119952
40051887
20674894
42487128
27429776
20901338
41285960
43419306
17592826
47422480
31648613
05397349
07639210
41538140
40742753
47966242
27279120
80387548
45345588
20118205
20993073
01141313
21123747
20053518
27245759
45329006
43489319
40936907
27289676
00847419
05309990
43037115
44493740
10232050
42072797
80607079
10108683
46170640
45099591
05856028
19960129
74913289
80516940
27271872
26729534
25564697
01162694
40367214
45286903
22082111
03216099
27845482
70668962
44908526
46422205
40369857
31682852
41165882
46504472
41726736
20676987
42734687
45919064
00324889
74431874
42308622
43521348
27291882
41881275
42670595
44419166
41606165
40388233
47229579
03359549
19099638
10204257
41258189
47015817
45376697
22481921
43717948
40700225
25729054
80544011
09674746
43661860
07958390
02864395
42280511
25831243
43829346
42581320
46724487
05708596
42196308
30494167
08862138
21278008
26962062
43758525
05317763
44129325
45417594
41673478
21261880
42045713
42825292
09343260
05710958
01141482
10627107
47769560
31165418
30486305
00978645
41914382
04341412
41816466
43169334
19873070
30498849
46074819
80065377
42504409
45045914
45222250
42428770
41956785
40237961
44829797
46052951
07941113
42202687
46712056
06016708
18857944
71578898
22883110
70443255
42351211
44429688
41923471
45124443
08658224
42865663
16693480
47449764
71537194
41598050
80310227
45901019
40681665
45154642
44070694
16585306
09887548
22428334
20995943
70282919
16469234
40266307
42923056
42008659
18143029
06366323
80182766
43341411
42113754
40112284
44070485
20081404
62680213
10354648
00123214
01702540
70117450
10771804
05711430
44913845
80337557
21824410
09291980
16446052
21780181
44184712
44321099
42301526
44583753
42025142
22517923
06592773
46035505
42451291
09354828
46267301
43694612
45037304
70247388
21497115
42722557
20113628
02818709
20439633
45818036
40226037
44336861
72720835
01160259
40254553
42532211
21102504
05365485
43331859
70920993
42356793
00853044
41099045
06739820
40890993
19935323
20409814
21875424
20103028
45363337
41157702
20436466
20060174
44146010
44758816
71926020
46441820
41988071
17587820
16562693
44422324
40555947
01143633
76867548
73953169
41837499
43450406
16175474
72780960
44384618
41831322
19254468
01058208
06310040
20093151
27268572
45687396
42195643
46201989
16466076
17614009
42725923
42540978
16784780
04066924
43083411
05610639
42013596
01093983
75902964
21283902
43507924
80015296
19970604
10313904
40587589
20427184
40706986
21873446
27169469
05297067
05607420
41812041
16594814
01133683
23181286
09524526
00916232
70691180
21263174
40045567
05610253
00914167
44161278
40343724
40277078
01113950
42897492
40444503
43466729
22998169
16410833
20734348
30858796
43963360
40367901
80188625
00883425
27279506
05330832
45852393
22530111
20037694
09405123
22739186
22733256
17598042
42922457
22512947
19986897
46104244
73972258
71495489
20041805
71728661
41509913
05368055
40823998
40567884
41949760
43744000
10133018
45151751
01143008
22189340
09936791
44994825
72901999
02811199
71031311
03332586
42196604
00221577
00367643
80416415
03869622
76289076
16630206
01696005
29625188
73771764
44497602
80200833
73613241
01550968
02437311
02536041
01248484
02549764
43114150
70382986
44872566
43896361
41591954
02307876
10708085
42732689
42993114
25607647
03354351
40396167
41777759
44908623
41809779
44922174
46873689
44950954
43867216
41908000
10876707
41412839
20101337
10319224
73596572
42002479
00449675
40987126
32399882
45734657
17813363
40436802
44793216
42741165
17811849
79135495
41485963
47279924
44594293
29660363
48229040
19229950
43058667
45728916
18216475
72143172
41250773
00450354
00496073
41870870
43637215
00417836
00480967
27685402
43985035
01156750
33739308
71690007
41494807
01131297
08150754
01133603
70747965
01155602
00878718
01135456
43857399
70076529
40975570
45084682
01093751
42600583
09044648
41539775
47534536
71994209
09561711
10712468
74246170
10545450
45280733
42502170
41770642
02011454
01540732
01866601
01304307
29364639
29425174
46996887
42462307
72125144
70937837
30500566
70020698
42071595
30406276
29308649
41473239
29290153
44462065
75227708
29410321
42839709
18099931
40626921
16589275
41850736
43977246
46166774
05414701
22188972
40324848
03672632
08874252
42665010
40769561
41430289
23261011
72320037
70762906
00162982
41692631
41658813
45360527
10694535
21245004
31520003
42485021
17874668
40600973
20881327
46954595
09013597
23019291
40963806
41671686
48294150
41044133
40816443
45863810
41368607
33344966
31186815
45783839
21465470
32119846
15209946
08736356
40577193
09014369
44183107
09612705
43977871
23539000
44165353
26730763
42715109
09269537
42923992
80115133
21870017
29364674
47446734
41556287
30838191
40847951
42370414
16021202
41694838
32020844
80661862
07792290
00187522
25304570
17612774
09999615
08734166
41043640
40755432
41035130
31039703
00100355
01333479
01683952
77658707
32960308
22519602
41369565
29727520
43413000
41555540
41605770
41085142
29081815
45795431
41063223
15217512
05381870
15429169
76255950
42325335
41071350
41785085
42550252
05062853
25136524
10710665
29343546
42669823
41822315
01272241
42788523
00406251
43164999
25328679
04653122
01870537
41154638
44109624
41282152
40025851
24487766
30430755
70797286
24581805
04433435
44966241
72366226
31883748
25211140
40016027
45885589
28310596
08185259
80067509
43019893
29246888
42036008
70296396
01342483
23975112
15950926
00417117
41724027
15852114
40138731
27058894
07215027
70217225
01115939
04816888
08135933
32730875
48542083
20740170
30841965
02549488
25071532
45258623
40149872
04816334
00660228
22515067
29168280
40293441
41743939
10637040
40181497
41551706
01333792
15761234
41193801
31427066
44417100
40055999
46551680
21553685
74961877
46975369
24586255
01321875
44171711
24894163
40422741
46291069
80419590
23523296
21462984
46576705
41164511
01328863
70141212
45171316
32732778
45070575
41737024
70351991
46236005
70765905
41806113
40815254
23987281
41434663
43035494
41560589
32480120
80288022
25327081
10362968
41510586
23913980
21142124
23096090
44729877
28112459
20561533
45214593
48172574
30501418
01122370
09612412
08800778
24965523
70177109
42534234
07622678
44821135
23093607
23167383
31767878
40259930
48088252
25627646
04748776
70026087
44349199
80672889
33419004
07502978
41661712
32125203
27990478
43355142
07486544
31672461
20059109
21524620
44586371
03646699
00221257
31656023
20019522
41968470
31682483
80397928
45738932
31007429
43129738
01117855
18861581
27858745
05062886
70078052
19320401
01026509
44411781
00959732
45578396
32111711
04011025
40369316
31882760
01161586
19896146
27904688
00185102
18990064
05790435
42079951
43421012
41466498
43736572
41829830
45163572
40545946
22503543
45623610
42366821
41152174
40401442
05409838
42228251
20724166
42628284
10190744
41381923
00974216
40019895
23950366
42108935
41433723
41523672
41505333
40521958
09924741
41825083
41685160
40658393
80644014
00666357
46981733
40595609
18082121
32042048
03874344
40032707
30838402
29703374
40352007
26686321
40026422
43436975
26697359
44610252
44003614
41352068
40280057
23459379
42889444
19693782
44731354
16795898
32483191
43922887
42515161
04431679
32304904
23560019
44570956
43310387
17866714
45999595
71889531
04003522
04348843
18199055
42514309
44117804
16170667
15283310
16018346
07830443
15292276
15452332
25645150
15616824
40379330
43994310
10176224
40737771
08666454
43262842
28571862
43196259
29117608
42521375
80307291
42840184
42719342
42938961
45020815
43375644
07877425
29437194
41374442
29519426
01860708
01850801
70277025
02043724
70338099
41983669
02375038
47418782
42311705
02293606
42205563
42425423
40375555
40653021
07752979
45560663
26722609
70433414
44940397
42009081
24664159
00097602
01120832
00498870
00845569
00952034
42173457
43402666
42910533
27145517
18087870
18898901
00666344
41918189
33674879
42738671
04823524
27719575
73259309
28850974
20046642
23392444
20405597
20113603
71605869
23705363
10765508
23270745
20586439
70902673
76802032
41507242
40865346
41762727
80402001
21006038
41809954
16448148
09396439
45335606
70085783
15432651
15603719
06846767
15723887
16131477
20901584
21119390
04415511
24891912
71459779
30486162
20567915
43885770
18034049
05285678
43097017
18207263
80522612
23942196
22659119
42427469
19704286
00461328
18890853
76571489
45025733
29160663
46743207
46063313
42789139
23014497
72464533
43561720
74214951
42019054
43481303
44221891
42113923
42319750
71961423
05207317
21429603
29481419
44273651
20101935
24712260
73454408
20741160
31028858
80163956
48809052
74064677
41319661
80158901
70775372
16483836
41424020
41837709
23849334
41597307
43934249
30581916
30488550
30410013
29267118
30642544
29718755
29726982
06660217
09699780
42798743
46795185
10307918
18154229
21784207
43565454
02830692
22306159
00517858
16765092
22506211
05591664
10186626
00162917
18098418
17526886
40302391
06871108
40774762
03869367
32131956
17400501
32522228
05846255
43268070
05403017
40305160
44726893
15617052
41185626
06969491
42307037
02830504
05207531
32125017
41847991
45914855
41280710
30424760
00191468
74714763
01011164
05790134
05358548
46495753
00236950
26718226
44050455
45440789
20646464
05715228
21260554
42700243
31031439
42552289
24460179
20106204
70068490
46908519
22290638
16803614
44599226
00059563
24991918
40265075
42851135
31654056
44956548
04625296
77213628
19801884
44507343
29260082
33959314
17616771
42024386
46342763
07683328
44938726
27823813
15860381
44240541
42013668
43269358
10020830
10162700
08691001
00255540
23019239
42142007
42275053
28313442
28263219
43822384
42764254
25134460
07421238
28295649
47234942
28300254
41125634
22759690
21564618
71106769
41038439
24004287
21868592
45651429
02812165
80409789
32764062
02844298
42803437
03888720
22864751
22508609
42069133
43009767
22707039
27074518
42840857
03130712
28114134
27287400
47475084
26729546
18190208
45445855
27916968
40686949
41052734
41766730
44414125
22986001
41388177
41621929
40673953
33954539
06057741
33590543
33781530
41653090
33767841
00255577
41773748
41128751
30407339
80501146
33429746
42584892
46841361
33741395
33667380
17445681
33420679
80309842
29635158
18869834
07258099
08510457
16793458
02893686
32889960
45652533
32732221
10147826
32777565
15211653
03366786
00322641
03594623
43665299
19560868
80622031
73215840
40782517
71753966
29254618
43680281
00248704
00150412
15355636
47364801
24463871
09177250
02414130
40098651
44561477
41942729
72354322
41248387
15752864
48350041
47499293
41351965
42212690
46422022
07804290
47709618
23265613
26698025
29549748
40587243
30507153
07933944
22186028
41113770
72184578
44191449
44115302
41519135
40797069
45623115
21448708
09396975
09917613
44782296
61545979
46544217
73944229
04744931
09463265
46747981
15626502
04649099
15686819
75818555
24493862
45220822
03464324
25003909
45248696
32274276
46614927
41556626
08162053
32046155
29639187
15759061
40803412
22511050
04068053
41203648
32107821
22670181
42185430
07762747
40858286
10007617
32644369
33819021
24468154
32867799
15627432
70137124
31934723
42095920
32123630
31820064
70485542
09793705
48090074
33346307
45686157
41124276
80221776
25557329
10539129
03897028
16281624
47221298
07960559
30760729
40439949
46954471
22185671
43310641
10554756
43151657
04079733
32869281
43228213
20100851
40484571
41618662
00323178
06794439
30944353
46509323
18885455
30424636
42916418
46765752
17535115
08598057
44776776
05399160
40981458
02646588
27413332
80573500
42315829
22314441
22101072
00156856
47878802
43927352
33947340
09593431
19671477
21571909
72322080
41096822
40309912
05339623
01109439
01308150
27171950
42864942
43554113
80674463
43987732
40509713
32484279
40292136
08884685
42729084
01127130
02787994
15997757
22650294
43191925
44927003
42105595
26960772
00870070
40044815
40435946
10300761
32298861
41878025
43382024
26683149
41559031
00016854
43440929
47388420
32388523
27964164
17947768
02048247
41981685
23201663
72650008
31673339
45522243
19557041
16763816
28981196
04214124
00191054
40011264
06728735
43042938
29586292
47805336
46327668
43629122
46300125
30832256
26705059
80280167
47464563
42182285
44515085
80207588
23100146
42431521
43860591
15635617
03124775
19090678
15594196
41390816
70080557
42912275
44874354
00902718
29621367
27568623
06814997
28713112
02428133
43650825
25331307
32380100
31667220
16121633
40602222
26722991
33243392
32226136
43151575
43086143
43651170
04645946
41826014
28574324
40599094
06177250
04045033
42474751
41390523
25692000
17540635
00255741
47440932
31679046
01870781
03506953
16717634
22709301
40363611
01700303
41881310
42699696
23086733
20723167
41853143
42004692
06682041
41589164
06002110
40661828
32136134
41760799
32730859
80537775
02417645
22760169
32739086
02044967
41982276
43444184
20583448
00456852
32408084
23019865
03124278
22730969
42137439
44030535
42893276
23166896
23981765
70499187
02168383
80306037
43111440
43505014
22516825
01318002
44550261
01306743
18863686
70744923
03695911
74211088
43899270
10317705
02861412
42039453
40999463
23977078
40263567
30430824
15360859
70047701
00365004
40826929
70690626
00369807
43473518
32612462
40209022
40943697
43599429
43884247
43808058
43206027
23168437
04342248
40036855
27058395
00370371
32731323
00109554
24713495
42654560
20068896
01329050
45317862
21872225
42871245
26689782
44756194
32046469
41369299
18129081
24714769
09595258
80399705
44482126
42135487
03651264
27421957
42139379
43201750
46230675
42541183
41979754
41938014
47121896
24785484
04021885
15452616
40225876
42514906
08152317
25817739
33344734
28309390
46552616
03895756
02033519
47278233
41312893
30953336
42961841
43991193
80427448
16744185
44556311
46120321
45346429
46701827
41076712
42408469
04744342
02371703
06795254
30766836
70019517
05715390
21273202
18168917
41897412
27747523
40826724
23018016
45694543
42508793
05644412
43056335
40282448
20062650
02300387
43496098
70247945
41301593
41785191
47879934
19842728
30826277
15842180
40365294
04652322
30401778
80000458
09798692
41355382
15437322
07224143
23938076
19089371
46640938
03370595
44237962
17452350
23986408
09932314
42546508
01041314
26706290
31667391
23274535
27727285
23891042
40349493
23991024
42121521
19187176
15585691
42839694
03820271
15855539
23980869
43543913
42667312
23980148
75875686
15998552
41944634
44388114
71063479
47193174
47778092
19811609
06054290
42791315
43019040
46428503
23212833
26698460
22081206
60483310
72700186
41769207
47067215
44771260
29325159
03616239
17433349
02616132
05414761
04623224
09489571
07415434
22290935
03894973
21801529
32904123
04419928
40264406
40279014
22504228
07256980
30586982
16703753
21422601
15728275
43588833
00413630
18890562
41548924
24706673
29411915
05354968
05867652
08004119
05595801
15999558
05268250
46701220
43368914
04647788
33596627
42137563
22513033
22481063
21088417
21258906
31772333
10751423
40540217
42002949
10125068
41465583
46638404
15631469
28466253
10011800
48910923
04045383
31923619
18149588
46539727
41074108
42475825
42669974
20404049
41944416
41027454
27171790
00071620
41115736
23373132
43457577
46632485
32804143
41194448
21541973
46102082
29467681
42631912
41160675
40394049
29168691
44113621
41416382
02874069
28995572
42945548
44071602
41523837
18083127
03505885
42449275
21004936
26962579
42170787
44904263
43130207
01989882
70819450
40524189
41411362
40427807
23926881
44190268
04069982
19033225
45318782
44540036
45662116
41908129
41089585
06382046
43456282
19988689
22184899
15282868
43675908
41812989
00190933
28308823
76800348
02739547
47497934
16290126
80121788
61398659
04346690
31663953
41799546
19092239
33341838
41402780
40413951
30940458
21886859
00164434
80321527
15729074
15748814
32380009
45183349
43863835
70459927
18861277
24389847
03206045
42786386
72894671
15357194
02854058
42686004
04642733
44832725
06142868
40308443
71099937
40987887
09842259
42005131
42237021
00798991
05060162
49052998
00517430
04438890
73891675
22080171
03900018
08870610
70488895
23998241
22303772
72003429
00447979
44219556
10818003
16125576
24810813
70434539
25320085
31425864
09342181
46123421
46411495
08858146
72487699
30425484
70230243
40811335
45014722
23174125
20086021
41913562
25732789
29651533
43370095
30586181
40754755
42706344
24460222
46139184
40752959
09889818
40248732
30482153
31044573
41003775
23893453
41500152
32138114
70501724
40971338
70445870
42709340
22196115
41293703
09375894
10799720
27844632
41768010
20728101
42556865
22646382
21299676
18129310
42059128
31631812
05377906
42284775
09464007
40964779
44319572
05715245
22421286
09447846
40710545
46510293
41073098
41213348
00244911
20116812
70188549
25759768
42019269
17829695
70164641
09895820
43853497
40226892
43452874
46322134
21782905
41675096
46320598
16499770
42318906
07644346
46931969
43772762
29271677
41341763
42265258
44072095
22101559
10084149
01118553
40713354
40402545
41824510
42564173
18120531
22896184
42257814
22102400
70127368
40042714
45040192
46234540
47584682
08640709
46937206
10430326
46807381
01217446
02167073
40836026
32380227
70003992
46863803
45471334
47022037
44176557
00665292
42287087
70302059
01141407
10875225
07943181
23885789
19201999
72295250
15441625
46967120
25136142
80015327
03594860
40214626
02447047
03506699
29611731
30410173
44817057
23977149
18093588
04743005
32737838
03672972
72093886
05390279
31189719
45127273
25678765
29384343
00212241
16667146
40625050
17549232
00100620
08274605
04086158
23928972
80310533
16748180
05359338
41143356
09649665
72308954
06800221
02033083
22498935
15739235
29681383
00204807
10058607
21487054
25321220
04649917
40765768
40783145
42943622
16637844
00400666
10613379
30642473
05060221
08272605
06669959
00031243
20058446
44950803
02636167
40864538
43877731
05402731
22474632
01128632
43520182
04044659
25789328
20072499
15384812
42293114
09788418
29669577
42109544
43994234
18131450
16782655
24664229
43121090
27283081
43289389
09266813
43409959
44417848
24811972
29640152
15646398
16699600
46198776
22474286
42478347
30676235
15398068
47227633
42006887
09151962
40970323
17609311
45730100
40583317
46216280
23812785
29276388
10236632
41938610
20906050
25554491
07717237
44075555
44598585
07963695
17592774
00068639
31011342
43319967
47397015
41772077
70756612
41887665
43503745
32923902
04415320
28317473
22744740
41315243
00518339
46083542
25724539
22491596
33666207
29345957
33431557
40521048
03658708
18135317
18871000
16795389
42373370
00427726
44695518
29274395
02646147
00514708
40599776
07244640
00118946
28309434
02448030
15440339
00211584
00419683
45103648
45800397
23829340
80067770
10531117
41687073
02829039
42867399
27285773
05319280
40402651
04439624
29364892
80138465
43244013
22290626
40731670
25852467
02804276
42887371
01157752
09076396
44816698
40927254
32948750
02794401
02881000
41374281
80094878
43428651
41826544
40767221
42180465
06744369
18030237
02784973
70654381
05396087
02891620
15756607
05357977
41398424
40507422
40419908
32951349
00515732
23470753
25002666
22462368
18010708
40889827
46688515
42390736
23920562
40874292
45646602
16567624
16777833
00488896
27361179
47326475
41762777
15400258
04434532
00790304
16674380
43296312
00792502
07253960
15444324
42214904
33243617
40624355
41230033
43172314
42197309
43873974
41032161
23017616
43491070
18151792
05416317
01556825
43206839
31024749
23933784
21483451
40145514
00491593
41380325
40746602
07945838
18088709
21441628
02887250
44172156
44920838
07514213
21145219
00475972
05243981
23994588
32971685
42155500
15362822
08145032
29566707
40727788
42376043
41974442
05398083
04434815
00069111
10519450
20033134
29567762
41442160
72944368
44596793
33650065
62897296
33673461
45479073
33596890
78887086
47678073
73532200
43925596
48261887
44447268
74468557
74764905
77356655
76371827
33426661
46327857
75182982
48318256
74752527
60157681
76321542
47392270
76976158
45109290
46220111
43955903
33598425
76343255
44183775
60506785
48144453
76366254
74368871
33426620
40784383
40394027
43993681
47545666
43341230
33946155
60032303
73375565
47238933
44806278
72861597
33950607
33430909
48640952
70093607
45364913
47716756
70207482
42823390
75845329
74294949
45901981
46575919
45497076
72700499
44152310
33418970
42478775
71621144
60129233
48668729
42116420
74419306
72810440
42620995
74458325
70575537
74855869
43121023
60534165
71737083
33587071
33675735
72125887
33812501
44765564
80250655
75953471
76527244
77299860
76135246
42130635
33573236
45919497
74865789
33405081
47461664
62008879
40203576
74431569
10094240
76878704
46666140
75535761
76235008
70214192
75834067
77030630
72784885
60030218
44027112
44420139
72123559
72131482
76127692
33962896
44564585
07217413
62219377
74750598
72153094
44157938
45571926
33428979
46056920
40479601
42321150
47111199
74438944
77285101
77435969
74984847
76397706
16713532
80249053
73693436
75884386
41942476
40852277
70921258
42364508
42884046
33790034
76941468
43996187
60378430
74591205
71832564
33803414
72730317
73228150
42568367
75528165
10157685
75855797
33578219
10664063
47690917
33811316
47023806
33429972
45510266
60276158
48343985
72636119
43859508
40784409
72173682
74173394
10669660
80291881
42191669
70747759
76952123
47187399
80250788
46882049
80439769
42901817
72425729
47009020
33802274
74431559
33722238
33791073
42641465
73520734
46943053
42635545
76968176
60035720
75183460
47188110
47545325
45269680
33419800
47691224
76846321
48585509
43944287
33789030
33408873
75958096
43859507
44833751
71131461
44168315
71657098
44506960
73952766
40294906
72100090
42754383
42430887
74690148
60031007
33802445
45953802
43691911
62218464
76451289
01151114
70792748
73413887
70568723
46597304
70561680
77285269
72088816
72623241
47726450
33426479
75719570
33760373
48710864
33676896
73174790
71965578
33950639
33721056
33720765
80586203
77538069
33421217
71772747
33766377
42000225
73696947
43295434
71900526
60326417
10165684
72917341
33960242
76436861
72122928
75221052
76004779
33950712
33433111
72623219
72134157
73218954
71038035
74384443
41951321
43773983
33738385
75703701
33738904
33411641
72769304
47287081
45564066
74469993
75970535
33733977
42361646
47111208
43769959
46428901
72767900
43079055
72197940
43089037
73827478
40309206
47664892
46065228
60032004
33783975
80619037
75963467
43912913
70808442
71069748
42619440
72622839
62119332
74431567
33804337
72108693
75462784
43944286
33401502
72083278
60213750
71645878
33724121
77687080
77074535
60031221
73483609
41691022
41425968
73695394
48462280
45885940
44213790
48737497
71255408
33942431
75679595
33741374
71601787
45597299
75729094
42476458
74418110
33405803
43345700
33430173
70980771
44168289
42635544
33789087
42031600
33436305
33414507
48351816
72660116
42075111
76787046
45050983
70837149
74627704
43383197
33430606
60247330
60032731
43460387
72122929
75854423
33419034
43486159
09608094
40753973
46505079
48292618
78635079
73487532
42682695
33800669
47677915
41484492
48335085
40245749
40425841
33428409
60153285
43670364
33567902
73218960
71215068
40490702
46447155
60031853
40237844
70214172
47696035
73365958
44405887
48197636
77432870
45880436
41259216
81285021
75901441
43577765
80244302
75650915
48231504
75655970
78968806
33421654
70547575
76126942
44123159
75221058
73782467
48167014
46917480
46755842
40452970
40808230
44451804
74566775
42528301
80618679
16786739
48443861
72544473
48288547
73603833
42695616
72810654
80340896
75076550
42981361
44515332
70304462
72769290
33941520
77285416
72730285
60209710
73602581
33796880
73241314
33598450
33426423
09044003
75754304
10422275
33421848
72688678
74585206
33730406
70211849
43709484
33733168
74920325
41889012
60031779
44791918
70948482
71595452
73132350
42000161
43290166
43375257
75598993
72810671
46040174
60167270
45600685
40850300
72088155
71036458
33739205
76208222
46873337
72781580
46790028
70901857
74231252
47968302
74614278
73661888
42976053
74602009
33814220
42825452
47847037
74553895
73117517
33814866
33813348
33789022
42251965
60031562
74467498
60154016
48027816
60707837
46088527
40744125
43771086
60708964
42884838
75838093
60157757
60508716
45109521
60166582
33656539
47752914
73533642
33670872
61583349
70561561
78115740
33599832
45775822
45134785
62251340
47248832
45201066
33641792
77219382
45334906
75997761
75725253
47219559
33595109
33652924
45266519
74472095
43578977
76690123
73473400
60156856
74479869
45559059
74480016
75725641
62305125
76557027
76972641
47421402
76321632
77914727
61425286
45355393
44700670
43902018
33765781
33597423
62843788
60154030
77924338
48166670
33765968
44682067
60708597
44411171
70544362
44802448
33766125
33581565
77280107
76370008
60506859
33761208
33599279
76156571
74484360
77286260
48840326
77344734
42349704
47537921
47733029
43944759
44599946
74471925
48590442
76858085
46417654
45343744
41791642
74487196
71801794
73751704
43699836
33582262
47580766
33596735
74493946
70998801
33586183
48287444
33563216
44591046
40176265
73610842
76454229
33400696
47590244
33766363
48437481
77479439
48693887
48421339
74637351
73439387
27717721
76265211
77795009
33569554
43815060
46303246
76137383
76403485
45644884
60271746
80250925
42729563
80441595
74288911
43527911
33585633
80291244
42617161
70599221
73783824
27712445
42297247
46549748
08175168
75963469
40951466
33676584
42268911
60227018
73425549
76664525
74553878
74364700
47701872
46157844
73932495
74855929
75842951
42865293
16796389
48561793
76304507
40840456
27427597
76127050
70807224
73702620
41877037
71827123
40068871
47113334
47251464
60032627
75834069
33589786
80243979
74488505
44599216
60054449
33669339
33430352
76696146
16755265
80350413
48945649
44677313
62897306
71829358
48276185
76692404
47593637
40520277
60166591
44682187
75619631
80233016
42909760
76244446
74861329
74305628
07538601
74465295
41435291
75180173
73051181
77503287
43721979
73595277
42214693
48810664
74903444
45694523
71586700
48027579
75977535
80251103
74487223
60057966
73597723
74460285
46364638
27753451
45794261
33580659
76793942
42976068
45726691
44525258
45704900
33588771
76950350
45779530
33406516
42443034
33654847
45910132
70484784
76850417
45069336
47151168
33767696
76853956
60464416
44854771
33596897
47841358
33598412
47747223
47049040
73105693
60031280
71585782
48455104
73752949
60613747
80347461
44752830
33405890
41433501
33803613
73759565
42745622
70814398
47306604
71774773
48232361
46153788
44989567
74566507
44524481
33813952
41694002
40529809
46414440
33420566
78372406
40775409
41381997
70897157
43734162
45007640
33676793
09958073
70834340
70130436
42263906
48222090
75863100
33767779
76739027
40971961
77231906
74419304
73782461
75933367
70070503
33672479
76160805
44361425
33587000
42670680
43396417
43459729
71644623
77093639
73658537
40550515
60032371
42056407
44386925
60032464
45128049
47034583
80619038
70159905
74560775
41969149
33796810
76571319
45668810
40375893
71803938
48810426
33656152
33940569
42299360
44874510
73603841
44818450
75933657
21418032
33580307
47392501
76968344
76962276
75341785
60032754
73693187
75898249
33666248
77233710
72018882
43756979
45764997
72812926
73375528
16724552
33806873
44611209
80291031
45374980
46412432
41164162
41086463
33417062
73121393
80251218
45172422
33661569
76812483
73331410
33594888
09723929
43949028
74494084
33961856
75762480
77152870
74620328
33407565
44389214
48063228
43208720
60032504
70289714
46986418
46863879
73082404
76208211
46582689
46921708
47013220
27265213
73908149
27738131
71555552
63387326
76005605
73691865
72119262
76627929
33768855
42718708
40138562
76941454
33945970
76812480
33595451
33672599
42440646
33722185
41812940
47424723
70129581
43666034
76925855
73494613
33681833
74379545
33415396
43151481
75620517
73242703
75734583
33417017
42431609
48395158
33826574
71653020
41619741
73480955
44471327
72219076
42744160
77433527
41375868
33807069
63002402
74566765
60863128
42356592
76336638
45367066
33763857
76133213
61175947
33422033
43751770
48706120
62134057
48967526
70211008
33567225
42565619
47726464
74419292
76947103
75076300
75611807
60231031
75422302
43089049
75207816
33589161
76265459
72118032
76734055
47065527
41936078
77353438
76261101
74637195
70218459
72097595
45195273
70219566
60319875
33945964
33577343
41896690
70559905
73341743
42410341
33949229
73487591
74704258
40429744
72230778
40471013
33732255
27052168
33566418
72309573
33814216
42913323
74554898
43180678
73778811
33961651
80230942
46360085
70797137
43043643
73230327
46354264
72128158
33400252
44623008
71813000
16659948
74616743
74458275
10354107
46631992
48670010
47315752
33408792
33430837
42666127
70559500
60031170
41884197
40394017
75087766
75898237
72468274
70788328
47445089
74601681
71100808
72134148
73242732
72801389
08465470
27279564
72160429
74527678
42858228
60166494
70198506
73375505
33591316
33422466
72729905
41139748
33963024
33816871
80614833
77003659
41801660
44939997
33578350
46418181
73499404
74419361
77064040
74359335
33596982
71809346
43032152
41839585
42496465
73495198
33426957
33723078
33724209
41208434
60156826
70911349
41625634
40472593
48309564
60166020
47349590
40864548
42726297
76664532
75575156
73541117
70937161
76948563
74560762
40254869
42732236
33426684
45861855
46317197
41102006
42476375
33407727
76366314
48407248
77153898
75724628
77354178
73702593
60032325
16802278
74624181
33430872
72092703
60031852
73513237
33597390
46878781
46262074
27075415
43324717
33655953
60329664
72131458
70877305
40499228
73450758
72732498
33790666
75708747
74627743
76684498
42264661
44939980
72781549
42839184
44902386
70158695
48478460
46924058
72810648
47041752
74449129
75461657
33589560
72688648
08693912
47124237
45993680
72662287
48272739
76941386
71129517
80672118
73468891
74418117
44740217
75666592
41552497
48908319
72134215
70289707
43609507
72700536
33426640
45056997
70159180
33802411
70927647
73710433
73347179
72076282
33662410
74362104
78108897
43504810
81275462
42046774
33419284
71798764
70490420
43456288
76187836
73472322
46926440
75572991
43522260
33643641
70599226
60031970
46134822
27701609
70198518
06318750
45457531
48538566
70159888
43425076
73375535
70204181
45779503
44205149
45605904
73787155
09951088
44593016
47601125
76321642
06717714
47369916
70130699
43306569
73705833
46840221
74624180
33960491
72081454
40549354
61242352
75996341
73688671
71648955
43649023
43257437
71966852
44473497
71206869
33802808
72428649
46740662
44833284
41951290
73591164
42737965
70180698
33424124
33724141
42342645
70837139
09777346
73658536
44886736
77568732
60035421
44190061
72175283
43654815
72088808
33577803
40402665
33426501
60202409
73775973
70806024
72681714
41079873
74430658
44960449
33425760
76980137
72122917
74492584
46084586
63434080
43035332
75828880
72190487
72686690
74407094
47126306
44740207
47620455
72495826
44011631
42022836
70180673
44950214
45141393
70251489
73704863
75783239
73228155
45115353
41840249
74422920
43923800
72076393
74482622
77685476
75540413
72805567
33959548
41651169
47251169
76571462
41807384
72122877
60032521
72949688
33426470
70164495
73071688
41173008
73696797
03127333
75754307
76627604
76954789
76858038
44566430
70086198
73610868
72076334
71827222
76670702
71621142
44599098
42254449
71866304
73695351
75528167
43326554
33816423
75926456
44272054
44231034
73478301
74856378
43990092
76617517
44662250
46055103
74616765
70338781
41284541
70180713
72784898
72175284
45569775
47675452
10505291
47749158
80255302
45375317
73245716
46592897
48452248
73665336
44175640
33428184
60225985
00831316
75474571
33578256
33428366
72775150
33942029
33409327
70470985
41434218
46328312
73227461
71869658
72017074
71781035
45696290
76862671
76783603
72708245
75708732
74803171
33734721
33728705
70834348
73806012
72096617
33586926
46385188
45447263
47820400
48165049
74656031
72980177
74431523
48293111
71640858
72807479
75725292
76811430
45334728
77290059
77349119
45609059
70042336
77811401
33676331
73532255
33652123
47733001
72125539
41795470
73218978
70599222
71193734
73229944
41728162
72861558
33953206
41616501
72137290
72623235
48869592
33407249
47664870
44088491
70207428
45773245
75703700
71917365
74458355
76800685
42141014
43773925
33431891
75050769
41360613
43027559
47165571
72777916
46409513
60031353
72777948
43990084
10680092
75898244
33800004
71569836
74566791
70551605
40659858
72861515
74591226
75679723
73532295
46609423
47251437
33429578
60030151
47636878
44857356
75512450
33783774
73805978
75075871
47495535
73490525
43886362
70833680
73362344
70576793
74600099
73347184
75762121
45789924
43690630
71338944
40498924
72954311
62063262
43625934
80293132
33560350
60031601
72230935
33417401
75953466
73532260
80584272
75216632
46791130
43914556
47463493
74316541
80692074
33669890
46000878
73536831
70932610
74419293
10205958
45834014
70304470
60031305
75087731
71034955
73787152
75901448
75075642
76248780
40164847
47324639
48118569
75586377
42966628
43062482
72779493
71131459
73690935
73695236
75902345
72732489
72046385
75872773
76975970
33960470
43276113
44877815
44939987
70561809
42620983
46702214
71534666
80244258
46795641
45957965
33792808
76954896
45633760
73695546
61129196
73830935
71112704
40916127
47740882
18030270
33413199
71798770
46157843
33816847
73658379
72104075
10668907
46006823
74433391
33810722
77386550
75864709
33720788
76738963
74371136
44726507
33423879
72623223
70159922
26719500
47023809
43455351
80164837
44297741
77177490
73347178
47559739
76815999
44281230
16671416
33725184
72843211
47190808
40678955
76127275
33796552
60031702
60030072
16683565
43901994
33594761
41022232
60227024
72153816
33675292
74617475
74358316
75977944
74855922
76119276
73759466
72784904
74419207
70214155
72722862
75782613
75584359
71932202
77084568
33768381
45297862
43329251
73479452
33419801
40318016
48295423
61581399
45364900
74566475
42916209
09556724
75435519
76236814
73861341
10196394
42858223
42299361
72856098
75807678
72810455
75668578
77148803
42072502
43296624
33959464
33588527
77059745
73616031
46685854
33733742
45126822
70575503
33419430
60031169
40462839
41851851
73696697
41699212
73974998
10660198
33411525
33424591
42896233
75484800
40034737
41475824
40686858
74471454
74479896
40462841
44594836
71803964
42478640
33763562
75845510
72128168
76422382
75926402
33664801
60031689
47664711
73346060
26729895
09967552
72567678
46592903
33944835
41284521
33424103
43000644
73615997
41818696
46363148
44414201
44318100
33589309
73534181
43874883
18988176
70294086
45976441
40764522
71774772
73697243
47127200
33423301
72314264
41550416
41137997
42806896
45180099
71917382
33800782
75075874
60030057
73472931
75767993
72669919
77481738
41818891
47638539
41096091
60030552
33815843
75657070
72843173
47548702
33788896
44615988
74428810
46376529
75087760
74855901
71900548
74438946
33787940
74625940
43396502
33597044
62266938
45356892
76800517
33764063
44451769
48340895
43991811
47423619
76253947
60213783
47976360
74477387
27081932
44015755
74625464
73700080
45418439
76604693
47190824
73347181
44162709
71495645
73891643
47680501
76972631
72155005
70198445
76812422
75657067
43701690
73478261
73496941
33814853
45509616
47327456
40564098
80686720
33422226
81498275
42774625
73603682
47697216
76305880
40813992
70211833
74632155
44740224
42087475
46126650
48651926
43842317
41872349
73529170
33408154
47638649
46907569
71621131
10309969
41985994
73375564
73616053
71030982
43528849
48351836
75875324
73465331
09970753
41658606
45178422
76946861
73787161
06784122
75735744
44160696
44336304
48259698
75512143
70547588
70793497
46426171
46744432
72119268
60620200
70114247
72131462
41972423
72681725
76517878
76127687
40216627
45740973
47537893
72585430
46804102
76981908
46851506
71781041
73808924
77699656
40447034
73472935
33423258
40735936
27850929
44549925
72119289
72129342
33816005
48437083
72688664
72365518
33812973
41839589
73693443
44915259
71562259
41848943
42965357
33411734
71624235
74175988
76734905
43907583
46048496
76545253
46922898
40822409
47538518
75001690
42995033
45069337
72944369
33792807
71067148
46427343
48328792
71600448
44351799
78718936
45229331
76571252
42000227
80342144
75954549
48125169
40718115
75452046
76086313
77797776
46961367
09835668
60129028
42205431
44195116
71781044
48704524
74540753
70447987
44025606
47533229
76208206
60030652
75767979
41404223
73490527
47829525
75775849
33946177
33420490
77324642
33810729
76292703
41254623
43280369
10354723
71099411
33590142
44208509
76265153
74448674
73932294
41224960
47458204
74418118
46166433
46010377
76044243
71112685
77048740
71193292
71561685
44893336
74420652
73540963
40707876
44408338
43387099
77283331
42081369
70841669
40850430
74033469
44692772
60054419
47920959
70863833
42290713
45732355
71872826
72080852
33952798
74080435
70159933
44019992
73952844
76776979
44336300
74559915
47806872
43230495
42125519
43499948
73146092
71562922
70156531
44390023
33411275
44168322
41868729
46448443
71833020
75060673
73491691
33959623
60052860
74361567
70901815
73614294
72105435
45169882
46769255
73665372
42641464
46921710
00187730
73692068
72926283
47337753
71092045
33423335
74625939
01042050
33722247
71795112
74430657
73067268
73588149
18167070
71338949
33431518
27081737
70207441
80347034
71926373
44320042
73658414
44217046
70790231
10782049
44291455
33952645
44726531
33431412
41960364
33652436
72011593
44506920
73691940
46573915
45593632
74651216
33767282
70921265
73599633
76783266
80293778
75208124
75972144
46061704
80536974
70158688
43219262
42347368
47009665
73545967
73446871
42913523
76923386
46288540
75798122
73448839
47693185
46424339
42014757
70471024
60354218
48303521
45909737
33770120
60032380
42844578
72025338
27265942
46668472
75834080
43755131
41022598
42444657
71206874
43851917
43920009
42617732
48323397
80362559
48628378
41930711
72121069
75581299
76560883
80619637
73365966
33960453
72747313
61644061
44837833
33949989
74358287
76852088
47178370
74461669
33415337
73787168
73338432
73973794
33401905
40524989
10371106
70841637
45437539
80538259
74372636
33741536
75778633
78014748
71827186
60215655
72653998
33946054
76161060
60708301
45591831
33599145
73487612
75926461
33941812
45818673
60035200
75179421
48149219
33410719
40753972
73250208
75598985
42482543
75655968
48413891
33768196
33796596
74566499
46600565
43865497
62150323
73696788
71932218
47979592
33769438
72886765
08888185
72784968
33948428
77492651
33767242
76002345
76630833
46735893
70437489
72805604
80538237
44926521
71822629
44747812
75069442
76793952
60955605
48100638
33738983
72781597
33419838
74433409
40642834
40973966
40968821
43940600
75983543
42581964
72777945
33428203
42488205
41035015
71121847
74627735
72096611
33766362
47067995
33420405
43914139
41635446
44986699
43299058
72917324
33430578
72462092
43597845
72807396
70126961
45503744
70998797
46767277
77177495
71595467
74616898
46301343
33813381
44420595
80562779
47737972
47232476
73695523
42650265
72779490
43693361
76064836
75216939
77484283
72588380
45382465
71809458
33732676
45780801
42080978
45930283
33813920
75421823
42047782
80619359
46980714
76401786
75812615
33658347
33961954
42931912
40659861
74622591
73658627
41795475
77461181
78197279
33790043
73693148
73533489
71902225
46410697
41574088
41258854
73544888
47752662
76981524
75995674
47427110
74479972
45896316
47484452
60340852
48567202
80210673
33763524
74740709
61065212
80230794
47732936
80677344
77479355
80620349
77796228
33767207
44600996
60679788
45888253
73336559
60649094
33767311
74740933
45356889
72787223
33766146
33767774
42896554
76692538
47922559
48154027
44217232
75075662
75586381
47490070
33806887
41177288
33599804
48060619
77912724
33598010
77912874
75731553
80251391
33596955
73748767
45331913
76366619
46615668
60237267
33596705
76859190
76305522
47703148
33427618
44697350
76981525
73527895
73527896
76273697
60730663
46389902
42474694
43009640
47750780
41354994
08316844
77200248
70160820
45355296
60030716
76126938
44601205
46088521
73893794
43779716
42354175
60498718
47392124
73936380
60730235
43956078
70871576
76941191
43189427
77801675
78013116
48767450
48183586
75785277
76968194
10463847
76907085
73597726
48742279
48680806
33663913
76949768
45114571
48120562
47597453
33652015
40222135
33667945
33650747
77662926
45599477
47189651
74822804
41939822
76965180
27404264
73595313
74727241
73317125
80292501
75473405
33675305
80293537
45301861
72076328
73778117
75801391
42060379
45887626
74481988
74464231
48860605
33763518
77491971
73218971
40462520
43797644
43423209
43778824
76573807
73541002
73749078
73540975
25830214
46800088
76366436
60456506
48404567
70619099
47484165
44596837
60464428
48097574
44472798
43157869
73324577
76904782
48146897
47868115
76321635
44598414
48123813
33767087
76698991
80663968
80255295
45364890
70547547
47652187
76962218
47394317
77811357
33768954
33581556
78462810
33761808
47438255
73902777
00254675
72097603
42625433
33405640
73809543
46046280
73681836
47148185
78888087
46414425
77355162
76381236
48346185
46542997
73805577
75941730
33263530
32527261
32530967
47219614
32383469
74281422
71837460
08623006
07450755
73663614
43051230
31647208
73667743
32281211
32394529
06000647
41083976
73376793
43425652
71995077
43512761
33345319
71713982
72086692
42085226
76313939
60128017
06576060
72692889
71666188
72075511
31925725
32041420
71127160
32535005
72356619
76288200
44492990
72569880
76033847
44620358
41396877
76180840
33346300
70251106
41103607
80354679
06207533
71044554
71723483
46816436
71986197
71928188
41261467
43961399
72405199
42554283
43039785
32411022
46012215
71728770
44549362
76611461
45711872
71991928
31646157
70811470
45417790
71876775
71497423
70490430
46897620
33335586
33340391
75289958
74175621
33336540
10536489
41323864
32226410
32226520
43467155
71823373
46677224
70675785
60327614
42457670
74946576
42382424
32866516
76557197
09791177
71511318
41318339
73905363
15862522
42536857
75832979
76088547
40466480
72098307
71876770
70514034
32304463
71193340
46335321
80310786
74281457
44823713
76783582
32301268
32302760
76481193
72157571
41284563
76425126
32407686
72383199
60255174
60027582
72572420
46271908
76039218
71990509
72154552
76012478
71394828
76367184
42574335
32650878
31820090
71509155
70659365
46155910
41457516
71918739
78970986
76863971
46128513
77168164
40331459
32023333
72527627
74211646
40516051
70202388
71051683
72120239
70459219
08174269
76744198
47287138
10185612
32033324
07372756
45860139
15741929
71761034
76852348
76611846
72082888
76816991
47377639
76356656
44298101
78012714
61626073
72091635
73974101
73375144
46303993
41541965
72106685
72444700
10455508
41743942
77045775
47615778
42169830
75940948
08514574
47260005
70301414
70353793
74369406
48106061
32226422
70517849
40028164
70826137
40529337
42871071
60027709
33341761
60026401
77461109
73929251
32401493
73483135
33336025
45998470
71525208
74454758
32267347
60709361
76064932
71059096
72080389
43225253
42572182
72358624
72031920
75238845
32272569
06830506
72560784
71523957
75883523
46103801
61321683
43226432
73506039
72072972
70783083
75823711
45187368
40696999
18105134
75367431
71393035
73142282
45259679
32020361
42082731
32528317
41255981
33348808
71759661
70459230
32293576
47141338
32954317
72852601
45373675
32526441
72314290
74299420
71519746
48009865
44646491
80153345
72576763
47823139
45520390
43775891
09952312
72090627
41611184
71723356
71855486
73743629
40608118
76557410
77296525
40287158
25697242
71761024
76583674
41251270
60024280
60274455
73662115
32302037
32042032
76198364
43823665
76525236
43902798
26955113
71523767
74951590
80607962
47187136
72655306
76161428
09096581
61688599
32538247
71556058
71859168
73506254
73481995
73771148
72106622
32116396
73108933
41293126
33337611
26716027
41789973
40884208
32220979
32221270
43781999
40349608
44427428
70288921
31880073
41428736
45450465
73387375
32528334
71837468
43463812
71819640
31833320
72075573
72014721
76583833
71511260
44109067
48089093
76967536
41346677
48435667
32388698
32391951
41539075
43005087
46482519
43964079
76027567
74450472
42750115
41936743
77350712
32044024
71556103
71010148
71141444
46166085
76794112
44433150
41532977
72098340
75820042
73332950
73816616
43225345
40781016
47122277
70906344
45293485
76849178
10543455
80470249
32522001
47257831
42729922
72118818
72527705
71044980
71983404
60399569
70516850
72227468
72091589
42630273
60446882
76436921
60126623
22515857
46973030
09937106
71084953
73814945
06519596
63349074
72118678
43578599
72443172
31933976
44209384
09919765
31665050
70901937
45386053
71976137
76381005
31610637
75887780
32297630
72382648
31825353
32132964
77029357
31660400
45445026
77039075
72527609
75585935
32729534
40265633
77687410
43538623
31825291
42583432
31668941
72009401
75731247
47440437
31883913
31666490
70921119
75261665
42862369
72356404
70177413
32812448
41920191
43551106
32489196
42777735
31638652
74236045
71552810
78971021
60561496
32724690
60022000
32961773
41976019
60027284
48183433
80251067
70556464
43271133
76968970
70802023
32033048
40072147
71040341
32967659
40961480
70915927
31638508
43055413
41045089
72091544
46457918
31639107
40603350
31827168
60287383
71571275
32610711
72620194
45834963
31671701
71859118
80438095
31634536
48266887
72091498
32912724
46644158
31663280
72669395
31625863
46043996
45708032
71016727
31675879
31606161
76557372
32730531
31827198
31884049
42006190
45858141
48020728
31662306
70976761
32814567
32610817
74555304
70847384
70879024
70204413
41067801
43170081
31646713
75559720
60123851
46489139
73640949
74278950
71023694
47391449
45266254
76831797
31635358
44217409
40576128
31643009
44773811
43747720
45716371
44415593
42922689
31637748
60022075
77246852
76315996
31630974
10744424
31671359
71064420
71851295
31635346
71999825
60022330
40946771
31669369
60022323
32728990
73417501
31828591
73944642
25722234
43762782
70391812
76205271
71970262
31648356
46030320
72165187
70939933
31821077
70108933
43393601
73210367
73998792
42699416
32027757
73201939
72088314
71024396
72557356
72366674
41148469
40304300
40402696
77800526
46296572
71444798
73983742
70113603
07964474
70766995
60027765
73673410
31662128
44140886
76847941
04082516
31677328
32915915
32889127
40956897
71865446
76617513
42837665
44253929
31654759
42399090
31651291
75094038
73831625
31614950
71974979
43967024
31618235
42975457
08549071
42094211
32904820
42004707
41553459
44662396
71296507
32982123
31605958
32022517
41872936
32782476
32905861
31617222
72194054
31652399
72295061
75230429
75247792
06048176
80280041
32480239
74309260
78635343
72717270
74325493
71129558
31606225
32974620
70220758
40475800
75576948
07033192
32644549
32480097
43633023
75973626
71822461
42872896
32039551
31605643
31680606
32898962
48448685
32226055
42544971
70758970
78199431
71095305
46983931
43394845
45588437
60026811
77576881
09636002
40859382
32399912
60024103
75961956
73654574
76202577
31642049
33242026
44839786
48172881
43612132
33263297
41379457
73568290
16174560
70234317
77209542
32646434
48020358
09608812
43464499
76645755
71521096
43760886
70875836
74389658
75410738
31889313
72358524
70860928
70472872
32124486
74661151
60027496
31670057
71104747
60022807
72098210
40812976
44637135
74282060
71494400
32724645
08884383
32224429
44630921
45450477
71423339
73502376
71343042
40627448
25516861
76525320
72568224
46715250
71446916
71059192
75205067
43229172
40149973
75236490
15849040
80611705
70839269
48063095
46119106
76728863
61626057
32108547
72134917
75912090
40491562
32029788
47918339
40591146
32123880
10681901
42423042
45783287
71089121
70595652
76763967
76231145
32960776
33248899
47639503
42651576
71040376
31937205
32907384
31771686
42008670
71590386
73025169
72135693
31939537
74946632
42339220
71789392
76457426
75247860
74900025
72603468
32913914
44302495
70546943
60028363
43519531
43152648
46768669
42294662
32045086
76520332
31940680
76044685
22757471
74488794
76907072
40358578
75490814
70494188
32651183
60028352
42137727
70217620
46152738
40965186
40878320
15847158
45144198
41824845
43080361
74685979
72358513
77794497
40048562
41810300
62318999
71132957
46834304
32108845
31671769
71743851
47184227
33253867
31926728
72145019
70836247
41274875
40776400
42147263
46224792
45512884
46060094
41493247
32136021
60025164
71656015
41751683
75658222
71764587
45162872
70931149
44030642
76220944
71537010
70131032
71152848
46324559
73372833
77486997
70754702
70979730
41671745
71048825
44595596
41458476
46571877
40841582
48204273
42958645
70827937
71970935
75847339
70815007
60306599
32402558
41732377
46953347
40095243
71097043
73882220
45527733
43935694
70803515
25713129
32497604
60046239
17906113
10880194
08521611
31941608
31951760
75777024
47094179
43195388
32139624
31662898
70241285
41157840
32043185
43873396
72318404
31942044
76627749
76071296
46266032
46873569
60075900
25779130
32390061
75887562
60028709
32661917
06691446
72383128
45386022
32405656
70521731
76055540
73545467
31929632
42366825
70946494
48271651
77218531
72390020
31922135
31621007
70824614
47938428
44317118
31941358
76701469
45255725
42656819
42496484
75847951
42549597
42747697
41775752
70973186
41190261
32483338
70977855
73057497
47535014
33348219
45532793
32661738
72098278
77921610
70284852
70153942
32766695
78547326
73461971
70808921
42245404
31930279
15645953
32538252
32537900
60028457
71493366
40453941
47292044
41847482
32404713
72778398
45018464
70997598
75140964
31933010
75749898
71708505
42470438
31638875
73975534
45177172
32111852
78803154
32526982
32526573
72551753
80377033
10404825
48781743
32522116
32037777
42461732
73672328
76384195
70152428
73460444
32288356
42097135
23392418
76166245
48319423
45540040
70432699
72358592
70513583
72323694
45916812
70610288
74421626
77340983
41392379
76831938
41718588
76475481
06790803
76335363
72075478
71257807
44434747
44598635
46634944
60125732
70786139
70995417
71811306
71651358
78803215
75155317
48576421
31943152
80194163
44395532
73802364
74917963
44341253
31938005
71487976
15749772
44048802
75789622
70814735
32817419
32522220
45494439
31774424
32656065
70225786
75527176
76344321
46370735
44416817
46723905
31614654
40519762
45091825
32487256
74418361
32486985
70562639
45318233
31661436
31659114
71081115
72696427
32956052
45779018
32950918
71536975
45018268
40788204
45716926
70455851
71726089
76550006
78720547
70466524
76947056
76537691
76955522
44757649
09778539
70216640
32531204
71970978
45142859
43194056
46603376
43512753
70681678
48933795
31676381
32936443
72565893
45390694
77538037
80338864
32481821
76452331
71855378
31766887
47060567
48067513
41388013
71988975
32651452
32264891
32878754
31636631
70132139
70256105
32297408
31768331
71836280
70203423
72378252
41249441
45502955
76657504
45032940
76629928
74456567
44339798
76273603
60521048
70905064
70932878
43192780
08686353
70971309
22718154
73891252
73471505
70577474
32945618
76514414
71080320
76665815
41261518
80572850
32390408
40307398
43589570
72323607
75835281
31650569
71811971
10734190
46675450
70598935
72014725
33245804
33245735
09190927
60075950
77098448
71820074
72420760
31638522
75155543
72125184
80470296
45986582
75197485
44948193
72323722
80194643
33343318
60299411
31924427
31932975
46218175
72557196
76123671
80141241
44964049
32726859
32131026
31929674
72753094
75956924
47764976
71218567
32481425
42495043
42531524
70377590
76337282
32125587
45496917
33348003
45435010
80171164
71016877
71571369
71520965
45064990
43011973
32136931
60024955
77023026
31937162
74392438
73004111
70385229
32392630
32114928
75567023
71805498
42488958
72565925
32302769
32128952
77294291
45839229
75018593
32132813
33245739
72321857
76303057
44948932
32405065
32654073
32399136
43551498
43612462
47650319
32285626
42559505
70803530
45378706
70186824
31666872
74235868
09625607
76049442
76415789
44633531
70807629
72252019
32645039
42024032
60409920
73771145
43853740
33244379
74426301
33245769
33244342
41119138
31657195
48358067
31673526
25821928
47258103
60304764
40111916
43938520
47875490
72922362
32405926
72576712
31923223
32727447
70117562
60027204
45984549
74476135
32392167
41106180
32527295
09746372
72322216
01012094
47001681
75128539
43927071
32729503
32278354
47669919
60851244
32406814
41783768
73644288
43836549
71721008
43090778
32651501
70162324
75994987
70039730
76647650
60125889
22878991
44107706
76364980
33242535
40954523
42834019
75864052
74656679
41538962
71050478
74077870
73108937
74021515
46053815
45858349
71493415
71287079
41108166
40620271
45266224
75191643
41320581
60025611
31601252
31600080
60024901
76343352
73649229
72560953
73664979
32122446
75473221
70824217
71986199
31623480
32948295
75347811
70753643
46126453
71450502
70174325
45089751
31883943
41319639
70841726
41165274
45527238
48935520
32490938
31934236
15720377
44724502
72430466
45860138
42135803
74311850
71759654
70004278
41582010
76788515
40688289
71150080
32655182
15603695
08608018
76550355
73451269
42856456
42245119
60022490
43490702
76083606
40549358
71916571
80135164
42625897
43437040
48955951
31654708
44115793
76030864
32521305
72274982
75161549
75154626
44533243
70108251
71721311
73534818
42547239
43652524
47241322
31668494
33242020
46201645
43936209
31923244
32935932
10450775
32497216
40781804
70746353
42718002
33248309
32026263
46152826
40572036
76788343
43440856
76783583
31608437
74602129
72949276
75173360
32526410
45635544
60027095
75489943
73375124
70884466
71127168
31932512
40878331
72150357
32958835
73234634
44590012
72380060
70937412
32728940
33250476
70205474
71441973
46694890
71988977
40683173
73457972
32489628
10683575
71820063
32920381
46468813
47491971
46323199
32125021
71235152
71970963
71596791
47557778
78377568
31653445
75004792
74480733
72356582
31651267
80824155
32495903
71193879
41181630
72483028
46017524
10398753
48314055
45440649
71051870
32901493
32933585
70121029
32879987
32971758
23019642
32892085
32890536
75715292
71523932
32915220
06923791
40954649
32135849
72259444
74463060
76017736
45901346
72400648
42255686
72098336
75761882
71927720
80555396
32039973
72884267
10312181
77662147
70603275
78885843
75923452
75826872
71567112
32402664
33242621
32407327
70338853
41202563
46567840
74851651
32899708
40855487
70557052
32224916
71477428
73537224
70133528
70074529
70412904
32128446
71089068
45658400
46782532
40280529
76831503
71764463
70023694
46107885
77695858
80381946
32404825
42526281
32401171
70198549
40073799
75819997
44511008
32522043
32875076
76773792
71222159
70264842
41539886
72158624
71477138
61633101
48588205
70244884
75799307
32113807
75587949
45872618
45385938
71010445
71832416
71063632
71496645
41188315
32383812
47508843
10881598
70152442
41791579
76512567
70102431
32899402
76281174
46044001
45116755
75804382
75314492
75740426
31770172
76800935
77016804
08236164
33343943
32522003
71417245
76602908
76776182
71537333
76915470
72456580
71089072
32111461
70784175
60486780
91289356
33348865
10431990
72890586
46683550
32404407
18112406
47358626
71139956
09500626
71006330
77683743
44458545
76352727
60363013
71089081
76401162
76093097
60212036
41349150
80385314
72477880
45445478
75324968
46100461
73468912
44559649
31654437
73326923
75724596
60023991
32989453
47285592
76475475
43742743
74753182
75800035
42491693
73175038
72379193
33254002
32403776
60026683
32406934
44734894
70983818
46547839
62210712
32120598
41048008
44389915
71006422
47536976
75856017
45872609
74231910
40882645
32610730
19032188
73028525
45310708
32605481
42841352
31642623
41212684
61035205
71050407
32740179
71067408
43663953
60029218
32611930
71380707
70575758
32043594
32944156
33330399
73463580
09748603
60024364
71628123
72377185
31677225
71010175
42699429
45171256
08782496
32612115
70612390
72382769
72378339
32606304
42034383
70783026
73642227
32612947
71296514
75458579
72510676
32121078
71990320
76918684
71102680
31641717
71498776
31662344
32946144
31771784
72327984
33251828
31664534
32956203
72850191
42459569
48116303
32938008
31671986
32610409
33251979
46292378
76520986
72150911
70783051
44911841
75221746
70160077
40126966
31604092
73379459
70267310
32278763
40817256
70917118
71104920
70158020
73634420
60126564
45823086
40408793
31661514
31600129
31671838
80275658
40358567
73811458
31642457
71080158
32604081
40612344
43584075
31627462
32608326
32645432
75420208
31639076
25817278
72551333
44754587
44320158
43847310
70168586
43893951
32603342
40479232
72377266
41789243
31663601
72305683
32487208
70971224
32223039
76050301
76041027
40015904
41998275
40281193
41510465
71807436
48618266
60243505
41929051
80195574
71727459
71392957
47875440
76603191
43389299
76299698
40980607
75659075
46945568
79052097
31656097
76320664
76751563
71392987
31665545
48697503
32224446
42372654
32873001
32775688
77500167
32406295
32831564
61167166
32915196
48929057
73053266
73672982
46052734
43504407
32945995
32119919
76300492
32927943
70314701
75519126
32541606
76055024
44681155
76292238
61108623
07821059
32118567
45724468
75050599
47939308
70153953
76381963
76523635
10803306
40116668
32125463
32897764
72211470
40698297
75883883
32529667
45368519
76048165
32969548
40404767
44711960
72713311
40432449
60466805
32735769
44567965
32526933
78551359
72564815
72873324
32135108
75156729
08949541
60023734
32121272
70305181
32988318
80437549
25610000
44841874
41020288
17801352
62843177
41809649
46444880
74430410
00250096
47591726
71408714
61335411
32973790
28105343
40500541
45162214
44895451
70188827
73931904
32947326
42051798
80253616
73449052
32787821
32109935
32138549
32740565
47435707
32105036
73300415
73300413
80220281
42405844
45699523
45772780
48351948
70262493
31670971
32126495
27151944
47651971
60217856
80247298
73353545
31937895
08616376
32296849
71511055
73646667
42610987
76742384
31775115
46166092
71417288
77914187
44048830
45116471
73934159
70652570
48197526
09470515
70842026
77531073
10689465
71993119
71023691
31951725
42416797
41706152
71519741
75259481
32285364
75182656
46697621
74455840
74483950
77086643
07357806
71016990
71491004
44395516
74927322
33339404
31775150
31772204
31775260
43643436
41273660
71511272
42244976
72358612
32839088
70119631
70151086
46000847
31823386
42362635
76049433
44332326
46164536
70800610
46430856
61010021
32611725
44392721
42804067
32284849
71090800
31940595
40467010
43398360
71197745
43170976
60328009
41128965
75384584
45845683
75133115
70871279
46953354
45983080
32029777
70582369
25852212
70496954
76039907
09781161
45961639
40281619
42244984
72002456
72369261
43590559
46817164
73757660
76755283
71717046
06888004
44267219
76879194
43663509
42877970
47700880
32521817
70188802
32293489
74409155
80574825
41968231
73138245
72323915
71652309
72140616
32119899
48345502
75407686
47176893
77817582
41976033
70870125
42904528
43034274
71504462
31656253
74402561
76431548
43511481
76365105
70787839
47020702
46490146
70750312
47416370
09964093
32027700
43341950
70670581
76937944
41165900
32043293
47219642
43235477
45161329
73387040
70020479
44828138
40820243
72572145
80326778
46406246
70213106
44209184
47350882
43412419
45030928
70971327
77914037
76266346
45211956
75271128
72121217
43206117
45320917
32926108
71890074
77125077
75906235
74222641
41522853
42339224
71666172
72118809
70604364
46998934
48476210
71885666
75191453
71848929
32495629
16676243
32406811
70251278
73871216
45457921
47872869
78459062
71823370
43730526
70754070
70787848
42631931
47319338
76827900
47332839
70973144
71590352
74450425
42324094
77701128
32043364
33259718
41771008
41017376
40833532
71416864
45235975
72394955
40760335
40519241
75380930
06911102
60225726
45030470
32113904
45308296
41624392
42849205
42156539
71820046
77098449
32654169
41212888
32224418
70617397
47861586
45720602
75880255
41770259
31663033
73372799
47827709
33263495
73529813
47337643
43994696
75353672
32737911
32385357
72144400
60876085
70893287
41604132
40916225
47219607
71004671
48248694
40793318
32654916
76047002
70897385
42687110
70879466
31824217
74135464
32908739
76594861
15858481
71444794
72072907
32224915
44812824
70104989
31951603
71567200
70138032
47983552
74150271
70237384
74083303
33253818
44299684
45107951
42868485
32225110
40550997
31939557
32489655
31822056
75378174
31922706
77473019
44023742
73868675
44112175
70824222
77476018
31831020
76476107
44914186
76290680
45379891
47146672
71648279
31935328
47480444
76604275
77162468
42729578
74176562
60425037
70221903
76826847
74919435
33342079
45387994
75561879
70293152
43394830
31677854
44948963
80284207
71952504
42033543
73485286
72855047
71260986
75888500
75191458
32655162
75160124
41148474
76273587
44027459
44458530
41764756
74478447
73310574
74555307
46801957
76822686
32535019
75674113
47258115
31944777
75123532
33349423
76343624
32138465
44616033
76961230
45126370
41596205
70885649
40072331
47653778
46150932
47314232
40656772
32650154
73123270
41171795
46506896
73000971
46700708
45914591
70151882
71193847
45562845
75021297
46071607
71131882
70755051
70272110
45470378
45572465
70295325
47634538
33346000
32303781
72570500
73640965
75731230
43287479
76414134
41505875
74876592
70851164
31937734
76061470
70066927
71958102
45791426
77071084
75926022
42003193
00182927
46979068
75787612
47076803
31668304
44807189
72476210
73340908
74753161
15630982
75892065
72315668
70884468
32604501
78885123
72099452
47667887
44084665
73384467
73140670
72873286
70256093
33345106
32120720
75735554
22759469
47870573
72375746
46164620
32027253
80238980
76873354
80511265
45994101
31881170
70798631
47740028
43648639
72241797
75081715
71697503
60299334
31825375
06203096
33342806
76451065
70142659
74445963
71511276
70841729
70783139
77246711
33323078
46696025
77284484
76605120
41302856
70784233
32641566
31672738
70868949
46686766
43368391
71001282
70973153
46898226
70772134
75622354
47204612
32642608
40319018
41441817
44103782
32776540
72376981
60122104
45465582
40579560
71013635
40946784
46530733
71104907
60608641
71084050
72134680
72382730
32485884
47377392
72109128
15629952
75783538
43683607
70391660
60024764
31677424
71712905
70466931
75703154
15299502
31932695
40608182
76373998
75715341
70799641
76385604
44908968
76005091
32040941
41301367
71441976
32483241
73447385
78023252
25575300
74382601
43205633
71550720
32728797
31676596
46609776
31821000
75977508
40740148
76048334
41962905
32119272
43517228
32989425
75173276
71759614
47842997
72664724
42100544
71021617
73640266
32305009
45672785
76356636
41309491
31943886
43232108
40088030
32043457
71976098
41241233
32129517
31680735
41874651
41645587
32138676
60025941
32386049
72568256
32119982
32533580
70798564
71534202
76429227
33264473
15674053
44367491
60023362
32036004
46063021
73985807
32305746
74655909
44581357
47601485
72572106
71053758
72044723
72158855
60024562
42413146
75508574
77030286
76408022
45615252
40475836
72558845
41528352
31644368
40376690
42704368
32650346
76035995
73311881
43936239
15632756
70260800
70466935
06183411
74883121
80257815
45580261
73890299
32642700
43983521
32024273
75934711
46416161
41719447
76052589
72551362
45527228
76039466
45145487
43730668
43676832
44557763
72363101
70176461
76946559
32486153
32404117
60273979
33344554
75215912
32035565
74363394
15651492
41810281
72227488
60329429
74440272
45261989
40821506
76597086
18181820
72569720
47127681
41051151
32393910
73199736
32383026
60027332
80375771
76728869
76822513
31764758
32405077
71819639
47895241
60121868
47465264
74587422
76257688
47399967
72153950
40863324
32893708
44896227
70156715
09925988
76425148
77202050
43942237
73826658
10747746
71323904
60816928
32273427
41457532
72507699
43355046
31826822
71988392
75926014
75574765
72751186
47543801
71693263
72115019
76053494
32489491
70813566
71708772
71968367
73653298
31775226
31928475
61626091
74446041
42139794
47622078
32483160
71516296
73544338
32612627
71840410
31943900
41459928
72551367
72557292
63368621
32028767
47020158
73413924
31672083
77321508
73387050
32291724
09042464
31932581
72091459
70649789
07974912
75995357
76043803
76525947
60328030
44444184
70873762
42218785
71444782
07954077
70836277
42493868
73800953
10652791
75559711
71976222
73574996
32286864
79299638
43319588
76819246
40167010
74397394
41248286
43372819
42018518
43536603
46668806
47589374
73535638
76605119
42040293
76810219
76299502
40250882
77912995
74395695
80248928
43590552
43101865
31825668
41912641
43479370
32284710
76552987
32114733
32408135
43726894
43925385
10490708
31924051
31940699
76543810
33331951
71321560
77021729
76320235
43478405
76922569
75573839
47425549
42790827
40950944
31937774
73883996
60022658
31678073
42706779
80447731
44809885
70376500
31761659
46720168
40428800
45081954
72108943
71010088
40671723
32393685
44603587
32862279
60325929
60311550
40814414
77499878
76367182
70882676
75157215
47562232
42982552
72125048
76368089
46707699
70796415
60022993
32026783
70833492
71859169
32538537
42517250
47933195
31635124
32042237
46562778
33344800
47792381
31931022
70585966
47569361
60027129
72605138
71990441
60029386
42050544
46562582
72395790
43591220
72452783
40718573
43138992
45404321
76817213
06054273
32041314
32136317
32226138
32033617
70784250
42543186
75426799
76636095
43927084
70151158
71444812
43370500
71833440
42954622
41394489
75866424
42534950
72114963
72018679
72007166
41173225
10407777
76520316
45654880
41439891
15858016
32723582
70802030
74594754
41310313
44067279
33243096
45716955
31641123
47271229
47296486
47697029
70127017
32040564
76834605
44492973
31935122
41273665
71536912
40915512
70797181
41457524
42995494
32406389
71235169
70403376
32729191
70941603
31951762
73667667
47319088
46797532
48649589
75878554
71973237
33328402
46239078
77090500
72323696
60820884
75587943
41390700
75457834
70976726
75059919
77228396
71016918
60028965
60125102
74395376
75941408
76006633
75711097
41775177
70514196
72560705
75848523
41173206
75883892
77072326
75865384
43044336
41998281
15752220
33248132
45628142
70403827
71113175
41964842
32026402
71797013
75155443
76431318
42900436
75961792
43034285
32021805
31766851
44568921
32126025
44759926
71028974
80129523
31675969
47341716
80220336
47972124
32222256
32948473
43512106
32389952
32122656
76072574
33250666
71987614
71973241
45326708
40268815
48203276
75801369
43566359
70979753
45180119
47043021
71740170
31924502
62379035
73580462
40237860
42668014
63154584
43597418
70980367
71758639
71847183
32521901
73306367
33254057
43455943
47733529
75247607
45058308
76871479
31944647
71132953
32950732
32529124
45003794
60263869
32735522
42254831
41975970
32608349
40058782
40665157
31923928
45218976
70664309
44708238
32224593
32043236
40470757
60028559
72014746
08661405
72356630
70749825
25725938
75215932
45167593
72449314
42326485
75940945
75858787
74359033
71804346
32980736
43464935
32527338
74351749
32489208
73498062
44772665
44175749
31823366
31668892
71855358
71738901
33323564
31639282
32878937
40397423
71999202
33253998
32033499
47611278
46856837
44377233
41457982
75926015
41563985
08602578
76437669
73667723
70692167
46379922
41522836
77295195
71114459
32730041
74555288
44754584
48029659
32485937
32134856
41371020
72015141
43140073
71511047
74532869
16022652
46186248
75737938
45744376
71118990
70973053
61787781
41313673
31822669
46581141
45277960
32872146
70165572
70782349
77698424
71986108
71500815
45714978
45151788
32489352
60027224
72973015
31675055
74360382
47331521
72288160
32291900
40952877
72081825
43774075
72211460
71511136
32654992
42013912
76520138
76546835
45987987
46044824
75706382
42628855
41140314
44408411
31673424
76736744
41810972
42792544
60558775
43619892
42992852
73520748
71063633
45773512
44467149
44227370
41800343
32129708
71798961
46206558
76300484
73902733
15762975
40737997
76062601
71978490
46942323
19427978
41715064
71900481
32113665
42050548
80128231
76260817
60027415
72318373
40776429
71204845
45758917
71493239
42423991
32041792
31763200
70980588
73429314
73882266
47378466
70190790
71532824
47079237
43610088
74451677
31940456
44867496
32272758
45253524
40348512
71946062
32737806
71971585
31924762
71859101
73673384
46861021
32946607
48391711
32611031
71737768
42976459
72478957
75848126
71321659
70901102
75191428
31635674
32299278
15959446
76202575
46898214
45682009
15632323
45210674
70737890
40883465
47487656
32285535
72162533
72150293
32654062
32870662
42492608
77668514
72082861
75602469
71009921
32992232
32873324
33245741
44416810
80129339
43136746
71010383
31772268
72134853
45781355
72018677
41972441
45375027
74691936
71564429
71509146
06781515
40246799
43815092
70877030
71299613
43896988
60023039
42633030
06789146
43498982
76223833
41621821
07847917
70847352
42277845
46333814
32885561
40825164
74432742
44964551
60231109
75448037
71275262
43946499
47682564
46627561
43633440
32036786
42754275
15941775
71081104
09400289
70152824
72328020
70879502
75880254
71020222
70871249
31777368
43226130
70813534
72136775
71016975
47085728
40591297
75977262
71999199
72124338
15731405
32530948
72321795
76982664
76440515
40487076
75970237
45219756
60564589
41726746
46688374
40075817
70851160
31775165
75773206
71493373
76122042
31761368
46770000
47734108
31830775
60346040
41530026
71489159
31885245
42009955
74445558
76348577
44030638
75934710
76625634
06783470
40230209
72576761
71949579
43176829
76514427
76551180
32729501
33250765
71946027
45138784
42488275
76727380
60340036
33331507
44467864
73376789
72122369
10778664
61678815
75283597
73535647
42672927
70119622
71708974
44097442
72365553
40096553
32135276
71023704
70672563
77325018
76964207
70598924
31666804
72551365
72568250
41171778
31764707
75977352
33348234
73707200
43359644
32533016
33244799
73529763
32113967
75937514
32131584
31924191
72546991
71798958
80212047
42415764
46425313
41743958
40701071
71675338
71089109
40170871
70425308
33332418
33248093
47590667
70067330
76945913
46978420
76129847
75415759
31923726
48275063
70272107
45284957
80470446
32296776
71391358
75790731
41856197
42268823
31771644
45995191
72131549
74426628
46980792
43337802
71988224
41390320
76061338
76061337
76061339
72315660
74408551
43437468
72023191
41456128
70223227
74823242
72138557
41717289
72767986
48346392
32521999
73429341
60026127
72360998
41696694
71082420
43568965
44420505
72102621
75087035
72557276
32033578
40398684
74281419
72581865
71145514
40473311
70488590
41060575
48535033
41791185
32041466
32041276
32281813
74239113
47239103
72570493
46094579
60076052
32655197
71386545
74081586
43043724
73503767
73471514
09638698
33342005
32886909
72572390
42416465
45755921
45367138
74090669
76956936
43138184
32731712
72872663
42695249
73546874
40416563
41917537
73639138
72459768
47342438
44009659
09903212
75974539
32124854
74249966
71988401
46605481
71543813
32948100
74753186
42094730
71048995
32020750
41355050
70191551
47391492
72075567
75779152
77332588
73863256
70604366
33253934
32394436
32527307
32042540
32110412
72227808
47896550
72080321
73514417
32480075
46398738
70873750
70937441
71438436
72572430
43078007
41053890
48395540
74847987
42341843
32486463
42037940
72091572
33253897
76005083
72108845
71976155
48089032
60399239
41383303
40857432
74388245
40073935
44298951
47018318
33341805
43609273
33335434
41092039
71844198
33257558
70799597
32115001
46311968
48422909
47023450
60998987
44087921
80747887
60411693
42751812
42682729
71567573
31931424
40563946
33254061
40309232
40715774
44823801
45433482
46967379
10454151
31641975
77500970
31937603
48633079
32965047
31770127
76475433
41258889
33257143
31644889
75982115
31648741
76000920
31653363
46552049
70831964
73769270
61677712
71393019
75616306
75827307
75847291
45826776
15629901
43628054
70091153
45007673
70215592
32828425
32978911
60776303
31934005
76550354
72233819
33257358
32986272
08301665
45686777
33251445
77563839
71764557
76002465
41407424
44784784
70402964
43127253
04084465
76048712
32917026
45215242
62319050
45400373
10527859
75917464
46238789
72375714
74685988
77018393
42224586
32897290
44417615
71077727
75178112
70586583
43345260
47193044
33346012
71016788
32657342
75974537
42433818
73669497
32530200
45111158
33253739
32226317
31645680
74427854
44521592
71131894
33249058
40731942
46824618
48273787
71132928
75720976
44498953
76525321
74440293
43187178
32946487
75880239
42316666
75776092
45197900
42608018
72912108
40791598
60026362
46465755
41411561
70902229
70896428
75884264
70801083
60532797
60917649
10129978
41427646
46856544
41240771
75222898
32124546
31935897
71959648
70186809
80222792
47071367
33243752
33258147
41254814
74866776
74830955
73567602
45496066
31675996
74567331
75755184
10582609
47105117
44349202
76598407
43748719
70973167
48873504
70995141
77052688
31934747
77049778
74461520
71277094
16022967
70455864
76520338
44684037
22702332
76055460
40100306
71842031
76208685
60468854
80337627
73070661
10471164
46902560
33250730
71824639
71740000
76808268
33243218
72356581
33248667
45724912
10601253
75224407
75387489
70091178
32531019
31830820
32392583
44474578
43961466
43723218
46904863
75882037
72359253
71392983
48338607
60907025
60820887
71760984
40591185
46068592
73520916
80132092
61633803
10413761
71659813
40849984
33257579
72096180
20095269
80127616
71558354
74391486
77322621
45917031
40991447
06828050
45018552
80421297
31772266
31935844
31829110
72252625
76252686
72852586
33247470
75559701
07126698
76794481
09202233
60024189
47476607
16169743
70260803
33263115
40350121
31662677
47977493
77795118
60028700
74451570
76388899
48659746
71099138
71099144
06283851
76611841
43769972
74483995
74314055
44389906
76625817
31951744
43893135
79300328
73251548
76557924
41113904
60026463
32223000
32111354
46936807
77291892
75877943
60863586
45034502
46653387
41982359
47036267
71809233
46461219
31675995
72756861
41541950
72321732
46269098
77098010
72572316
72715253
74464174
47437563
22704405
43130254
47655916
45220871
40796007
70141523
60308260
40597466
31762941
40554051
33244711
45496794
31680060
32942977
32221075
70565230
80366455
40166591
32601052
40728278
72654019
15995113
60127134
42837636
71021597
44759953
09984652
33245331
75923229
70216454
63081662
75451748
31920085
40068827
48407393
31932080
76532792
71392976
43521135
32944136
32226256
71025519
45300892
33251447
42779510
74605304
74385261
32600477
33240716
72037938
43157604
76514428
46632453
15861331
31639506
71969119
07874930
32873431
32875105
32282342
32802778
45572084
47188388
60023522
76781697
60281326
75261698
32647592
32993250
47538436
42796619
44674915
32101990
71471816
40924582
32650388
43545091
32388801
80597349
72727242
74091744
70369611
71001900
71060260
71532389
76333304
71796464
32028717
32030055
45886449
41801324
40220895
71990507
75887810
15679104
32282519
48366477
76152574
32136241
72568515
33250568
43503562
72099459
31833293
76290723
74470358
45629069
31824408
77478468
75740421
32396827
71760980
72382554
31612420
44154730
32127221
46060511
48461619
75790873
73173976
31825351
90887670
44140332
08177267
60186569
70995540
72624589
72158611
60028204
47615591
74915485
70750278
73208568
32739420
41443204
71721303
32402575
32902077
33329518
32389769
76292239
74864355
71744785
76259640
70759660
73372773
32736467
06618728
44030590
31655862
43704016
32028992
32610597
43496641
80622037
72140555
47255093
70491753
46394430
33328807
77377377
71507932
76194703
43008848
77481624
71499901
74612468
70218513
40690806
32938765
74552375
74470146
73218711
31621277
74315430
71578995
32991006
41027118
44840558
77485481
71598546
32648943
75100337
32878030
75823430
72380168
70767802
31771377
60025083
71248217
44434828
32028699
40768786
43810739
33244727
42036185
47672488
09757212
42526278
71004258
31828749
47553923
47708284
60029319
60025834
44895922
70377675
32030765
44963814
76548460
45059192
32876874
32034293
10777745
76083498
32648833
43727896
77268417
72122832
44618393
09560646
70275169
76169616
42827422
31669361
32113571
74130638
75762087
60539774
44922658
42051772
72380083
42650276
42931237
74454730
74544897
42869908
76297648
70848724
73350901
32135897
71703353
42517778
71833725
33341321
45502126
47051258
32033024
75759001
44209168
32654194
32399125
76441061
40397651
71988156
43014642
77494185
44651426
40263207
40110222
42841434
44005382
71723317
76912675
31667609
41541955
71506593
40829755
40455912
48208017
32968715
45944382
70459217
08166841
44942995
42777321
70495676
41411565
71845081
75482061
62689232
43503585
32967605
76626416
71294382
31834067
09598220
44991563
74612616
73782168
41881211
80151503
71651359
46634917
40665518
76307986
76166691
74127627
45386010
45104570
71450472
25778385
32028563
72075494
78376777
31643637
74317181
76341534
75995299
32642593
71500808
74435604
74617707
80195762
61189366
74956036
60022204
31639010
33252974
70526214
73853758
43412235
70937451
31634896
31833659
72382514
45876540
74023915
48646301
76804565
18220193
45100012
75466578
41540711
44600997
76355744
33243431
43755473
40380782
32038278
76000916
76012481
47190514
73175040
44008430
60411247
70459257
70377664
45421613
70893359
47047691
76001878
46670208
77425046
74602139
44770762
15755513
75803573
44157987
42242348
71091912
75155450
72150350
71582374
43145347
41818135
45605145
43653665
75836678
71525212
41515864
71988315
32394523
31641177
72002461
75807516
32119248
45855468
72088334
74568976
76603156
44308582
71844211
71862873
40690102
77080495
60022052
60022876
73190030
61147024
33347394
70815027
76005369
45919609
41427619
32530932
76539685
60228165
71972146
71848047
41712815
75776334
71738631
02838675
73484100
60774392
44005375
42652989
10217570
31655662
42035266
60266598
76431308
46338378
75162876
48475616
70813567
43216190
41473027
70133415
06818904
73468943
60026380
32033633
76430703
75524512
43549405
75261595
31760352
32878889
43726605
70284520
74946625
70587326
75956981
80143803
71511222
41250473
10435298
71591990
31765807
71534458
76233786
42447313
71991873
08074369
76519624
32645144
76401132
46288109
73662129
77058427
32657816
44894239
70815031
40991141
70251081
32043212
71054061
72014745
40107531
33348989
74077889
32646750
43418139
46572242
70480427
73126121
76393094
31772315
44731605
76326778
46610826
77032334
44514980
46493627
73506277
72018247
71694882
73507162
10035671
31830486
41806390
32889243
45276926
40654971
45376829
32112799
71023719
73299250
45589653
32399757
72153947
32265088
41748555
75762031
72442848
40596872
33345420
32404698
31676637
75215906
75887546
41420463
32027400
74803563
70284512
32132628
47946318
44040380
71506665
31605737
72006902
47079234
72149351
41539887
75247194
75247810
25705923
48421133
45870560
71089118
32393970
75419423
74090627
73980307
45259672
31676789
76048132
44545093
31644615
44467839
60355118
70576845
74394825
45290238
31765607
32300871
42566939
73684563
31639225
47068388
74282057
40603352
32846255
32847287
41346047
32386628
72937259
32132780
41493620
45363034
70219658
77140676
75562730
72375248
60026513
44277354
40312650
41878597
08660715
60366332
40735995
42307811
70425299
45116484
42763667
48520445
31829840
60026888
60817345
41961891
71853603
76398800
76810224
40003272
41897417
76033113
71935981
74162282
78291039
75848788
70143163
41740122
60023070
40725227
32112142
45000667
32037672
02769937
60211335
47506037
32603705
71558581
40352066
32610370
40312656
32607456
71558577
77245229
41370364
60023325
60332682
32291427
71193871
72114957
31941415
10385690
77049974
32034915
44157974
71705546
41329082
75974755
42747937
32952021
08414969
48220000
75067810
71493250
71347249
76025269
72143875
40776402
80309852
60076007
48735359
76955490
10577590
71976233
08466342
40654469
74479184
72565828
70353115
77099404
70922500
75188035
31930294
75874320
09623796
42078145
32043551
72620203
72572330
60244578
60191931
46581073
45940090
71064387
76756555
44573833
75982108
41426858
76535451
32601220
47360905
71530025
75608673
72576670
75994715
32039589
71088162
73489292
32120564
77039074
72004327
47097135
32110169
72002482
42399092
76025282
62166915
31642431
42816312
75175431
73353430
72375718
43031459
08176452
47964740
72356861
41943779
72389312
45732671
46864614
32225611
18096508
41571200
73650434
74213607
44740268
75387116
46980793
72540854
72362741
47006671
72360798
31826993
73960156
71981848
40669519
46030333
76723545
71999179
46775786
73420727
71846116
32136892
70508957
44921043
32041909
45944380
60023006
71771244
74464116
47188749
75856184
70251491
46580131
33258537
40033196
46355435
43069914
70300076
46295972
46089383
80622565
60024232
75222875
76574349
71106519
47278320
32403183
60320162
75879605
76181638
45443801
70229301
42537205
32044795
33339463
75878734
77040521
70134365
78110834
60893729
45894389
33262869
40171895
46517264
70618743
75955316
42979288
46187768
07617751
72551248
71988178
44884828
32384264
71489178
32661900
70459168
70229304
45466706
73667352
77165719
31937172
31827199
76297294
70923886
76697655
32534676
80587494
31635379
41095589
80430957
09514298
77702624
72568489
32542118
70802014
70262510
77138907
43949050
77569025
76813469
45818714
32641907
60029322
45701213
70878351
70353545
40437812
40862356
76065055
32039784
76336144
32304284
76316496
32125747
31680865
77039117
40470764
72116218
47023379
46068927
33343778
31642414
32646769
32385369
42559978
41691144
31639069
72806584
47631343
71257909
74730340
40159176
43350521
60024824
76617703
40945723
71824897
43489572
46021319
72557342
32278778
75659334
46221849
76261495
60027219
43129020
72100270
32604336
60028156
44115887
32270870
71194060
40731595
41703371
70150330
40414445
44171277
33336808
47179267
48335355
40728301
32133765
71754349
71200075
45820514
40881424
40109579
41400021
15760363
44907252
70177208
75021295
70402212
45567268
44272084
80824420
48107356
32612876
72096203
75512618
31608740
22074215
75308417
32612780
71050377
31621472
60253129
72382766
76773810
25643571
42587730
47394226
40362417
41625427
60125824
60287402
44765867
71088147
32022040
80125313
74038130
70256112
61191541
10393897
48179422
33331796
60076153
32521563
75864055
72325126
31642628
44535430
31614387
77090135
76044794
46262459
32045627
32297011
32301503
73223793
71111452
41456116
73547162
44675689
60026403
70851224
42587340
71970984
47118141
71986125
73498084
31617247
41557180
32385395
41016378
75344023
09979037
47380126
71976192
47557022
43888985
10048111
10432869
46982035
72369100
46602099
44064102
15848135
71745427
33334770
15640550
32923072
60024904
31671482
73380656
44117493
71858723
42632691
09810326
72002504
76662871
32947212
70583106
72278689
43551109
45667624
70807624
44430956
32043122
33328803
71536999
72321627
31766890
43565477
75933016
75086215
80653777
71897959
70250555
76700327
71102659
75731746
71865644
44306775
60226183
75873980
45253901
70657987
40690810
71855319
45712397
32125920
72446887
42204399
42747224
31639444
48310228
74292958
71803394
41998273
76648624
70927656
42042036
32031887
48667734
75864032
72144595
70215650
32031109
40838532
42039558
46810720
72110125
18010794
73345673
44390898
76414667
07594000
46801961
33250830
71695307
74435766
74394312
41937636
76316302
71139185
43964015
45086617
72568115
75682569
72507682
32534536
46496464
32729324
70995603
72326273
71972141
31770067
76655891
70476439
46124552
60643297
48291302
06790607
72249082
76159893
45742189
32043540
71089094
40745660
60323015
46609780
43683612
43747543
70404564
75236492
60024002
75848131
15845537
42332751
70128447
72122498
41809832
32043908
46214596
74625197
43565580
32731017
61633812
40732991
10331373
73178985
45152227
44038821
72498214
31922898
72780784
47122700
78113386
71995864
70306500
40757650
75256355
42129569
76078826
70657983
72848274
72576659
45001536
70154445
76014794
76543471
70257551
60024212
42489001
72123538
75779891
40795308
71313341
40765338
42609714
60022404
44842330
70670350
71844206
44517681
33258026
47611240
42168249
47516138
31769725
44522838
31763226
31941206
41094851
31941284
15845767
78110215
70755039
75572597
44214401
10779134
31826912
74157688
71971586
31827031
74955919
22755096
31941013
15447560
16016548
75955683
74125971
71991148
32981448
41733026
74041435
32738088
32962625
32794697
32401178
32964604
33261542
32986676
32733253
76338533
70004396
71514889
32887268
32778032
46822969
73485021
77093619
42133693
32873832
77090563
72322596
33260648
70151098
40484527
74746228
47125538
60709418
74456804
71529143
70918131
32984280
70936158
77485848
47385337
60256261
73230351
71041911
32908409
61004991
77711095
72802203
43388648
72857591
71854018
41653281
63165101
76804531
06301053
32955620
76618623
32876127
70755629
45592286
60023955
74661738
40747340
74464141
33242285
33247670
48234355
40159678
60022222
77133686
32403407
45833851
31765809
71347468
31664510
32407660
75592469
72527647
32129503
73654572
46897407
31929742
31929757
48130094
40301267
31623235
76550537
71556090
77202051
71129559
15744694
44438273
62197056
32223086
77660359
31681053
32040181
33264369
40602642
31923587
42461745
73955905
43454587
60526730
60212547
75968354
76252688
60328033
42070147
77239428
72144399
43457403
70879527
15761219
10162422
32132920
25800700
80622696
72082850
43737311
73031756
31923933
76863501
70799645
45517479
72480303
42050545
71564433
71412060
71412052
72120256
70571361
60818391
70851183
70353112
76272595
43603765
46214240
41525663
71767347
62319071
42564970
32297293
32299321
74918560
70121354
77202048
42739643
41878930
74319661
48426812
60122551
41589267
43263144
32486382
44283393
60122102
76041002
32133974
45431797
45254790
10410358
43762021
76525234
46470112
41263268
32226638
75736319
32399371
10359259
73414908
70191608
70455897
46921818
74409154
71424455
32034027
46481102
43055936
71241245
71460687
76723553
74454338
42269339
31932530
45990191
71051878
71394001
44140859
42410181
41699598
45951684
70262566
31935090
47412299
41300674
32483931
46601864
71537323
73574443
09446641
31761741
72233824
72358557
72136794
44111230
08328443
75178172
72674868
33245908
32610720
31661076
75852188
44512374
70168860
42959259
10670335
45299159
75426235
42132666
32134931
32400940
48771208
31775130
32136999
15859615
46460188
71532384
45940063
60076358
33331134
72090486
45066591
47977495
74427839
43638389
71444770
40281605
74395370
40822191
42881764
42624559
70475423
41984591
71863129
76266345
80582035
43463269
71968353
70310596
73627447
47113339
46703914
80332741
46908821
74935788
40498440
41668904
71388707
42506348
48395118
72408758
76961812
70236299
42275674
42831141
71193865
41255990
33247515
71527059
47290790
32131564
71534200
31642667
72383145
41035096
76282473
33335456
48109554
80172531
41852058
31935319
44260243
46076691
33254437
72326823
31935332
75971973
31764643
43755011
71829270
72358528
76007252
75953460
73665036
41223478
75215424
72160967
70074532
41175942
72276521
70892314
74221163
75961509
46016219
73771164
71140056
80107661
77428182
42070260
74472329
47478683
06101062
76643338
77707116
42979181
48366407
40058981
72036911
43158942
60121454
41749329
72098200
45962996
41802216
40930761
46018598
32226262
79218409
70455870
76227404
75433247
09907583
09636159
72104841
74123984
71988570
40897283
42643890
41153775
74388259
43566355
15753523
44198737
44697718
42871640
71844219
46979044
45031411
70868933
72075548
32222899
77432984
60023133
40782062
32534342
42585787
43961398
60212003
32110871
48427960
71976105
32877221
33244606
31928994
00117855
76389953
44033697
32030005
10563852
75946771
71866401
47438910
74164839
76346308
48309895
71717866
47434679
70455892
33340853
71552798
43359561
70692175
32651491
71083998
70781710
45704095
41276873
44889284
60303953
70039071
73420552
71943457
32382553
09412762
77480528
45501289
74385595
76642735
73664972
73531679
74323800
44571301
75991207
75162742
71937157
31773997
76320218
71654420
71507947
42055039
40924011
75182249
44726611
41074976
71562271
76531851
76794786
71853636
31673432
72151185
31670719
32920286
33340293
31825502
74213936
33258648
43746284
43369031
70906331
60023215
44480564
75004086
40764282
71506561
71571298
76646513
73241501
73956781
75206589
33265907
71978586
70143799
75793327
46915654
32648131
32531250
75575991
32136263
45261724
60027906
70409646
33335096
76245851
77492005
60026514
71990594
31770136
75689662
71536995
32405507
60290250
73595956
74451674
76767557
42938944
44205911
44176614
76314645
31673121
33244772
48416347
47632180
73230360
76336016
09678112
32613129
22754659
71444852
32272518
71848041
41209932
31928993
70610342
40688317
72259424
42273931
33338152
41466133
47835794
32887584
45995889
80249460
77295489
32958119
60264860
31763239
40575594
71414763
72555937
32137348
75247824
60126652
40863227
80210930
31664797
45101991
70459916
72870992
74739213
41624054
73943457
70258804
31936707
70120452
47094810
72151206
43456078
32497706
10116899
32224275
32980109
31825377
74221031
71132900
31944714
31920944
32989891
70121352
41879422
71990482
31670879
45060640
60028557
40793461
45342519
47950325
33332730
32286160
72298624
73366816
70860984
76401201
73503972
71123197
75573568
74730040
46012151
09903617
32035256
60127503
31765326
63432929
31768274
72125333
42168862
43344564
72382481
72540806
60293857
15434194
71736105
70190835
71811300
43078536
43296006
42906555
44779027
70385236
32845157
43810719
74401820
71010022
74912340
71530017
32300535
44244368
72321861
32110256
74937646
73686358
42495765
71740129
74300873
74089730
73141676
60022454
42727904
71538784
75862123
31923696
73533260
44586986
76611840
48290490
71444788
75344019
15849838
75072873
60025071
45994554
74473558
70014001
44880300
71957215
71836291
44227473
74458307
47757587
70836231
71104897
76679406
70466932
42089014
70803546
72088180
33248389
33253869
70251099
70549800
72323713
70466926
73300479
72363114
71809577
70394805
41978091
77235424
44896230
71392967
32028476
42406008
44267891
41769406
75924630
40999095
46075595
32875684
60027711
75799294
61692437
40271105
76000931
74320949
77125705
60576869
32902291
42692108
71823362
41536758
43443937
44467186
72463321
60076060
70990976
70798636
72358522
41536539
46575156
75224326
49050977
76425120
70877073
71392425
32036438
28315635
40891976
72099440
45561005
32404657
44923671
31941479
75663469
47241890
40968265
60025934
75071819
32043379
70244632
31679156
45749773
60863745
42395874
42460176
41350222
31934917
60029292
75908703
71422736
31657729
71949566
33240659
77438548
70014523
73347552
32874853
60028896
41477405
45235858
75779897
48214652
60023216
32112514
41106172
46653532
46571154
32284807
71099137
44035070
44172730
47028596
70971336
32534034
33254446
74455766
71060283
42921403
73902729
46962682
47514064
71006229
43157614
74456760
44825036
72080737
71990380
15852232
76040278
43919343
71046839
75790712
60076360
43162804
76198229
31937724
32385361
45257666
44666119
72321735
78970255
41748616
70842020
31924585
47697080
60022653
43666120
42407803
70995673
32542386
43678726
76055970
70474660
32648266
32962828
47263753
72553219
44823552
32224993
71986164
32131363
71121123
73856749
15751072
40639683
32956098
31924544
77341783
72557153
32040772
32394383
47193050
45135251
33321374
32026329
75812249
70118860
48088381
72322119
72383222
43160414
32871290
45095893
72642715
40787076
44849741
44920150
43358181
46874057
42060042
45757152
44651119
63355808
70973190
40528419
70546567
71564414
75330891
72375313
06310349
76806675
76425070
60121852
60028473
70472868
47332997
40988967
71218534
44792993
41463999
07646352
60357438
32610763
44586310
06714781
43078351
41407999
40060905
75738417
71666181
46579226
70827989
45496685
76803285
46567257
71132921
70882663
32044674
31925211
72557135
31659090
31765683
71998342
71274214
72137171
32942216
42953848
42296280
72792860
60022091
33326049
46064475
10685908
40087829
41710607
06816913
42613800
76299497
71986075
60817883
72125084
72014764
45352043
60026476
47928942
06769766
71943602
16022087
31665797
71650082
31675631
47151790
46611486
31678223
71976173
33245782
33254040
33342355
31774455
70117561
72873426
41400053
76475439
48010235
44210470
73667353
73471516
71494919
72501293
46288642
31951638
48141855
40870687
70947893
71050365
42619804
32133225
70479655
47206726
71444779
75740425
73572040
76120052
74468228
72468771
33253878
70198647
46282508
45250198
47563956
76961811
60027286
46798491
31929769
47550343
47003614
32042155
60028873
43802972
70181493
70012568
70204209
72788760
33345366
73387106
32402986
74394318
60027608
31645878
31938990
32538360
71547776
71970964
42356235
40011294
43903419
60028231
70809007
32887398
76211241
45899435
75848423
75953524
45264291
70300526
40481861
31620903
32528313
43635739
45318181
75720451
43471607
80513794
60282987
31657238
25761995
71787224
06090036
72462999
33332857
71952604
71943639
10699726
32531939
32531812
32534333
43950922
70360733
32864941
71720524
44973958
44125049
71969070
43444685
47113931
40160141
41229321
32126588
32734028
44507657
32729256
32386143
60127066
71323119
45261702
47028602
75799304
40874777
32887156
60384305
32922329
75946732
32388656
41710622
31648500
43851123
47918433
45564172
60208792
74139766
40194500
32497237
72021145
60875974
70218373
41666823
75134131
70217576
46340112
43988770
47257821
71970255
61119877
42320675
31648386
75821253
32534082
40765579
09748438
45588050
32992317
73419508
74311065
48291645
41608158
60522694
72708299
32128372
76069328
77039341
80207196
76093126
70262479
71114458
72557142
43188239
44469282
47084730
44696086
42361123
32930611
10143344
74478858
72270960
41699841
70810981
63359341
42334073
32541860
32936688
61167594
32394343
72814996
73070651
32114934
75692625
75191109
32612831
72088234
71131709
71493238
73141669
72048074
75105162
32104664
71725242
32131829
43853753
31672796
32402613
32729187
31677419
32139601
43615709
71350749
72708292
70295310
32299751
47914427
31640471
31655359
46597694
32132927
60291317
75129898
71694588
25631741
40500708
32389990
47239098
74249620
32533971
71429886
76476095
32397817
72095122
15861080
71132972
46466862
47837486
32947225
71969113
60499449
31824849
75799297
31823247
41995744
31673562
44335580
32864293
60122448
32402856
60026893
48156927
06530607
77694913
70541091
77082511
71010329
32884463
33342302
32304471
31671772
40912678
72362788
70815144
31601808
32115115
73457990
41530021
32109012
31624498
43476272
32923450
71998822
76233566
31657081
41874644
70120214
46288631
31620088
78716288
76520143
32223085
40779134
44377230
32128145
71015638
32112033
74594810
76150286
71017066
60594757
60594773
31825264
46927610
75735557
70686661
42972233
32394263
76578801
76361739
70267913
70295786
75803570
75762016
80169938
71943536
48399473
75926011
41821761
44411501
77016784
72796665
43456175
70567076
44370872
76049102
09721619
75825366
70190802
32728973
32604224
44841839
41847062
09450416
75731736
75577980
31617453
61108868
60929038
02820865
41155540
08651609
31761197
79053405
32938758
72450559
76040667
75620615
48962770
42579813
47772688
72264678
31647502
10187577
46524554
32965042
72465098
76669477
75243560
74447797
32739697
76767384
75812452
32869791
74945187
74164825
75788100
76938704
72603571
80524867
32039196
46028226
46729269
45400610
71414366
70748842
73375936
47450630
74455759
32401409
70515963
74955881
42631976
47868140
41373782
32109843
43844679
71017240
32135898
32406692
71694603
45814756
31639220
32764394
72134649
41711004
32380246
44841544
44025894
71708454
75057262
32888551
71550665
32949994
75848409
80251471
73750060
44561886
17923620
71100185
75133997
44966132
31661384
32954833
70585519
70369957
06392756
09621514
72560646
43949076
43496696
46260440
72581741
32732478
72380159
43381530
48388530
45069034
40538366
76054303
60307331
31543420
62249208
45243373
46871038
46004916
45180180
31168240
75274074
75000789
41955673
63343721
08160956
47357645
46320816
31145430
70149572
42536124
43790458
31482158
10511330
74095833
73532379
61163331
72071921
31033465
10262980
70772870
31481299
71538643
70404632
31344840
73588611
07998730
43770420
08678331
60015318
31468393
45069019
75661112
47785882
72265118
71506799
31143981
31034772
60309717
31040259
60072491
76470619
31168627
70803711
62271105
48054144
71310682
40132651
71730862
72047518
70096477
60116279
75824230
71903454
41872764
31301838
48193735
44955431
48347794
70675537
31134027
42551700
76032470
71105157
46830900
31026696
76185663
75460709
72385190
71374336
48558120
74432684
72092743
70582400
41677863
72033221
71267855
71846826
41798534
31187729
71841429
31170307
70875443
44054077
31168173
31168056
45243357
48904818
48786971
78886575
48155211
08039844
44928089
60042942
70843424
76661918
70195739
61687796
77085379
71739128
77808686
47500586
73584700
60015481
73754518
10444468
73606684
44814211
09718821
73593115
76328494
74568239
43199280
31531605
73600166
46710240
06655696
72148604
70072760
80100313
44772291
74778935
71294248
43362296
42263123
70430253
22098249
43201682
43278268
71847967
73628457
70974099
71588883
72256888
43412367
76193036
41292604
71085390
47227125
71511668
31476519
70909382
40694365
48095718
44026336
10723181
41395916
47784201
31168607
77801284
77166218
73583747
41565559
71993326
23994003
48283537
29649846
40637293
70218622
44251047
44572241
81422839
73765510
42123652
42327559
09889988
75867731
72023271
41822950
71214344
42185374
71843687
71290755
09129217
44894368
75914059
70919129
41386456
31172381
77540976
74450289
70420672
46943096
42861187
72079447
10672903
74589607
71310552
74498794
73785876
75523096
74738681
42111927
70684751
80200081
47086018
60015305
23833987
71724674
72037095
61827973
75810372
41928088
40710248
40189817
70906597
72848311
08838347
47687921
71465107
31166837
31173181
71556815
41859332
71873085
47229504
44925716
72640739
76679234
71209298
48528062
70218763
31360288
41203934
70855971
60238582
15425573
31528456
46140656
72386800
46687668
45090636
72386831
75261641
44509495
72276218
75787623
31304741
74586748
78551443
71572039
40346873
40169419
40074528
44919920
73250003
31014329
47811639
43536068
73802193
24383418
31037495
75274429
62186873
41711805
29730742
70509786
71742880
74751780
40330252
73455927
31475305
46747318
74417252
71843719
41941303
41990019
60016217
45777596
72098530
31346768
72912118
40467838
70687243
45328236
70586723
31039199
41426282
10461320
72268295
73534386
31341666
31543288
71742939
80167036
28854897
46718291
80190465
70790356
72268315
45318257
31148092
09876029
31043959
77065857
31014848
10391678
31364836
71813152
42583875
31354838
77165985
42756392
31475972
71876247
44408552
71876243
31552634
41856675
31044241
77291292
45180217
07870857
46320405
60438244
72148649
60016321
43976700
71872980
31304653
47854403
31541714
75751666
71958488
73137258
75510154
41620383
70686790
46921838
73813273
43095423
76432487
31185801
73685141
72160537
40501244
74499859
71734972
31543628
73593218
31352911
73758528
42127678
71394643
43288938
75810373
46956415
47440024
45375080
48274837
76528752
73655265
31306455
31015266
40674348
72412477
74461854
31531754
31545040
48412623
61193357
31018589
77667544
09487252
41544046
74445055
31340131
70868405
76909119
41184704
76160859
46464964
10693232
74945003
40823985
72243915
71846267
09709855
70086015
45103816
40453022
76512576
76858094
40875157
09698915
71866930
45155584
72143626
70797304
29674812
60047018
10874271
73342897
74055661
71725747
31040048
74448073
40660697
31356736
72162655
70507429
72464015
73897697
48806206
31480747
71194153
72075651
41372013
74543692
24940659
31142226
42377316
42196755
46657766
71950050
31151706
47018320
77354292
71410558
46660410
42484040
08259198
40420438
31482464
31179398
60015661
44244159
47669729
43074653
31191428
74622053
70684543
72412497
40518892
10665542
46758243
44245749
77323260
31012129
71805260
73301151
70450854
31343972
74316340
73576664
31462700
31537608
47036286
40858032
72269591
71006931
31461696
70761015
71468021
70770330
76180902
71842311
48489795
31181224
31135558
40276251
42385302
73419700
74587273
71571938
74700082
72265860
31354056
40011522
71477502
31306097
31485607
80362019
73600804
42145839
42576659
70195737
44285501
40251453
71310639
41986106
41796480
40720131
31147967
70669156
10206468
42100067
74469562
71199541
24003687
75729175
47803217
42910692
74538137
44955434
72414439
45101906
31182559
74449235
75226590
45572267
73972953
48389201
73962929
71048054
74752081
73454660
42694192
44394192
15201539
74317376
71289520
71511643
71290863
71713425
43981611
31020685
63386775
71740272
45185598
74869144
73650748
31168622
41492216
73604282
71717963
60311609
48137763
71958478
41859424
71745627
42010897
80018442
61147493
44408453
76434677
72165643
40733035
74461064
42576645
74140708
44966335
71508022
70669394
71412257
71841446
42790858
72037090
76075958
31543669
72048799
60115377
60015543
73226118
40299354
31473029
73650924
62356116
70926718
71043457
70778851
42142589
60014856
76480633
73274789
77217982
77809252
73546270
71881777
43108043
42923995
47569080
45005141
41459421
31363694
47778102
23951847
77051234
40305201
07881220
77814119
75914062
40740417
60015330
62358918
44882018
46613353
41671978
41474714
70220836
74350387
42277173
47680569
46039922
47823071
76304208
42824553
08847639
42323439
41734209
31540747
10036105
41792567
40624509
10050636
48498453
40436298
44697806
74486799
76732633
40953084
71840316
47560119
09338276
70084305
46526766
31041032
41752534
71017955
45439763
40042839
72045756
77018065
62201820
62234801
73310314
43072708
73498778
31477657
76654536
80068421
71853706
73531977
74952844
48517632
43107356
73588632
42212035
70854748
25796067
45640118
70926725
31032645
31544212
73653714
77215769
43358212
41202580
31542941
74445227
74461082
31344837
47262970
31545048
31037381
60016311
76723444
73318988
71639967
46145055
71212910
70789422
44566679
72037021
43587581
47370469
76400247
74752035
76162365
71730852
74604148
74626106
70669815
43136215
80144942
71846484
75787557
70209875
70396364
44637159
31169073
44747124
70396380
74583045
70813710
47963841
77218090
45035562
73484689
40798729
46647361
80051186
71728426
73498779
71027960
48202103
74438888
80107847
46687048
77495396
40936604
44416597
77439996
75261642
31359330
23882184
73448526
40072125
70777538
31179894
76021104
71973261
46185735
73117553
40693952
42484032
41245099
31125643
71304328
31173322
70688418
41929205
40384276
31127292
74415432
74527358
47279639
70679055
40401245
71904528
70226983
43210558
71201232
45669287
40499781
31152758
71090458
42201738
70855955
43316827
76328942
72264324
70220870
70778878
31038034
74277154
71226169
73587960
70048926
40057342
47489448
73659538
46041213
72426255
74208959
44606000
78465083
75951474
42199087
61751325
31163864
48531497
77917342
42483446
31148162
46711042
73570795
45207725
73759498
42660797
41955744
31483388
45952477
71816484
09956772
77912209
71837484
71073888
31037580
77022648
70684720
31020062
70675539
77924330
42300106
45045606
71129742
10020309
76657569
80163126
72631764
45953819
76647319
70432188
31342717
71846353
42694126
44870043
70783883
10604498
71842172
43526718
09000332
70784349
31040168
41794230
76427082
70761378
60016176
72412494
70773694
46375919
41082137
40043648
46341978
70666589
71745712
74459297
48811390
43329200
80309652
80190290
60297530
71830926
74587264
43759840
42560301
77072831
71129751
31145515
31040242
40960801
31026699
71612078
76180908
73460541
25580617
31484756
43239755
10180196
08000786
44446018
72644181
06882166
72268319
42270305
42687413
46937854
10305501
46531266
45823703
09576037
76250563
70415367
40091687
60015439
70598243
07242841
73343889
31543070
09348376
73757920
31028680
73439613
31190165
09915054
76939513
43886383
44447809
41001326
47322875
46406980
75002440
08352672
40243604
43146659
76090341
79929891
60014715
76654227
71378195
40270643
40082169
70437165
61619048
46879758
45503177
70892490
79135154
73659468
31481658
48369474
92418495
44904505
46663907
40845827
71794497
76180506
47589450
44347426
74087661
74434463
73785938
46823047
77085387
42332191
31191503
42078544
31160551
71297256
31040577
70878181
45903667
77218056
72235278
44906019
71735088
09418515
31545722
42603857
72794981
31345980
71295237
73137257
31001122
71876624
46447759
74461083
46686624
72037184
74578925
31191729
76176257
44374138
74594520
31487825
42102032
45628833
74469701
31344098
73757921
47396741
71310710
80029833
31002321
08971877
74855194
43262492
71588831
78376053
43579011
60253324
73306002
40559350
76991271
40519816
40152008
74615671
42314302
70776721
43763728
44487580
31045256
71105162
70218819
31179251
31179214
43009922
41765064
41484294
74361930
70449105
72886515
73455723
31188265
31125282
60143804
74991554
43278281
73741674
74316346
71906987
24809749
31182251
00795353
75806216
42823046
77213932
76394179
70815574
41835285
31156855
31131166
42477515
31004874
76218713
71556884
31177583
71508132
71105152
47036185
62107754
47336831
42298675
31424615
70219814
75565129
71105161
31166931
71000602
47131740
43346268
31165600
43794916
31131199
73509710
43178812
71000609
71516808
70420755
72092503
09759895
72047382
80093846
46787683
77079617
71572050
31179579
41493639
70821998
44755209
45678270
77471182
31041834
70909974
71983072
40775522
71511943
23971997
46437319
76669041
71294143
46313988
10530097
31477384
42214927
40436269
25557279
43195821
45301214
71836908
60875537
73664134
76157371
70756841
31430711
77017562
44377243
70780550
71887926
77414845
31482346
42272645
43979331
42347868
45584167
10260311
71840018
70402279
74477715
31342090
71619541
31032045
71728429
41896241
31428639
70898562
31364818
31359989
46030725
73534344
63386786
75806228
71837491
31360149
06053831
76833985
42930071
70090113
70403863
71846540
70797276
73645527
73652881
71794537
71421231
31540755
48753138
31538806
73536843
77706557
40705832
41234622
45820148
44008853
76462191
31343985
41928077
31363770
43777282
41274902
70263860
42200622
40613078
61580808
76989482
29548123
77242949
60014955
77032642
31430017
60536429
71840289
42969445
75550953
43393818
31343591
31537391
71853872
71312623
73313591
47876726
77295416
31552853
31541730
78717546
46697633
31540758
60117519
73664124
60630146
71780434
47996409
44124494
76725608
74579835
71846849
62242994
72165620
74557232
75699003
45237917
42621232
40681106
45752681
73456823
31552813
74448001
43680055
75962128
40043614
41630056
70762478
41355122
09566888
48148838
74233262
75217384
73871674
40836317
43345279
31469554
45290882
76667178
23864705
43269331
75941255
63249515
77018183
09976741
31341917
75243711
77032653
06113592
31461454
31540684
61687128
73588448
47268907
31551704
31540681
77217969
74552448
73588640
42304907
31523735
41814743
77032675
71812705
45837297
31551659
71749272
72045719
60615237
31033148
74353742
80563472
40932499
31357754
60015002
42928816
74750681
70777526
75683572
47033695
60016467
70759705
45997105
60015317
45582651
43981599
42257498
70792866
75516519
31181246
31475589
45219445
60868145
31310006
41313732
73658502
31031158
46496743
45974837
73064525
73588384
06003121
07881722
72232844
31542722
24366082
31122201
76657568
71745644
80005693
71856303
73785882
47837840
47563758
70781810
31183233
08396342
31030838
31479454
73758533
42218530
40794659
72149920
31359961
44604700
60016165
76669044
71725748
31467558
45085511
43359619
44027527
31039973
31479206
07463958
31543639
74446918
31040661
48338731
77044200
73142297
71846556
31477641
31001849
43768864
43931872
77490998
71584026
70745657
71739124
48417840
71002823
46716125
72236878
71006897
72027176
70603827
72048876
31341940
44523754
43195536
75053279
06806067
72240611
41835276
70790385
31473423
41622827
41953417
31354139
42814220
73737315
42424611
31044755
44245530
76619746
41935029
74912838
44100447
09426445
75230759
73666292
31522275
42054083
75053275
74451983
47379406
70021581
31462513
72092249
76638679
44951119
31184877
42065850
70684747
42378112
31034155
09866155
71374311
10513970
77216491
40196275
40210603
76181107
45173773
77158032
42606214
42839563
24006396
74439158
42484046
31042602
71438157
31421010
77426454
00116542
07625740
44533384
71376140
40918647
43020067
74991330
74589598
45564437
31036047
74606258
43085628
71380231
43339113
41669862
73031192
44956087
60566049
31011897
31041295
76645219
42418416
09980986
76180329
33721059
31041568
76328493
76798508
70172167
31035565
43238141
73664184
21483471
31306378
31017826
31010797
44925728
20090981
31040058
71294155
31031680
25510812
31031437
81843840
31012880
72097178
10028053
31033759
41287245
45873593
44483139
72846866
46868737
24703062
44419659
73754867
71874937
73737081
40461935
71310709
31478028
76038780
61280803
31041733
31043779
47219657
40349659
71797040
09259534
08136863
43662947
47181694
43700772
43618657
44164007
48413161
71294158
73755572
44192578
73807812
31545321
60015883
63378268
43280069
31037461
73459078
40257343
31041933
47189965
77102256
43827448
46850168
73704179
42451927
25003852
74757887
74305173
70793379
44148584
73830592
43449080
43871535
09465985
70848809
75739240
71304644
45216729
60263369
45373805
23853218
74579043
31421407
76990435
74583261
71823552
73797835
42196766
76288418
70198726
80019992
31024273
42995816
70508434
71304930
43225067
75160222
48095568
21569252
31036998
76161230
31000717
43205734
75255295
74475378
71109554
44843341
60014261
42392050
40122027
74470515
74061443
45367150
70760207
42712753
71173916
31025214
40021772
80201538
70763767
31006579
70761390
70218865
44223180
09283854
62224239
45604666
43740940
40167662
43810782
48718211
46731783
62089820
70507425
60690816
31179528
47154294
41245087
46700311
31043016
77017800
46597966
45919799
71310821
45846501
74562784
74719570
73500885
42744987
73756136
31179408
77017875
74499149
73658883
71745690
31007692
73653803
70396304
72408991
76534693
77237745
43619446
31183841
71745700
47966499
76611207
23922420
71312834
09413865
42186559
60920820
31010525
44406678
71841742
74543401
31001036
72675655
09557213
23856375
71840310
71772885
74692137
48087500
70772878
31182802
72048860
60325232
71647920
72045725
72260014
76723445
76821010
60196193
42713197
31136221
77021156
70588296
42541782
76731207
74484088
43195226
31301996
40733355
41993583
73578629
31177358
44306808
70856720
31187230
47478957
73456207
44209786
73666180
44058967
72048829
31168091
71898371
40129278
43739511
46791328
74589389
71805263
75591665
74569292
48019986
43484747
73990970
23817192
73303938
42318156
31167185
74625188
73480363
73759961
09822817
74995018
60482573
10528690
47321300
45416365
71511553
74573243
45967732
72027153
31175929
40253367
48135720
77177604
07928931
72048804
70148839
72097118
77700256
77243355
73387127
46711257
75156835
73387140
74547159
46463919
41771309
31189430
71611972
73129013
31308985
74998279
31033424
43892708
43220299
44230657
10672636
40612427
74304609
71517700
31184954
70677566
31184196
45063597
31189049
08860165
71742991
80088851
73658693
77017927
44464944
43600599
31185789
72158579
31188522
45767857
45476049
74432461
76746450
74397440
42005057
45407836
31166646
70753034
10344354
72027167
75751671
76654650
44953627
42054302
09404182
44119755
31310176
61280667
31185506
42396704
44994644
44259195
46865450
42976275
31165994
60043233
77241626
72176248
07526209
70443603
41560738
73444850
31181457
42240400
76312869
31180356
80003222
47531678
45659174
42954153
74656510
77214778
41897830
76086102
74634957
31184701
45391000
60497644
71290738
73377775
70507417
41148508
74448571
77328209
74586784
43684072
31167652
75620643
72394981
77918277
40635256
70977490
71742942
75224827
31011573
60015610
25787851
76432231
76085405
31038303
76454006
43289664
47554681
70384102
47994174
70676842
45102674
45428339
40858046
43987455
70926715
31005377
60015709
75208554
31359335
71006886
44970594
71310619
20564523
73754809
31530447
44073190
73531810
46791324
74552469
42093825
71654718
70930053
71334894
75156120
74646490
41628703
41424018
10545384
44823560
43127539
72248078
72386799
71881548
75720153
72654038
71846634
70910877
40698383
71803075
45290873
31032494
72165453
48730122
72162600
62277055
42676267
73531077
45959260
72293745
74955654
43824242
44819705
31041920
62081154
71976561
46929898
71749260
76434678
62089745
46063348
76516041
48686957
44129248
09394188
74619880
71385245
70688035
71830370
73659517
74298946
47410127
47766436
45013303
40930161
61580828
76031996
45126377
77034886
75628878
44901681
46262383
80073145
74432685
60016461
71578557
42365266
77420710
09964503
74922074
08179454
72626179
31358202
42929799
78803793
48699299
31541947
76838008
43979334
46605029
77795675
71725790
08849921
70336478
31461083
45246981
43252007
31014835
70218739
70759726
47612317
71567855
73659441
76193269
70798572
70763413
40110398
80490371
44482011
44033865
74542064
77798783
09802148
73759966
44848238
31181743
72367821
40217480
09457122
77032651
07860404
70193827
72154612
45433983
31191049
72043290
72130511
75102462
31355795
70753661
74651405
72816758
31541686
74425983
44667698
43761867
76398388
42136087
42392952
42111944
31147976
77237744
45656776
41618702
31157210
10658359
70425349
47096173
48889569
71985296
31478296
70793843
45322141
76620800
76572780
73124634
71526383
44747153
74698062
31481534
60117040
46326755
72243983
31148123
72270280
47771683
42686865
71794479
09739421
43146795
71861641
42018939
72265855
76546957
70811775
76701645
62318943
31541676
72236918
45641763
76292004
74604144
44957932
46119119
71794550
80186878
70759722
44058110
74430061
77498777
71735127
31344872
76431223
48545318
31545053
77017844
62358894
74595317
73990972
24003602
70801111
72404697
60517556
41234609
40687395
45993267
74573262
72165430
71291087
73664229
75364772
80189897
31432020
40133430
70843416
31134397
77699583
45994797
31178621
77498503
74589601
61618221
74481062
71633868
40579682
44802552
42638910
60234518
43903657
74991581
31532310
45801182
20996593
47817780
70686847
72137569
73507888
42505457
73129010
77087699
08420748
74573104
61285532
31146571
42145913
77216568
40108253
31359324
10426963
60015352
31136368
70777552
31358273
09671188
60146118
72048959
46111010
48367367
47307394
74449214
10210434
73807781
31024480
46750899
46546783
48652356
73534387
71462048
42621433
44280958
73318967
45551410
48089446
44721046
74736869
31030975
74990328
72235266
43303916
31037229
60760312
06169263
31480258
40387486
70494321
74991672
71837061
42726063
23855533
71117157
73588616
31000496
71604018
42954170
75734111
42972577
70775174
31012496
42142763
78289999
45354655
47270330
42493009
46060125
77345633
70234375
48482497
73650881
74459294
60117150
45998536
48159722
41897823
70170900
63362541
70815505
10034295
31543296
48329532
31355868
71720892
43486497
73588475
09487145
60522233
43749537
70666581
71114811
71840225
41990013
45644800
43933942
60146177
74461057
31356719
47347211
44688570
31342746
31187707
45130587
47806120
76656819
41011295
74448785
43979053
76779698
71881604
40216935
47995354
40521422
70783873
43602997
31532032
60016196
75000795
04811529
73129018
44568023
41178063
10029595
45148226
45804740
70158117
74450544
43536071
10112816
42392947
31478394
41819995
73048702
09687313
74479923
71713473
71214946
31542805
44827349
71843767
42983039
74964269
43492591
31190191
23898800
40665191
31305610
73387144
43829632
40667458
70797355
10278773
73372354
45763643
47696492
71728333
74504912
10434966
42528218
45701231
78104133
60457549
08690501
70778849
70642394
73386008
31521694
41913545
74451343
48293139
31045330
31310075
72206703
25001905
41954902
76180304
74752876
73367662
71728418
71515899
31188095
73501134
48286883
76229969
40685494
73546274
74463149
47913240
71310773
48826704
31302130
70226994
41938297
31178043
10523020
48183840
31182470
75260220
31462407
31552752
44480572
47881840
43949622
47678862
43979312
42834960
47925271
45310761
43411152
47338601
75915556
74970027
70096474
44499651
10365822
31186106
44986525
74687843
75156109
70677885
41712761
70763860
44188026
60062853
71990823
40617092
74951525
40120986
29384636
77795425
10063183
29364675
30832038
44576406
48684311
44765892
45076916
29718345
45406701
76274522
29727193
80041040
30404672
29328620
40603414
29694078
71639714
30421233
60732258
00517916
43103985
60309167
74075034
70686009
29642849
40248655
72608715
72237721
46407316
30422280
74278864
80266348
43767592
80267635
70405481
30824858
41236696
71317839
47165281
29289793
76614102
43297877
30824579
43138257
30582795
72125968
73208607
43643151
30841702
76323587
71617905
30561317
42001424
41417259
29580065
29424747
30425208
30849749
71583026
30843208
30407362
70740900
40194376
72034034
29714758
44921056
73713248
70663249
29582472
30824892
29373050
30845068
30412557
29586540
71373415
29615276
73346331
40394254
46974428
70501165
46228102
03825302
29550824
42551049
71017724
23884321
73372657
43811214
72089568
30418388
44704498
29455624
76744910
24495505
43302764
30672764
73959102
40666759
71062278
77230795
73689700
75705856
44341106
43288510
72241882
72268951
29425815
73081212
44758779
40049004
72412879
71251863
43587063
29669531
42435248
42770538
29682581
29276184
72309901
70463648
72856399
76012683
76157605
29261882
44984794
30413164
72788694
29404868
41346779
76278195
61257065
04733464
40120652
29533322
72808119
60486251
48277818
47022308
30827859
46799507
45648910
62181331
72533192
29732609
44314303
40460278
70513811
46241115
30421344
77494160
29318967
73503708
72582657
42810125
46876188
40372356
29292534
48230405
48393442
43302826
75575129
46913058
72675814
76420507
73527496
42236717
41001256
30415646
44517720
29256650
30848722
70662863
72636848
30840108
76655182
72144670
80505612
73575061
73503712
70574556
29382542
29570552
30417737
29251802
41770992
42191038
30833766
70760098
30830475
74144890
40717702
73869716
41884068
30415163
74386982
72354738
29284645
43242128
40015372
29415361
42247389
45721070
70941635
72941789
42277670
76426391
71419679
30403630
40259253
75136410
29526576
41409631
29411220
73618864
62296601
76974941
75459271
42492220
76686381
29549710
46706152
29471648
77032054
73432751
72253774
77231608
29429996
73357237
70663864
46523441
71482315
72245653
29468165
43569830
74780044
61234979
76524459
70579744
30565319
30571861
71327147
22509867
42223444
71336768
60062550
71535218
02437428
29384130
40399453
46906561
29715827
43566302
77206388
29652340
76216312
30426406
60058615
30950106
40005054
30953634
43619166
41113919
60966011
07556165
24678175
42003247
76276672
74125143
45116449
73229187
71833032
46627620
29402056
70519915
43460712
41845186
48578871
41749816
71260772
41531811
71618145
30954837
71718014
71443365
60865196
63381707
46264909
42605097
29667015
73770416
71331501
45589818
73882607
76235688
60063832
73420505
71617978
44915370
43196981
77340501
41009765
41759377
60819983
70378459
70815656
29692827
61580475
60059229
29729383
40707088
41505298
40901851
71576423
75536586
75832874
29594577
29483105
71693502
42553037
80872132
61117746
72754258
72119205
71696365
76011131
47286844
76306705
73627516
76419794
76385557
71693176
73434065
74396850
78006279
60935552
73207631
44976724
71575584
76254051
43782422
29471565
74826129
29247040
29695787
71722742
75980935
46464212
42816726
73815025
76091125
29735064
73194059
41560779
43559767
40743310
41879804
77347329
77347330
30589656
30418518
46822681
29724293
29702426
44699370
29603602
41030372
29656903
30655959
72283926
30489596
80280364
45043294
74656911
29641483
61219238
80613398
46274135
74976792
74211587
46243555
60264215
41917893
71316684
70839591
40226169
40190500
72309024
42722475
29217546
29338249
28224370
44511136
47783657
29338226
40507533
44335094
30856849
75309169
61049388
60782584
73376341
70833875
29472330
29624100
60791531
30563186
61580498
40978269
76727117
29641899
77542858
70082607
70255797
80267265
41948237
48312159
30408544
44371341
70520955
30946635
46263016
76724433
30484051
41109292
71979060
62260217
47092007
74050709
42161847
48320428
29558023
40499789
30665252
71837316
72246653
80160536
77797230
60061031
48656136
42558205
46328340
76574279
29483673
76385501
72177665
71268917
60963249
72610409
46464227
30670463
46723624
71984540
45375154
73972529
46952525
46936521
30829801
41359724
29481316
30495512
29260287
43987553
75917038
48340450
75312840
24713484
80357319
60951334
29656676
41972595
75944458
74250160
61048396
80266293
29511463
40343632
70517146
43571449
72245302
47143423
45926606
72268871
80199659
29409857
29648131
44349685
73113733
76683135
72296226
72096906
71880513
70664332
29668773
46655612
61050031
73882232
29417496
77692055
73819216
60062851
71078212
29229885
44809921
80263602
70512735
70849665
71823767
71823769
77157505
60210732
61555091
29513870
72297800
71350434
30642881
72294272
29706521
46756446
30657691
70824240
73315746
29690661
04650143
43207715
60535698
40926257
29411224
45282595
41782605
29324105
43276624
72627191
73857512
71847371
45564262
43047571
43502532
29354516
71275971
73800982
30651861
76799274
76347326
30663089
30416349
42208523
41129828
30654996
29484560
72464957
47739266
42675395
76534515
75153215
73882537
71847393
40696495
30418908
44761789
40788298
41140424
71491248
72082903
48587061
73274423
05410520
29405589
46341818
72757047
43248510
70991829
42154575
41109804
71315759
77385870
43822295
01221814
70419715
30403590
30836485
41580439
76660668
30431728
40049854
29483048
71835309
71652513
73197705
61039254
72245770
46589296
30948092
72118928
29555763
70236925
10227939
47329992
72631860
40056827
29557183
76537869
60794819
80333913
29711887
47136529
47219677
75573454
44278724
47208160
46892172
72137595
74655402
74119214
29530996
29360504
71081222
76006387
72296004
70378351
75136323
42965872
48759799
47740182
42644121
44399999
30762427
71386263
76794739
71776703
29354745
30426535
72679084
30423936
72393276
30824260
43726813
73146157
80506782
76570951
45543876
46738875
29536122
41256481
72627645
41364477
30650821
73783548
70607478
75668598
30763106
77152137
44218164
30842006
47209485
30644862
30418351
71284265
72265148
29688218
29384128
30486055
76332033
30663087
70580859
43030987
42305841
77093466
30655747
46755485
71828477
41665276
46600638
43979392
80624170
43387270
46824234
29733709
29703686
75184791
42768831
73471860
74485694
45538139
74073743
72920604
42931555
46149932
29617439
72755921
72683884
48848849
46314477
46703815
40843474
30953693
04720168
72936095
30946738
29290821
72366139
48312059
71033424
72660338
23966936
30652254
76795324
47954088
41552820
29656502
43459973
73540108
30941679
41187751
44802612
25795094
76694057
46803296
70259663
73455421
45627130
76453949
45864963
80160824
29481472
60784244
43116002
76924233
30584271
30954418
29700135
73228410
42789998
46022648
41414973
43104793
42748807
29394600
30423699
04644503
72767599
70520354
73112071
74933502
30425291
04813193
40264272
29308206
72304291
29514437
76389564
29559960
02267049
72441599
74129218
40815042
29287993
70579735
29656097
75057080
80100319
80210019
70579917
29671360
29548305
29350331
73123833
73661323
42053033
29566846
78200574
45599520
29565028
41638578
71376217
70579422
29682786
30429789
30835863
77151028
75338318
71835327
74076579
76361965
76576601
71081125
72726763
29515811
30855120
30672379
29481964
73271182
47596709
75626130
74029797
75845027
75564034
29468478
44762846
41914945
60169216
29622520
29732264
29649210
44021006
61257035
29599331
40440828
72244134
72304793
71321330
77687642
47052765
44813666
30575299
45423402
29442774
60062061
72296501
29700028
71626648
74806461
76074552
30488628
43851693
29318210
29717014
76264232
60058658
30770957
45152334
29358526
48343046
30674184
77157907
30660612
73434104
73764510
45599210
71321294
60059507
60058945
60062603
44573256
40699373
29695930
74380206
70438435
75073435
80250633
74943601
75933703
71626673
73274864
75864490
48233731
46964525
73498818
48556030
30672709
60794820
72633565
29468038
42957462
71483241
45706348
43981635
80262008
60062656
71321262
76574975
75570295
30660577
73429191
45134101
40273254
60061899
70996194
71782720
29677950
40740963
21847318
75051676
71347058
29360796
70182139
40495192
30578337
29476328
40063488
43450492
41603133
41355140
42337724
30501517
72034039
48553773
29470142
40582415
70178893
72233359
76963586
09978309
80625028
70859582
29211800
44258014
77065178
77206416
30948276
75473593
42175576
29468483
73614105
72749815
76236058
80384774
71841630
29397630
29469807
45508467
75970812
48322506
42184442
72265675
29516069
80290902
71315741
40399732
72276549
80507448
44050769
76649182
43803242
47647441
30582770
29600877
72268231
30941111
47575448
29668031
44071734
72274828
29369974
71315622
72202151
74652659
46749066
40574924
29517173
60966566
47136430
72094172
76037947
70618209
29390377
01864116
72321927
42478665
42870340
73531550
47994194
42683195
41569992
43521252
73274621
72239988
76686740
30642171
61326659
75580461
60966508
44719088
71837377
41190369
22082686
77573610
30647998
41068682
46129273
30576258
40876099
72284308
75974482
71584037
71315442
71456127
46125789
74389583
29304080
71812960
46365185
40054400
29415015
47100253
73527495
71389770
72292644
72627168
70849677
30853920
60230125
72160552
71285934
46108022
74130475
76744921
42922374
30846468
30832709
46246451
74943410
29571266
47972458
40332589
76559801
30579328
29469798
40847515
74309586
77083690
29476901
29233042
40860261
72150630
44221353
75996842
72639992
30579241
60059951
71034225
29630656
77146947
76291852
40375488
48467217
46273615
30652666
43013485
30643968
44979415
47488472
29599353
10121904
30941761
29481352
46706501
45210430
75792562
47069496
71035472
78104730
29246508
29468342
22099902
29576767
71525984
30641636
72280491
45595624
29525796
44071496
74315631
29704195
29558999
30824538
29714355
06212280
73016519
40347131
71523618
30666545
70281609
30663438
72476684
47258153
41408996
30588856
46133609
46908577
73810183
30644003
77078779
30583120
72150647
73691489
46729473
29707371
29543095
60967675
30660673
70676497
42535485
60168745
30951880
72265423
45379546
43625865
72322475
60060867
45364118
71865528
41980445
71389742
73273595
29298951
29689884
45614377
60060550
29363128
76143588
30954876
72033563
61135441
29449679
29663105
71851358
77907712
70281647
60059501
40597629
29567715
47634185
44795220
70662100
30407257
40985827
72125205
74617270
72115186
42741702
76585839
72369390
80317256
72241978
29551621
60062807
72280484
76721848
72137639
43674611
42363022
30651047
40068755
09712025
29227871
71406408
46277279
02405457
47579524
76592231
72428177
73983061
41772020
30661805
29735182
75111448
29324566
72010346
45329936
29459404
60062052
76445649
29517532
29536094
70580862
76006383
70973754
29283040
29672733
76829934
48409554
40041267
71889521
29683437
73654063
30645217
29603237
72297967
42163081
76787176
60059822
30585516
47439647
45456306
62064213
44353390
72298166
73146634
47019963
40727976
60060104
30770907
29483077
45611210
30946239
30431049
46754605
40884625
30645646
43548009
29412251
73240459
75609439
42290786
60784179
40739459
43843028
30761685
73022821
72144161
76758452
71485645
30647492
29559179
29427644
29330865
43858062
40356266
02416231
30586835
61825673
60059714
30862402
42934605
30674012
76605352
40466528
29689889
40238765
40789545
78016836
73886369
42292125
30842527
73127277
29398582
30766461
72420118
73865510
45028559
75250761
45088879
72268997
40475900
40020868
29737249
30652586
30944180
30564766
76774650
41990132
42414650
43346430
42591458
21443496
72260145
43346431
43631306
30564043
43449443
71700347
76828165
46241918
30672872
75244440
44073968
42045166
43036877
30658014
41990154
29291301
44754638
29719880
30673093
43728232
45897756
30766857
75827341
70664385
72670135
42842800
29681207
74609523
80624187
48491197
43148143
71988545
30643305
71315487
75377619
70611798
42788220
72612727
29680419
29307631
29561045
62005504
61686161
44694448
72318481
08894065
71841090
76081923
48358780
30428302
10440419
70516468
75175472
71984525
72391179
43253899
60062720
29476922
29606597
72290937
29607175
75988376
71634283
75992599
73800983
71331531
29667710
70520982
29557887
10805192
41801366
72290827
72141506
41615559
46499248
70973755
29468731
46213630
74730071
40581764
42118759
74080453
42047174
71652522
42349730
71841096
40900156
76571330
41761741
29215080
72265170
45889904
73346484
76921179
42315338
78111371
77026956
40118601
20025737
46354276
76781980
60782106
75772007
41043094
74203307
44597171
72297283
70854770
30944814
30560834
71268165
46218231
29433057
29350448
30571295
40672066
43891695
41758538
76785870
29335845
29240904
40558506
44884994
30645873
46116076
74157884
72246901
72306476
30642907
43263946
61234976
74888342
30647104
40050062
70606337
72901033
30576829
30568746
76343419
70810576
30589432
43987561
71979045
45647783
72268452
41545036
42869669
76513982
45086655
30950119
07619716
02891734
07833183
40237395
02039721
44736347
45838708
42801230
75056560
77039118
47755004
29738822
75977666
43308427
76402923
72942969
72465167
47617487
76021114
44112762
75826504
40394241
40690076
42322683
29377971
70845353
72290955
73523440
29215898
76664787
41143870
70390542
76354990
29654529
29654423
29486711
60963041
29701967
70977401
75376156
29205894
73116585
10567390
29663559
71043551
61257318
42620382
29274444
76829164
29561824
29328818
72189312
42729115
42459010
73492880
29486999
40149602
44729800
29317927
71693380
75125316
29642984
29441528
76323082
61173785
29571414
45053192
73492881
29449881
44010886
30572992
07142570
29687947
29259264
70003714
77498852
01304734
29734824
29640986
29458343
45323097
72245650
42144838
29281360
44935225
74049048
80313889
43437295
70559962
73209710
73209705
42420185
73392378
72245648
46647453
76229556
40121049
41282661
80267564
74150442
30494131
73348146
46269134
60061752
30415550
43497396
74590926
47686804
46972415
29314451
48184271
73346583
73345468
48091344
42254145
60735855
30494097
25553738
42272521
30483257
90000500
30580104
43691577
77915610
76151638
74638071
30669645
24957403
30838474
72626982
71947653
47380873
30655123
05793471
30488166
29727817
72283852
77495474
73315721
30655135
73374483
74402025
29707306
48017369
30940302
80403480
30848702
72241999
29471688
71828403
47679638
74869950
45326740
30778041
71373453
43885440
76321977
45053939
44397576
29514286
29538317
30940448
29579869
45664749
29384615
71412562
77711734
29582600
72628955
30645790
45064307
29556981
77335657
07756432
29481674
75157687
60862806
77200343
75880112
40737122
70509414
44884991
29325721
75989715
40808482
75690377
42870345
70479715
09990635
43836568
74805279
29664349
30766423
43600495
02147323
30842090
75287302
40877435
72245725
43132227
07473180
42131047
70245505
44303868
71034224
80506231
29710546
75180748
47501418
60547620
44455021
75884189
30770961
47960106
70317185
42838512
29645957
42429233
29213705
30659271
71639718
76799270
41837689
72750195
42511607
46448112
29623300
29268891
29360841
46184604
73478698
30841305
30658721
60967760
71268916
30651764
70849667
46498030
75359218
71326096
40081936
29705222
72960415
74068383
60062163
42890986
74612383
45775463
44391026
71719338
76765563
30655906
29352090
75068344
74379126
73058504
43879201
77274009
73995518
60059814
73458098
29681920
29609636
72133924
09257412
29389906
72239899
29387333
29483054
02430586
60058919
29731474
29632477
30776621
30566104
29542312
73274395
72021983
43522055
73038433
40101585
72427785
29299418
75473594
42522655
29630297
30941470
73025816
47354722
40119731
74127813
80386373
48274054
30647606
29278820
73390018
44810308
30494774
72165865
30579259
43023008
72458405
71316633
73820705
46622566
76137951
30860630
08164202
43500618
29704624
41083834
30415739
72356811
00455213
49022380
44569023
71839978
72118499
61606148
74575240
47022273
76171572
78551069
30645548
73906246
77907892
72244740
45690931
10032058
29347892
74176070
29310132
73888846
74924262
80263234
29312190
75125413
29583833
30768545
41593325
73277224
29724349
29271286
30766855
40617072
73138862
30946608
40462872
47009808
44233724
30659334
45927436
74414161
40075101
61145540
73015752
44755196
74485370
75746434
29439410
29713071
76864273
72310275
44233818
71078278
62234363
77206108
48258558
72417063
72183829
40505130
29549449
43931867
75953402
72413066
30760350
29560175
40351798
30761912
29436160
72439607
43015972
30563575
40433928
02145493
30430992
29639606
29594640
76570964
73417190
30499796
29595748
60839404
74859923
45849230
30579330
72441588
30426129
30501279
30491399
46311237
29218759
70094603
30406912
41431191
74052332
29272599
21523041
30564247
29669958
48337140
77666633
29533146
40054609
71662008
76313095
60865848
29648087
47955050
41235692
46105541
75948332
73703154
43566160
73800626
61672580
29730528
30768506
44721114
29440035
43437299
70770350
41707260
30429507
70849684
44272610
48475809
74292510
77293039
44875431
29693211
60968326
44999524
60062469
42504300
77072263
46119182
72364619
29409581
29509084
29272690
42894313
61135770
75020110
72507854
42005652
42966694
40272820
72254334
60168698
30943803
70618193
29715543
70664404
41499795
75129104
74542185
42792294
71284258
41054812
70338554
72798165
29542169
29646309
74132555
74474364
60058551
46872253
44233737
78111487
29700295
77331023
42370510
76537321
30586552
71316624
74132617
41384363
40465650
72909895
45532099
73125209
42632642
30772596
29608245
30836470
30581205
76909190
29719745
72910261
42620301
71347086
75412985
44164166
30651723
40561949
46629913
01500501
29593184
47997251
75052716
70782760
29712758
71735958
72242007
73360339
74320410
29275964
72285811
46569326
29623516
70850611
70854782
30761892
09706718
30835202
47314175
75198475
72639134
72115169
76385537
72797024
42619009
30589360
40092663
29605863
61218848
29429287
30586379
46080835
32952150
30571748
29279762
72246408
72859383
60440704
72369389
74687302
40182297
62707913
30646890
43816397
43931900
41497932
43365358
29689638
42562931
70365408
46125843
29327449
30652552
43044587
29732719
74379143
47530766
46252166
30770400
42816015
72369382
29720408
72894359
30586342
46657367
17420999
76688258
43744166
47065195
29432126
29642228
72029082
42652573
77166264
71504449
41422526
29580395
41502726
71867560
44417393
45930742
45858147
29681437
70604917
45869051
76649230
44931625
06229479
29684997
75775319
44425681
77025789
29379680
73694784
73187406
46985200
62146961
40843497
29565781
61095725
29712427
70937898
29545565
44383972
29466479
74942232
76787504
29449452
41371136
41923635
42553038
30834863
74128823
29660709
75493020
29334186
45987549
74779109
47724213
76198027
73939315
73993263
71445959
45539244
46303878
71999308
60793706
30424949
45980515
76926541
71424513
71317677
80198312
75145971
73044247
77693623
72747203
46607035
72901848
61258271
46049703
45264607
42882099
76527741
77792463
29586830
30858654
60490278
42274624
42432305
71326132
29563434
73935533
30427816
60793190
61234844
44452955
70397574
72316124
71768356
60865172
46054934
73774904
47668744
43393832
30660478
29292072
08187424
70281601
41465822
24809709
43409490
70849678
71573040
40704231
29617227
29528248
61047770
42926690
44648993
46132204
71430949
71710432
47330011
29702142
70603860
61048521
29562660
74688334
72507841
45185380
29328042
30647570
40790194
40554837
41552631
29542378
76930007
29468507
29473964
45686571
75908210
47177796
29210528
45161063
29548633
29337343
74140220
42909650
42727303
44650192
71975067
75819164
71710141
42878424
24713349
29525228
29418676
40946834
29461604
76759164
43648175
73527504
71926864
29417514
41947265
30960650
40580908
29666041
75702100
42309884
40551086
30660396
80160537
46477186
61327696
76921195
72163396
42136793
45215356
72809964
71326125
72238554
45115053
70685313
73025776
29606099
10445892
72912347
42847305
23955538
74094171
74948067
41589292
76966188
23951626
70932861
41458619
29345556
71062292
72557576
46137910
73145739
29611932
71560191
73278261
46495146
75051735
29549864
72213319
29481995
43113598
29473388
30582703
75847970
43428938
71768510
29645740
72540249
70355954
06288810
71248520
29322716
40984734
40572302
70824263
48010488
42474149
77234176
29473598
45486123
41712911
29685865
72393350
29653482
44650184
60060910
47523517
30428935
48982509
72413254
60793941
44377657
71717988
73208110
72126461
30962065
47263671
60783116
30652649
62920898
62151609
29300274
73800771
72470353
46724965
72100518
47756049
74720822
72636849
43879614
29631430
70781835
47026333
74498682
61365683
30830000
74636543
44614742
42591964
71417784
30571716
73023986
76875582
71326073
72936748
40704981
44188001
73865494
73278268
44860521
45755303
45088923
72097344
40422791
46812048
70426820
29331153
41239961
72701231
71991990
29475776
42488403
74132492
29611304
40053549
43146737
48711836
60432382
42592969
46477115
77664605
40738576
30588852
29380407
46022117
76546893
48588875
42292579
30586146
73855371
71872215
73346507
44022313
44131876
29465737
61039351
45032233
72095202
73074914
29588038
72978518
70175985
74496170
73351283
07152884
73369211
76535335
29644591
30423761
73020260
30425076
73116589
29610650
40332079
60235430
29500886
40045383
29463057
40260257
40965285
30960224
70364955
77146948
48356383
61234675
30429686
61117675
73179692
73530807
41169947
46243564
71077374
40259432
80871108
77292124
74567229
61039308
29540816
46877404
42892309
29406599
06685410
30406081
70614854
71080264
42974225
72285949
29260746
29311605
71596896
71573100
71573099
77905605
29697249
29716027
43973441
72663778
60966706
30481167
40136333
41083822
30564551
29256320
45561415
29311467
29645514
73752201
72022196
01341698
29409975
75473568
30827191
70760399
29229429
74285646
29298710
29417128
29291252
44833301
42757330
16705934
02415470
29737846
73193688
29397231
44054940
29297404
73021257
74095942
70938182
29633402
30861088
70836835
02430379
29575666
29415609
29335110
29541294
70747573
75735983
29334798
71901044
61048954
29305440
29362449
29616030
61039599
29424347
43007558
29335580
43773215
40779126
43872710
72482911
29227255
77151761
09534645
75629591
62564131
73943872
70683848
46193524
30669640
71132563
30667640
72278019
43668693
47860253
29425252
44095118
29512067
29305613
70580329
74092854
29676954
72150013
40357590
40456206
71329446
29540388
76903446
77276203
48594180
44095057
29722177
43958447
75245730
29217577
30848241
74718937
77670264
72629061
46108008
29706926
47872056
74152417
40466529
01872623
30670358
40912455
70512776
42165661
71696395
30486339
71978988
29678798
72167588
70159059
76567246
48620980
29577866
72221907
30488306
30488242
29643618
71222743
70672448
30655993
73737197
73277207
71509705
75259941
73194768
01342473
29446410
29284757
47498645
76925331
47062728
29662983
76950799
77907635
72524038
29685329
29527101
46501227
73108770
47763890
43224711
47257764
29721245
42691125
42063349
70321046
75049875
29604931
29573541
29725106
43472661
45475711
29324934
72477928
29266857
76597267
29644628
30670205
76933647
30852993
44551621
72939066
42796076
73795695
30487997
29551961
30429816
46079323
46126117
40160841
71504769
30655885
29692515
29570958
46052771
02410074
72244100
72255327
29623138
45717401
30655688
29569449
75287285
73234923
29562418
04825981
30668229
75782822
73392402
75057059
29529040
62043189
41158764
29423098
26683705
44168675
30839153
72948466
72246409
76685622
73363406
30404047
77027726
29644809
73114560
29660185
61757742
74867636
44106775
70575911
71376571
29362543
46029350
30645747
29533111
29347883
29565234
29272320
29649018
44995629
29624805
60866550
75088556
44397505
29350417
43378283
29400390
45716030
47488628
30837438
29352617
71945742
40867341
70684581
42008735
74493619
24889659
70290066
73475230
75653747
76855479
74493636
73573681
75066538
72570936
76239409
75739780
45324576
47434830
40012618
47970659
80478863
71443352
71937702
80295495
74954762
70906901
75073488
72244286
72239968
29526118
43094526
29528336
48252476
71409478
71927194
45110591
40303451
48828812
40933571
75068495
30852318
71306856
43830925
30643471
71482448
62260204
49101736
72876495
07641225
44712913
47120044
78023929
29736892
44334132
80160350
80320260
72635760
30769862
40491936
29530961
74128773
30762704
45793597
45500796
29547701
30413881
29434672
77093469
73661493
60650740
76922373
74708259
74973836
30951757
29670605
80455558
74889955
29738936
76469566
73035640
30505824
40215112
47555420
30951874
42494369
75979394
24712682
29607126
71914392
29530880
47009833
09955098
29556787
44427483
72233279
30946088
41877300
78968655
44408494
74544999
42561149
48900740
10288394
29585469
73747326
80323903
44808915
46307305
29460375
73465483
47419516
73002019
29365005
40695330
43137583
42732986
75974028
30429678
41540730
70282341
30656953
74320417
30427941
30762595
29234555
48734179
30586484
29636958
30950595
42158210
43232768
70282358
74048111
29586572
30655275
48808441
70547303
77066120
74396887
72249763
30652568
30418580
76551039
30660164
41695270
44479959
43281940
30941243
41232430
30944307
60935922
29664381
29649046
42117178
73669961
70521173
73531545
78018388
30851700
30843765
43576463
40497071
23276874
30488275
76280774
43215731
72264663
42071856
46041527
80282003
30760832
44988501
29475235
30643946
29312270
76681931
75938741
30766604
74122733
48452773
42531693
73227738
70331197
76082468
29456553
73882601
43095135
42832497
72261506
76143319
61217376
74400655
44951134
29323396
77231386
74389572
63223110
80262002
72627451
61310049
45349157
29587839
30667824
29729525
41858913
70376896
29634435
47588558
71524786
75372220
42866139
72312240
29629742
41247464
41684942
72297974
60300083
72958201
02410893
75670781
42786951
48487512
29723543
29423093
10239905
76700760
76700761
42773855
77248090
30950140
73181517
74048118
41253272
29603363
75716855
43449949
61050073
30832257
74231632
73211372
77804253
30656083
30656649
40972898
75013524
62044988
30422407
77141896
30944168
70520413
74596282
46746735
71988740
30766799
29462888
76944506
75088414
42352539
29566691
30422969
29412063
74068523
30429590
29631083
73249391
30418492
30764842
30430993
76710872
71871862
72285822
78886822
72265665
73908598
72808085
72296230
71318091
75094563
75094564
75052261
60062509
43706903
01219114
46436638
62092075
61324702
29657244
29590271
77563532
44999563
77328032
61672723
72514039
30664153
73039590
30675009
60062808
29625885
47768896
76021108
40551111
29272510
46394929
71318189
70973738
30423469
71285925
73270508
43961515
76410072
75603646
73701845
44392807
47719976
72141670
60355655
75564059
45494627
47606585
43255841
30429643
44991595
44762876
72635753
08134445
73335887
29251719
29648772
74585044
48552082
45492551
29453761
41248554
46499547
29504589
70194175
73345400
30766876
44545456
30948016
79053383
46902564
41237993
04745018
30766471
74580791
72241538
40518908
60783164
76394632
44394629
30768724
70209124
44541202
25843384
43579816
44591173
70302524
76856235
77268692
44740422
76409476
41829825
45007038
10160910
29563813
71996337
29425736
44483824
30407042
73027641
72776273
72798416
30948204
76965004
23944168
60507027
71315796
72286549
45447374
72369388
76664808
41808603
60062438
71652543
42118764
29479380
72318457
76959087
40312726
74842752
71873792
30762715
77086763
43483348
29427802
29559614
75279706
70515681
41433310
40823517
42924678
76970169
42303131
43017194
40913628
73299258
71345066
29624225
48204561
61049985
29720885
75329491
60966178
41225140
70573951
44813034
43024729
70858622
60117416
44470297
29677886
43267850
29309681
60793257
70670182
43489851
43637226
73854824
29352815
43542084
72610211
29551787
42019607
29336088
41788113
30673054
47486891
44711317
60062013
43361049
78633967
80442141
40446916
76388808
47259549
72286682
72956504
40551102
28997849
46152842
74376769
43184655
47661180
40340877
48263948
09032365
41495589
70459933
60058592
76310775
44677896
60058581
75629766
41963576
45575824
29588453
29570389
42671598
29481527
60058854
71321337
30586977
40948716
71321291
73545976
44121749
60759123
73573394
30423840
41244668
41526621
70664395
30422979
40020230
40362425
80199227
44100772
29652302
74220636
75782094
43248908
46929932
72935016
74326412
42408490
29427607
46614019
29734384
72112495
71351156
29550267
29569009
45791807
29636177
70991827
40907212
29629398
42649241
42478858
76189219
75746983
29530723
60458306
41624848
72859928
44723771
70579979
70429845
30837504
77039121
77023895
75886064
02299302
29482017
29403494
74461134
71974060
29365607
45024311
71321306
60355445
29626346
70521980
02442783
29489066
29644360
43885407
75872796
73977191
40724550
45566820
44241210
29428045
29540353
30951809
76960793
29531640
29634491
41364505
48500920
75272502
43369139
30589008
44579314
76621670
42867246
47103319
72968046
41689004
29585279
41412313
48335911
40375556
29633844
77666059
70519969
76648430
29637085
04328884
30489404
72130063
43700249
41594453
24864131
42578486
29351308
43404390
29292709
29590175
77903454
71000760
48559300
71716802
29481428
30650368
72290897
70566217
40405833
45072726
70520440
70809256
73046493
72311902
75359211
29723767
30422796
29665295
73311646
42501450
75827350
48440550
71490471
46062663
30571848
44471428
76291942
06594502
45737486
74310932
47467875
42366472
43790498
73506519
41931248
40024196
29691753
42560680
41475902
46003834
77160327
44404139
48413814
72672038
29212455
30417925
44163466
60062568
29703460
75614734
42935322
30586958
29601515
40588358
76410293
47352998
75435467
72304218
62411069
30945113
04412467
72260075
70172252
76424965
30422795
76968831
30501414
29549949
42895856
74389245
47221812
76424945
73618567
71074501
76813763
43423542
30842854
72455392
72265653
43761550
45755333
74283799
30569605
73988862
75573452
60925628
29240862
76781945
60060649
71945724
77095495
09251584
75130164
78200337
46147061
72265433
30853803
40496619
76646669
30647147
77507601
43380066
72172860
30954829
44201648
41663964
30658152
77028754
72700420
30422472
72118279
29701518
76964854
73339615
75988603
77029409
76343538
45023157
76055952
46004182
41178083
75974061
72241820
30567119
30763056
71321312
47292066
70580678
73381402
73630423
72268920
72172889
60258325
43600330
72241844
72177542
29660343
30830205
30651098
40755690
42409454
60060902
77423787
43075811
30413675
72172255
76920073
30665256
45878121
77023423
73088671
41190442
72291453
76544698
30850032
73186167
47737410
73939482
77905761
46153150
29648192
29511991
10086978
71244344
29641275
73983351
30946680
72296252
47479237
42358530
47105354
29492838
80193306
77820200
72238576
42203056
29478461
47127277
30946884
41328426
73194054
47510055
42735391
70687629
72221694
77179904
43484999
30569642
29345793
43662040
48023439
80560690
70581873
74442988
72132043
45672152
30658691
29618718
71042579
29420705
45936779
75626442
43557176
29530223
41054318
42751216
75971522
29650390
47829268
70520426
74408134
70580839
29538234
72302117
29626207
61730684
44781731
60060689
60782992
70371164
77500018
76782160
29481545
29724800
74090479
77279834
61612291
60060088
41838091
29739408
70025625
30407729
46227405
46093651
45940167
30676799
29699947
74604260
30647780
42341327
30423725
74392260
41527915
72103773
46091316
76781987
72241852
29444544
05320094
61047811
30571611
71817064
09792524
09831150
30820616
44721181
73375755
07517551
30963917
41640238
29653834
79441407
30832287
48717477
76546932
42274452
42578490
29410082
44756048
75777357
40366585
04326325
30651063
41468353
30647307
75625206
70523234
30840489
73363474
42071981
73372760
72268454
30822759
76746137
43743908
42720300
30766130
72907316
62144386
30943319
41765514
44366048
77094504
47534269
70547306
29436224
47968695
75748413
08865606
44839814
72742545
30842317
30560163
70321367
30584695
43654351
29655966
80265605
73020280
74047972
30763139
75151304
30578088
40705637
40625302
29537463
29553293
29641651
45825119
47486033
40577287
24878494
44664508
29279073
48119389
71496014
45326738
45575882
41406358
29669654
71822283
48909043
72977569
30642232
29481478
44438584
46406091
45414397
30950168
45710213
02168885
80526154
43754647
62257957
02172671
76721872
30659392
70845329
72627173
29701511
29268109
60794805
29705680
80624845
43862207
29600977
76471601
72633552
43446328
76666180
29286175
72286484
48560463
40760194
62281689
76591589
29246122
76665931
45928697
40128796
72322472
78459210
61257992
43918896
29713746
71977814
60967700
42090807
29556184
41194348
71525917
72237595
73209445
71033880
45265741
72292595
73055959
45504486
71595759
29581045
72286568
29734576
73317481
61039314
75739778
45968564
29638997
75238585
29612687
45742206
46131593
75148606
73476416
46411171
30584717
75246268
29394258
80385372
29729343
30584465
75423727
30675215
77029424
29715814
72648947
72000904
41995787
45159861
46635724
40129528
76589273
72518937
75272416
72306480
74043397
75826734
29619844
76643224
46296434
47082620
29681079
41588179
76018960
40005283
30675288
60864459
46314020
71404303
29437334
73686234
77700693
61136329
61558849
30863038
77799159
29722046
46929431
72309631
71269944
30940232
29617182
72244622
42511609
74063610
29487254
41059870
40176383
76210766
61218777
77160166
46426389
42332081
44931584
75901881
30495617
80507640
42475839
77339965
74075848
30481801
61217866
72047943
42077131
73348128
09170238
71432324
72606563
72950632
75777777
01324998
43905448
72284306
45000059
09518044
45738964
70035701
40676650
76264227
73101009
30954722
60358606
46258967
60061707
72240496
47843461
44164713
29590896
70355409
29579368
75974038
43301470
10283534
47028089
74175914
40631101
29547197
44096597
46951395
44431007
71816764
73879345
75140712
76864277
70463873
44616737
30482095
29530720
73346576
76431812
41684400
48897309
30669791
60050417
29589106
30504132
72636286
42792049
29665957
29645692
30481133
72286448
41273781
71485245
72278180
43983755
46026575
30494096
44375931
40452072
46108044
60062004
71812953
29376196
72165869
72950834
48526074
45968590
70581426
76012650
29670231
76074720
71844155
29388688
29460316
42906273
75534121
47510034
41785650
42848157
40098009
43180024
48567797
44254844
40213004
60058937
30843940
47784115
74241422
70937876
75150686
76869009
40641848
70132127
10610098
70664396
71060747
43148976
45073437
73514243
75434466
45793321
75150992
73877992
74229564
71028016
73348132
45771849
46817204
60206847
76828376
72117329
30430340
43301454
77065196
73344659
09649366
74892822
00517446
60503098
61120212
72717920
60300062
71531989
46921883
74319684
43318283
46539565
73741268
29231395
71318105
71559661
40873982
70553157
41400672
45602541
74942558
70520556
44906923
78197764
44100471
43598439
46572822
71958944
72370941
40547924
30503652
72702213
40428926
30484811
30578320
30574334
72291404
72118483
44591203
30418321
77434270
71841544
72019746
60628233
40222736
71823764
40958818
77528909
45929592
41069249
76167950
40801755
30420444
30506993
70610390
70667014
60249621
29473011
72198256
72370915
47967625
73344677
48119395
47576425
41972555
30500509
30578599
24584243
72360178
43624402
70355391
76132750
45576964
29352015
30498914
40355788
30941517
29351956
29622557
29470339
43141155
75955833
76614169
61136269
30483097
30491801
44428372
45527871
09706991
76631287
70482511
42497562
22312917
72790159
75813530
70547405
72378589
47298580
29472925
70760573
41942449
30573840
47864800
60061437
29352022
42114068
77922558
46518323
46396593
74848445
47899784
24990678
40161682
74446452
10143710
74485395
42805183
46636901
45960233
72280519
30481267
72286694
30950602
44701232
47185755
71026274
72117560
41834617
73959685
73429190
71394371
48263531
72226001
72198224
72321930
72302114
30586408
29469150
48374421
30491744
30578564
73618562
41521252
73770634
73347303
80280777
44830318
30503996
40160927
29327583
46794813
29470181
10526804
43152675
25187955
30407603
73488693
72758184
41727378
76782137
29723660
72430347
47302076
76733735
29622296
40478890
29700131
60059908
76600148
29425452
40399126
42661029
29299399
61039110
29447473
29311665
40343315
10641541
62312393
70684198
30498806
29201274
43575079
29539220
75282342
72198227
60233701
10631513
29693098
76934716
40468773
72264451
30507106
71326055
71266651
44524528
43154802
29422369
74441405
22082513
70745139
77157908
29483084
41514066
72235115
71725886
60233657
29658285
46223214
71346960
43821459
40146845
42375990
72119021
72018288
30426299
71837178
29352512
29274893
77669267
60783834
70376877
60937305
42375177
44930417
29424930
29419188
71329313
70463606
71287676
72186352
75676967
44742129
46436619
42695386
45539327
71696253
76323219
29700119
47144787
70520387
73003249
42175033
76597072
30863433
43401832
73668356
30489582
72422640
29532031
48941130
45121813
45087476
72370902
75439231
72117547
04438558
30494383
71268135
76585357
72270312
30507034
30833973
45674780
29567856
72244421
72304486
60061934
29730761
41203573
76361962
76510498
60061225
73214574
74608484
40572143
71984533
71275426
44430974
70162708
72301959
30415529
71268036
45145213
72240447
40118621
09430674
71828685
72636845
29227867
30413087
75423792
29365192
40499976
47394829
06814467
74557329
29215841
29718410
43602335
30675736
43108871
46515420
71854116
71854111
72814127
29345536
41519374
77421094
29526566
71345519
43069181
29483161
72235103
30571504
60793916
42075242
30408001
75063387
42783015
29555454
41596536
72895461
72086509
29704039
41755769
76875188
77235472
75609724
29724131
42961092
29409411
29711781
29643778
29723866
29568054
70472228
43616564
71322406
71285949
74470620
73964443
74801073
29367039
71424577
72255163
71454258
29332380
76452712
29667985
45107265
45463773
42530035
42275476
76614219
29711348
70783609
75875997
00517921
75867459
30962247
29390659
42947147
30655301
46705955
41657803
41218399
72285713
74320284
75980948
29431132
71522729
42104851
29553486
71430950
30863696
30589298
47902858
29699398
40020632
73175575
44564732
74046703
73247521
42477039
75518317
06290700
40489980
43007572
30863695
72533302
75057738
75909364
76033359
72422607
42030968
71900892
75439225
72322450
75573457
71398274
30424911
72088502
40280510
29468529
42582713
45482864
29408786
45265214
74942230
29589372
74762623
29295222
41110285
76323669
72163299
46549768
29340102
47109370
30848731
44634042
40153437
75764619
75924468
76838284
46770433
71692019
43208491
45102075
40889310
71862140
08690130
75927963
71313633
41544446
29572577
70025772
72417221
73275976
70520405
80266495
45060659
01700473
70493283
70519899
40272847
72291549
44895933
42475842
72165951
30824624
71237403
02296393
75493029
73372528
30776744
71697213
41540335
72612876
48856757
22180795
42262829
29725451
30836622
72249785
73001319
47152608
75335592
70618201
60167625
70851390
80214590
45110018
04648307
30413944
71011172
44104502
15358552
75136408
73759212
40247476
29418498
30833433
77022581
29466930
40111097
77047963
29420999
42913771
30847521
44801613
71496477
29687844
29416353
60058920
75079930
30846637
30489642
29370573
29655698
73972581
42158776
73388251
30824327
70122234
29305729
44392809
72286551
30841816
76637305
46060535
22082777
41786284
28854616
40940297
73881718
71636905
71761354
42037125
73985978
28846204
72038253
43535349
28969944
10622928
40139838
46240991
77178675
28825148
40634239
46620318
71550010
46270378
44823922
72043516
21562791
70466031
40805799
60316466
70261370
70878658
73960807
44125072
74083305
48076286
29082113
70424098
15436104
77230690
76542963
70338307
81252221
43610724
70609472
71120050
73960822
71445142
44491475
71941225
42562952
74380884
72408199
77228201
70021020
70243521
43500018
08753426
09745054
41106163
21554302
70476617
46842153
08383801
71311612
28971300
70191707
73980898
06973798
77438696
76017903
07009781
71748403
08414127
45375702
28815859
42719344
41813048
41099069
40684594
76418510
72096918
80563308
44704631
43967238
73515873
76464090
60044588
71635228
74930874
28210630
09337643
74136453
42101580
75890326
74930985
41965055
70206276
40771693
28288196
74529804
73060559
28297953
42302568
70783959
61671944
45344825
70408000
28308372
74448219
45487667
72038250
29167731
42630494
70933994
74816039
44999626
71543163
21565911
74349002
70891930
40934033
70522002
70269152
70152244
70443067
48046968
70861225
40353707
43429861
73899141
47512021
70383435
70562857
41000203
08286761
60050382
47319838
71767741
75158861
28823151
40765064
48272244
09696219
73997073
71938394
71416452
45084128
44511293
70395613
45355831
71960376
46454600
60045700
47896742
10111199
80033366
21879461
70151320
71326398
76765813
43551872
10663732
23697624
70083389
71771827
21539864
47505013
70806307
71647496
70783246
74170370
45135049
70786362
46313471
22097521
71445163
71445054
70110340
70789290
70845429
71631321
71334226
28812935
45074242
74874073
41618314
80148981
45224792
46113595
28296821
10014499
42747257
28835684
71991504
28315202
47045193
71751993
41798254
60145395
75916444
43808060
10649867
28579467
40755791
74353445
44533138
41103770
70783965
45093005
70872461
70383476
15430994
42504423
60151664
73884018
44516960
74456850
28843882
74649226
60047923
28312777
73899079
40540677
45322551
70790660
48646847
28808958
45102849
47050543
70386502
70374616
29168487
06136774
70334642
71740058
41117903
00114966
71333269
73971917
28300097
71786347
71786070
70801702
74594427
28301944
73997068
74048987
70687760
43722165
73516514
47418606
28815901
74939474
41283380
70864901
71651909
45643428
28814447
70685489
60380149
70304632
10403399
70577019
41825045
70179943
28484946
43276406
73996428
73906965
70486382
77704854
20052289
10258282
43530875
10324894
40241660
09008839
60152463
43394190
43766410
62329672
74149405
28215196
44215271
42352223
28579381
71456393
73649087
70870433
41250532
46205079
70241822
10132419
60196361
77321035
47292396
71550062
28302880
71953063
70175548
30431627
46244197
22496040
40039839
70794844
43630407
70067658
10706722
46438523
42918139
75026096
71110443
72096939
70252274
09889673
42641065
72011459
40678595
70811851
08433045
70816150
28998050
74139912
28303020
77061525
28272942
43688018
28300074
75887996
77212989
70833848
75416616
73124808
73997091
70083345
71347045
72151094
77048419
45694796
71440487
74021666
44017333
70786339
28978470
41878038
21559132
46006521
70333922
45080692
71383674
28815900
73028063
71692209
45005155
42887810
44276835
63176821
28576358
42876760
72552865
42042850
72027214
70499513
71935029
42487405
28850938
75026092
29160631
45101806
22075703
09491372
41472866
70255394
42212942
28296101
70571521
80296504
47015582
71922852
71623440
60050002
72097991
71442559
70934006
41170850
70410802
44815768
40076662
28303845
29106672
70653912
44583406
80034065
75982713
74025652
09454411
47651933
70485601
44146400
72158526
28706151
43019351
72167268
40703044
48426893
60922736
73053547
28302602
70844943
60049750
72125160
40012542
71626607
28579115
41132522
09368770
71938403
45764048
70067693
75918869
44630641
41705062
74404851
71537708
75106715
43322981
40837734
70172338
45455659
29087621
28569982
70416539
70587906
43173459
71552363
72161692
71547154
48417227
46902683
72144551
07476926
74358468
43336439
43332251
70406943
73765803
80130163
44843093
71495400
74403925
71588607
71540719
40327005
42206076
42874903
45509284
70793007
46800681
60045029
45091418
75490156
70603060
80138086
10083244
41946851
46957107
28604840
44964302
77222944
45983356
47468433
71332705
71772003
60044966
43606256
72438785
70179856
29108369
43341637
28300483
73949630
72237954
76672999
40239415
29091113
60045315
44048952
28292083
71350166
43091561
70856827
47199539
44834659
29091308
40914062
41514073
73874504
71543491
46119342
60308463
74492233
45308309
29105710
70856824
70657540
44854938
28572545
71495369
80175021
60199372
74210593
29082490
10752492
72736418
71998721
09769747
41009793
70979857
28475091
28277179
71990703
71537707
44046049
43153156
76859528
08918314
28234814
47791712
74553645
47770439
60741437
29098865
71421018
71988534
43371125
07004010
40017090
73004530
28305531
47791779
74398687
44526971
43160305
28314683
73938923
44442972
74347432
60049801
42683817
22080402
28300587
70212040
70654610
29102257
48262384
70847461
46137380
28818532
46024906
70324146
71944095
70123642
70197884
10181454
29168031
70248318
09242319
73947806
08790792
25811838
47319489
41293611
42862353
40566329
70240914
40264658
42474713
46116078
43751529
73413978
43534874
71537701
40357484
71779613
77385855
45356742
28317676
72655908
43190901
70154185
71800468
74127962
28600563
40889363
45367921
71392762
41931583
70266749
40977798
31144103
70212601
28716392
71488096
73825833
75705154
41183116
71240281
44463623
70576908
70238668
46254701
43738166
21534253
71794353
28447340
73776939
70586096
71856558
60458696
76882314
72095225
44693935
71954944
70815859
28454756
71953054
28809954
70227407
60049615
80126804
44139663
70602477
74167049
72161683
45762060
74558122
40516726
41181333
28249566
74129952
46750739
22098552
42328770
71641835
72109597
07761140
21551789
48574023
70300978
41897083
70098997
70503654
47998624
45852455
71062618
70197846
28303449
74039930
71488056
70452308
73751903
28716030
48266011
71018324
29168695
44341529
43770077
72156752
44209205
70522072
42744336
70690768
28974925
70371077
70424021
73111536
70914705
28834508
42413161
70243478
80652331
28475647
40361961
45816936
28296023
42824254
72195965
43223347
70850625
41317992
70221028
09389424
28236025
29089230
73947882
71949719
70606893
71488091
42662310
29168416
28850209
80099863
48243229
70934007
46297786
71696912
30486195
72096917
73437370
09709660
72414504
71842816
74377465
75143053
28818671
15734549
23697647
42196881
40300617
73434264
74316374
71078513
60049277
70783240
73310090
71916180
10881315
28841355
40046701
28993192
77133547
28265256
41699631
70050449
70419461
77211243
72017870
46245430
70207659
73424612
71547136
42514854
40017946
70522096
46418187
70680937
80092890
70251958
28700748
80512686
28825164
76976472
72371113
43023657
43719905
70243632
41995170
70099136
47330301
45609206
42015634
60148195
70422931
41995184
70543341
28838992
70871742
70558348
75582844
10484665
70247731
74481711
10461837
40963669
10033116
60513378
60050571
62131051
70772957
40181178
71293897
44486774
40748321
72100648
74482819
21556629
70420227
28821838
72011478
06194699
71246591
28315505
40414849
70511248
72093583
46721315
44740551
72025297
74082792
28298021
70112613
09124809
47886140
71070819
76866463
44221620
80632653
71800811
70191690
70454848
70386496
70205571
70317802
73644310
70191744
70260862
42241126
70101131
70691030
76008160
60510331
47627998
71742745
71791057
28963704
74691304
71288217
73801942
41779806
41132030
48427028
72392562
70785644
42211627
44233829
41425451
28988202
70873085
70872514
71794016
70865902
44405830
42433400
41860958
71944410
29107243
70676984
45576151
70207661
08384230
43748952
43767383
46328761
70093477
46734042
71761322
73801944
73414001
70686927
41678581
29109216
71537704
46608163
70872601
70872418
41479969
41007742
71764835
60274284
15432142
28445411
71751243
40471676
28288735
44231898
24695862
28843792
71641926
61710589
40090172
71543310
70213823
71068040
71200858
70083340
74829438
42586488
07221676
45684126
28811529
70783962
07253586
28243735
73057250
28602203
46086924
70799719
76730498
73956389
77074932
71783522
75555885
47558656
70586348
09117521
44407201
41283321
42998558
43200606
70196000
21544578
10084516
74030504
72358925
07684052
73933844
42566742
28604658
70154551
70304643
28274046
76634234
70275627
70419453
28300976
71534700
70454389
73992097
70194209
70102499
73567731
22103352
28314565
74382849
09351378
44995895
70412252
28481612
70371715
72780411
70120847
28291185
42053096
43374112
70454196
73868041
40466366
28307911
44814597
42636487
08343754
42299363
71201413
40386162
71991500
70190541
73458522
70408449
47266789
70497356
71330354
47614313
71945968
28603228
45825128
70410826
71298742
45429939
29087016
63371054
46811056
42387684
44521225
76697840
77671437
28596618
20522766
42752691
45614420
28981541
29088358
21460842
28456622
71557641
43737320
43201108
71941260
70426835
72120919
45936255
44459969
41257085
74974153
47765065
71413488
60741482
75472501
42135682
70108638
44269595
41172381
42910013
42410376
43567522
29103722
70811062
28708348
73273538
75434326
70611166
28831315
71422901
45744129
74484148
71059577
71989752
48049116
70819997
70654606
44209512
70340233
28267221
28480349
28848979
46777526
70214701
71438989
10594908
70236325
10328500
80126923
44355994
28832863
28596007
70093130
77911555
41508042
41618949
44548090
70252268
74347451
71416318
70419403
41706893
80508256
70790631
73701906
70437579
80144857
28317309
41092918
42383403
28485268
70914731
29082441
45107037
43875294
71374520
71297090
70150467
70185434
46581540
71331417
09767877
70687655
74930776
28447269
70083050
70845380
46985541
71640173
70350719
43184451
15370081
43317245
41151900
40474787
41762660
77100803
71286393
44446043
71750620
44720464
46865469
78005755
46684491
40494273
42486221
43605234
45354049
42991037
46642738
70822424
43630334
76270554
28803699
71787168
41698250
70663935
10642422
43348552
70660682
70688355
22103601
29104947
41349684
46011032
28977970
73230878
43697944
73766094
70115687
71739269
74375512
70426097
71780328
41519763
71767761
60813806
41164393
42350128
22097611
28274197
41770064
71416661
40395364
70818850
71015906
74543280
76069923
60049878
48337303
71065918
71944188
10364057
42780761
76738623
71340181
73420271
43838436
45255589
80169161
70998040
42338190
28202571
28447864
70190905
29098889
71040632
40572387
45926486
70193944
22181563
78108588
10469228
28303923
46672717
40812048
70083339
70684848
45100747
21535067
10505986
28274920
70673212
71518008
44821862
75831131
42350478
71493577
28287191
21523307
77048546
60049568
21536203
43833503
44963241
43641742
74174979
28229326
80035185
74176102
71291789
42080432
77165220
71800665
44100834
44527820
77168318
28822963
45460448
43703928
71933293
40709056
28716119
71210387
42851301
47790384
74481696
70655752
75700669
72789248
71758724
74050042
46281135
44863451
71630996
70434400
70347006
48239621
71290397
70357275
70392912
28271706
70110634
47390969
28247488
41825380
40799033
43848511
71040700
42455506
70108604
25768277
71999234
47888126
70089526
70788870
40065392
71263387
41415367
40300621
28225456
10714033
76415058
71290331
41374019
43990389
71442448
28464909
22248700
60695430
45421418
70566709
70574617
28706758
42088959
70002470
71420900
43837830
46129030
10021752
44406779
75308701
09366534
46475065
70002994
73608377
70426004
43192962
72756840
41846439
72761370
72778452
72414446
80070661
77658273
70416380
71211863
70573370
41299784
71628510
28247745
41317960
43839520
28459501
71015847
28276294
70224991
28288895
43720062
45456322
46609795
70453719
28473648
74347754
47188356
70603311
70209949
70931234
25795867
10293497
73391443
28474464
72004329
42139334
40160369
70523056
40696523
45376906
28273332
47618896
74036252
71269100
75941935
28590958
76556004
28209613
73250034
41733542
71954753
43316554
28205269
42799055
28251299
44403344
70848568
28447365
74967231
70212050
74314638
72100631
28296725
44037780
43380743
10675809
71493484
41733557
28462157
71110454
74662519
28706810
43064802
60602360
80169095
70680987
28596159
28313632
70391951
71832766
70218959
77707353
41699640
43444094
28313136
40270863
70767848
44756061
45174182
45625251
77027314
46279066
75285091
22067354
10680045
09460102
72552872
06801610
74941986
48624626
28577671
28851756
28298990
43125368
46338824
71384383
46096979
42436726
29109201
46508174
46857021
75655288
71063903
80093396
29160485
41530447
47720522
70812657
70244283
42749805
40889656
42059224
70781855
70783981
42021140
72011471
07487642
09778280
43760502
09358745
40073960
43610421
40772651
28824789
42308074
42940799
74211642
60045005
10649705
44498133
47683274
43339655
74239853
40106703
47133517
70197736
70759561
47426943
10630823
46152053
70002649
71331577
45089293
45800254
60045595
72655912
70892506
70895200
73830479
46863195
42271419
09885038
73057238
28575613
45487049
41888127
42124669
29091317
70688416
28312972
71847295
70089477
40572346
71944165
45346232
42678819
09084875
42255112
43397907
41020923
41301401
71421059
10527714
44843085
60044461
71990257
72242890
48724652
70229466
20720020
71496399
28321002
75739992
72102254
41253447
28305372
25008167
71944163
60050316
45063659
29082131
71413478
10526698
48352530
77504495
47732529
28998811
21463205
75818565
45143480
40190652
46128558
71749218
71543523
60044406
60335610
76721959
71328090
71557540
44306801
42074784
44843719
29089575
70304921
70793006
01299589
70998036
70748885
41525685
77671897
23666795
40267232
28571169
29109246
71647964
70545712
41762665
70237301
44516965
29102366
70815687
41965065
61943854
71779592
29096902
43400812
44337737
73877010
77205493
75702424
70419160
73859878
28282520
28312649
09834332
70221034
28285444
43533712
71286294
44645921
30501044
71409087
28965005
75620865
70152238
28299374
28473886
42538791
21471436
42771547
29086921
44985878
21512613
70796055
47766075
76944138
44842178
71409528
40224051
28811384
75165981
74573482
28302201
28829762
45201546
29094533
80108437
42227949
28851196
60240040
70243297
76756395
74543276
44614260
28971223
73900055
43263314
70119319
44963875
60148036
70433857
62191060
15410047
28301317
73973852
71132072
40370281
80433212
28713348
71013756
71470347
28485241
47971270
77480373
60264518
74722450
71289490
46871995
44546664
21564626
72007749
44525332
60297436
71628045
44902499
60049700
60050006
21558962
28841745
73980104
28226930
28486474
70806257
76957743
42999032
70236384
70784924
71416590
46767761
40859406
73973856
70759553
42695456
28977711
74169873
10020109
44400288
74439979
75062443
71465169
44836664
77419980
71327971
29101494
29101445
71062562
70188867
40962873
79231705
73786212
71538541
72005350
80499871
09838735
46818823
46183659
75001864
45175839
71132051
73271217
74050605
70887811
46514553
29081940
74482822
40742506
46256737
28812868
44084696
43338582
70187826
48042267
70159584
40248680
41082291
40072422
70209244
41705221
70222438
40768949
71656870
28977600
60195017
77034862
28809915
73481632
29084630
61659352
70236390
43425324
71445290
71547110
71537681
71445007
28605319
71767613
43658699
76388465
46548026
72390835
70392857
28254855
70807806
70755258
70910043
42686817
70222557
71579397
80093385
71040607
70852719
74930988
31130605
22266924
21577665
74356743
70867578
41111810
80466528
71064707
71961408
80126839
45339592
02859304
70809386
28578669
71293849
71450700
71798145
62260702
43554167
70822189
44178365
28287772
70408534
71334261
42768115
74058844
41594530
62109920
74496168
44476200
44308672
48720570
70020975
43956427
08411594
71847280
46367511
80087084
74815832
46038038
47755955
72401443
70586081
72257291
40748798
10054454
80014915
78019146
28965371
77704456
45694804
70852874
43719807
28579374
70128668
10248790
70153005
28306459
32046176
48682580
42902937
70794836
71416259
28288530
28267971
73881415
22100931
75970657
23014139
28300119
77323694
48775307
76791639
71537377
78203406
28284868
28839035
72273695
47477054
28962205
70217797
28999005
70910554
41153374
40434435
71531763
45210067
28301668
43673037
73414640
42883554
74684939
08823877
46999340
46181356
46901822
29168546
70858571
70211179
10487823
75604352
70371775
70574016
80326947
71326852
80175388
22077729
28298045
28241380
31188392
70662900
76022150
70332978
60049430
70522071
28473023
06785144
73853370
44618954
07505852
71791126
62245225
73801934
45478516
71063896
43523693
71417502
71998722
28250680
70766044
73756439
71910049
70421809
41405053
70132348
10444076
70186983
09707153
40337104
71442605
73027485
60498625
70917354
73197297
21550983
74988619
70108375
10696066
28482035
45882182
43855639
76958993
43085859
42148554
60049800
46358981
28313353
47428154
73421574
29082059
29100801
44174986
60466510
80017866
44645883
41976183
71564356
45376905
44420551
44858422
10368977
70244050
70231866
73996436
40423641
73601019
72748142
42577430
28605534
73815055
70812687
28231947
45216701
80580186
60997746
71076362
48069821
76546279
40267233
77333849
21572524
74462711
28212388
28586476
70242995
28485255
70681200
71288189
71453715
70888444
09588123
70586139
42148561
47517705
72043086
22077232
71131578
70002429
60043980
74825901
28837371
07903507
73308682
60207528
42225371
80420605
70558949
73971940
70663936
42686869
43913018
22081930
28308138
44146541
40076618
40047370
70103575
45689223
47410403
25755942
71644256
41777428
72239552
73884139
61296738
10630983
43402192
73336677
43722583
75707252
28843785
40592229
10812668
42235408
41076752
70224152
76542945
71787161
43599543
71903551
28254572
71289183
21480661
28981135
43360336
09259360
60228386
71540711
28584728
60459705
43451251
43378666
46951457
71488057
28602737
71934949
71990713
71953061
40739706
43983692
45847967
70244224
41475937
44463163
21548922
71288971
44321631
71786643
44151107
70422911
73016613
71586130
07874607
48223051
71797673
73453607
30489494
28993008
46011939
43720083
46995916
70422919
75168595
72097960
10801276
70182893
45005167
70419360
71990695
70197849
70151964
42029193
28833917
43524130
71035175
70848747
70807082
70472601
06663946
73960819
28978261
28998608
08022400
02434976
70767397
70852848
09415369
28850131
76657243
71439078
76959581
71647460
43680491
43190919
46230651
75697534
28806335
40299930
75003427
76729912
28851769
71647478
28855831
71626596
77914079
71758769
71742809
28582316
71781153
71781150
40720756
71288167
10620480
22090977
42879952
70845483
61710602
71701998
28482002
44084243
70240945
40879767
71798190
41172477
71035239
48619308
28219460
45283809
74349651
71905108
71647959
09704299
28997630
73881725
70785562
28482004
73700487
08502740
44530017
73494006
28998052
41057500
74860135
71271752
72954845
46631466
73271298
71562432
60050459
28998431
28302814
70420294
77542027
41762629
62193179
41258255
73010020
70191713
20114711
70521954
09069990
09115435
77492656
43550206
09890497
70243614
71040684
28998237
28311948
00411726
73576392
28310530
44305031
09287760
60044755
46511628
61033089
28998806
46175343
71579429
75692648
70414645
47750044
70152913
43114084
28969891
73997066
78545738
71438985
60305370
71013769
28996923
72117080
70390685
71453627
42569977
80028827
71495463
08163624
43983714
70909479
28275135
43185309
10515917
70260856
60049929
60960701
78718642
72448566
43034319
43990345
45270537
44853196
44316548
43967285
46198430
70350764
76459688
28997844
48845229
70758332
70192462
47143206
44775298
09723350
75972933
28997720
28309426
70503634
09620234
71401365
77465715
71640233
40341629
28305490
28292033
70845461
76961793
41584897
42686822
10335707
72736420
72096660
09092726
07627260
71592387
10034618
41909249
74134334
28264710
44183694
28838923
28239206
80121973
71209166
42021136
71209217
40808035
47297870
63348012
44098683
28296273
43728889
28283772
28967090
76804409
42871261
45518007
76751220
41434908
71299675
45554017
28272157
80092926
70455316
43280321
70153059
28289408
44514297
76921016
41162791
29658317
77162513
73934134
74437324
70576984
45517753
48208996
48561684
46779611
28298186
28701311
70929341
28272244
46499906
06577931
42412682
28229162
70861306
70160373
75840930
45001175
72009600
71386446
46316167
43220258
77126385
70388153
44447449
28452622
10399769
71783358
28241746
28603283
73943205
77070993
40947609
70230148
70151274
28706196
28597144
45583273
80060025
78970698
42340503
60547729
72411761
74325329
70861228
71745308
40507156
41332013
42461908
41253312
28284253
70283590
46898482
40395367
28701864
28265116
07648108
28599970
74852249
70809425
44481209
74125796
44146520
28285021
71063346
41765655
48940160
71200850
48938048
71290379
28445184
71749068
77136377
73907737
10061523
28602195
70856614
46428935
46098156
74478411
71290240
28712966
63404577
46037290
80002685
75165647
48027311
70154118
45320945
72002701
70691022
70232619
70788849
72736430
70038271
70154688
45080216
42789435
43399831
71958234
70386829
48539620
43651038
70762569
28295196
46959895
70371673
73271255
42737436
41403621
77707757
28596173
08109485
72624644
45430580
42329606
43362307
70239284
72420057
72427265
62080365
74133813
28720883
70906801
28447741
41281517
70578739
44171599
41972681
28596337
80122051
74031611
73210090
71023836
28452555
48180801
71771601
74347579
28208311
80037412
41114375
74385371
28686404
41411630
46362754
71567828
77237121
43967230
70152163
28244763
42057968
28271002
28287910
07322173
71444998
71438878
42651966
77704063
70187805
40255507
74904995
70706641
74684951
71813898
60479899
28472892
71742495
61025555
71748964
46024601
80108435
40422538
28225775
70000256
28243438
31471063
28585452
07465419
70910307
70872609
42947245
23535479
20108819
71816012
80864064
71798159
60243117
40770488
77074793
71699716
73770663
70763478
29098597
28452932
29102004
70483590
70195924
45911673
29108199
70153080
60050256
28994474
28480230
43371131
44163561
70824355
70305580
09065354
77498112
40242373
46581618
70234605
71999283
71990676
30507036
29084485
29096812
29081834
43206012
28834539
28850692
45175859
74163069
75944051
10517673
60075869
46550931
70243149
71199767
74058132
47910444
70150447
71445146
47974314
46044096
60148304
45156900
77135275
70770100
73830273
71470473
71786057
42893544
28579398
74168531
42302328
70139570
45077710
60513362
43026854
74636572
44612674
71062592
63333953
28313124
28246670
43279740
72967451
42028800
74347449
10094094
20981834
46780703
29092973
44167644
70199220
40525870
47314551
80393356
73458139
21825046
25794391
74492226
77162517
70846009
41027609
76721956
46169373
06848333
73781532
70804007
71495350
43037897
71786048
41723223
71916197
71623467
73859623
46061618
71998732
72025019
70690492
45650224
21570432
42297945
71411950
22080387
77793558
43534877
71995309
43779401
45517577
72231484
70128492
73990570
71889535
43034320
71132097
09686276
70187762
41867932
42996364
47606880
70822359
70979882
44819303
70486153
71036663
46629666
72073104
43455608
09700995
44713445
28806731
43777317
45889122
71289108
70154647
80055453
74559047
28594480
41680951
77239069
60466505
73415448
42461600
71988510
47260837
42147812
48022563
71204688
80182662
45753876
29081832
73897820
74210151
71423002
70244023
70869063
28461909
71110518
75872020
40803833
60043819
78290704
70236386
28576119
29116076
28998204
08382485
71294332
71529492
42426794
47644186
46659816
75955050
75776725
10180367
45186527
62156239
80625644
29094472
47289473
60044950
71537694
28255160
46723038
07712518
70251957
41706189
46291319
71059573
44719545
70900520
60695365
41318930
28482601
28835036
70187824
60148809
60049267
47172321
15427843
28837567
40049173
28977349
71557177
45457948
08395671
60264622
42071403
70802487
43894904
41222285
74051667
70802444
71783572
45127215
28288989
47769005
44168345
73987122
72416456
21000181
29100975
19991208
71557318
28274456
47691450
71207287
76845928
45896009
42332561
43874982
70783288
42576873
42796233
10583244
28294261
60148835
46449193
76804208
70114532
44238945
72383665
72494149
42733352
71419663
28283857
71473193
28851993
28706194
76751361
10660873
70946924
28297604
45724595
28998626
41225087
75656200
43179504
71334206
40064374
71908022
44747237
70222423
22075925
74482339
73038149
70128673
42725905
71758702
70292766
28579394
47159034
46350933
40575455
71211267
41758628
76905238
70390584
42843996
60151713
70772944
71290239
28594493
21578244
74168113
71286117
77300041
76510023
07307569
28241607
10355899
45360630
28303130
10013725
28295905
21441424
28210558
45108831
71647978
80307358
60220377
46204447
45686140
09330986
43858983
46044835
70255428
70110920
22191968
28594519
46925427
28304833
41933984
08462113
71954933
29090042
43836287
44691314
47508579
28844951
40366812
42982839
71916143
71749140
44483328
28709730
41510193
60305895
72027361
44490050
43486272
72773669
42024334
43659510
43283660
71289225
71328012
43750492
22092675
45924361
29094544
29081703
45985873
43873483
70437981
45035265
70204511
70510192
71059588
71332818
71332838
75586705
44271441
46955596
29082214
47218102
28310581
74873995
71754600
74551432
76987326
43685480
42075304
41733038
71791052
28849270
78717302
74558116
74020239
47624211
21412415
41000351
74825325
44579550
71656983
71301008
09418294
60850821
71496395
45727760
42859466
73273778
76134876
45517434
28283194
28247474
45425171
46864648
71544604
71779861
71810586
47482231
44808363
71132136
30497731
23701261
77353174
60043674
44772696
70217813
71525548
21524689
45509027
70688421
62119456
73636823
63134882
42831719
71907990
43598994
71800679
80603588
71933369
28561645
42310374
28453617
70304929
29098507
47532801
42250545
41878032
10675683
73002472
80261940
46255494
80012586
46024698
80191109
71623464
71640188
29116062
43311114
71598628
70611043
76043814
71800761
70205725
74151629
60247486
71529498
28596490
48343665
60522624
28218124
10097013
72402110
70150502
43925436
70665962
44692700
70203489
61199764
45270994
72451213
73208133
70210861
45874395
78115728
47165620
71647497
70250067
80010259
71327991
77904334
47929301
29089278
70611049
42110945
72787267
42444506
74556956
06673648
42603323
28821131
70129810
70475558
45108969
60352184
28988315
28976197
45865911
71473175
43239652
28596999
71011263
40900930
73465536
41801384
28993214
76740316
28290350
70819674
75991426
70067673
43332619
75209133
43598356
40823521
42639568
78011284
46986470
71084272
71474165
70249584
71209507
78376407
28836988
70351430
41914177
40127088
41772404
41878017
40813458
43311095
45016272
28809860
47164328
71070820
41406024
41531387
71207276
75767566
28315755
43827514
28580154
23382335
71518899
40461704
77712165
28201343
10648813
71803747
08412742
60316455
70755229
77712152
70796526
75616216
41898398
10189221
71017591
77904087
71999295
42409703
44698106
70758331
42054106
28821152
71641834
28960082
70521275
70193877
76730378
45867816
70243181
46111022
42037656
70202523
10647534
70522029
48048446
28254781
70252798
77703519
70820657
10057086
10630285
71572099
70220918
43767380
70243182
22100412
44914445
44009834
70077452
43151611
71742800
43192900
45505947
72662518
28473038
75936580
70568581
71495412
20115683
71948618
06285776
71291771
40419381
70423127
77228824
71299005
42673740
71251879
28582565
71631002
45558741
70431138
44985882
29096964
71692198
74553523
70846066
73505231
70213352
70214661
43480380
70545124
41490609
42372958
20082611
73949699
70770466
10026455
71073981
43151552
44706677
70315075
74149381
09057673
44265750
29087609
70657493
42479741
46404814
72027285
47706961
77025071
40211079
70181081
78199504
73344817
75080678
70110784
70150446
71380117
76837116
46020451
45151272
45713237
70653901
60049408
28590932
70244211
42720281
41434659
76413100
71442564
73470375
70240903
70153073
70854808
28576403
23641725
47330407
71411821
62120344
70687639
70576901
08679249
75882557
70514802
40101754
09793526
08490857
48711916
10803653
70191699
70558341
41733564
42533768
28250946
44130512
40283445
43649141
70223364
28474387
71931093
40974447
44241501
46521720
28227496
42334929
42630208
73342590
21564327
80415322
28845407
44717055
47144939
70195944
46217646
70872750
77219530
77288627
07050455
43964147
70108366
42323066
60151368
40889660
73949449
70536797
76413073
70455497
71288994
80293554
28271062
70204491
09592244
41063488
76735095
77478521
72102596
70811847
41170841
71290442
70806332
71495578
47929786
43804096
71468468
77024697
60044494
76670012
71916166
71429534
41151856
28851021
40137607
40835940
60451731
21549826
28981463
62269282
76736388
70891920
42768118
41363877
06975205
74203118
42750650
71465172
42371428
42411945
10481715
45885430
07972147
42055917
70940125
76730079
41566362
07762284
41276266
73567746
60610358
80293272
46206825
43214845
28988322
48563577
47253670
71419644
40173361
72411776
23969771
77157592
41765681
70317782
42656163
28994748
70244227
76954652
42750651
74231853
46009781
70567912
44266608
45205843
71266740
09360059
73584714
41508024
80119907
40507492
71592397
70221054
73352936
76362617
71537690
61591408
75133536
74481631
08599226
41409855
44740548
43601548
74874252
73979648
70305784
40037462
73997096
74170045
75174275
71473109
40798571
42276713
44582546
71952803
46362819
70437972
45494402
76134877
44525331
07687210
60049518
60044731
80067992
45437122
60741740
76633910
70481367
70229378
28596201
70781853
10382656
70185462
21469584
41055358
60330151
43420190
41392904
70566895
28292727
70872464
08891038
70867562
71331585
47251229
71293999
44732820
72964795
28809318
75961743
73960827
74816016
41168680
43371136
45328354
70002168
29304671
42674514
70869086
71064718
08433058
74812760
61752587
74565783
73896714
70456105
70418055
77793042
77438524
28487925
74400625
28818786
72109632
76726395
75358397
70371085
41827433
76879999
41169975
28444656
22100122
28293710
46971084
76747033
80453963
46750880
43808070
43910686
41093311
40499088
70578734
70090621
74400482
43506733
40102495
70120804
10644921
42388302
71754533
40716802
70407981
76365371
42875441
10443960
19986965
48638891
71438811
72622663
71416714
42940534
74553614
70243267
28604365
74443542
45995253
71544463
45457895
72420053
75844042
44827223
70350746
71291228
07488844
71641952
71209118
28298899
28994457
42469038
44130502
43211335
40268981
70974487
60501957
70680980
29091309
28805638
28828085
41215376
28294464
46235759
70198956
70241948
30505951
28850525
28464339
70511209
77334352
70979859
40520391
73465604
42968203
70815760
25719592
29102558
71045686
43052205
10522748
41235465
21536681
42460817
71488048
60260949
70333664
46256584
80035158
60045658
70572129
72037258
45902226
71520068
70150552
43656548
70892507
10524937
77539935
45494727
42885255
28286740
48171856
28243528
22282094
41054398
41784623
70577978
28711187
70511189
60045518
28447361
41332101
28573624
75846497
76366058
70244072
71750962
44046045
48234194
70197793
41796767
71427019
60150313
74280551
70665147
29116755
80198205
73649091
41870369
44123857
44432532
77276612
71774355
60510330
73209753
71557660
40462247
73271296
46955772
74325588
70822396
60045008
44969938
29082962
44017340
47218100
77100783
74065152
70422722
28305242
74280560
71888974
76765614
28965166
71644271
44359621
70236378
47019207
43348550
28310527
71350193
43324355
28270091
09557863
45821325
46022878
70884462
47849826
70386853
40096657
73701903
28313151
28823136
71579383
70924118
70543333
74544624
44774930
71244509
74364851
43083012
71647954
71780152
71780884
28270042
72002421
70801693
28850418
42322974
73001001
70658119
46810305
72009659
40943380
70109788
28809865
75924809
71780201
71209490
46416345
43210599
41157811
28851326
74993065
40548669
48620884
73897220
28299123
28999603
28579523
80466405
44171332
45975261
70238665
74167085
28829141
75604219
10643921
71488316
71488118
70269143
42828019
62233658
61606947
73797240
60223719
22102093
77125194
08577223
70416370
41883266
71764894
75472492
80166939
70067652
28825240
43599517
28297340
28298141
71070785
70754802
71557627
71013932
76743710
28472861
41961938
47123151
43886414
42474718
72105105
28997819
47000350
28821346
47316911
73955550
70809360
70310140
70093353
73230403
09873395
71913873
70869236
42533312
28243149
42877989
70789551
40583172
44848332
43148624
08298429
42027916
21539599
70151352
71493685
71493756
62210574
71290594
44750789
70350734
70240523
10867334
28850988
42682802
45635325
70586329
28302190
28830156
40133552
73768526
74380707
28222299
70142194
41470538
73956374
40188267
10602932
72045835
70770891
75004063
70688572
70187827
28300932
42658598
42816393
75312352
73655225
42124112
28835336
28484968
70270277
74092063
09942044
42915886
70179836
48494078
76802617
42493176
41927657
71742378
40964792
45492815
43176490
70786302
10606877
60444986
60629980
75147880
74614593
28224593
71416569
19843984
45476079
46073157
48589930
26606101
27258551
71733964
47809019
26666040
27286003
26665167
77428154
07161180
73485357
72008450
60038291
26925243
47492191
74835347
46044180
70039278
27057271
27416313
26715239
74969963
41573847
47886945
71515487
71520658
71564243
75090360
41503797
71033702
70047679
75762766
71880215
47441151
44292886
75719474
27735046
43209700
44858906
74628736
26638203
71781693
27161082
27734319
71790246
28112486
74309004
17804833
27041796
41534476
41314557
46616600
76481067
26625336
61199593
73597930
27671175
33826967
71757760
41293698
75941317
27078414
27057679
73998650
27058184
76736901
26954472
44648131
71060678
75942845
60340234
27074622
47077223
72095795
26699250
43967737
27240346
71724295
76180430
40707963
75932849
75909062
41990433
73503533
75383523
03640503
44399427
72293754
27247096
70820695
42472524
72763336
70678883
26937953
27435453
46973145
26666826
27664921
71901395
70052802
71961053
71286981
26949785
42568900
44110402
71757184
71712347
40234581
46729505
73623435
27722881
71832334
42903368
60198590
75089774
27735805
60463835
71748574
27160462
71510807
42460898
45279257
41631625
26953125
61224918
16729951
48377577
60345369
72470459
26935961
80052600
71600064
42129951
45137392
27075568
41338656
43783454
27750407
45978812
77274816
47659595
73194235
27992625
27722549
75409460
76193830
41737069
47970099
26713333
27049878
71548035
42197402
26661882
60037900
71804777
26670374
27071072
71810742
26629661
48209941
00859745
26672850
27292542
27246754
27240661
75001431
27143193
43880925
72909142
71839820
77419317
27072870
26725059
46448672
48430255
27048372
71514358
71600335
26954806
76092627
70942969
42943310
73932581
42140744
48019891
77100579
76774610
27979721
73215045
48552111
26951861
71284598
75588098
27066865
26920187
10182893
26631846
73544788
75993096
75753023
40388121
40983183
43108131
47492161
72243273
27049128
27241980
72727323
60280954
60317787
74762403
77209797
40385572
43474964
75777533
27694721
73267885
26686413
27283055
75511695
46463190
46408189
75001436
26644250
74863643
47970133
43106836
48223392
47377807
26688981
27416980
40093448
46629679
26713167
42180975
26687900
48239248
71968201
47304618
46520702
41772030
44355421
72026710
44432545
73537927
44624672
26707169
73957367
76401232
43449469
62113915
71561014
71255872
26957388
26723180
44860696
27058102
26672590
44082481
73490014
75160405
46232733
74405277
27066773
44758305
42928799
27053786
76173927
40756424
74464616
47375570
40790225
48398549
72608229
74911192
43509624
74436162
73416960
73429938
43828369
74460871
70199455
27845009
71122892
73830906
73334119
46970324
75697350
70766090
75569273
27856826
42064768
75577411
72468832
43213358
61128852
27717892
71821799
42528740
75443840
45988057
71705798
47120374
71134160
74242188
44229019
46590408
41483240
71862403
47401843
41251558
27831194
27040669
73450382
44616855
73656855
27048009
27740606
27265650
76180431
72671947
75819612
77802985
48139644
47365712
44968578
47461005
03214011
73998770
41300702
45344149
71723221
43786686
74873800
71774162
27723249
60202630
41355484
48226033
48414774
27669936
71548464
72140664
75472370
75660465
48034192
03110538
80370382
09628062
43404733
71596555
76070124
27923191
72845083
45121421
40737274
75748483
42336869
75804764
71571102
71638594
72142256
74281007
27046216
72620601
44520929
47971457
75616515
60513055
27058238
45649945
43802528
76682465
73129257
27745710
40164720
43914464
44768722
76978642
61698515
44411603
47390807
70767063
46374736
73471188
76978271
75942774
09924788
70041629
48504610
43897614
44530501
71125189
46102495
27839731
80127172
09919951
61584401
74845592
27407157
71598308
75321844
61656672
27751430
27075163
27829231
75576162
70543380
48245804
46864387
27737965
71596577
75748495
47037443
73537876
45723981
63801751
45150578
75683217
42540564
43462457
27058383
76680692
28105565
43897620
45893969
41681623
70844969
60056596
48608471
41301450
78105784
42086750
28123220
27838820
75076060
75737569
47658443
42586908
72838198
47724762
10102054
72473166
41438714
27729852
26690824
26617234
26704590
27571619
19191949
72475588
71130850
42356063
45370413
80627262
60139078
75872733
44251129
60440600
70295805
72475582
73117796
73622832
42621507
73606151
74917069
47962407
43238247
72170119
26963335
41426609
75716210
27564403
48135604
27074969
47205813
76234717
71691146
27721931
41614640
71205723
75026355
71733986
42826314
26693481
44216343
46626585
77271487
73266935
75964444
47254344
43883606
73882765
71560503
75596326
27978769
71620388
75146639
71970082
46662348
74028730
47664943
77125363
46463551
45364172
26680137
76701636
26655718
75882599
41687351
41916447
71914799
45095045
48703353
71114896
70946186
71980242
28073802
71129898
47239698
46056334
40802184
27833246
40976973
73266940
71829361
71082896
71940944
48418780
44149887
43779465
43231072
46572313
73377900
72120351
41456882
70602637
71725007
27734767
40915935
27993424
43387410
48666307
45619329
48152647
27991478
45936859
45786265
44958086
46902822
72518505
75773542
27990514
48411577
70773764
43747361
76470218
71843206
48446279
70850329
72263293
48208812
76452147
71575670
72121343
43910888
76798399
71646962
41434800
27361619
26675620
43517000
75680482
44559794
44633695
72752417
45019921
40809180
74405172
71564782
27284475
44217192
42335215
76621375
71049414
71391460
47344986
27854893
73587539
41532655
16749824
27979003
43347982
60263173
40315478
27398138
42833375
43092210
60309669
45862094
71115113
43322120
27161971
71492178
72734716
73417241
71811654
71826226
74365844
27145193
73527221
41211249
74040545
18073977
26686294
71030406
73646228
45472550
76426546
74246630
42583826
43705159
44006567
46207031
48766713
61638917
60133487
80059506
73348763
44709593
48035561
42802908
71029384
45315582
43417666
71599984
41376600
42348784
73429363
27060651
26714411
71811519
40776296
71124742
27719237
72139780
45882314
46403169
46337188
74397266
41652226
74530794
27974410
40580336
27382225
44214448
74145761
48087222
74450747
71129813
27845267
75721697
71058113
71707287
73419339
74286672
41287016
73752519
76724283
45581688
71315323
45374164
80457783
73993046
40448612
47306698
71880893
71519813
40260644
72648461
27078188
70016982
72537430
47291295
27738398
47654198
71284536
45110265
48712281
41484932
80063416
77164059
71492168
75576524
44872887
40155641
70054088
25572553
48209938
72123742
42194283
75481697
77047828
43837305
73537098
41613246
27429348
60330905
45858190
75931267
76463561
46852523
27166055
75333569
78114894
27378575
44637261
27140921
45124594
74314304
44060583
60052933
45790292
75438625
71845138
76559515
44955994
41726302
73533422
75583453
72072555
72202973
45436365
45277097
27728028
76646333
03658168
73119981
73434207
27154156
46403262
46449873
07511463
27572150
46619503
27256257
40993552
44594942
73543255
71105470
71862426
73652274
60657239
27268568
27413080
27572204
71622724
40657947
73975396
71872542
41784070
60056262
43005741
73765145
41781075
72551118
27140445
48514683
71914819
40849705
47126842
75392369
70996149
72523779
41504278
43437116
27990008
41857358
43075821
45094018
42175995
73701115
72669645
42453215
72282151
71572629
27998675
76284373
75865601
47630908
72910633
42486532
73132328
72455450
27988743
60424737
71882950
42213231
73224998
74753121
43704761
71712327
27408298
44214434
75417802
27294071
76229253
73675656
27160747
42865884
44163572
73782344
46534281
77337966
27403985
76723394
70564356
71922695
27428437
72350511
74875166
76867750
27283415
43929441
42833164
27747631
72130551
75422223
27973839
72232440
42304818
73474969
74573046
73890931
42546656
40701185
46881449
46620375
75668180
75316843
74759019
43083601
74652428
46851103
42847760
76698460
48963921
42709457
27153106
73366591
71690969
73582941
27362714
71620466
75597335
72353606
46870289
73974331
28107645
60358778
74502861
74592645
71578358
76382947
70080316
42429188
27161026
45283831
78105783
80127398
74994034
47469813
27153004
42960530
47611094
73503816
43573918
71963999
27990398
71840799
46453986
74020060
47808988
71024609
72774082
73811357
71929860
73783734
27419913
27279907
76313809
72563274
27924183
74134058
27973286
41400086
44253019
71283743
75511743
27545282
47659857
47243841
71007209
71031201
45983949
75709946
44577205
27427065
44640715
70970355
72142638
71068442
40450713
71060039
42601490
60040851
75717886
70329028
71429574
76679974
74434274
46305462
74152885
71730813
28117311
73356621
27415778
45563236
48212104
41547249
78199201
48163380
40907791
41770316
60037178
46513598
47117439
70391746
60312909
75608395
43915784
73326205
42339170
70979212
75071511
71880707
43325570
43218135
43185540
46299370
76146112
75701063
44559864
27288387
76279819
75694807
28105108
73779205
46693205
16713999
27992009
72734762
27981508
77419297
43066593
44363276
71747988
47234974
74715736
73366008
76518994
71524634
76826935
75077710
45970534
48219898
42381524
71089535
77290768
76685844
72494674
76215432
25703614
71734136
47466711
75745787
42483273
40295300
80196872
75481992
44254467
71748575
47715331
76302990
73448473
27848991
80485780
71121190
71220426
60311768
74539550
73997474
27734615
71973592
75745897
26946549
61729125
27979361
41860610
28119209
47310151
27161071
75611913
73446213
73134739
17449245
41073604
43468088
74535365
40053589
43913139
44670854
48169756
72116551
27416973
43334277
71911116
46526140
60396979
27379551
74473148
78635905
46142049
60322535
77419228
41298951
60038255
80672308
27433681
73831639
46925295
47313210
42870174
47918342
42902839
42746948
73420123
75080793
42839681
74740261
44013584
42232598
76955032
73483651
76097471
73256596
46863965
70676164
40256681
27984159
76856460
27424911
60053363
44374005
71819544
47612901
74428844
27846010
76734896
26708611
45212848
42393462
70464474
46260225
26702502
70971794
71934565
76394581
48096443
43865584
27375710
60524722
71603307
19406836
70989639
70867686
71622313
27428419
43173298
40158967
71518522
74873911
45818748
43027455
74462608
74573892
71602975
27439133
80123329
76513656
76947373
45155857
76860189
75901379
27438609
75461606
45442570
74478138
44276920
41402409
42661120
71833501
73745848
42402854
74428747
44227923
02890693
47829284
74280776
75810565
47120073
74706890
44264439
27383406
08875263
47995540
71585961
42872520
76381250
70979223
27675283
72135874
74402306
43612751
60052605
43343821
76264622
72731527
76385049
72614607
71105482
71460491
44624671
71109639
71884367
41915839
18213319
72318048
26674916
71120670
27728025
76769416
74819378
45320865
60641161
27841076
40982551
62078022
28107807
72551138
60246511
27916761
45388683
43464788
40356587
27413156
18213707
26958459
40688517
72442784
47312330
47478147
71029491
43401261
60038558
71757779
73459019
47295353
44556010
42508576
41789911
73318191
47798122
42218610
47710592
28070973
28121641
40840110
43771119
27292743
46019591
41738387
27060701
80455889
43192196
71071085
76854130
71825146
74841134
71938101
44988737
73316455
72142944
72142833
71588460
60140550
42405751
73129079
45201582
41389604
71230483
27438207
26953307
72894414
45095069
44237053
60515219
48012903
60134811
27421671
07963549
80190557
41673205
70254135
44613108
60482309
27717929
71803452
45389902
72442477
76931911
76666815
44126273
47639465
40966787
74352798
28112288
28114299
41368703
71022418
75874507
61600005
60056630
73380565
40981021
40372969
44243008
43077828
76012437
70283506
47718320
44720503
42170812
71919219
44709787
06115577
76332605
71447973
26677476
70752440
70402426
71573741
19337051
43103608
47936117
74545300
45656753
42398352
71830095
74542967
27400679
73887115
75771337
71650353
74877471
26704056
62971366
76860940
73352293
71509722
71937254
41123546
73588029
73056531
44988242
41661121
77687172
48306321
46428419
44559201
71803449
48168536
73853604
43454809
44121234
27729992
47798583
19327284
76012424
45297612
16793035
77146536
40259615
71880702
27360354
60447529
27985610
75701393
27398111
60054589
42662552
42891647
48073159
76335709
80643633
76682467
40598103
76071902
26683690
73446264
70048371
71578108
26686854
70752444
46345884
74495986
45385644
60512412
74877443
45351031
72781837
45422398
74308636
27080209
78020170
80515801
43576862
44616867
46152355
63398470
71928888
74021449
41818726
47368892
77574502
75895600
73352311
75161349
75822589
45212794
27561697
77539297
27545735
73215162
72426922
48555481
76533694
46248774
43217753
72954371
27983608
47492048
46844706
42628506
71598325
72467199
44192597
72281679
60795208
27576968
26662285
60218952
43895469
74872295
43827726
28103932
42958950
80062544
17636792
44250131
71841064
42875504
48571295
47611471
10776471
17826408
27854766
71883951
27847470
27847063
75942815
44288996
27852628
80110784
46817734
71130862
75620454
62014228
42099930
72784023
60223910
27715833
43275368
42765992
47602008
46953425
27858776
71861971
43293764
09086914
27849190
45188035
46916942
75120747
44940176
73348063
75992843
77352271
76723417
43952605
46290221
72939518
43645573
43146903
26950499
26729962
41482723
71601373
48180446
76298167
26713677
26710679
71971369
77800334
26653181
26729252
45900497
71815371
74481194
42214411
27054411
71911432
42748022
42179509
40355304
70615174
71603231
41246741
43479567
41813313
45361784
71823140
42461010
74477045
73535945
76167872
75500623
26709840
43587194
77533105
47472636
71797176
42275716
43889356
71967712
71591183
26702069
71396186
43806444
26709638
70097951
43717724
47239692
27924087
27924158
71447970
75900458
60562874
73225429
75624580
44178676
72135258
71570657
45572956
43482952
45018163
40907380
40276500
74841352
75913245
73880957
72133355
40490363
80137100
27847583
73614821
80134586
60509035
47937002
77507695
70849715
77211489
70799750
42094964
44865896
26652198
45436281
60140663
72129251
41793421
73777962
27169112
40447208
44616064
71967292
72014317
73068036
73536802
27294212
71596560
42288444
27163472
46230422
43590522
46454739
42288175
26731975
76414612
41521222
75373663
42217031
70581939
10735327
70259674
72128040
40447215
47531802
46926174
41929591
73784275
60456414
45032281
72139670
47738918
40978786
44848361
40233210
47984953
47097443
27042844
77177024
75786185
41884683
48055134
71596266
75164897
80055042
43262466
75862392
26663197
71452416
73441839
74398442
42619738
43158539
02652679
77491421
46283520
41128857
72124961
19328113
40093248
40847768
72295703
70872796
74028192
60037654
26600870
70017369
74408767
48074706
17455026
27254764
41011226
70386995
41976300
72542122
75777793
71894794
71903538
76655059
71752037
47568688
75848954
76503896
74431666
47408704
45307663
78464260
42828376
71845234
27965869
44211534
44464533
70371860
73458458
61608374
73119809
75158548
77341597
47434084
74291596
45738509
47183005
27379653
40993689
46916476
41395895
43409356
26670613
43201172
73514300
26700492
70446353
27060151
60808842
43394746
46123254
72142929
60225946
70282380
47507058
70042946
71750255
41372898
43610224
71698904
72148408
26686127
43429099
71822677
43544891
27425348
71626223
70047592
77082817
45897245
27859696
74802553
46611286
73365166
75364044
76274043
41615704
74083942
41990517
26934308
76979227
46548637
71588402
42482392
17636114
46396418
26618975
40804102
60056392
44654800
71112581
74445384
72475591
70047134
27730163
45502984
28112076
45323628
44635656
76658311
75721382
46874648
71894818
71042209
71068319
70867701
40707098
73768945
74446151
75578999
16668440
74646601
27064112
27275038
73641022
71986750
46024729
76748809
47820488
75709945
27426975
46558332
46838603
43209519
27717236
41533246
77792651
74207725
43678132
40958866
76284375
27393996
70356718
74479688
46828045
76758848
71603358
60322167
72957022
41368263
70018520
71045721
27568376
75598656
71338391
45056417
27984813
73459096
45937421
72278783
46585266
60056442
45802378
48201938
27283173
46372488
41463665
45498949
46991492
73830915
43911419
45796380
60464454
61100237
76617834
75934679
40751429
45171656
74090437
41160888
75760785
71089511
43057190
26932496
77672885
44456579
74877437
71822655
73415342
73514061
72763360
42626445
42476691
48458551
44169780
60133388
41323910
27974521
72118623
41539982
73113429
73364238
47271065
60056253
72380000
73527932
42682132
03701380
71599907
46680990
43759163
43006353
27858514
74478124
70747829
73330403
72149526
75843240
47164555
45077737
73483521
27577554
71063945
44682264
41758609
46986640
71595355
26711472
45417278
71434641
26682208
76762289
75203201
60040585
18129828
72551103
42177326
76094628
73987185
43567487
80034668
75688976
72123599
72041962
27998251
71824971
27987678
07487596
76321828
03238871
44668669
47258863
27401296
43525722
27416007
27987656
71725109
60053829
75508724
74474489
09612973
40455739
74363774
41619027
46424420
70932542
74897050
41286899
60040165
71883778
80058229
74895088
76761170
45380481
44866113
27439731
74496189
45374093
41984777
27161053
27144023
46391723
71231086
71760299
48920074
46531405
72140645
76617972
46842065
73597164
43912526
45163003
73781047
27572462
44850251
74448991
71934521
75472347
27269205
60197523
26725157
71018529
73973717
73973719
73991139
18172189
70774392
46006171
09571824
41372891
80127844
74418203
27076953
74621736
26713729
71229038
41140112
76379993
45158795
45650876
27376740
44817431
27160686
75902933
47912587
72739950
27559449
71603341
27416829
27052084
40818087
76626122
74428749
44285586
76724279
40785655
47522050
43752125
41614704
70858269
47081311
27985685
43451582
74425636
75732948
76941177
72650269
27166711
77388847
71536056
72419626
76682458
47242806
43850512
80402626
27048378
45737594
42766890
45116194
44352362
72351043
74806563
40982409
16439679
43556412
27992896
27412195
28115669
73997319
71042314
41953720
75193351
60498079
26713804
75489296
27966452
42376446
44667995
45146893
43981679
45271507
27291929
72133641
72432120
72133560
47053684
27749612
73783685
71115079
41793204
09659696
45371782
60224625
75082646
47927793
76951917
41972782
27293085
27161178
74741059
61609313
43166524
76473624
73477949
43836880
43015344
47700824
27989176
74242670
47438060
42466747
16709151
46435617
47746855
75128387
27066837
27991341
19336521
71518445
26659953
41962159
70649517
74568791
42232152
71516593
71650763
28112069
48482413
46337817
10413624
63337169
47949156
27979569
70806388
61604057
74405208
27421601
75737613
72408374
43505341
47013308
74740001
43111483
71865987
75655470
48485226
41990387
27834525
27966487
43602944
43141834
41409112
19333006
27929088
48140627
73058792
71031966
75880313
60603484
60052500
41952865
60222423
72747367
48087354
60363606
74623103
75934052
43204982
74573885
47144948
60039861
47412194
44092790
80415662
46056950
72521295
42921779
27965891
76744387
72632890
73821590
74474479
72780856
27081319
75180168
27399901
41640560
41733582
40174970
48272696
27389765
71222285
27576729
43052337
27264496
75412900
61130793
75934644
42379097
26635977
71068134
45172507
42930535
02779554
71026570
75666092
73367331
09447392
60056635
16726816
41072441
77238475
73335438
72131272
71836371
45638734
72026941
75797863
28114143
78198018
77915274
71715743
47581236
45828936
41451369
47741347
27414715
46918028
71804726
45987599
44239803
27929424
71907903
74548702
47433418
76638845
74481334
71075477
27996758
44709575
43111021
73352374
27425511
18033572
60203436
28066551
48515603
73579856
60293848
41051279
26637087
44334174
42093544
61643463
48367866
41747498
43017299
71872557
73993050
42637865
71825368
27418582
71585140
27393260
77042187
43257515
27427810
80381856
60159516
75060731
27558481
27925596
72790202
76686651
28107358
44844321
19200511
42487652
27414771
72432110
28105279
74740620
70857069
70024459
45341754
48258089
71875340
27163446
40755948
72797652
73785506
72136254
43946741
42136950
44276349
74553683
48670033
60568260
74363693
75134201
76573938
71730600
33783183
74825466
26716465
76953167
27734998
60455363
71231088
44198459
71388423
71965735
76869732
77282036
32138090
43149362
60037625
26608940
43844940
75965347
27159671
74662164
26730845
18211736
74921914
41860148
77150863
27734686
76007141
16641387
27440153
27382891
48252430
44387725
70867676
71106572
44853699
48111792
48128622
73204541
27423604
71195238
48064550
47842454
71093829
76832025
73414317
27843865
40421606
60317774
43509087
70194089
40909111
61263829
73830825
45555606
27841898
41843569
45205386
63163913
71973412
41366733
27747125
76757183
42560439
07765995
70078386
26733239
27747781
26728534
40751613
75771765
26707185
26730649
40123289
74308631
71927991
75777939
47050361
72107677
73811298
76655590
41674533
80680188
27731947
27739198
41772027
45641302
71564786
74152204
75066919
73205415
80152880
71591132
41396669
18085655
72500734
26724402
76908843
40883007
70174572
45451818
71606414
75311422
47053381
27725867
47400790
72289512
72414059
48260624
27058277
47060695
43280810
44605478
76280379
70602601
76768093
75842613
10166816
48673204
27985275
43552716
27988691
80637555
75840349
71510624
73756454
47863882
27153032
46774248
70087226
71081373
06796137
44864936
27857894
72736110
72538366
80079564
71840785
41747049
60261914
71108223
71708285
46721947
75482642
41832282
74535389
75739367
27695779
41872186
72136192
80455129
26934562
48583253
71804895
73109181
16513347
73418534
42476970
41528811
40986643
70228560
40631345
40639772
28061281
27983318
42152097
48004655
43627178
73133076
47255506
75150803
41574273
74811736
44093133
41446797
27836966
71911045
47258380
76562014
27735485
73614812
43499953
74741035
73633653
44397753
71875351
60040149
43132546
44086318
71905833
74658219
48929414
71958049
71414984
71080703
74480571
73440106
45334359
41079140
27415922
43206121
27431920
27060636
60830509
71832357
40247733
44211111
40125055
48092627
74955905
46795208
76346118
27274631
71895164
71603026
47636294
42261673
40274713
47492411
73599567
44461467
42400168
40703724
43689418
71646885
72219259
27927985
27067033
76779320
71570819
48183132
71255822
28064521
27992910
40566523
60040067
76244384
80612322
73737653
70513451
73325133
45678450
73942902
70375068
71770672
77689588
28073912
60437692
60040745
44208414
70806364
26728589
42732445
70822522
70173947
40442699
43624612
45170200
72267188
75056708
47476767
43209754
74495983
43407911
40330281
27169491
75347452
72707393
27060796
75681540
71997874
75842099
44121932
43211420
74631987
80091480
27974780
45377341
27719279
72139739
27990040
40550501
73365207
71042305
73353292
44110430
70032106
76936949
75427216
76765843
46758492
75571601
46309782
73219482
43434443
72806648
44461523
41160802
27920474
44641743
73348075
74865660
77569253
43312405
16729180
76328779
71588390
75790782
40667039
71296005
70996110
73134258
40512907
73997476
74600065
27909770
77503684
46997425
42326088
45696854
46685931
73428239
43134075
77480535
44958051
45629422
74573587
75718478
71134850
27747867
71965867
72024397
71911169
70826558
43493059
27558588
73881602
27165591
40012867
27998666
71542713
44477038
75321847
45253236
27749532
77694172
71572773
19260675
71630115
72023444
71134876
74628696
28073670
72096004
41764844
45539609
75152292
72140788
46374737
42707327
08810008
75744563
27361473
76079549
80157205
43078965
74753120
73962851
75093543
43083316
61325583
48615937
27290827
71018628
48182322
45072098
46056069
43543647
74502845
43917262
28106067
28105852
43192473
43466277
71302023
40514817
27278985
71582077
73484982
76505588
48202098
70691952
43262469
72045362
71630121
44612792
60295034
71134145
75543809
45447504
47512994
44403375
73506316
47085015
42232149
48115548
73626473
71894845
80232629
44228940
42983653
73462678
77041801
47917220
74464532
41135252
47037441
76207336
73130408
47492595
75349482
42686246
70926884
60448185
46675869
07557360
72795394
47612703
73377908
42356444
72275078
44500588
72087363
71930578
42723630
74248867
71903643
45296916
75089611
71911335
76518756
70351473
76298113
71751520
80142119
72135816
71978171
71560942
09527575
74558465
71591024
76246867
42687113
46328772
60481851
41102408
09634380
41974819
41867300
40559387
46790691
47555697
42965670
44406858
71967792
47158790
75765722
43082323
76239365
71822721
41025988
10106356
26723300
43596832
43138397
41539969
70995184
71571054
75721367
71748563
45576789
42475225
47828557
27419060
60306167
77172068
41107052
41363883
27144946
27438846
77351546
46993984
26958960
42647745
27965577
27417282
42348533
74370458
27972892
41599732
74406353
77795128
60038527
71630113
46005034
73501353
71591245
72106354
72133638
47222269
74530782
45612683
75372555
27430450
75923786
74304138
45148066
47043198
70775208
71505092
75958583
73664327
27081306
47052850
41623760
70495751
77178584
41305979
41128858
70946181
45062554
60514238
73595359
44417783
41714895
74464462
76076784
76973935
27734360
71797127
27543848
71596052
42291857
19081320
75464401
27733840
71503020
43665450
27986856
70603912
28124236
70756398
74961995
71606446
42853002
48455842
46119362
26655387
71647026
28124382
43056504
42207447
19211017
73142817
71514297
41625190
27067119
71133866
43488116
74620160
76022563
28112456
43469146
40808889
47213278
27152977
77419671
28070864
80644074
45898523
16807035
27714553
27923840
77384877
27909618
76453428
27694705
75855775
76366790
75823937
46069437
46959914
72136045
27417378
27558852
71825944
41859893
43694051
27848343
70505587
70880127
48183851
73706809
27992180
41534291
43306654
41845387
45981576
27721025
76686505
76019174
47634337
44833318
77176044
26955431
40867418
42397985
47701317
16493566
76458237
71895395
72437503
60160811
27285369
41392960
33590525
47321841
76964941
71548439
43274877
42779739
44633688
71691149
26957010
27666001
75005058
27162273
42267767
27162269
73946211
28131127
26956326
44219670
80469111
72367958
74425656
74567407
76920789
45742243
41368794
27668650
73487456
76667714
71570682
72899249
71030057
42881147
44470876
76723397
73009200
44120509
73457509
44035177
46860260
27168548
27422968
45836066
46252721
73468128
60053265
46067361
76345190
45969134
43922412
42015711
71082908
74897034
76977850
71881055
75701583
27923949
74310130
27287441
27168610
60039856
72967363
43167449
27989154
46892607
44106347
26952155
42410395
40356887
72625685
44599504
61673852
62276062
71579241
72142886
60160709
42407334
77427131
28114235
44595715
41897644
71435444
26685604
48435928
72162729
45209709
76504202
70103757
74623088
75689182
44640735
77659531
27432735
72246307
74623162
41984715
71758017
26679843
47029637
27064049
46550971
43127832
26730943
71934567
71585208
43493055
42523422
72142734
27747838
72475648
72944652
27973718
45741044
72282741
77096129
42097817
61817401
27254369
77083299
41927791
72774044
75779695
70518745
73483481
71797606
71690985
71997393
40347446
45430483
73867738
75934664
27398748
72008461
75757378
71734161
75460152
40785402
77571365
77065971
43709541
45365259
74438144
76863913
44457822
60358263
43850424
76949770
77160606
27265171
74558433
73439944
71613144
71060660
42593590
76753703
75961116
73655363
41634138
46341824
27251413
60297995
60513132
73987679
26641179
71967532
70825565
16783700
27437271
27925104
73459087
43787894
73370469
41916882
42279885
44999102
45960372
71724856
47590317
44078741
74302149
46941706
27438117
44011468
71645944
72551077
72021619
71797147
44830339
60366491
42461534
43053146
45869369
27406795
27421536
76471488
73366185
76675183
43870026
16521177
41845912
43755516
47441047
60056741
72135234
72707243
41149223
27568335
26692957
46855964
40263804
28122020
42623250
45634420
40076731
73880680
41940695
75071491
74384832
74242121
16673224
27414937
25834244
75775365
76944467
60202103
27433708
27069986
41857132
43332294
73882763
76799554
46253338
41137478
75421011
43546229
60136133
06061045
44051750
27989908
73245134
76795409
77169598
27397853
26644131
41941185
71758327
27399139
71762680
27737592
26653669
45319083
47932240
74140682
48031659
73499933
71938549
27436432
41783198
74897466
27439903
47383391
75164901
28100022
41402026
71630110
71042207
75217674
71104429
26701262
71396660
45869353
45361821
45535810
26663086
76480485
26613382
26708378
16462069
27558969
75790113
43967610
73829010
71967979
45253422
27540462
27559424
46325910
71122122
71232356
08044711
46223251
73639035
71717182
73623428
42497669
70789631
27557712
26716743
41066037
74481501
75967198
47834458
40147793
44837630
27565343
71269454
41466197
61127517
41879186
62390772
41002086
71296022
48923520
43929424
72763455
44305101
40255524
70576075
27696147
71064988
27065318
71123891
47057206
42164164
44065432
42484518
73595696
73503523
47838925
75410281
27403702
27854885
42105718
60218697
71578424
42410863
41122735
47917754
71914723
75715236
73502849
70046900
71831952
71826030
45084138
72142501
72404621
44666471
74445499
60277239
76847026
42264484
60284298
27920552
27915866
41121089
41464435
42967855
60134350
76080792
61711618
42686754
48664388
72277174
47362586
73887965
76597978
74490725
72551218
44214454
71883781
71901254
46100945
27979145
60140363
75978262
72551125
45143784
48074372
27674460
27745097
75696826
27845231
75805137
60591959
27665779
27741384
44732804
71577353
73367789
72720078
27733762
27740179
27660954
72521293
41012341
46935243
42641944
42778349
74168342
73527352
40865976
72531255
42647427
71901353
41377176
27928567
47807709
44990023
60138911
74775164
73459105
46049816
76463253
70424767
77203536
77533327
43787832
76019316
70172395
76960016
40476011
70772994
77246062
75078228
27925667
47410353
71414997
41711220
07217393
60227935
47823292
75847819
76505802
74364077
73745853
42476958
72014351
44378939
41533252
09558177
77419605
45518096
41897372
78114617
43345116
27727215
47023973
43088516
76037666
45726822
43132840
41543420
62084783
73948053
76733437
40701158
40300430
28069282
71255937
47169469
73335606
46353438
76781753
60322516
71516605
44308254
70258832
73651945
47987796
48230814
45971181
71250747
41752930
27735307
27253406
48069450
72042287
41937598
27058302
71472885
47530104
74539252
72140776
80455838
40831540
26629128
26963239
27739253
43502200
42175429
72697047
75316840
74496571
26678058
48462659
60159190
42830061
71804754
71076393
71039801
71075490
43520966
71915029
46999366
46448248
60160582
80149687
40049153
43975686
46998404
73686904
71585209
74756794
73660224
28104473
40562162
48108132
28112246
46009430
74657291
45729918
74915994
80090650
43688032
71561881
46789550
41082310
71928891
72357561
72734636
47676838
72116595
44412995
72395583
44511186
27726256
73533582
60053842
45056438
71914867
73006742
63364264
16563989
41253372
43403112
72017939
43848857
40982577
40972927
27739632
71961043
76786976
26921413
48656026
08462636
73784335
72324039
74322680
44607223
26619725
70491783
76403610
46919590
10679445
77070167
75152788
74484704
43891374
77075590
42957840
71480106
71752091
43596968
26933592
43797652
27984745
70060343
48353817
71800153
45404713
41568107
10064716
46993632
60140697
27406618
75778982
71930491
16796363
44573414
74465090
16689191
77337967
71636281
48001783
45567546
75058838
44655530
74528381
60056357
71125141
70667998
44731953
60140952
43310886
76790863
43969750
71919098
71470538
60040547
43598466
77425618
72124861
27974623
41965249
72732407
41440730
47197597
60277530
72731596
73545834
72121338
27044203
74302160
42468401
46140005
42177280
77324471
70059859
75700982
06780485
26730685
76238640
71115083
80511783
45861743
44503779
27740553
60397691
60037608
40972962
41824894
46573653
47012130
70016460
70789619
75755429
40978785
78716711
70811073
46839358
27283629
45925136
41860196
72252281
63430679
45056416
27423593
28114445
44308809
71229409
76259193
76142037
75956274
26956341
27439866
47362996
43796137
33592288
76952341
27747197
46165834
44118177
71881167
27073975
46275742
43998744
45270568
27075481
73652366
75971780
26923810
74280678
16779252
10741889
72516167
74949743
49093264
10814240
26702786
46548424
43007465
80150226
27909567
71757688
27422547
73355014
44803790
76084552
47542683
74241991
47827983
40895654
27975880
47700468
75698687
41308600
26712699
76470217
71797252
70611918
76971856
62252614
42916564
47306563
75814482
70017384
60155640
73854779
60336955
42622242
72148441
44404339
44792004
27908257
44089214
74494786
76696600
48349228
40810116
42491396
60212143
43129919
72541721
27855360
72961492
74548605
73660010
75481903
27253994
71630177
71239397
41154889
47032488
43197645
75908734
71842790
27917048
71928886
74347733
74391764
77495383
26662644
26663107
71232297
28118538
43107228
70205988
71561005
44091709
60610572
74960949
43898462
27978616
71071410
77462423
73752551
74843196
60668433
60538961
74540083
71734158
76765746
41897362
44822054
71905853
42950552
80052630
46728806
77792334
73266932
47009906
10810447
42861745
76033983
45401451
72136255
42143304
74539101
27926365
41036784
43569498
43572453
10649082
47501220
71879355
74583199
27376502
16712740
71781685
28073643
41361871
42626481
27073161
27965720
27075276
75142116
27376586
41727785
73483147
28114335
43092940
71580343
74540074
28111204
74403640
61025026
75078298
27921441
71431552
46940498
72531258
46664820
40913701
71082888
48695896
73219478
71564237
74424889
41157941
72443166
26692497
44959214
74503593
71064770
62215574
71880998
43764770
27983925
47826821
60139469
71919067
71958038
28119390
76048548
76939888
42152099
60305235
44913943
40420549
71770357
27689289
26612022
47703168
48227340
48499045
48093505
46278877
74477808
72014314
72938226
27379697
43977463
74493416
46667470
43443294
45928191
45217056
41984690
43738058
75630111
73084120
40497070
73214155
74752773
73805424
60165142
43879760
60216637
71961042
72115972
27982364
27660728
43834405
46056333
45266661
43731472
27916889
72124453
61633978
47976510
46499761
74359130
45603111
46177063
45819362
27081485
41011219
42725782
48353055
76470585
72485255
73078431
26700538
71688851
46093361
61435872
08136098
71080375
26644455
28107771
43711384
41037547
41717740
73785585
47342491
71519784
42907665
43725302
27074761
75424805
70853668
72760258
74954166
42637303
73701238
60965383
42831652
71826776
75823896
75881016
27544341
26733570
73441266
43677832
44443190
70044855
43628659
74568787
44573282
27575566
26697696
26717412
76939259
27990628
27280740
72769139
72418653
16526789
27570753
70044861
45883858
76682580
74460222
03122754
71042232
26706951
27240156
73853600
44094655
60134701
42650888
72442744
70618972
71762897
46783753
45604564
47039697
70925184
26631486
71605747
47036614
71127487
40681856
75672485
71817832
43973461
45885507
44306957
73583088
74757317
00364395
72734695
44524072
43694070
26961821
76826032
42373885
26954979
73040159
71800235
75059024
42578571
73143909
73377904
48132708
77096263
41490460
26957712
71654169
75847054
73613011
45264375
44056124
42018723
27437007
72738085
71766668
45155744
41937175
75078186
71137878
74081790
42471764
71697794
43237510
44994685
26925534
47666900
46663699
27752462
75443941
72034485
43329827
75934633
71707229
80510737
74054480
71919157
40972954
71914775
71507597
46635874
76161854
71925436
71049383
72042981
43287059
77272196
27155756
46683662
46681055
70766050
75722399
43172110
46764071
71024591
72138689
60986713
47250898
71865846
46535028
71195483
27254221
27255049
72368372
71137238
45550022
75806355
70928429
60275653
41643663
73119819
71022327
27852929
71898924
44240532
27861268
75833076
71646796
70229555
46036964
43055879
71515500
46294656
43917253
73420114
27854375
75525143
71766487
63244787
61817419
42089986
70828550
71930320
71865828
70848592
42908768
45095079
73047091
46239793
43773017
71934552
80157105
42905521
47171903
71536045
72384637
61952577
42701915
41158000
71697705
71529110
80157148
41137468
44312644
70508387
44594929
43884617
71626182
73433643
73086926
71621426
71787337
47272133
71064908
27253349
71905979
26955504
75558931
41986572
48303501
62089489
42007388
25796669
26945742
60053551
75053655
27421371
27413422
43876914
27834674
43252855
47321476
40703772
71515505
71507625
80527525
45151882
47798810
25832085
25835309
70481165
25678753
42201224
25834970
40590580
25594760
43328098
76287619
71618388
25506881
61123808
25720972
81676009
25641417
25628118
10017208
76543272
25560899
72372508
06232191
75458387
25737337
25591171
43038045
25790395
08641292
42279679
80116597
72900255
75346400
72744812
42705606
75181059
25582060
47488164
10641308
16021788
47479518
42079659
25685389
25585396
60823282
18097351
77213805
25834316
70885272
70528419
25546418
09530967
25631333
25857631
40886625
70266286
25588307
25839619
25835683
41487290
25728640
09988346
70266664
47420381
42306296
74990137
75390740
73576974
44119560
25838113
40571814
73586416
06265346
25776347
25772718
06208698
08613748
76671868
42412023
25659273
77040176
25463098
42352003
25654700
76586347
25609691
74070463
70947665
06380387
25539870
73192185
25838717
25486905
40604838
45947784
40044222
10728154
71404890
06220219
75333310
25731743
25745960
72858129
73091948
72191586
25795423
78201162
73024452
76464274
72529422
06032488
25540560
41321152
25541325
74955299
25606140
25672566
23014077
25588428
25723370
25854013
70836582
74587654
25820317
75352195
25675054
75357573
25602769
75440709
73452061
25740756
72148067
25771065
25620933
74822894
10566464
46975700
72522865
03678902
43498434
07266065
25846182
76185549
43914762
25779988
45759571
00101961
70697708
75622603
41745065
25826512
45833895
43786302
72733915
60832424
40095768
80087914
71388264
40994080
77147316
41632922
46673812
76754105
48729926
75132422
76563430
25837066
07272640
10510141
70752791
80088004
41545433
40222695
09440445
08480292
29629055
47215393
44041884
25732051
40046905
43586382
25733410
46350217
73930843
25858246
40778520
47149566
70005441
45641568
25538762
22997304
75336636
43795965
76343498
41693813
25578548
60822755
43128871
48349691
71022403
75095182
76478475
25775363
70859897
44202909
45154838
25497821
76196337
25634728
40458688
60781396
09882068
70601474
32118379
43507005
75229227
48897405
40106079
74703000
46050453
75282370
25838447
72759144
71355298
25416803
45743214
25561282
71865194
41582891
74153607
61268597
40558929
25566407
75361354
43740367
43202558
73260056
05226278
60657678
25508887
08521951
74037465
72920990
74335307
25519735
74944146
43675723
42671383
25642070
73149364
41070102
25835113
25700146
61423374
40641618
47040307
78023101
25638287
73110955
74366550
77972656
70266353
70094351
25817742
42087290
25672541
25778756
09971265
77701661
62949687
40151528
41850517
44590514
21558088
46769668
45778958
25574808
44445162
25693919
32545835
44088360
70919581
25798108
08570987
72217450
72217443
70472462
09566510
48264992
08814921
60776122
70255170
75965796
75011654
06081592
70316796
43711161
47507709
47540892
25722384
25572007
70941125
45499645
05256769
41544991
70198892
44770585
25819929
40244753
40518847
75121806
74256089
75203896
09648097
42625356
74976786
62033698
40579951
77471328
47865228
33668406
40330202
09931305
08394671
06764379
60781479
76357746
81877207
70349512
70999842
25835438
18041952
72923901
71552976
25722519
25851357
40168660
75204397
25472394
42910378
05358643
70602104
25720730
25490632
10068382
73576969
09429305
40810825
25680425
77625641
76594902
07751029
05263226
25786864
62764347
25781831
09834254
61316016
25754054
25485204
00208265
48673146
09076570
25724701
25509609
25714213
40830368
42669588
45613711
07536814
25717277
42071090
46254146
16726465
75451684
70756510
08095497
25406939
25553886
15862882
49075368
71672132
60828120
25794111
74163430
73090055
71466250
25720998
74747533
46201918
25676676
70425693
70613629
41519272
70285244
25643747
70683641
76567151
25700515
25796798
25714270
25700031
75931965
73209820
70888389
73140240
77903297
46228942
72742262
18025212
40231520
73070770
44938246
25837074
47158246
10271638
42225974
25762762
25677534
71972512
70265931
25775472
42112502
41637707
72001210
40063355
25674843
45898385
75550407
25772127
25467980
10592804
72178020
40217169
25701660
72862293
40430279
74078994
25702124
70897557
25580651
22506891
72943361
05614893
25858175
74983164
20025298
25635827
73043157
74368941
43704692
41222989
06742593
74307201
44045623
25580268
25414507
72571909
40249292
25615544
09367315
07076252
44740056
77115165
25599820
76943349
45490752
70051825
74178022
74429946
77354070
44669026
25660726
75869391
25610720
72838933
75817264
25835893
43164523
09443920
16408146
77693465
03507292
25743313
25677803
25837761
40185680
43591875
25790878
25737931
06664147
74758232
25626866
00065688
44527587
25650775
70627858
25728542
25769274
43492542
72576971
42015395
63027462
72179626
73511179
45307699
25317892
44311976
43373120
25311371
72237452
73874117
24968914
75679898
25068725
76124555
23909408
43599904
42339081
77178986
73319026
71744940
77218245
23831633
61085147
24986271
23934192
24365668
40955687
42122760
44329301
77487183
44739191
74381638
60020437
72017369
47414745
76554082
29657647
71809052
72426468
75213930
24890280
24707026
25311631
75808541
41624999
74379645
23882403
23984118
24894391
71143135
24970200
72638102
24889896
24874889
47206399
25064843
43593012
42272843
10435817
43605324
77695179
76260673
40851364
42058863
77215235
75919896
48224134
47678689
25135805
24993686
40788429
24810521
41167543
71512079
77677194
70384345
40306567
41166958
47655529
71067872
42912366
46064520
74367657
24460158
77246691
25321615
40856536
23840194
71087694
73950612
25326640
74580721
71140971
41332037
23906697
74498533
43711872
73969350
23942776
49058839
43927395
76504701
23986946
60441890
77048578
73582463
24281991
45916180
75750124
41112491
06648987
23994416
73874847
45331287
44666598
77918434
61156136
76036611
47523888
61340342
72582171
24981611
06048416
31013343
72582159
44780337
47960181
77047312
72027720
77135300
70580955
71938730
25063204
76696411
24390220
41164512
23909264
43136666
71088337
07862329
75793065
25076920
42387891
25217847
75065947
42267771
72158572
75170273
23826897
72176411
42443013
72558177
73885067
75258055
24467970
46274589
71220166
41036087
60427328
40869916
76262828
71512094
25310639
72516943
40180202
76288105
70265342
74488737
44116520
80026967
25127287
71595415
41999242
71127231
41900766
74454427
40653287
40677347
25327116
42553665
46738184
75486114
41394361
73622040
44557706
46526558
25217939
75869327
63379948
25320327
25304731
43323363
62637059
42618649
70517425
43189708
24676861
24948635
24470546
23879364
42026459
24496016
40773609
45511765
24462307
41454714
23988889
71083821
76467256
25319759
24887120
77043007
45223570
46889453
25328848
46688544
76787553
75785525
29723332
23900264
47782732
73581235
74544810
47356774
45054048
23229399
43987821
43975767
41806814
73743515
44185723
43337143
46278613
45869557
72797694
41013904
75199009
28271876
25222630
44206455
76984010
72018612
80078392
76847089
24491737
40359752
77339655
41351653
74615037
42402042
71624947
60020057
23863080
24485107
43338317
77662408
74324302
25006827
75928015
47155212
74864966
40043249
76853752
25135772
73956173
24693758
24814122
44684236
73901531
76347472
42237018
62066022
40759144
74437220
76877414
01297143
73491486
42067220
62928531
61574970
48152816
76685762
74038232
23944936
10383959
24583997
43063872
80014343
72497568
23827844
45029691
74068727
41065101
40543409
62167914
25209786
23905612
74369516
72082024
76479430
25199730
76656448
71443333
77686443
73573710
76134504
42306040
72457176
72664820
24468466
60020499
43967808
73338013
71765441
41219264
76425966
43304266
73337864
45778880
25002965
73757910
42108224
25140633
76032318
47916276
44522008
70375562
71095735
24871833
42769511
72395952
75947571
42318265
23981819
63274326
41355608
25310482
24576099
25007720
70277129
48104451
73821360
76200442
45456580
75097560
42875119
75817092
24485875
48306794
42440834
72539785
24296087
74943052
46751140
74502290
44256078
45983177
76422536
77383680
45684054
73576063
42575615
43893402
43573678
23899323
71514586
24375719
25205961
25205415
72568738
47246856
60118501
73813945
48426330
74244598
25197023
74427928
77903214
47957446
47142521
23863986
71063768
79543653
41481200
72249644
76987762
40340201
71120096
49004088
45372058
24378370
76128594
46344121
75901141
48262250
46615868
25320148
73757290
41951537
78464682
45350695
25308376
76064921
24717897
44759324
44207544
71586237
25188105
44748092
23881689
46687802
25215539
43375172
43006324
75784850
23946496
73861124
73778235
75533779
73988463
62045048
47619278
23963188
25314878
42681048
42797063
71739180
41207221
76079894
41536836
75322156
75787529
73871414
24286999
25065239
24283004
44904108
73317687
75533430
77143941
24575017
23920701
46518626
63332844
73824567
24793682
74356718
74526111
23981007
46180653
41348384
42560500
72155309
40817277
80033251
74646195
23913549
43967833
73330343
77494764
45979190
73521877
76672036
74356686
76227918
73043859
23958830
70581929
61674869
74314116
43375106
46041584
24286458
10761386
48426884
77488036
25313031
40739759
47126260
47854181
44966815
40756539
73676400
41556338
71081163
43815339
40396310
72282769
24986679
23975339
43559890
44137182
70146447
62146259
24580331
74055369
25182548
76668570
61492648
74173881
46116082
42064239
43620796
73318323
71798316
40716770
70604973
73947634
76038054
40824184
24283202
40756560
25209308
71786911
45928723
74930556
45951729
76505337
23986184
70189196
74398739
43554754
46329012
42973131
73121520
72226022
41353483
41341105
42153897
62488581
43457315
48132407
73366472
70991605
73389619
78115444
72139048
71803282
73864272
60556387
25071548
42635305
42468798
23972543
46590636
25068690
43555809
44524245
46985565
62286639
23949071
74053669
75746588
70413326
46598189
41787772
77697722
60017329
42866167
40377529
24576827
77692588
74495625
46549389
47989209
24789133
24873216
45469956
80629981
71964775
72117476
60596370
41962324
71700009
25319733
74357334
43549457
41413284
70843675
76609717
25138079
46080960
25064259
24963000
24474784
76020161
42768041
41329319
25012499
77380178
24706497
24000739
44612630
77135293
71070672
46365768
25204688
80372831
48323422
45403485
46937754
43701351
76911530
71964778
24570610
74756484
73372145
42673369
24719246
76040223
41757254
74534516
76660126
73667334
43541495
45945486
41439937
73418375
41390737
40109198
47950801
31037981
23978844
62865230
70582462
74951645
45888050
23992434
24392232
76949718
48101981
48391382
71801281
25013639
46054967
44380591
40798736
74151973
76988335
47713734
76685300
44317363
45652748
44935285
41953808
47543965
62865143
80023184
74539908
45044075
72558357
76163196
74688092
76549330
76031833
45604787
80013229
24472776
24713008
25319570
23839778
23805409
07762704
60021106
09531090
75475012
25078624
45501023
80855344
74044006
76368421
48498090
76215079
46971875
70847770
71572828
25209403
44414347
73778222
46675696
25300260
23964273
73859700
09770700
73208745
73502801
40735523
71086620
74169833
25065873
29731742
76418650
73997990
47604440
41479283
46268306
43045189
42152155
45433487
77047721
71808950
73339503
25304304
62133425
75537222
73481172
25066362
76046579
74630496
46832304
74613186
72327607
24808214
42133360
70809662
24712110
24865583
73607415
45739077
72367231
41434466
24369885
45314513
70169025
23822255
71060508
70370045
75967568
71796177
74632308
23858250
46267596
25140611
73940270
44260466
24574489
72625913
77567802
63294418
40225949
76736413
40879623
73521876
71791618
73989930
74149896
41832304
24710089
44693967
24574046
46994913
42626836
48604786
71512058
24468470
73607367
24482336
73576920
70942553
76776210
23996787
75750716
77240470
40686153
61084978
45063685
24387898
70465898
47551391
74057820
76019417
74651080
44195192
76526701
25190888
75421929
47921748
73988088
76280812
71575763
77799098
74575982
73189093
44955599
25311937
46379233
60498597
44603710
24878190
42162355
46983991
74413579
23995874
44051793
60367343
74993029
43220941
44161552
43539428
24584007
74912724
72317412
73811361
74079261
45886517
24581300
43243334
46362650
40291453
24487686
44054228
74571590
43823982
75213812
48409605
45838786
48093167
24384361
74177351
72480450
70221111
43723075
80110977
76382110
77818814
41755785
24382858
75670655
62268825
41265206
46806898
40359744
77922495
42715625
24712643
77085315
77203310
42196123
71589034
45443091
73338031
75757276
44658433
40014955
78464051
74527883
44289542
72319218
74364035
72298890
40016502
77334481
43662866
40371042
74079677
74314132
43594821
78717881
43711400
24472797
43300639
74474974
71131634
74589813
41537334
44320638
71796289
29660200
25190547
24984394
80608077
60119466
41043137
23889727
41812739
24463877
62358309
41182428
42851356
23847182
77340305
42928595
48166249
41973753
73942440
75711692
73578255
44193654
24463456
73604111
24811244
47103664
60459191
40326402
71904727
23895734
23936332
47323116
47331624
25070341
42331581
45297173
63130088
46597460
46673877
74473058
74435050
41005545
76768415
73082605
23864824
23881791
42886989
74913729
74068511
73886183
41887515
42731062
10346264
47828813
71907301
71907792
71907841
72701736
23947050
72320058
74562196
42891342
42753111
70401692
41663152
41021778
25070312
73622036
71433120
72716572
73602817
47151383
46697754
74525791
24721827
72309323
44666569
41422585
24812517
42737746
41084268
73508499
47550320
76683480
23933263
23949129
40011161
47030460
74387243
25066451
45424466
41453302
74590885
24682949
24703076
73767813
70683215
70363263
73692684
71140943
73100113
23934204
24717244
45377159
73417171
24701185
43709877
24883215
70040446
71885973
47901449
44840454
74240793
24893067
45927974
24882716
44320728
74895034
73770827
42822866
10192795
71740370
46640860
42856076
42347602
73819847
73780104
76241419
47787158
80908903
40369132
75015054
47709338
80057059
72404536
25305016
76137243
47562002
47023575
41986827
72010223
74752629
47843995
76259330
40468046
48524760
41206300
24481196
70324336
24470575
45449463
71801308
76810876
24583333
72568752
60529273
24702504
76215093
24890110
45972236
74202300
24687740
74057726
80266387
73871799
60016890
42911949
46191546
40594273
46072280
48985945
41051303
70681970
72579556
40927419
24860314
71200762
25216262
24884012
47772548
25127590
76954158
60230624
76518208
23812168
43752301
24576683
25328620
23992367
71885428
71786909
71876714
23892225
48808571
73878284
41877098
25304955
70988845
45341529
76428674
76844442
73195027
29400864
23910424
47440222
72623758
72444390
75930917
25327290
48553120
73014713
23939579
43234969
44031148
78113540
42598965
09642809
45352546
73317016
25327061
25304680
45258393
43763964
24496093
23946003
23958258
42387890
62163395
73854277
73765468
40479295
42943326
46612986
44135593
73870754
73448601
76025221
25132475
24663453
73585114
46079286
48422314
60222337
24365634
77222847
73316740
23964199
74079303
73944637
40773875
43985609
46944559
41454713
76198833
40281278
25185379
72037755
41706921
70080793
42974719
77297764
72426480
46603670
24884901
75226360
46134146
46586441
23928594
71087703
71485364
42023315
43812788
23854438
24383188
24717811
48415401
40081681
24565895
73582623
40690970
74905055
47405395
24581097
71791774
23958074
45929914
42549814
77530378
62227625
60958432
24714758
76264267
71084142
47242926
74292264
47343617
71045130
76848189
73337979
44830233
44977994
41908396
25320990
07517377
45431046
71034160
41593543
47422394
73086719
42030486
48470174
78633500
40024279
45438567
44482122
25127494
71904640
07235335
75157744
71210350
23962158
46081004
40541067
48216452
74364974
71045481
71209672
45761069
72037639
24578805
43438594
44372675
76942577
73584762
23914888
74373070
41405551
48048593
74525554
74539480
74365053
74364636
24680668
62083931
24007350
41978568
42605114
46010660
44242149
23807034
73134865
74053995
43046382
76066872
25308592
61689360
23969072
40468057
40257426
23983271
10369870
70309368
61698815
71783840
42911945
73506233
24583870
72145046
46343680
24805546
46480311
23864852
45159080
24894776
43554076
46347920
76251024
25078563
23933165
77058600
40335603
41858450
42328527
40713295
02429301
72582204
25066346
48099146
73056545
23880471
42562164
72770722
76398744
24806054
47276870
24580981
76095524
42719137
43497298
24674575
70089143
76393288
48433378
24471545
75912856
76663698
41608551
23946801
74448284
76340231
43720562
45553616
74534865
73365830
71794943
44131657
48415084
25062739
71513843
24954751
40254681
46267604
41313052
73370879
23987406
73737571
44659327
75351067
74442153
70910601
46277240
42880025
47527657
73585680
70172478
73597253
73417933
25219807
42300938
71810806
60476103
74363429
48007028
62236958
76549703
75221867
41959029
48276481
42642970
62045710
71572669
23995604
62198993
23932469
23847460
40416651
24714471
74401144
73546663
23817802
25199410
72582129
73502864
41965434
24683901
72743430
24486810
61716053
43583765
25301901
76664146
24460647
41953910
74463659
23952637
73332282
75478188
23952486
73863438
42758522
24967005
41359221
25003830
02299521
76065262
80175528
71594008
74296744
80023226
78288619
60018343
47135378
76065689
73952683
77697227
70310633
71497190
74454445
47360216
74091624
71512074
24005954
71897521
73795993
41910575
76765672
24887046
76849472
72742719
44040680
48421219
48384539
45282713
40817111
45921257
24887554
75250940
77817971
25078638
74080889
75955782
60197239
46531374
45591932
42258657
07635761
23975571
73606255
76081167
24813040
48949498
41986817
24887721
41588262
25198501
42700373
71141671
73691458
23957225
90080945
45443582
80079298
23837623
23882904
75833368
23984121
24943168
23965192
47746939
48295536
25301893
60290611
46896788
24293773
24974946
44760462
48672658
47966268
60115069
77440778
41135411
73121535
23956786
60393047
74454431
40426428
70926734
44300352
23968692
44954819
76145222
29405940
23870405
46575690
23924685
41439531
76653911
77808976
72287826
40169265
42115439
23988801
75061573
71713513
45268693
73826336
74638310
70613100
75618848
23963886
25184577
45578350
70329037
70603101
41934131
77678574
23853046
24291664
44008942
44650335
71056760
74360945
44677513
76838921
80593149
73037119
71034412
24296306
48167020
77922813
70216297
24681351
73384055
48515850
43521817
73231260
47277782
28296727
24963604
78107953
46960956
47761633
45692614
44460537
23894406
23922668
43533065
71018445
46701685
61555706
48140703
47926728
70910348
48056909
74199381
76873622
47148873
24978828
42828771
74975202
24390530
48171368
44611358
77433602
48562238
73984316
25198961
77440137
45107082
43384485
40554168
47583380
45074614
45603295
48915116
75101284
77085277
23873698
73484651
41972942
76173548
41976538
02393079
60709491
45379157
40920278
71025996
72202515
76971933
77486024
23987297
76044704
74739353
76222757
76932484
73049124
23947601
24367524
23968130
01696779
45691256
44605132
76555092
41968604
15413629
75946546
24995275
44476992
46730316
43083007
41596779
43392348
44220969
72962578
45668280
47702573
41421447
60590362
24300456
73484520
47805036
23917417
70188961
45826569
25220242
46896167
70402802
43726939
47413739
61703826
23989351
73578314
77206487
23883243
70219087
45395781
41680290
46278259
77042657
71229366
48388779
75015559
25135945
24006778
25008136
44636000
78803921
62558845
43375211
45928982
23866969
08474694
40029719
75622720
60227295
72089486
23986474
72384766
46563060
42422326
74558530
25198475
25215257
74484208
72327351
25219438
23893848
70010704
47617857
41464974
44334365
77134724
74752047
42726193
46165885
42664215
75945673
75654767
45947100
63172842
24993431
25317897
73185115
48038817
78377564
73345259
73372169
48464611
24373008
77215587
73038708
23865870
74439968
76878243
74551273
24678975
61706313
29666691
72390684
72495510
73607336
73080873
42098733
40684635
61736655
60313994
24293293
72550537
24390626
47724898
71445028
42169568
24876167
42107493
73537752
24708686
00479285
72292686
73059395
43877615
80167087
23945818
43687585
24705198
46213256
40705315
23864528
80502700
73531701
40567177
23950166
72238889
43655927
46330814
23996534
73386675
46105677
24570671
75865706
45241918
80598910
42561283
45738246
23976481
77096597
76699276
70024570
72444408
06553413
45767934
24713609
75779869
25001526
40092644
24719161
25220070
42483948
41988923
74379652
41953830
73952887
47301769
76870362
25326490
24785589
77333714
74176731
48017943
23927910
77467806
60989498
24886526
75220594
43182358
48162102
41491143
42378439
24873900
76195743
60020160
25010479
23824400
60738729
42168923
71796214
46546322
76020474
74526830
30833767
76399914
71695109
74445659
44308835
40793367
48422315
44523385
48083542
73980206
48205758
73854213
24871480
24893472
76699911
77161822
60019611
76348423
29714749
24871505
43044582
07567519
43585368
02370250
48997052
10520777
77427312
24888660
76905810
77681998
02277879
23961741
10518212
24805173
24813230
30567502
71791507
76918581
22716387
29366970
24879032
29552669
24701867
76743569
77687103
24580507
24872345
24672661
24813083
48889561
24794106
72133887
44614308
48765329
62045888
40690999
23937277
24390205
60116617
30422320
43144551
76147947
76028442
29200181
25218168
43614113
45694610
62045184
42268756
24572130
48312200
75286592
76905787
45145189
24680251
79788381
73441291
60318001
73499364
74432813
43238088
28296514
45163486
71006815
24367201
74435414
41555657
71516994
44637336
24360170
60995855
76932822
80082737
70600058
24578502
24891206
73317738
61438766
24884656
76860280
24565821
24883792
71847326
40051223
73972397
42028237
76939897
73825359
23997589
75376685
73757824
73782636
24894770
75425695
42585531
75477638
24574638
76689349
44463399
48088840
76556194
42922658
48612868
43851808
73375778
25217977
23962378
25219838
25135864
72203404
43109541
70617416
71780578
71517808
24301350
71805358
76650120
75471047
72034758
74253246
74946654
45486221
42509137
76732868
23966113
76431075
23928353
40411818
41874684
77273024
77083257
42799878
75925988
46725907
74437245
40289532
71697281
23936325
24951967
45540045
23952058
42114315
70116363
25188656
23999664
24999899
76917761
80074992
24491988
76298343
44810486
71809011
63080301
24491054
76935587
75666616
75214888
47153598
24387473
48730123
43284476
47863070
40357612
74606389
70612158
74293825
46489195
24484879
61540453
62309117
73520811
72399385
24005785
75978707
76942620
71614692
40815115
42460220
42417649
44935341
71768124
73493822
40741073
46032994
77274731
25214608
73311630
72200086
73978287
40111451
71244212
24580799
72011619
76549710
25203622
76137174
24295947
42139865
70063997
73450779
80194282
45428597
40444379
44569249
70518005
74495562
45254840
24693804
43828404
24473073
70521322
71803286
48221689
23927007
77473901
73529537
42554332
24388828
25301293
48884279
77814875
77688853
41583824
46687798
40580243
40237533
62045518
74398608
43227630
41856437
29641001
48090456
76910084
46467057
77567249
73025746
73009787
42172531
25187447
24866836
24582600
70457341
42848819
74540242
24287253
25062096
25136267
47537769
77295387
47327629
07873243
41395242
71205766
24667868
76784170
77530238
24993476
23974166
70243555
73571018
41724108
76772924
75698428
40714223
71594266
23980863
73547108
45615283
43042299
73502799
70846976
80075185
42097250
41427148
41130036
47962125
25006099
70921683
24708055
07219128
45644942
60019690
71833539
24988407
76146878
24372233
45340351
76687486
77473869
75537092
24804793
41054007
74422122
76002331
46500966
73784513
45455334
70362575
40147560
71812166
24492704
73536124
73126225
60197934
71592353
47334651
45677345
24978835
23989967
25009013
72618373
73571003
70380319
76252295
80121821
77275814
73116705
47843531
76245068
77377162
76024993
60303182
73414135
24707674
40506595
24701758
24460629
76162569
77346931
62214174
47872019
77291648
24807477
72202209
40657261
75383857
28295168
23937367
63534527
77500978
73502758
76065020
43129426
47994530
42712969
42932180
76534315
75627273
70900433
04813181
73570995
60019893
24707808
43396347
78018396
73574709
45128845
77096000
42686706
24999385
24487731
60213964
45299316
76390748
72232916
42887013
43517461
44952537
41318001
24473496
47766797
24952906
41126866
72579558
41794830
74912930
73365916
47674507
24878986
77692589
80909340
80144914
75529143
80023005
41476046
24942422
25005128
23975782
43697247
46162010
44342626
24490152
41811840
42556949
71086850
24493523
60251290
24486340
24890807
77568337
71764255
23974077
63228800
74303271
73248127
78005863
73799700
42129784
61070347
25009479
24486291
24887845
46187867
42504378
76955666
24714973
73484628
23936040
76763154
24484735
42279195
47621936
24992814
42186641
73855667
43109710
24474849
60197223
74493065
72401882
72092108
71135433
78373851
72298551
43560364
72290810
76865277
74534703
41523515
45943170
77275417
48189401
74325777
73952448
43361208
01265372
25135715
45241437
44329348
62784041
74213636
73494774
80099535
60228833
76065017
74380977
75857522
74241331
42548111
71579303
76947400
46468456
42497797
44478742
46959479
24004252
24709038
80061557
42630370
74884075
74308676
73532799
25137571
23850926
72401839
24807157
73953609
40381307
24002074
40879983
24713069
71572716
60279516
77076911
74038224
73111529
24889348
74453767
71527497
71907845
76572070
24889345
44968623
74903759
71812780
24887971
74624593
47970200
25139372
45837835
40335624
23978946
24680689
47434814
07405857
47481066
74222397
47274044
25140721
47295395
73984917
72437919
24891227
46725705
23992864
76911468
78289369
47880439
25013691
73506241
23893279
75060750
73006240
24680423
70522243
72519213
25136341
71816731
47087614
45259895
80079762
25132665
48362540
72304050
74884523
42220305
43872837
23813602
71907781
42617879
41256952
80042357
40359706
24888925
44939951
23944807
42621410
31184819
73081361
73532968
40351459
41755331
80601693
48241129
43585353
73570987
46277246
42429280
72893436
45324068
47944063
77012213
72582343
73044570
74391751
71654799
77420416
46699956
42536467
43853880
73535232
40493602
29674830
72156989
45067426
40025138
42112843
73674800
43879832
41586276
23994396
72489309
46527751
06460440
44221532
23935693
60739732
23814221
40756536
80156157
42299805
76757405
41625209
24893733
60934346
23982193
40315715
60223108
41725676
24001879
23844099
23836311
43665667
47324926
23916131
23989781
48701034
47604596
42703648
45537196
24998648
47798258
76066152
70352817
42311763
60863015
45079838
47598644
71912650
24813478
77225317
43884623
73943904
40072438
24461854
23920098
77507706
40243378
23958611
04815251
60016626
42818145
74764137
75844873
73816820
25199290
72010151
24564201
41490075
45044035
23828112
80238442
77076142
08871766
02549517
41933771
24470765
62242456
47612412
71508360
77505117
76388715
70422005
41884378
70899793
43681955
72797677
76919893
25314847
73181389
43200177
80310595
45821243
75050164
76001916
41369116
72807681
77032061
76555673
23976712
76225620
24485889
75873013
48257441
23906278
40051566
24970871
72395025
23826307
76079910
72156002
24489426
71417350
72035599
71721906
42311338
47242298
75151006
46863695
74446664
43911531
76021142
46482873
24972287
42625973
73507202
47429485
24479239
70652407
23835240
43851857
24370688
43125442
73322871
42336284
75794869
60019881
75585232
78109255
43127194
76140949
41202689
76923180
44301743
24389206
44219787
73690797
42092106
48302417
76579862
72815637
44935297
29630401
23964147
75788606
72978000
23923171
71512114
41826778
23944224
43344504
23964430
76171306
71513955
73316738
43481622
41902461
23981713
77086449
60840800
42168932
76830519
41929994
70392090
42423550
24476486
41327928
47131426
72947183
44090263
75824602
75910680
76875458
80051718
47534017
47113016
70894643
75229806
72489308
44131683
75855879
70326979
74944535
74539698
46931863
74042124
41061960
71516171
71516263
71517944
44995824
47309481
70581736
44619324
48633498
43887087
43546695
46142932
41097035
76246694
72890623
45210794
46575703
44077336
73906538
43449680
71508427
74530284
77346552
75677651
23840623
73952650
71512115
73853311
10484236
48262204
74355621
24495987
74586547
24485901
70220012
24701372
24468440
73299746
62066007
47031929
71508392
76162576
24998887
24705937
71541545
40239024
42314813
42244325
23812083
24716780
75144587
77096200
61614742
61573661
24485865
23872298
07374084
47707242
73484537
20058818
24813982
74140146
70523983
43657537
77534866
44106420
24809484
24288528
74075352
21575118
80078187
25127371
71745850
60568890
73602745
60219184
75870828
70456985
41785036
40679979
74427140
70134544
25209819
76689229
45863429
77440335
74545116
45103751
40079382
23861049
43176376
77428642
24718538
45653383
24290557
43259271
43257999
62227557
70116129
74304022
47421379
45470452
46068994
75892795
25007742
24882457
45330889
46543130
45924933
72246690
46274637
63354819
44739511
74606491
41318008
45660807
72389379
46220614
24886863
42058292
48273091
23975092
23952657
60019807
72635900
25002105
73535048
46858332
76551870
41015028
47027659
76001274
77042550
47391452
77034163
42209260
74549542
46639125
24367165
76427340
46390915
40051205
25201691
44011001
73317761
80011452
47853412
41507534
42791137
74534503
23958592
24876292
76032631
24390022
40739753
76520883
43851301
43719561
48491793
73338700
44780133
70309181
76061286
76838697
28249132
45531162
72950105
25130101
44292522
42024387
43147299
73868305
71290622
47801363
48027261
80043423
71201447
77159629
41812113
47739991
42618874
44438619
44940191
23974145
41556369
79381294
42095348
24369816
43627670
75062472
77095251
77496119
44653655
45289171
76525377
40365342
45863735
47125894
25187949
74163924
76555905
71081972
44846216
74498645
43879800
79381643
71085252
72078250
77160943
24868143
24288346
48602625
71828053
29316447
74034086
24867992
40232990
24873284
24369395
25194615
48060404
75551800
73600405
41373389
75324515
25215145
44753175
41153505
60730021
44794863
23896274
76543073
47456233
40969082
42634343
44320640
48359296
45044368
47349328
70900393
76393181
40343685
48533919
75150532
43380758
77819662
73977928
60361129
73492101
76840952
71944467
75427929
40092156
23846343
77381869
42913784
76052961
25138806
43354622
71798450
60016854
47926898
80011522
73967948
71752460
30960279
23933650
42618871
80096502
25006639
73339183
25012256
24471679
48183688
76172126
48286932
73821367
43505444
80016358
63276924
71728461
43732597
23952551
74360934
73989602
40026855
42799512
40268540
73467807
40289531
73795989
72283661
73513894
80150244
45738998
77381059
25190909
76125914
70409104
48167004
42072516
41785057
74879774
76268833
73545351
73816723
76370115
74918293
23885198
44702321
42592519
75335506
25004420
28710457
76763998
28239934
72780911
02436322
75206434
24004913
76555924
70266439
75441154
73793987
24718894
25199907
77080781
24296145
24392423
72656387
42733006
25207809
42949686
47578463
80181536
76988800
74298684
46323932
74464781
73793658
24682915
60019408
48295379
72212774
24999457
31006539
29670475
23861177
28312015
43873703
24809794
44955558
70600092
43195571
72106553
40394433
24288586
76175577
73751670
70376450
24367384
71592352
23981113
44163263
23972897
78716624
73709362
24990404
40176492
80053157
23864464
24714329
62330891
47937552
74446895
24890547
75802080
76205835
46898317
48192823
73954892
74431782
70584349
48098340
47431574
71904636
74544084
28713156
75776243
46993012
73631750
70456953
71497198
44535530
71794849
74396648
74555729
74525861
41922148
78780078
62295470
73782617
47701529
60019454
24473161
76130258
43357748
41772332
24804273
43823977
61863321
25199407
24805119
47652684
77493767
74451517
43681738
25218863
24713317
75233019
74456847
73599791
74687216
77709807
48365536
44517097
75689156
23838946
41962318
25223223
70270279
80081276
24810815
23993482
25197035
74536802
77096250
70416261
24805133
44848775
25215751
70938463
74199404
42544225
60213968
24806678
74420642
25197244
76806262
75941341
46095355
47622931
46372239
63054852
44299066
41240701
25190954
43932305
62045232
30650891
23897092
46660633
74135174
41162493
40698594
62045674
62160705
70982295
24887506
72013234
24575057
71049580
45126217
24893400
74502406
24887598
48226613
45635707
43771349
75733625
45763066
43679794
44027189
47213562
25300978
71493777
10001838
73074500
61181810
40410618
23943878
71163262
46937759
40576072
09108207
60672715
77542494
46383185
73901547
24887561
24785578
30963066
45731547
48302204
71302344
47288326
74903673
24868324
42531109
24881698
75157193
75148291
74758319
74752151
42848828
42985669
23964198
77805782
80033361
46806941
78012316
74571403
75725694
71812788
42480519
78007847
47425337
73779631
71941968
24578914
46472341
77658721
74475966
25133641
73995786
60539894
42009073
74151444
73463217
44653704
43466869
48610181
48310888
72422314
41013299
71863789
71211407
41107936
72009283
24995198
71744920
43443654
24990142
60117827
71791401
77491652
73062157
46221130
04438125
76225557
70977619
04825192
72011627
75980109
80016195
42877328
44616174
48023736
74601743
76019934
76846892
23899576
73185052
23967638
40972000
60270743
41529279
09629599
24583646
74227232
74176865
74214930
80199868
77808702
48310553
72389414
43855258
24891078
44002135
77911698
45875314
24693976
72751217
24378564
23988101
40622941
60021778
42618900
24694798
73690807
75062540
71107981
73954247
44861621
23997188
43715430
24490314
70486952
43129610
41596864
74408883
23945715
71699918
72098661
62275074
74323655
75998418
44159036
76775993
60119534
48412691
43665716
76088042
72288169
70367975
46111623
72571210
42399540
25217197
76882466
40338320
76018464
40194564
23959987
73088800
23888052
77320723
77675703
41916705
76904605
23994341
76145221
43465199
40323583
75051609
24566222
74719979
45670609
75226325
42731885
75144550
76209631
41422951
43122935
60244822
41424526
74434396
42443012
77693715
76160777
25190749
46006577
24284526
43915805
74914194
73659397
71801381
73981771
76835299
44536586
63357202
72167457
73962014
74290979
74535034
80007119
77236568
43699685
76061723
24382792
24495122
42799869
46188728
43205129
40088770
76161765
47218025
74649440
47394038
24571151
77272794
61235206
76257240
76842713
73078648
46743194
77095842
25139845
76930979
41182411
42046080
40360738
74414395
70678955
24573957
75696801
43357715
47920010
74544858
75318950
42700028
74472993
74304058
49006136
70612604
40335646
24369651
43883758
73661946
47353842
71538700
42321484
71799730
48804042
80195240
73872479
24462772
43906385
41797403
73818035
43618366
42783126
24804569
77274560
24701108
44633001
25191297
47517404
47032498
24883616
45344202
73779459
44189700
24575301
41632325
25209834
25136162
07639501
40721878
45812340
24568191
24715045
43154806
42432045
72801514
72774128
72618388
76687120
72547506
41451782
77071447
60019699
41791675
71516221
74911314
42930870
77294217
73516933
41143184
76207672
74884090
45779026
23975501
08365361
45431371
74409761
24789128
72110375
24993643
43683622
40395675
44684316
71907854
46348040
73365816
25315038
73797959
74245579
40075097
25215568
77576820
43871016
45590114
23821071
42873877
72156919
73323244
74730615
24391260
40152905
76205895
40595912
47310589
43798747
10587621
42382222
24873786
23866915
73658213
25311624
45464015
73806342
43915860
45492180
47640694
43499586
90323514
73301258
73500443
40756547
43646897
74379638
47002589
42700986
76685179
44899180
71081161
24580086
40762453
45211710
25214351
43182431
60569872
73578185
44195384
43951322
23965438
44193374
74776100
71140929
74739456
24387122
45606524
73568177
72449975
73822962
71091318
24575630
40179916
40572777
24291181
24382559
40995263
25218804
24571682
77169672
71863822
76380654
24491195
23890502
45360260
24891217
73318355
42294885
70571403
24715868
46088029
31019570
60343477
74245383
72649194
70492662
24890079
45763111
45488184
76049653
25184292
76246678
24884812
42466217
24803412
80884636
25127258
47330567
77017336
71700044
73583335
71867864
75335825
73866958
23991227
40550528
24301345
25319187
76347518
77032308
44585273
42772754
23897300
24386597
43395868
42840215
75206821
77909647
75458181
40329469
24482197
73546342
24576761
48167579
77043912
24661459
24581854
43347186
47015589
44317342
75725824
74320026
73602010
62045284
25328583
42699728
41655115
71519354
24991328
47072199
73518763
45489793
42137458
76238190
42927145
24388860
42988253
24005677
76462013
09128085
73942443
70457643
40432202
71560323
45163977
42368031
46906593
46107436
71111504
41287751
45291006
44012867
47481755
77128035
40070659
47788384
72557606
60019414
24874105
46116966
45048331
74918300
46902877
73980942
76185292
77041324
71558502
74414399
46071768
71328970
23880470
44416943
23857512
76260269
25764143
43516908
75282988
24468469
40389201
46624575
23859021
25317473
75111683
24709330
40918997
40663554
45833217
24679641
41597060
46092719
74616012
24000154
74952326
78018710
43120118
76088610
23981389
25133230
75101812
43111280
76882083
76227766
23957212
73113445
74073785
44299087
23955448
24717650
73606097
40894089
25214306
71604084
48870270
42106392
24717634
41851068
46540354
24470804
42816080
25008516
40035798
24717084
10657093
80189390
74421640
44320711
46884159
71547196
44272169
23866979
24584203
76157810
47970918
23825954
41613402
71527445
73815080
48196617
44376308
72944727
43965710
73807836
75788390
74384186
71512141
42880979
29635916
77488032
25012567
24361689
76699777
45851347
42096668
45278519
44137987
76078091
42291825
76388337
23923893
60216879
48415805
72292700
00516095
47274416
76414881
75725849
24006766
73892140
71586469
73256934
47518216
40050633
47046850
73979292
74055355
23961108
75923286
76776004
72706906
46580464
75768250
41140485
24002916
70063396
47049876
71847055
76041683
24375762
43231334
45832545
76736131
23971769
24866067
72640037
62045583
77499233
31024785
74317471
73989171
45639483
76175972
70478731
46067371
24460315
72109921
41157356
10725185
71901876
42406568
40172734
76020780
23866774
25200880
46261064
23856552
47729369
46437345
23982947
45391402
47142856
47146959
43203023
78199772
77691005
10451276
44477647
72009842
23919112
70419619
40389663
23987740
76844080
41067844
74540243
75094941
77795453
45683767
74882054
47760246
06297025
25301405
43981107
71725811
25219214
74238270
74372888
41783835
73494792
72210974
76260906
43880939
44179886
44766171
24996063
24789181
24384499
43386087
25189405
41329288
76727796
71508268
40067243
73819823
24813438
72938416
41603210
46691194
23892972
46379669
42596953
60275840
43808174
23873560
46969240
42997729
72759940
70414455
24790710
25327045
76592919
43758384
73820247
73467826
43406456
44040300
41422602
46904246
25004966
77570367
41127962
70359546
23965998
41786918
74913741
41976489
70820038
40714230
40719341
76035875
47479987
25000965
24703936
40619169
43623368
24791120
71828060
48553432
63054986
74442381
76873628
73888936
43184319
24586065
70599887
76369248
71921929
23962792
40676699
74381633
42179538
23953074
25072181
74420343
43827385
72604082
73888278
71201668
71086779
74622816
41529472
73527859
74022591
73337413
71798415
71632048
74096668
24571247
70219997
77097508
75554841
72304041
60478609
42429275
25135944
46976167
43408536
45948326
74056539
71908119
47494721
42762582
04828935
44574481
25216075
43037239
24581327
45856744
74216399
71699968
73665102
43293713
74178154
71586272
74168052
44120766
75230236
23997445
63128125
73131060
45821213
41596965
48377089
76052514
76389431
72010925
40539080
24703057
75824801
74056613
24715949
41813339
25127599
47028143
23871882
77127121
46743182
44276376
43391757
47028142
43858498
24576668
76873614
76818532
46461578
73765442
73949550
25004988
43860545
46063868
23944758
25208326
73786438
74420644
24486385
24944497
73797179
42314749
25321327
48162794
25135421
24487736
77322690
23998281
72894500
70469672
28314052
25203558
72013115
71829577
45526593
80174281
73420059
29613985
24965624
41156129
62637216
47797173
72220457
41911377
75819086
25310061
45931467
74632247
63037577
46139342
73194644
23936840
74421713
76661659
73797011
48093184
70925088
76834458
47882616
28296212
23940974
42184848
72111413
75061349
40653688
44888080
24966496
46995797
75051002
73101039
43470227
77159630
80004561
25314692
72014666
75903352
45346679
24388466
24367558
77133926
42746310
24385213
71794990
23988235
73484768
40521714
24379185
42037150
77047318
48366873
75867764
76907528
74458437
24576840
75871257
74473384
73656954
73546341
40870183
41697282
73438970
42272700
74536843
24793507
70375440
45765621
43004111
77799110
44001572
42604539
74546298
23956032
71112313
25131337
45091432
24390890
24367355
80357522
76205061
24000530
46254440
76558719
25006126
41440956
73423219
23982113
40069432
45043640
24890852
76031631
45459353
60019046
23996340
46332186
74420606
23941248
41699022
41629557
24493589
41779862
70571405
70808711
45205624
74651146
25310530
76664208
24570064
25216315
72013096
24300434
47590071
42006244
75939250
24791149
45518111
74173879
24576767
72246497
48712362
76530353
73803062
76817243
61008994
40834153
72575468
73873366
25318215
75752197
71609891
40196105
43581803
76569858
72740675
24716444
23920468
76259915
77042658
06527123
72751371
80184450
42297814
44533374
70291706
70757303
73989860
80037762
74282024
73796207
24293709
46108261
43004683
47824871
75807764
71697995
72131873
44450719
42031838
73953718
25310723
48322821
45913214
48033900
24492158
73032986
74481600
75835991
70031722
25076932
78888393
25140065
24717480
47770832
23894656
41796550
45643159
46754937
25214222
47514616
24006342
60323853
43714166
45782928
80912003
06506154
10558613
75968493
47472367
40915008
24488759
77103287
71791622
73320504
72409191
71589001
46810344
74575984
24467146
24994272
60572302
74496309
23974892
74884072
73319098
73502791
71828129
40329813
48403917
74727406
74750800
23824095
77057778
71201570
47657719
44164214
46079448
41794923
45598968
72101011
77343573
73457561
70445680
73330308
71809024
76375269
44644897
44417026
41830056
25199184
42519560
72101980
25328744
44814227
46945055
43244907
40650162
71786794
45323144
72230960
25328798
45462289
72038126
25214732
24385873
24296437
25139993
42438416
70604517
75365619
71050518
74282138
73481403
70243658
19837874
71005515
47929170
78011749
25130309
48188588
47008229
23937325
41597352
76383684
73347898
75231982
25322590
70551975
46003316
74502252
23936229
62071091
71908128
41864259
47475383
47009913
42718262
74398724
24661115
24990226
74873634
42519546
76457571
42482650
46170492
24368459
24378190
23892303
23843915
74572597
24488333
80265038
76653002
41424485
46108195
24566893
73198005
43190693
24943686
45902931
72948425
74054929
44359768
23896992
70606063
74476867
71708923
74404776
23883586
44623036
25302636
25187848
25076989
44786119
73299544
23828441
23971695
23962364
24720538
76838909
40024947
43633741
47540316
45228015
24993095
24382729
41672419
42076920
75111725
76256221
41302299
72539300
41074847
71054232
72800230
23952219
47834155
60303174
76227009
24803174
75453606
75807251
45169502
43710032
44993282
77202663
40232996
47844737
40140443
45569866
23984236
47467582
80625981
42575798
40112486
71907344
25203042
45205642
41120945
77299791
25124564
25323222
80005998
23852964
77675261
41728301
40770497
74062076
74496237
43180410
60995847
74365050
42969718
72720142
23954593
23991490
24489026
40176839
77013386
43543513
71941857
77042654
75849852
45141152
47042329
48258106
42404673
77147844
63354374
77377559
45177445
63392562
60325750
42080486
73137225
46142899
77439718
42618258
76067349
41512867
76028131
47846180
24383462
44386091
73457319
24387213
45698081
46966157
46771741
43989768
23916859
24389546
75916096
47974561
73761741
41369146
77808903
76420677
24716144
24668197
25215801
73329199
48407038
42926041
73323548
43027023
75933433
24705433
80011165
24670269
70401727
24665695
72903908
71132365
23838783
62198955
76027371
06303606
72446874
48126833
77467767
23946447
43615452
44272160
43497293
73748736
25187925
31663619
74789904
71054760
42632604
43693732
24391633
80189073
73477206
60115311
47276861
23968423
60017177
61689380
45702256
73439027
76817884
42504339
74925208
77377009
81113066
73825421
24377146
72082040
77342561
23840679
72749402
44441571
73668737
46355227
24377124
40956796
48296072
47281656
47507282
41263573
73439006
73862258
42229105
44131806
42081325
24002500
73375328
90162447
48109067
45741098
41817273
25062105
77077882
76837203
40868352
45134164
42466358
43772912
44633727
40575909
76555089
60341030
07613713
61658050
29660138
23932409
74063591
41110639
45983458
40750274
23814465
74408672
42747003
74163949
44455139
42300942
24876610
41935818
42823207
45619482
47556459
23848140
47374660
70486465
25308062
72163126
44225109
76609723
23946610
71255655
24388097
41715073
71631961
41800419
24482660
43179146
73378665
23913085
24804519
70031679
24486672
76511392
25006358
80016324
71905673
23954398
43638471
71600787
40792678
23954513
06441358
72157075
75932154
23962162
47461918
23931104
41826776
45249210
71780169
23959617
25319738
72963054
78107752
76046814
25321020
24803360
73771853
76862249
61160674
73874967
48267007
70374032
71754916
61620958
76216271
40416731
47179630
25131296
40042207
71042460
70548264
46335070
76140524
24695742
72309225
46186932
24706885
47323147
74163961
75050952
75056344
74544663
24707518
70361663
74040830
43380096
42875524
76175570
76427337
72746203
25006207
07925043
72638115
44570274
44809529
25134684
73231586
71829813
74147568
70515857
25122159
42591525
73779547
23936617
42324342
25068683
42682557
71508415
43634072
76535905
48896958
24710884
24488584
48703622
80016694
76195843
40618214
42066252
70678962
43714331
76698953
40221035
43333985
60219426
41871774
73982314
45746724
71786920
44952536
46912641
60249163
73951409
80186273
42056783
48610318
60016514
46896794
48425706
73952625
43152142
40548976
74097098
71904632
76018412
77292716
46897118
74534216
76215809
46371104
10509987
43535760
76033695
48324255
74324856
60313980
25068682
73231493
40365495
77294726
46372298
45476668
42059238
44635995
74552374
76905708
76505338
76402531
76986378
42003958
40235040
72949843
44535540
23866916
70410905
25076971
72965409
76162191
24385176
70354695
42447016
17447815
71211440
23857890
24803309
23940824
23975011
25137311
40625255
24677488
71801014
47969924
80012035
60017314
46181588
46678259
60561276
23947832
77922474
46672955
77793362
40540681
46803383
42331173
60560087
72409238
76747913
24992252
24367065
78717390
25134013
44619540
76018970
73583544
47963029
24360022
40956456
44450617
73862767
24366174
45177459
28308345
77172045
78113073
42921646
74369846
46354322
43613535
76207792
24717112
41204741
24696808
43015897
45030066
72637607
73232666
60498328
42165970
75941849
40595880
74600029
47120391
70857044
42812593
73073704
76127503
47163641
72173880
73999289
24813566
60117878
70406208
73995753
10210722
75993208
76602063
42615108
24808065
73779532
41460194
24007408
74930685
42318282
42616803
25319685
43402669
42456619
80149577
75434324
23859825
24285090
44000248
42094013
77043005
43219083
44860346
42152151
73418429
47744789
72943696
70923067
41959071
48463234
74056835
24382974
23875954
73748534
42312242
47146383
43905550
77536576
77819652
24376858
77071456
25070295
77489300
44071789
76822612
45276380
24000113
23856545
47765516
24293380
74199521
24887991
04821322
73619702
46059077
25832528
44077312
25070158
71517942
73665781
42258416
73861972
46699955
24378480
74385423
74630494
73938896
76440211
47002620
61698842
71828800
72884825
77485380
73854079
47418442
71513889
41275155
75935053
70081313
45705732
40689587
46074847
44031153
80158342
76449546
23801882
48765324
25064050
62844345
24300680
23835768
74484793
43602597
74410456
73494806
25301140
23998807
24993987
23900059
77247129
76650329
70080765
24003191
72220509
43965135
24809815
75168910
60339972
25327285
63054907
41596875
76838030
24808461
60382065
74637802
44133080
40280862
25070262
77339641
47247526
10482495
25315176
40628373
45471268
44724736
23832596
71907833
72077126
46673813
70580954
48234584
71818044
76595880
24291979
25003875
75395170
46617896
73420679
24387029
47620471
29692701
72244016
43815325
80356601
25061066
23910275
72579601
73862034
71786852
71813784
48222816
46945442
23943529
78461964
24720489
41388877
40050022
41135395
73629720
71211238
43845607
43774307
71897551
60534490
44920056
77495199
41731935
48360949
77438487
73350457
74502469
77538376
76297208
75739183
30675484
70665162
10285841
24869499
76678089
74152416
45766550
24565504
72014948
72018434
42943336
61864672
41165496
73545184
72106575
77803162
40748098
42778475
74458926
46149503
74911608
25135708
25134844
25124276
74541511
23678339
43696741
71549020
72389565
76876286
46553521
23462204
71906289
23548336
70882812
28563824
45044404
71614120
44040733
73827009
23704623
46362661
21871298
44916999
71714789
23367611
72285265
23461911
43766081
23463595
47942895
72280245
21472501
72502904
74419219
23553655
60006819
40965978
41671625
23698678
74890208
42552264
21526774
72002943
42602046
23251715
73610019
23222366
23222567
71816450
76367747
74164597
71614326
23674414
41962365
74646788
21530642
23719281
45294546
21573394
23537407
41875419
60001315
73509473
73616135
70490822
23709775
42650501
44608166
46764646
72004735
42962021
73504554
72780466
47581322
76977198
71609774
42335090
44006884
20060785
21805881
60279238
42104746
42984318
71287729
41411632
77493873
20971461
10098189
73758745
61560120
23230450
23230451
21247105
40278373
70996264
42416980
60305088
71277340
23664130
47820014
42150946
45287736
72272979
71240046
75850823
75709238
71420015
70441964
71097628
23671908
44017452
70416747
73543575
61686406
23544490
21411845
40153999
43882162
23691489
74568550
72011193
23558782
71393261
08301319
71725636
08178672
70769814
47229169
43117009
43769034
60343658
42900614
71383086
44279182
42929211
70221191
80047535
73171159
72701685
41869268
23379225
23364951
80075974
70074699
47572442
23684623
23394470
70120709
23717417
71552107
71270737
44491268
23663168
80061836
71279878
23717302
42395953
23683518
71644002
71623513
71056122
41107223
07915138
70166400
74059159
72976350
70121418
23706721
23671722
42108659
46228267
73611674
74685451
42816191
23672823
21885035
60145717
70756604
71546628
71553704
60048024
41603702
22306685
73776436
23233558
73424182
72046852
77495073
23451246
41287821
45581743
23565269
71383153
23277567
42591758
71383272
71398417
41162337
74968021
80035622
21490522
71108385
62005906
42679162
71815953
70339084
23547303
71092880
44278488
40115429
73994770
73488353
23471847
21534301
70120260
42751122
72292470
73414012
73813952
07976639
42541611
43200542
70125569
70904433
46939772
23245875
77091422
06696583
23702824
73948209
10257721
71692017
60576711
42023171
71815897
71373128
47130547
46939775
72249947
43459571
73667802
42887021
60356601
23451058
42015972
80030141
71376097
72011113
45119208
41947001
46605719
44559218
60210062
46964838
23274994
23470090
43356141
44195516
42048544
71529847
23461903
42401246
23526852
41560993
71320985
72295905
23546850
74909499
23534659
71629036
42392480
71321041
06962129
09703609
45768007
44579519
42627633
42038740
41252742
70807929
40800552
43484137
23222308
71280386
76956429
74420716
79463448
21548070
70347627
21886696
74988473
42757968
19807447
72502463
72039758
40238161
45294445
41574391
21535250
71720838
80061603
76009628
46984057
47575374
80021538
74620991
41776432
70905375
71113736
71398483
23524490
23523696
75908917
46825338
60396414
72383504
40416925
60048533
21885083
23217072
22307889
60046552
21887644
09282894
21783089
41974940
72376145
23218429
43001704
20019733
20080887
43861275
71954684
46165380
71546748
73496231
40245585
48390690
45348220
71750950
72502442
70379554
71798611
74420911
44606235
70856518
23715302
42611091
23364909
60046616
71304967
71549775
76814879
71633733
23708076
44979212
20083463
73711254
73682071
70119336
60090712
77225058
46538203
23262131
60290526
20114371
46874280
74590802
76981864
23259767
42094606
23242567
70523092
22312819
60970917
23449233
80107946
44174396
23227582
43396638
70354186
74426006
60048345
71904190
70295523
23688566
76004743
21010830
71897390
60006718
72038352
71810507
42619336
71579461
44649069
19942788
70989399
47889879
72502508
43804101
61619684
80279894
43633058
44359623
73706755
71546607
44591521
40572825
71815907
60146625
28295759
44146662
70790930
21530258
71139296
70361829
07263217
71310903
70608264
23700535
21811994
44696216
73226837
44158332
23457215
74684618
09870032
25805541
77287097
70372868
23684006
70409701
43521382
41930175
23648659
46943237
44954896
46479239
45842022
70867805
23673991
80321420
60269556
74970375
42411647
71665059
63041350
23552451
23252268
71800550
70893728
44462239
77807164
45726788
60210072
60004369
40769023
75543688
44364922
21537085
77022390
60106610
74441111
48912120
20043220
74848387
80107606
47192929
45956586
60093274
23449086
71382558
20040844
77462314
23700984
72384866
60233839
72476264
70998276
74633328
71278627
70788901
72007844
10656182
71738958
47052987
06800733
42110320
74084885
45922959
40993740
41806107
72102175
71483847
60047215
46914342
23557579
20005504
73354692
73534333
72013334
71961380
23528541
42638310
75824892
40900731
70793611
76319027
71278804
70311384
23676814
41604454
71556556
21864930
45163768
60046255
42912742
23224442
43094472
23276840
23535213
71098680
07602085
60046473
60046630
70441928
74353532
06560597
73614481
23659622
71552017
73508096
41599522
70679724
71932096
45002463
41338737
71644064
48699489
42238662
78105329
73654847
43706595
46918569
23536178
70125564
08732834
45978292
74216412
43195309
70312495
71277609
72502698
73474153
71808801
47075255
60145718
71321044
41765343
71915886
71218166
23003175
44444510
21837099
44404518
23692093
43707330
23267214
43350898
71552071
40249740
23717522
46755988
70822661
23246301
41808327
42584552
23520998
76809716
41456676
60371611
09498645
47089457
60145663
74940736
45168781
23455226
70499198
71968429
77352949
71383337
09661336
42078947
70327470
23246317
74960720
71668010
71375891
70312505
41033059
72384847
21070767
74047853
71895737
71816404
23523116
21535520
21531807
71113133
23535282
73792399
77102978
15436190
70295092
42017474
21839795
21830070
45038047
75986876
72018764
43670575
40555552
44092863
21448183
76697458
48944363
70480949
23531013
70377214
42084911
42887025
72015964
23537170
23535411
21524485
60048112
70780636
40104896
71469329
21577879
73261800
60046602
45778450
47299003
23545805
21559061
21530540
72015164
21545634
70904419
21403654
60338707
23526741
42503772
23544020
49020056
74595623
70441915
23546851
71887421
44127779
21476161
23542979
70361884
71081506
74568556
62268575
45113149
74543065
46426368
21526352
42679164
70095207
60048059
72018843
23545376
72852683
23547086
70790954
23525024
23385173
72383547
46980902
48668934
42871664
71808599
41721330
23532598
72480411
46044228
45254572
71379307
09897139
71614347
42008186
20041215
45005192
23682670
75385050
28315013
60048576
21426137
43998796
23200788
70523108
73224079
41477061
73713502
61028234
71960484
71514129
76201809
73776120
22272226
20002930
72241559
42665883
42475922
73376843
22245569
23533382
43817591
72002582
23241492
70295916
42043147
75946659
60290556
40151149
44387190
23222266
80079473
60004111
78107172
70545754
43981905
71558334
72049018
46890962
23691042
23246345
42917778
72014774
71944002
42566404
74753330
43886609
23272607
42008176
71971646
44881955
23705200
21552320
72097918
77499506
76390875
42875643
42410467
73459574
77464459
73537258
23704401
73651543
45347778
44963960
70786210
72384817
41512663
74759568
70788920
74900310
74084005
43394475
71376111
44778624
47452329
23270097
74486928
23248696
46349351
46882961
42778514
71943980
23230295
45469036
41120718
74433430
41546375
71725529
23664552
72285491
72273463
77352416
41557038
70354162
79626196
73938854
70523104
70781910
23271660
74400800
75265664
28602747
23554498
46902887
40237944
73776292
23453995
71382525
70176170
70200246
73794199
40844149
60048116
22306717
42723026
71810114
45927990
46550369
47456332
23459370
71376336
43205267
42371289
43769041
23713875
42553440
71718324
60092984
60448899
72366609
71415115
40849435
23232212
20058365
72013491
70916063
40324465
19985031
45345420
73611737
71313325
72081190
23461140
23539003
44699471
72279922
46054031
44621704
44760057
74217646
72275455
23530226
74449381
41035125
61662091
46358305
23544832
74759563
60004408
44730774
70301128
20071345
47729021
76790454
45145219
72051665
47404167
45659546
47262830
46817752
71240707
71115236
42209855
76771289
71647722
71484491
70191858
46833186
71843816
43358653
43236920
73626853
23265104
42395624
42623459
23645737
60046336
70397854
42730604
70119790
70407641
80061841
23537553
40974667
44051214
72292374
23688892
71346231
71810440
71623535
23704887
70360615
71280799
42237312
60000977
47313863
10184649
73616517
71601627
42941045
70442007
40749972
21547437
42535373
21868989
21558409
71728208
21487859
72272886
72241571
43496465
48651220
47459396
21461301
71039383
71730802
23699935
70196139
43920659
71776584
40136202
72019104
23678310
21845202
73516255
72154745
21543155
43218361
73653237
23562575
21572698
73609571
43999780
20006324
22294825
76840467
23708719
48560306
73427569
23222866
21467148
70811091
60079674
77333539
43052316
71723436
23462161
72267506
43475319
23467213
47418703
74126512
45272460
40638671
70790615
23563581
71295150
60203158
21473817
70361825
76266369
71875988
43052319
23565520
28271326
47079265
71933650
70804424
71298578
42933672
71725664
71816039
72267588
41805357
42027502
23559205
72339583
71809249
46892647
60004333
71600681
60499669
63376963
60145719
41301522
42424460
44230852
60006324
71644045
71549517
23705201
70793059
43697831
23535448
23238149
74828321
23239264
42503754
61353080
22319693
23267304
21872851
71631307
20036016
23235494
40605530
23558535
70941804
45613285
70310823
60006719
07687641
44946068
71775340
71544235
71767455
77080721
40889943
71808633
23527563
71901471
47292604
41417426
43024175
70858033
20115721
41807806
60338705
71891893
70379594
44163634
71260118
43883803
20072902
74568551
23528906
70523895
47172871
72502575
71904460
47324034
72102185
72076723
44408841
23226431
42985044
71904414
73947075
60046802
23467747
73224036
21872777
44701572
46581620
75054961
41126978
77567524
71320991
20057597
23465284
42122778
46736833
45456636
41201804
44795292
23272730
41377919
77068608
23238153
23709799
70151421
76922967
73674881
44420723
72510191
70429166
76823734
71278666
43334097
23239370
60829993
23238968
71620690
71975104
23565313
46199633
44341573
43079927
60339637
23553726
23264629
42936348
46325127
70491063
46968642
70922808
73315794
40705931
74531261
23381484
77429923
40159734
28300548
47661879
42018249
80001490
43239850
71607200
71614252
10701693
71235118
70996263
08079719
23645133
23246366
74420914
42763758
60235144
70506125
75080763
77354114
23248057
45425309
23563768
23674477
71665215
70084386
41386696
71885005
44687025
71781561
23462088
44486048
44756123
71205067
43008244
23523259
23682836
74254717
40072928
70074629
73609577
10604367
46086542
71999899
23559438
45657610
41448341
71968498
71781351
23233538
60236708
75759821
44655861
76202026
72770541
71816407
45038002
43865071
70818756
74543064
71315837
80107823
72366625
23532525
80107982
23524278
23709065
46775520
41549061
44935695
46761943
72383579
06874796
23534661
73617894
74773835
42535368
71813359
43116422
41045910
71926103
72015075
43208369
42736980
41817039
40043326
71808832
20112252
77348674
23526271
71885062
23684988
71390409
41733841
44424357
22283441
40101921
75582690
23534610
44206014
23452205
23214538
75970800
71920918
74931365
46573519
40278383
75561946
23676651
72277625
46397664
40452267
23464191
60244766
43196274
70354450
40703666
71623555
43256866
43008409
46349724
78721344
71812448
74548791
72283420
43454830
70295931
23523175
44406803
74032697
71827509
23705211
71647685
23663260
71798040
71739055
71373118
80046098
23691003
42583287
70761163
71340195
73929365
42472643
72272996
71280838
70769440
75165601
23222388
21871435
44329533
46639165
74134350
71830325
74568553
70543404
21421926
23450039
21795460
48263148
42151144
41930032
41097557
60000957
10249371
47507420
46663972
28281779
70940402
23214856
09928540
72605246
23554553
70120554
78116820
72542806
75066512
40697157
23455119
71978692
72120374
45036154
20119323
20052685
74173443
23278074
23687267
42661549
42702026
74058138
71551882
70607767
70302287
72097950
23224197
47606425
75062505
47446087
23214570
73204551
23522926
23220426
20017231
72867865
47142773
74428416
45588254
76983187
74572366
41624469
23239336
74445324
71659460
73616538
73706038
23254080
19886479
72259108
40394503
70245856
71929713
42859150
70785960
23702186
46580169
71121405
70893758
71656912
23229254
19854116
23270812
73669203
41097452
28529323
71375562
71549490
71651722
71556515
46223995
47708228
71519276
72279813
72032134
45586945
40791439
72232566
46943920
45483909
44650357
23471713
73208792
71876504
20053447
49049310
70982915
43101979
71544399
60456870
72911703
72887690
73994646
71607112
72297719
70236481
71270236
47018840
41965521
74555421
42109673
71964455
70987986
60686306
23668804
71546574
70878808
23641638
71659455
73878598
70134645
22303727
60106175
23471764
71609668
76441325
72277445
70199693
48498036
71974442
45007286
20657656
60901365
72809295
21879636
47021485
48597751
71398700
45994814
23698674
71280635
73939971
76380206
23270359
46631546
77132209
60048716
76457705
48587271
44980344
72267501
71550308
10501702
23269677
23444232
80011655
73616327
73787192
73819178
71614095
23271797
60824439
72770686
73651256
23461591
46979131
71876500
76915619
60252646
70609702
42931715
71614057
41571343
71546845
72282343
41817209
47039779
47042114
23392502
40710978
23688433
20003371
47844208
23229913
70888562
23201846
23266826
71126778
73134938
41317447
42037457
60092360
40723324
42057298
72811754
23254295
45307529
76127447
42875796
71058973
44317075
45025810
73807247
45217301
63480269
72359087
42101041
70784916
60046211
70310744
77082602
72867840
48940158
42994904
61267688
44284866
71346448
40848544
80296378
47532015
72389562
80566067
71349225
42774498
46307761
75059708
72093309
71919267
71552133
71549340
71277496
44815386
23555603
41997711
61627897
70326135
25819684
72044070
75226956
41139067
47567558
72277709
42215408
74926219
71948967
73793965
72046758
77025183
42907097
21871478
72449661
73760014
47672974
41611736
46248801
45573031
71544408
72088947
40059875
80144665
23711335
48914224
74439103
19996406
23673779
23253753
42964188
80633509
71282377
09242845
07666130
71384209
71543220
44666698
44703857
47067153
45325805
23263399
45800939
71400375
47431848
71384292
42289107
60211991
23698698
42394145
73947073
70873015
41764099
23241119
71059003
41510797
71906654
74356754
73713499
23241269
45032429
23546476
71420017
75709249
71277959
45500846
60004112
23272606
73627351
71296793
71911763
71805065
80005763
47936215
71791111
43709453
71660231
73793961
76857998
42627008
45488570
08572547
72237935
20080266
71816428
23706186
41863476
47879050
23222185
73964325
40367059
60576693
42147310
41028980
42565197
20079978
43991468
71556765
76067188
72011202
23451220
21814904
71725570
72603607
70327493
23214851
71934773
41375720
74421514
40367032
73711995
72240198
70504489
74307652
23447429
73442312
23457176
80047470
47938078
23652857
72383515
75591706
47549606
23548857
44333945
61619683
46843314
42297816
77695716
77689043
23695459
71816244
45897800
43458639
73516669
40920441
23719319
70354023
43338692
10155184
75520507
43917504
72004673
23701001
70904427
60107150
40057836
45916264
43030952
73431855
71800617
72237349
71945763
71904469
23565461
47709375
23239352
45835778
42493409
21533564
72269852
71834445
77668300
80009273
70048819
71761058
40838570
73627343
70295882
40451171
60300979
70379642
76454088
21447267
60092724
71558342
72267736
46272256
42655903
70787884
72019096
23607707
23248142
70134616
71904214
42689279
43818569
23454050
63299663
45730228
72366612
23258810
20118695
75651313
73781399
71620707
09874455
71258036
41809411
46246914
45483914
60343669
74609703
23564713
47273254
71197385
70769427
71040660
21844769
43649819
75987121
72758758
23555579
72076801
60079257
23706535
71924081
42799952
42574981
20085112
40956516
42985808
47213333
60106057
70797648
23263708
45073491
71808413
44894599
71846732
71841131
47032564
23521740
46542475
76936275
43037573
20077591
71694978
71645317
73527069
74228031
46047889
70119778
44521277
23527864
70422452
46660038
77085361
23266987
71867149
20028943
23532256
60371630
23688826
21553224
47415885
43782595
42704704
72389486
23547018
47456524
45418038
44936363
43354096
43225938
73900277
71277616
47075261
23523488
23523068
47291327
73608764
47296180
72173961
71895944
43818595
72389566
72010968
72049030
23554361
80062460
70765016
42180417
41358573
70825509
23463549
72016176
76059511
46237474
70397860
73375158
70785365
43702776
41892622
70815685
43033309
23536921
09980052
73821699
47192633
73807221
70458806
47062196
47925461
71943944
47294494
46547680
74407200
72285390
41820460
43806603
21528080
46639859
42235745
71774587
46494872
72476250
23683143
71207400
71376346
41369834
71899725
74534649
20090338
47108138
42307639
70120243
42058380
70361832
23464870
71240015
71081317
40627574
80108501
72013338
78634091
20060480
72329541
74120122
20016917
22290888
70858056
70119800
72366628
45274705
60145708
23684969
48810067
23558103
71697062
70431756
72275458
23526840
71301152
75694879
71320986
09984917
71321082
72238015
71277442
21453846
60203160
43885547
23548358
43805370
71603971
60186632
71219366
75162233
70523903
71306579
70192527
73345848
42961021
73869814
23232910
73706762
47228383
70491055
23222920
23382215
70353990
48378375
43740040
21887504
72076681
60000952
45247997
71925777
46966093
70913863
21841708
40988849
71899869
23559298
28276986
41459457
21863802
42436328
06782820
23556860
40955458
23394468
21858435
44545736
23233353
45578371
71876428
73667772
44606191
60282372
71204163
72073964
43698461
71270190
42205817
44755962
23710417
40314172
43605764
77504815
74879591
23552437
71549459
43510603
21876170
23664745
23664506
45172693
70410918
74862457
73953919
71846157
21879499
70413441
71931038
74164590
23562782
10605587
20023362
40183262
45717185
71808806
71534756
23676513
23682259
60145652
70867807
23235253
73789443
21471110
40933009
62139395
42339774
73997894
42482422
72283395
72002886
40926949
80633712
45902073
42418349
71110569
42474048
46014939
10159630
71139304
70199695
42863673
43920602
23715430
45394594
41137614
40923519
46118991
42994135
48070647
21804930
71538497
09840613
43382665
43410221
45119205
70413436
71323065
70092745
74883342
23562209
28314050
43359260
23532532
45240256
73502410
40067601
71549773
23702357
45250075
62321759
42835105
47244561
23545730
61055285
40290881
70458823
23247783
19800988
23214848
60251700
71607274
73034389
48252027
06555663
71278828
45730231
44962680
23459305
74426797
47572018
71887475
46986538
60107528
42070111
73459572
20059588
71998972
61559491
20043141
71968574
73610016
23453621
70326359
71551791
70899902
21489478
23264494
44206644
46621822
41110396
47775074
73528196
71085666
72504955
72502304
73940904
71614126
23534464
21856870
45147891
21487742
71394871
23464247
40786100
74590794
23222368
76262231
44318378
23526107
71018719
23685481
71887867
42188706
45737647
44557798
20026092
73611119
42532922
23645708
72258850
60477110
23564957
44289576
72272909
72267515
62098631
41061470
46821402
20113778
23470890
73960721
44700946
44962673
70239427
77505450
43037576
41331444
43354167
23691520
77356544
70352126
23668902
71607143
23248962
80054918
70554910
74437729
46917086
71549616
46223983
71816406
60210051
40712180
08307156
80260319
70441950
71296936
23682965
70793078
71915633
23663237
70866472
23369089
06552406
71810138
71340212
42212886
60046279
40878375
20104496
42684695
70191807
10518074
42827722
07278066
45270612
21578336
70930139
45421546
70215900
23545395
42015827
74632161
23460296
80018554
42586805
70554921
40920421
80031118
48228213
60004157
73519123
46139446
41981696
71964434
23225013
71245224
42158091
72979135
74454939
45418825
23245514
45682250
23220350
71104664
47321261
42357453
70976910
71239748
80020759
71912260
46907217
71227097
71379577
23243948
47675667
23244688
46754524
45288089
80033691
41144764
43572486
76783219
43803217
23553643
22319604
40544327
21570196
09234978
71903963
21536039
43048252
75891495
60048262
23608817
21553100
21549588
23526746
74632036
70226258
70361807
44218295
70692733
23542231
80061875
60288007
70811925
72047044
75727644
23600806
21552010
71899205
74988471
23552423
23531449
72455543
22185657
70410946
78019464
70374236
45754777
75115175
23544531
23531153
21520097
72046303
73797172
40875560
23213755
77418589
71895791
71552567
45304267
72770653
45609283
71823412
23393004
71929766
71767588
20112961
70295509
47854536
71885068
43728643
80183029
43782602
45030416
76636424
41475345
60048664
71280608
21547761
71651584
23362306
71891559
71808595
72292472
74525592
23559239
73897679
46063997
71935528
77575126
23697911
60084701
71975126
23238385
73706026
46671799
10059524
42635625
41002100
70431703
74437675
47268572
48221640
71812434
76305935
80273066
76017627
72049019
80287998
46851296
40755084
60264061
41658747
47037572
71695021
70279267
23686476
40833695
10641869
23640309
23267235
81281010
70744675
76654359
43139656
40848563
70319373
71999940
42563590
23674427
45872863
73673447
42470976
43709543
42582679
71819484
42878293
23262235
71282141
76951326
71448254
44087383
73381796
44516733
71954671
46004356
47393656
42643371
48387091
23465819
73826148
71864074
21571757
73763446
71791091
23549841
21539837
70177000
45006083
23233341
72518658
72083534
71905501
70132394
71066183
23460058
23385167
19877864
23267572
60048562
44159096
75584456
42353012
41838623
60330113
70372871
10656284
72046754
23717470
72051664
45753373
71375212
70499203
71730794
70542588
71544404
44573616
23714625
48362363
76027346
46366825
71349823
60091554
42481823
23674486
41489573
60004414
60522413
23449257
42229121
71808531
20592378
71279866
70576131
20052568
70379599
71548943
71375966
23664737
70301112
43268433
45809770
71614144
71647675
41986909
41110382
41481605
43208349
43817514
43956911
70940405
23274998
46230676
70422067
71315862
70819325
46846896
48413100
45717203
73794182
73794181
71306642
60048360
46549087
71281202
42006349
72451072
40509744
73713494
42287644
44207581
74126945
71943987
70319331
47246727
60004163
73614477
71240063
45650400
20084719
23464112
71820402
42940782
70820227
23704218
72272987
10644294
44195510
70933155
70920929
42627584
71310909
60951481
74851687
74496420
60266221
72301761
41134445
20085429
60092054
73619623
42713137
76531729
41702336
80036889
72502563
10454666
23443747
72496830
48604605
60459125
23544336
41266450
23552439
20058118
40160053
72502415
77051257
41394295
46542473
46869413
60000162
72512118
48976206
72038139
44872945
48225632
76073393
42546842
23225075
23562809
23241656
43208214
73614974
73520382
71617226
40674795
19820251
49063381
20058180
44397863
42713123
46430907
40613876
60635651
45207930
60222674
40504574
73381698
71904022
23683662
23394603
46445633
47699130
71816378
23470209
40144211
41454414
71827606
23360769
19818198
73616121
43117010
47108676
46778156
42726206
44757588
71964480
40334675
23712791
71633739
70422038
72234754
71899721
74230167
20060763
71253207
10171873
46984070
42326017
41363913
23241668
16133956
73467416
74651626
43612352
43104246
73459561
42894055
70301176
44673021
76783557
76472695
75996047
23469204
23563558
40510618
42666338
71904082
45183807
60145724
71278414
70311303
20570232
23656445
73391675
23545633
40717406
23456348
40302762
60359181
74400301
71812270
77543252
60107159
70422963
23267062
46773030
40302718
70786919
73711439
72076719
42373759
71978716
77152980
73457707
71968597
42766319
40723412
70354568
45132020
76622337
44111831
40935374
23246399
70315505
41913415
80018542
71551749
71614032
76794686
72002881
23692194
46541650
23267918
23276814
43212850
46537086
23256559
75358353
42627588
23224459
20093717
73186931
20076807
10480314
28602618
40035341
23235360
74634592
42666396
71644187
23706200
71728135
72032203
72121427
70441491
20042826
70372866
77908812
72267489
72023537
23467959
47846175
70302817
41395434
70867826
23267662
70354043
70979909
72297563
42133159
41775895
71377753
47056128
71869592
72295870
73621706
71548871
71034191
40377583
48273614
41981731
23233775
77341093
71803628
61575595
43554535
48742634
72279734
48400632
25854394
72294187
71810121
23666763
71816411
47357928
23464356
72383576
23710701
45771082
71911740
71296961
41732362
70982876
42631913
70392671
46688641
41280842
71823424
23674448
28576605
73782480
43204813
48355463
73140583
09585587
71068659
43351060
40985004
70930822
41504863
43966442
46743873
40376285
76963344
60098337
76802450
76767188
72154697
74825938
22889457
76382343
22860279
75531311
23171174
22964848
45723783
22427587
70931637
71689864
75339310
71434592
22757682
80187489
41142023
77697618
20556921
23009730
71916301
00044782
22960257
22972913
44551758
07860248
72731691
22517388
72968789
73685959
74856408
48103939
23005533
22980826
22894977
60276858
61652215
22510331
46972354
22475677
72125610
71627010
22414041
74956919
77794013
74371997
75010155
74708225
75989957
47868961
76953603
73518437
74371771
40291524
42531334
44171423
71665854
44831227
75128390
74208818
74120901
23098473
73946916
22701383
74127543
73392440
45336428
47001205
72046151
43578268
40701202
71648153
71306224
76854310
61086372
47324336
22759627
75148240
42114729
71388951
23100119
60011624
48755486
22702345
76350451
47859435
42230339
41112036
71637103
45027969
44970030
42959369
48011547
71514441
75779629
71640619
42370840
41135560
22885228
75111489
73473446
40702525
42524037
71615434
47607538
44050209
41119040
22892385
00093202
41143306
73493689
74979929
22471631
46555597
22758176
48995157
40931263
77535354
46371063
22515930
47555258
44972069
71604614
22451170
71283008
47809709
76193061
70074211
71515636
75974152
48380997
61776615
40767324
74603506
44304269
76033912
22430230
71919462
48339833
60088844
76794224
74372802
47019347
80631199
77063963
71709580
80064119
73392515
46142816
22461577
22489333
22890283
15619136
23019442
74652790
47897598
48687856
42607340
22731340
80350819
22708538
74165789
43344183
22718668
60365082
72396002
74661832
23010164
41624595
48259939
22890313
44690144
41740246
80023421
45936016
75527233
74661825
72504439
48264375
45450743
71315399
43209199
45037221
60097353
71947493
74467111
75571397
46513899
71657070
72246133
71987387
44880598
43404295
45973705
25424496
47061875
76068572
45838414
43226137
79136249
76557367
42330641
47581088
62935360
23097703
76281298
72866237
22446596
41143237
75917495
42739567
44911186
22883742
71516567
45656140
71604489
44226711
43403843
46573950
60217471
71572392
44296918
77669151
72366859
22480552
44915417
47107485
22473891
60200596
74426687
42394947
01148062
40847680
74566263
71394186
76804729
76408519
73987644
76604468
23018788
41908984
74863376
10070534
72513198
80501574
76991251
74353811
48291898
48465600
22502907
45867323
40872042
74938121
46283584
04304901
75609332
47339627
74854253
71916328
72131659
22877730
46814074
41789967
40290500
71608108
42567592
71946231
75956106
73978989
72289815
22665657
71900121
22878731
46893177
77793640
45183539
75571478
76039698
22889276
42024853
71913379
75863746
71923122
42899125
22988775
43157167
22521637
45502270
44203276
42975998
22507904
22505142
43412417
48867215
42795154
76355333
40979113
71386583
70422478
45055878
71610722
41547086
75423290
74223567
77154865
22518217
42683568
80122883
74475141
47709741
74371615
71403909
72255577
46986540
71659674
40651596
80830666
71620994
73897606
43172439
74164035
43026053
80024539
22997684
40956902
40667403
73581071
44893160
71654944
43820708
80021065
74439004
45440135
71303278
22516605
71303670
22880937
71743129
22889419
71619685
80683337
71572202
22486008
44304240
22419611
40159786
71615363
71607962
71607971
60217486
22869226
22880853
46220046
71933558
73529574
23020272
74603549
15385087
41366852
76632620
09725020
60269027
74761125
23098284
22703849
43818694
23018143
22981807
47116785
48002235
74946112
60094132
70875500
22976564
74444041
22666321
71610363
80373882
71540282
71152732
47055875
71427119
22749069
71456258
41308624
15746926
43580709
71626788
22460794
22722024
75438060
43957015
22884898
32796345
45724370
44384638
45894618
71648082
77498655
46817048
41625527
45401501
44337924
22884928
61725365
46784836
44805975
46450366
71536477
61652397
62109301
76007728
22755731
74077193
46091177
72850314
22758312
42722022
22415756
71303040
73612292
43013466
22760316
71319619
76012081
44931202
74607735
71755622
00995546
23019401
71513593
60009073
46251551
70075751
47712479
22646406
44781054
77046630
32382180
76760804
73255590
23009610
71608076
44735411
74602373
45913270
41974877
70032205
42284869
42002157
71795119
46892315
62418532
71300764
75654257
42572326
74538743
75375919
80037221
22476116
74170895
47848005
43361879
72121539
41869244
42351878
80011194
76365521
22973473
42432413
22490429
77073165
71628755
47453457
74082100
41275015
44463238
44535596
22674921
77484066
74083557
48510766
46812784
44417938
41140927
45018122
00183586
46359995
23169570
22425146
74626633
71346820
47740040
72154675
71349218
41404514
75141919
44088799
22510549
71630916
74084321
22758234
76367748
48033970
22496186
71507844
44108927
41436022
60025522
71304770
23016488
75973318
23096705
22893988
23092817
42053126
63260959
70569050
62925207
74603071
75864962
73090795
80450256
41860935
71384560
22869192
22664521
44474843
72523065
71693218
22700073
40729995
09464686
45376925
71011467
46051582
62747855
41416641
48207624
22667091
10766828
74477549
40408901
71521648
44750369
22753222
76978929
22489134
41054536
41867635
23080056
40572859
44226804
45743620
22428818
43277730
45083813
71605211
71628078
60560842
22448198
41375690
42386577
77432242
40755987
46664655
40997991
73130839
40245901
23013187
74602393
71018855
22413455
22993027
71908833
22760366
44083944
40312935
74979885
73037441
23097726
23101203
44864650
74316152
74350832
63378154
63464295
71609653
43895131
71610659
42872765
20574737
71607059
71384592
73603853
22643139
60447298
22519676
60202074
40867510
42469181
71616191
43399875
45524891
74143770
10046017
60495938
22653910
77908721
75339321
44159044
22416006
41135502
76197751
41474296
22476195
22741168
47462355
22739547
76063043
46412034
48290939
47761355
47739418
75013584
74303407
46542486
22753323
41946235
78718812
41504583
71416843
74920364
47256645
76478695
22503116
74881388
22450499
04047045
41321607
72954834
22706390
71612215
22960556
71288824
70247315
23096190
47661460
74443875
22672943
71384586
47152336
41327972
75722992
73306800
71607027
74539055
76841070
22705068
45317945
47219852
76825046
73345049
43342207
71536535
47894982
71305907
71403916
45986333
22649236
75872888
42700410
76452372
22509549
60436610
42144223
41107163
23156079
76755565
75974632
72253348
47425518
19814528
48227991
23018549
77343591
43358916
47591719
49028085
20049258
00886458
23003089
49018249
44049541
42555198
43442780
75005384
45932161
48905603
22658089
42501129
22892662
06144958
40114244
44298846
40232231
77530941
76831677
60602697
23150427
74118174
48725705
76731434
22645454
60689356
73269713
23169257
40702542
45334561
23015130
43155644
23018612
71210713
23002709
47687010
41761786
46181612
45407093
76333317
43911646
45368847
40198813
42350692
76743626
46227704
22419275
44094812
00063918
47865650
72166325
44898800
23145000
42235417
60099640
79736590
77169815
76010664
47429694
76422729
22971379
22666599
19845147
22509791
60505128
46807578
22513887
46914816
71714020
75153726
73756002
72103843
60379942
74367024
60565071
61253914
80010914
75977056
00083926
40237163
46513411
22519346
81457521
45534995
73446910
75465650
73579590
60633290
60932437
47545939
42943124
44198171
80172654
74863372
74379369
40694541
42148514
70182067
75180004
47659573
46282077
62169827
22461946
48439515
22505014
46548493
75951157
21263989
43024385
23161131
22993288
22521172
41471456
44114165
22512115
74960838
71634315
77012470
48049668
22751728
71610212
40933302
22446975
40073155
23006734
71300535
80631318
22755471
48136930
76398578
47165884
10665830
62208791
42634448
60845886
74157259
47638433
42116195
22891458
43295226
74422618
74854540
61605301
23020732
74873288
76156768
22424500
74765538
44468572
44962333
22862820
80474220
43373142
80660394
22968025
22887043
22703946
22731871
73344556
71941375
47366590
22872293
22755293
22483071
74503127
73241580
22488781
71572359
75975980
22724575
46558159
74491692
73628869
22983757
22893324
71610782
76630779
74879379
60542139
73978974
71630852
10291103
22725509
75252368
22670465
45863782
76991370
22701511
80563964
73306385
71713599
45712736
73311366
47820912
73179351
23004480
04079492
74038218
74218558
22750567
47679548
74577066
60009493
41917651
71578829
71615211
22968979
42747089
48549434
44412221
22885877
72791923
47193553
60497128
23008423
62449164
47088195
22450786
22735898
74127344
22865733
71925985
70210189
46391284
77219722
22512823
74937530
48217322
47192338
41863510
47765761
71923363
71648040
75365502
22891621
74132046
73954645
41402125
47999906
80076712
45067480
73252544
47052909
71912913
22482762
45524312
73303167
71648383
22873807
22453411
75130421
22519404
45673812
43822956
44533442
47811733
22527824
09937528
48321496
74138918
48218075
22488056
46993344
43329617
43724150
46875947
23009077
75997464
43827854
22675329
43854877
76523890
74603429
44635380
22732032
73121573
74633523
75007615
73802489
40112010
77687677
60444893
46956487
62188415
25802664
41273343
60785099
76230461
22723184
42032187
72297909
71581317
47063286
72395695
41615377
42282747
42539663
23007654
76812539
71610321
22511120
74936585
45221158
46869979
45171857
20897732
73344771
41869548
22746487
22490401
75058558
60200567
74071190
74937233
75851158
41037285
47502451
60095902
44948503
48138693
43412425
43755181
44081573
71619625
74951667
42840162
47812186
74578637
10005798
48607634
71648031
72123359
46036221
41112567
70613972
72720211
76194612
71617414
45636988
74483012
22758792
78464732
42531335
47483995
60095361
73772940
71409222
60088415
44889021
47246730
22675848
41620782
75333907
46505762
22748547
74563686
40564196
48999384
22880503
71692273
45506376
72614640
43755178
43946893
73905971
71302980
79594106
44020310
72284086
71648146
73664738
74091813
77236587
22869531
44624456
74603462
44176120
42208247
73121143
74757276
41619357
76085838
75916323
23168579
43717005
43438097
60233960
42196613
60487800
22746740
44051280
22864386
22749649
47439815
70755786
41775435
46534389
72289624
22742307
44693114
77222319
43295146
48540465
48054494
76957308
42965948
73344553
77136318
78110017
75283047
22509519
76954155
42006432
42593720
76354806
72389478
22427253
71465015
46133111
43068184
06664261
73304763
42229746
22719405
60097872
22739440
75136967
46558416
42246669
41554047
22705296
22882919
74366310
74207290
41660162
41344941
77922692
76437600
71745784
74083193
71403799
42064688
71605266
72377748
44443292
73143980
43774325
71619744
74532473
43014400
23165257
74426881
42509378
76822559
47957992
71389367
23169094
72489256
42566942
73906984
75252228
22713227
71640612
42411303
44624512
47319465
41462298
22505928
80155773
74686188
23009601
74368092
43252776
80245349
71500750
22730826
47965797
44203258
74071263
22750926
75490870
46697375
71607392
48303134
75438049
22739092
75142269
43256044
75792911
70678429
80099075
48350180
22712108
41250685
46293172
73633523
77152698
22517504
60845606
22715081
75068419
80631246
22739127
41081033
74500342
48420769
42773015
71637040
76632665
09058214
42141609
45987632
45408210
22731934
74091273
44303154
73573103
22714730
77699526
74698413
74618597
43026056
48640825
22719593
71401941
74028124
20521534
22436963
45374500
43012284
47401968
48678903
22755240
41977632
74693245
22502943
74488237
43397813
71661475
22746657
22703600
60287883
43184739
75242646
46133340
74200242
71392917
75091246
44957301
76616549
78886775
43104641
71572352
73585883
76419512
71916866
41139839
73615832
23140264
71057336
71604681
43859693
22882749
75839880
74252923
22724444
42246681
74211664
73330265
75943660
71532276
04828413
45959096
22744247
41607469
48536173
44531779
76402610
77083992
46268109
40090656
09853027
22706740
43847521
61196835
22521192
07454862
72326993
22483914
40938162
71634176
22502965
10147686
71654401
44139204
22497898
74164146
76036095
74426889
74093625
46892291
75003527
44668286
22494098
22647312
22653406
22507536
46526720
60363187
61094802
10119856
46233955
71590503
72540457
22455649
76429242
42738302
73635800
45949114
22702762
71065149
71665803
74843584
74880290
22402836
76335195
47272697
73607725
71941385
47460878
42036371
25817096
71775356
77147658
23166134
22742502
44281500
48734541
73352677
47659599
42166833
44560978
74097171
42300159
22476729
75382656
42094496
60370821
46743321
45383238
76750202
71604691
43033916
22740515
22469248
45361886
73286927
61038673
22978132
77690787
43765199
74778112
75925690
60533682
48199205
43190010
46692259
80223101
45498352
71604687
22493926
45470005
40377888
44863941
77661441
47517383
41367632
43652599
71610666
72769741
75744707
05353693
22448331
63314485
73603855
45911156
76857199
47223116
74754747
75082157
76252088
05360911
43663252
45400458
74368294
43548813
22451865
43531704
40809972
47064992
45817135
75511084
77176117
44333613
60474338
72312320
22741152
08311109
20116851
23005561
74155533
22983216
22665782
41106366
46382372
72210374
63287035
15851922
60315144
22489784
40985629
71626835
45361918
22969931
74552606
23165689
61196330
25817095
22505103
47827241
60003516
72582358
75137015
23010849
77089184
61196393
72296143
71637284
77918225
22891676
46530886
22997113
22453928
71318483
46069531
42073429
72158699
42533584
22706566
10311203
75504467
22513714
74041360
73568231
46933382
22674211
22675267
73589123
40712563
71615209
75114812
46967415
22641430
46749145
45994890
77681777
48645613
77701655
45194490
22745398
19836607
46393773
60213721
07514034
04346819
46891253
80232327
22513828
22700766
40058309
44690091
77711699
46602069
73589378
22519153
74862637
77040824
74077853
22408707
40923857
61652240
48214119
41225172
71604436
22748694
71300758
72404736
44017543
45657639
42527813
47751423
22885883
43571950
45837580
73802014
23886446
41981721
22501935
62502923
48911058
22465185
44675213
46522338
44039138
40337205
77034271
22486616
40275260
62181195
07172531
71615262
60095261
00127898
60026932
42090942
42757248
42019034
71941469
22486754
46922122
60291605
73428186
74984533
42504046
62559996
41887292
74390603
71640361
71514411
04000570
22510987
74990570
47612433
71929511
10790084
71925904
42599862
71614778
22471306
47735154
80631128
41078310
43951422
41469549
74553357
41663661
74555700
44199175
45005214
71938487
09843111
77063921
60498939
43770197
60575267
61165785
60200738
42880683
44880578
80167689
22977360
23094712
74425495
71607602
73536055
74241893
22749801
45953042
43535845
71916902
22887686
47556230
75863694
22891624
46046603
47742926
23012690
76095940
72162427
44750351
71611815
74425498
45616642
74748992
44187222
77415131
48479228
71958574
71451368
41727058
22877023
77131994
60503411
62422909
80149745
74164044
22465354
22981481
45186878
48571290
71621010
22663577
22662088
60009418
71507833
22421203
46015179
71456199
77795428
22454035
43759314
76097356
44114158
74603895
41803007
71648428
22732903
71820518
73829651
22650818
73388862
71303384
71347237
23100045
42738309
44895353
75875208
71403880
74553276
73071224
23092892
71912771
22511235
22865892
71649182
23172001
61937892
22496557
73121163
41388235
23014160
22886596
71933457
42211734
71544912
61263487
45602638
71372447
73231329
41891213
40872314
46327988
22666132
40672829
22889153
76439331
22885695
76037229
41623524
41052798
45993510
43043173
45167032
60318992
46552136
23158919
43907913
42308000
61196311
75709565
72390630
47756615
43736575
44777789
46108910
71916257
48280836
74700185
00186580
71641148
77348811
75747853
43473018
40560927
74426188
46634734
46341050
41273961
40233756
75244247
41425554
74433847
22742819
73619380
71604671
75022414
77091363
47131336
45463420
73345153
23019367
22647718
74041187
46077348
22661679
41341147
73274993
42288814
74756434
46578261
74292721
41139845
73016257
48541153
72125722
77055305
00103080
40376352
41736452
46695259
71713157
73828451
20041160
42038025
71692223
40770513
71589542
60533721
42613528
74882618
45191993
74276390
75853922
71608017
09098318
71913309
48787677
46073642
44698276
75007658
71913643
71456207
60522923
22672038
23170396
47813211
42998849
73307868
41432892
71312403
41333193
70678669
76382229
31947700
74317596
60659656
46732752
23013731
60001647
74989403
71482258
72120452
72051531
74068845
80171090
72850309
76419480
46222273
47894393
45842276
71316122
44567218
75689828
40663416
43981073
22500626
40425994
74172754
76721784
71965144
22872151
70042215
74566240
22468721
73389881
41765719
47367675
40271426
74691884
77124538
22401989
40823994
80483125
76739966
60469586
42354473
71786020
74300958
47088190
73470051
42071101
80386636
47710052
72046383
75615294
22968949
77212755
40718648
63389367
71931125
41115655
78377767
41388220
74890876
71057320
46682606
45026924
42816463
74097448
60564980
22892687
72075669
09497306
73466057
22980395
43503841
76095624
74364481
42140661
44292470
73828452
46355084
22517577
43320060
22505998
48438120
76943207
71916263
47416423
46133704
71620877
42006000
70318997
60009199
72375928
80076760
42410523
23020964
71608252
47399375
48378014
09638369
41439953
40193888
73307706
73934147
44618460
40642757
70837531
43090194
76149386
77530948
22511995
22421430
70654409
45644611
43174635
47381179
46039095
60312471
22744685
77488742
76572769
22510018
62830492
71394552
44529594
70052006
41517498
72396221
73587726
42434423
60496129
72714681
77917716
80349065
22647395
00172249
71604630
76041119
22746710
46530559
46518964
41839633
62191553
71666764
72289587
46711085
48003509
74937374
43847112
22745681
47011073
46505794
48009078
22430209
74139858
80686292
76048956
76952256
23141742
61464991
45433283
77659373
76007732
45524139
60585392
22652750
22501540
22893298
72382957
75674574
42371683
60216782
22872834
22873177
71916708
22876008
22997946
22657550
74157747
43254296
60025492
80078605
45132005
71300732
73473496
47643504
41529490
72102288
74431869
71578658
75484656
75680998
74225617
71450120
77529259
22989632
04067893
40677869
72125450
70607482
80014512
74991018
62105983
45990378
42593162
44962715
42874348
73994863
22506459
23167068
42483787
74139353
42366892
76751165
72264487
72073079
22405304
72075677
72375888
71307954
22866630
22860021
09983740
22751217
71935362
71403895
32281644
60439061
22659907
46305120
60109106
40700366
46972378
71644373
22704883
47985057
74595414
80083401
45975472
47043510
78635584
41878523
41590747
41174352
74158455
71913305
74602928
60226963
46445910
22662428
43908534
71303181
47391879
47617169
73618687
45708410
22731830
43187936
48264787
70108571
70757422
22490061
43653879
22877220
71938505
42224357
76470980
42794644
75828774
47416638
22755994
22646185
71626778
75692725
22487711
71616129
40215843
71842807
71515621
72811565
41257029
48729284
22434368
22763613
22731874
22883023
45288565
45249730
45970298
22895180
44527875
47848584
22741276
71692263
74938123
71416812
74937615
22755597
22752976
73134958
44758356
74759279
47063009
48384626
44624470
47019048
47355837
74088192
74221302
60009329
62082352
45170146
22495455
76438506
45879286
45650422
71423048
42662914
71339127
60321048
48475902
45626541
23021008
77325190
71608215
47241426
23084912
76160344
73650720
76022787
41767997
47572631
40474207
45778551
74152872
46972325
75931552
44665628
47440443
74426880
46337076
44631716
71765448
40801797
71627088
22703489
42300595
46945500
47722980
22887516
60408576
74478498
46646387
73905931
43014399
43759488
43307929
41147384
22519980
22708013
22703020
46448323
72375628
46624596
62289066
22659004
70828587
71964948
40341918
75052154
60108115
80530425
46968429
71916260
22657908
71612182
73344411
75862220
71627013
72581365
40991806
76447855
48462172
71896227
40453121
04003350
60468185
74392269
43355676
74557810
75466166
22748004
60009521
76398311
76268963
22672072
71399111
45392251
75346547
48786704
43545785
74704941
46603416
72257844
41740800
22501030
73947967
77012917
47968901
22758637
74748134
74604360
43725093
75183686
71553472
62747475
46678309
74070642
10553416
44027325
60087642
44624227
72082980
76398301
42690706
46700774
47015510
72147384
72489980
42914758
44140503
73241553
22728219
42572349
42443257
48127264
61548912
76060775
80576694
76915976
77337403
45892875
60011366
76391984
23083951
44735424
40677429
45021846
08739765
22753543
71709032
41984879
74566233
43440209
40841267
76176751
42365292
40222956
22671784
48244759
00961177
73310258
73619404
23007581
22482584
43946952
42473476
23015282
42787767
42748351
48146747
47783486
76335120
71398066
71631758
22661818
22751210
40247289
41188510
60000450
71904920
76687427
42568256
73822569
22895081
61368540
42709741
74454705
41003682
23010424
22425091
77921038
71931549
47985052
47551382
23020658
63145178
43686638
41878821
22664637
71303532
76554232
73905263
41474295
04317573
22757353
75373484
42221977
22750330
76095958
40473637
74428801
23018756
22731248
22666138
45904811
44935417
71931478
74655380
76379368
45353776
23174469
46918085
48501880
71391769
41767282
22507737
40519993
71612393
72125793
42587370
72405171
74557001
60496066
60408990
74979933
41256978
21115878
75343129
60380624
71026835
42125044
43460957
60233949
71275148
75886433
22413995
75260177
44698257
41869237
48526635
23085792
60490951
22521383
73269748
22731710
71907408
41079004
22744684
10792074
41767521
76208120
42538424
74444776
22496707
48384959
71615049
22446358
10654285
44417186
22665906
75344379
76878531
41442200
45938293
44827634
72389516
44901702
41767276
22413618
01154933
77542046
22474480
42623948
46484781
41862935
71403852
74210088
22759921
73811537
44846810
45395420
46095578
46625886
74162360
42754648
45501347
71453230
45743630
45989927
72075934
42775203
91289536
47992626
22750671
74051778
74427345
23017428
42473475
47257150
46905362
74604096
76261138
45589467
74397192
22714001
44512532
46277022
44825915
22740066
71923204
47474690
72576401
22749548
22703552
43062085
72647443
22401169
22993303
22758912
76048942
22510191
22483148
40374552
74603148
46375527
44581573
16027611
76594440
73307173
22671905
75109759
23100011
73346635
44010049
73437726
74372039
47319203
71628056
71614836
40742635
22505034
22522871
71935216
07461106
48432606
22518296
74491619
74062501
47443344
72937867
40803957
45960106
40408919
23100822
80068925
22445232
73881422
44187168
42731681
74604830
45683784
43884442
47287339
70678741
45278210
41335880
42955314
73679683
43830324
77070844
31677628
73306868
62147061
42644156
74418219
21475868
74216665
76961234
74920350
80007878
76514677
76856195
44258230
71913421
72462048
71605215
76006716
74603445
74936928
40187349
46801999
70302433
43500185
71537903
76506600
42550086
74164500
76616601
74764838
45815450
41625231
47024444
74221304
70236400
71634174
75133253
76229462
40694535
74950821
46472400
22701891
22409923
76432229
23158459
75873171
76910170
61103209
09735442
41375636
46328647
75548006
22482197
46816370
22872134
71614714
46713145
72125405
41369199
75968743
71438175
74603817
70072775
41415929
22478825
22892363
22879772
71933488
71533126
71398034
74539058
71598406
22499841
41941833
48985049
22485048
45861345
43486538
73769699
71279729
47001198
42224613
74765870
42583473
48189502
71302714
43908537
08544254
40655144
42237690
71654947
71648122
43308670
77219720
23085270
43473410
48187472
22670091
75541164
25582112
47705973
46899814
71931314
40890721
80082439
73650733
74375367
60006954
60949057
22508637
72390709
43121822
46700749
41623993
47422862
76315449
41695703
40341858
72125403
71614742
71612091
76421642
74946103
45955225
74603540
43535125
75001071
22503423
42602987
73238981
76125670
60257648
63263407
76582844
47783566
71567919
76557567
22993333
61550287
73633320
72246138
74428361
71923380
22508577
74578673
80158641
22757837
75992901
71540991
42105406
43889812
46122785
47438995
23170373
20055768
40766181
71300733
72098029
44629972
44176097
62468742
71409235
71609652
75998053
76090482
46591741
42996212
22759297
41011546
71912787
76039027
74572314
44715572
45502914
41988453
77340655
45661214
71909715
22872823
80068910
45626540
22475179
43072352
76382243
76977930
46504422
42815167
60323105
78110846
80631977
70828585
74427414
73306405
72255419
76038721
74604394
76547565
60439087
43581629
74942831
74558832
48569859
48565274
74828152
73828551
42050487
41293973
60439146
73600060
44521775
60542082
48070044
41145636
61636674
46220050
45259970
74942832
22673467
74135413
75836851
45791993
73269521
71619663
74393889
74578648
22740195
23170818
43835719
80448201
62930180
46537967
74364826
71398054
45549818
23091133
74068922
80037245
75891116
73306472
45500859
42155468
60009538
08115816
60664260
41658258
46221937
45832340
43737647
72107285
45364254
42024429
73525932
43535562
42302369
74562322
45136799
44285251
48824174
72890673
61086196
22706783
23093500
23084621
46695738
76007597
72580336
41110091
63145118
60025406
10520478
77793350
47116572
22751856
22887761
71514412
47085132
48896057
10670605
71931454
80631929
47208319
73348274
80064342
73758043
70722150
43276854
47133068
74235542
42688273
41032162
60003248
75611283
22989921
41657008
22751780
73603049
73595645
71389624
40695565
77031181
44027843
22510598
74603838
74979913
75998436
71909699
62514004
22482981
22521851
74878154
62748047
27430242
75423552
23010861
74428923
73638855
40721245
72391116
22414254
43998865
46741774
22506516
74500807
73055036
22671997
46648111
47795974
74918527
60003932
60089204
25853208
71059643
45919926
74372509
41276893
76755543
46993346
01140647
72581500
80199104
42313254
42174498
04219236
74379364
48475587
23170511
48099351
44815448
73344598
45733599
74144859
22505455
44392869
47929437
46880702
74879313
41508295
42519937
71517572
46480844
70613963
72523054
72500393
75998345
71809040
19853731
71416806
41944510
41538057
43681804
10782040
62184730
44617027
74593541
73472608
75931679
44748497
41697689
70522444
45296132
75827395
41667061
71608528
46096995
60515272
43329890
43145626
71947443
42587347
22520666
80499595
77674069
42607945
41112548
22468992
75870603
47430579
71626827
47249322
75819871
41064424
22997680
45569521
73973851
71310090
40913229
73248365
44476322
47115318
45429850
72504442
76251317
22649940
41434501
80988746
22870624
08238318
76734077
74077758
45131039
71912712
75065628
74937557
23020472
72872481
23096052
74427731
22744668
74118184
46993262
43347794
41340075
71604608
74707941
71721111
60009064
72576320
22672852
22672701
42527498
74535170
41576354
74885187
22656929
41710650
80467679
73822596
72131594
46716310
42907149
46254609
74169842
43486537
47601002
44827327
75084048
22511211
46204967
40367126
45695462
75959625
72115402
41299100
44391247
22661800
71630770
44121493
71630721
41345403
44051446
71916770
80084096
43581577
22648699
22747762
47314258
46557053
22510456
80007318
47758808
48409798
46468339
74569355
40634316
43023288
73681693
22750060
76551284
22759054
10180312
62002596
40937568
44738498
44170564
75667496
31926431
74607528
40677415
78197898
41871492
45643534
44909087
71944748
72974127
45836132
41135489
42115937
71459909
40186145
73305004
47727120
42271700
60263628
41306213
22747906
44684470
23081987
44432667
72375708
42683424
22504973
46839429
45106035
45623005
74618981
47934686
74746264
76648938
47446476
42628996
22494009
22402284
74370738
75415445
22516336
70689536
73544529
70689537
22527551
77661229
22432490
47269657
44020244
41159008
74937551
74890936
63260996
45385019
45155869
42145228
77174971
22516874
40415344
41483146
22400207
45348667
45673804
42750833
76820938
43108343
22516111
72747712
77499552
72166320
43666051
74434747
74425185
75891543
60003178
74427198
74427179
42562620
22757137
22527498
61090065
45267712
40212008
71852104
43371426
73346742
73587104
48770318
72711039
41417454
41798984
09598300
00865220
73823413
74127224
74061486
22488919
45380599
73029591
46505781
42176241
48387474
22744842
22521163
72137232
07456434
48177499
75423292
22982795
74159331
23019650
71982294
71249786
71249787
48587818
73056565
41131158
61668607
75474636
60444851
80065607
48300605
74140779
41389531
75931688
44037924
45072150
72102717
76318424
73344970
72582379
46076197
22490024
22493392
22486816
47152350
10512957
40416898
73311946
48081727
73343263
40390123
73603211
45632993
73787419
74654360
45544074
41080109
40277944
72128144
71319340
45614227
22756802
22404916
47063008
43563336
22756905
60845688
73596087
41866968
61253993
22707990
72131580
72131579
74937740
80168407
60319412
22962196
71740981
04205292
22482252
80000538
46930719
43547489
76553127
47162673
22456414
42368985
22714525
70336262
77074158
46175424
45059361
73345053
22965878
77273873
45467994
48758816
22715825
22421661
22409473
44142993
44512550
73771408
48072128
22757772
22417522
74360759
10830151
22665322
23010783
41536426
45025189
73214016
60007016
70149010
72086776
70856142
22424260
22510360
19326602
72912424
74305740
41255144
74375071
47353127
22665083
44116026
04222712
22718314
76401596
42823949
74993240
47699332
41009928
22752141
72812282
75065629
22890937
42105578
71306170
41086223
42094750
45358736
76859785
47848009
71648043
60207086
45394569
41657306
40009457
72125387
45235102
43130692
22495723
71066224
28268247
22750625
23093537
71279658
74855421
76971408
22731836
60203204
80418949
80007485
41028947
75567198
48283114
76647541
46302106
47132329
46396905
47492505
60274564
73214020
41442593
43044133
76685669
80351489
60971583
42993899
71018833
44748992
46814102
22888275
71345660
41954081
22400793
23012731
60000530
40765061
40847681
74662132
80442596
22757822
40425991
42241532
71609996
80262815
45271573
76959160
22461829
22653221
74730141
48042962
72447714
75237798
48858231
22703652
46535252
72383359
71619795
60547930
61020166
73392488
23098623
45132583
43609608
47878455
40713335
71453215
44691194
44432689
44843157
74367462
22450959
22479463
22508434
18226200
42492466
77038256
22513842
42980112
22865652
42839288
45212134
41517271
42118477
42497014
47665029
22721603
73949234
44805952
74606456
78373529
71944864
23093600
60399460
60217480
22750803
75152260
42211556
47071501
75366805
45872870
74140969
22464068
47208318
72479076
74067365
73781503
74422299
47820220
22873607
71980291
77221966
71848116
44954937
71572525
44484019
46036209
60185174
47033281
71615422
72866239
73779049
22706776
44831225
71775372
76439282
22530455
40452340
42907214
44322228
22705897
73576830
48021551
73623128
71626796
77417119
22657973
71788414
74039440
74365244
70577830
47193208
46375519
74221570
48454534
71018794
71517564
41337933
40478061
71303450
00114150
45420129
71957048
71059632
60003851
22878325
47256134
75851551
40245971
76153027
62908511
47687652
76514029
23084789
77057611
76528372
40683533
41113524
76793517
73961696
74370744
77025542
22489853
47417413
60244923
60087315
73978987
22483779
44527881
74603379
22729811
73605779
62219671
62143744
41609930
60108600
41523981
22875772
41382878
48355358
46631359
71459914
60491652
48400623
46505754
73829655
74603028
23094604
22744792
22860699
74993164
15864702
72123814
43272718
77063929
40720336
71027003
44233378
44424927
09979369
80445921
43391178
22703023
22703150
71648590
74920370
22703817
72125790
40905458
60874607
74937804
73611297
44964869
22747607
73301509
78375141
22479154
46198044
73605792
45109571
62350213
75743420
73948505
71640324
40072486
22495051
60080917
23099438
46178163
23017661
72247106
73327020
60081072
45416910
22894782
74161230
47648506
00448357
73536018
76267280
76963243
23099672
74561194
41772782
45995114
74127327
22887413
73484908
47965941
74430688
80262421
41569477
46495575
41839340
60318732
46525895
22742324
71630837
72368016
46300356
76580047
43566850
73775284
60009663
42206440
42219628
43758215
70688661
47692927
45501338
72318626
75315708
44734602
77026953
22757220
46376584
74892195
72581423
42867537
44299140
22997290
22645921
74604086
74166207
41378649
63145226
22996898
60003383
43335452
47244871
48192070
74566453
43617806
74603399
22499173
22474125
22648942
43548344
41273891
22755905
60088621
73475069
60011258
41308622
42731690
40775851
72409508
60086798
60267493
47882528
07003306
23172231
45976885
72321954
76228910
74661783
46364912
45518758
46892664
42264893
73568400
73617129
42571181
74594472
71399162
60242203
43971554
74461980
72383012
71386652
71929555
71451365
42321071
72264553
41729032
22719096
46427565
71401940
74686202
44535378
71944697
22885682
48457063
22871284
10790215
22646189
76681481
22887553
71623785
76247054
75106789
47617177
42275159
71310067
45488593
22732174
47183146
44568244
75342029
72171650
71316102
44764092
22521659
23098739
71657995
71389174
77916665
45420139
74070162
46756147
40185776
73600358
76921415
46978692
10766238
41795067
22501728
46341333
41876375
61297410
23003610
77071315
22871810
46013646
74175458
43759305
31828262
71612090
22520586
47465451
62234294
72693326
74918536
60085556
41932597
80618460
16282804
41113287
45128879
45152455
45456645
46061552
75743710
23164839
46184847
74239908
45855172
70522470
47948146
71630822
46360465
71953647
71698169
71913405
22961503
46674625
23000509
09928402
74428212
22482271
22707103
41815735
60009191
71303769
44267430
74553267
46203397
76738751
44408863
74950469
71386629
41871487
40855330
75928430
42247245
60025380
41586733
45490933
42008851
74435188
42092558
41813811
23005801
74316903
77538654
41002599
45623883
47297010
22514245
42353682
47059212
60011357
71607963
40587959
23012798
73320280
42360043
43398608
60003315
71514414
48415092
40069347
70234642
43904562
71309840
48347279
46922016
25837119
71320897
22707075
76600310
10133820
22487775
22515798
76903767
25718325
76162702
22704301
22753862
78631967
43636236
63314463
46700991
46353925
48130013
23097651
74402499
74938096
76259667
76916941
44863971
40812663
44299150
74155463
71607518
60009472
22754301
74764813
60003883
72391113
76979355
63308146
45151914
43448696
74937541
76594669
61962410
22519699
48005102
60320872
75900165
48870681
45876737
48733423
43772949
74564186
76597381
48044195
41586734
74495167
40517317
21799129
71335288
21807123
70133106
76034429
77675763
48133262
71533618
41476125
73540076
21518373
22103232
70780759
44535978
48449573
21883419
42363849
43763985
46184594
75779996
21853163
44188295
71273461
40017314
43615967
21472429
74152295
21565584
74136744
78462129
70047211
21824953
73952978
73203758
21505287
40968848
21465392
21492110
70544069
42546849
22305583
70046969
40051005
71539458
21830275
21856764
76236717
22182766
72320158
71740998
21477118
43414925
21545683
41749701
71542554
70659511
62056397
72298449
74304740
75864636
74287711
40744348
77797346
71376297
75843365
72151038
40652796
48357476
75416228
21842207
07511203
70396989
22088407
41040192
21558242
21871666
22099728
71495493
41589413
73384819
21813235
22287558
70259854
21557158
41868980
60766330
40104890
42171299
70302831
60578184
21490192
44393137
44990449
40079581
75883747
44660389
74638913
46252751
70537548
71658132
41327294
44852061
41276348
70565674
41573760
71103560
44338659
41335529
80007102
22184373
74397052
21545969
80279624
21501731
70073000
41055607
72512784
45709287
76395107
71576693
41237446
73208278
21474492
22189369
22099066
75512404
70832164
75024121
73022166
71465445
70469686
22281903
43871805
46146869
77160473
40378648
44921767
75783385
62602916
71495505
72262886
21536654
21519246
61028532
45149627
72105823
76259828
71645075
42176543
21846016
70188493
75683817
22244702
22280180
41548319
60259441
22077406
21566435
22304969
21436577
73780944
22301019
71908840
76565917
40397453
41435437
71533608
22302785
40797993
21457601
77471059
70683041
43632538
21537438
61248765
70071953
22098765
22255232
76163900
21786017
70780728
75680677
21538071
44345220
21845009
22093586
22298188
72368088
21863332
70181169
22185261
60076968
41419931
43386348
43453244
43976125
70890601
21861128
21510408
21557410
40379578
21841695
22185461
44691372
80020455
70460704
75827527
71948763
07470262
45938321
75373694
22289988
21878512
75187099
75946004
60694404
21477131
70549861
45778451
22301612
43717500
71718329
70763884
61248578
78312823
21551220
40197332
73221062
41976682
75124858
21882262
72652918
21467660
22103217
43448702
70360139
22304444
76438559
41433976
72123824
71453956
41412396
21418804
21466750
23533131
41808384
71801684
21823007
22297569
70605625
21830262
42912763
72780493
60569594
41828496
77484610
76016175
22313916
45310094
44114233
81076946
74419256
73626287
73512153
07641055
22093103
21536213
75715640
21887854
21885643
21828243
71856797
75458729
73994191
70199221
22265203
44695211
73811395
75955263
40785474
78377061
42265601
21476094
21782089
21536202
71751726
76876278
22262866
30481871
41844924
22188179
22072428
21524281
21427029
22180750
47126174
43412286
43203736
44649923
10401804
76208380
47569713
43629654
60797292
73315932
73265255
70334952
21557113
77079166
21486895
40254430
40225957
80279225
21881677
70049133
08117711
07165783
41962558
74889584
21497067
73990341
71735708
40577609
70066409
74948010
20043179
21534401
40664397
42174542
60907361
42023011
76465748
15437284
41006388
21435823
71445659
72856626
21863419
72421954
10503452
74070640
21869180
21486162
70303695
77160386
21473161
47430430
43994103
75620723
76855088
76862781
76651325
70920373
41423366
21551388
42497901
47129651
21790265
43500997
61075795
42319405
40359906
21521502
45204135
21815109
46941636
41451546
72879316
21513198
75654791
22282046
75833001
42779640
09436637
75752064
44151497
70276600
70140803
21463436
21440839
21535547
75599756
21835563
71473593
70258539
75335600
75992619
72870253
75048156
21575871
45822843
21409771
21427701
22294533
41211537
22288898
70890618
43511926
60077143
21443652
21415749
73893247
70084220
21484081
21566226
75702324
21488255
21506259
22306094
21873464
71103367
21489587
22307065
70683384
22311001
44995991
21877286
72793089
21814003
75476111
21543304
22095855
21413811
46656970
47403724
21822535
40900934
40101117
21573013
71777077
72556778
70362286
42925459
71879559
21543189
76952812
41487720
31540471
45444142
21876641
21832651
76868027
71994515
47199656
75784048
75445379
71250148
42912746
44192700
42865112
76185893
43824293
25841031
45563276
20902411
21880182
21877788
76453964
40860752
25479952
60663142
21499394
21544301
71089593
22312361
21854140
41309161
76097567
45042182
77493469
43886148
74947105
70460788
43977697
21531702
74842004
70573483
42349878
42940384
75660312
21527699
75809987
41302518
70505239
70543468
70390821
72205038
22295585
41844048
40068257
72761695
45580380
70327058
72224830
40385626
21492720
22302169
73141263
21819010
21858389
76470849
43106140
42045596
61627903
70258207
72105819
40237538
71473894
40644350
21853409
29672516
71999720
40536279
62668730
75238672
21497634
70349808
22286705
72082067
46537171
70557748
21573034
73544582
40662062
22190282
70130755
46178281
71718376
71470987
70256314
71545911
72740830
74041058
76594758
76131584
21573309
76439054
21461129
70324459
73194160
60929123
77389738
72171824
73243815
73424109
70666499
21478865
70539293
73099110
23206088
71445343
22189254
73796018
44023892
21515946
77816210
44411691
41475554
21518793
46664712
72695131
60454781
73465145
21816904
72420368
40027078
21834780
09548839
43320098
29533719
71265728
47209565
41581902
71649287
22188180
22277882
41169463
44782219
40157259
41489778
41510019
47404394
22271983
43277357
75423505
22101995
70469195
45351165
73245581
21542738
41454822
22291569
40797477
70974719
46061451
42528091
71616262
21545789
61921888
71474805
41355775
21489459
75006775
21849536
73025316
76266557
43867425
21556467
21875011
71537227
70180016
63570259
21844522
41779391
71733463
62540313
71910227
73119816
41748225
21818452
22277158
78376206
43361495
70781516
77392461
43149984
70392203
60752977
75936069
21883441
42839219
77351691
42392648
73738267
43860060
70791052
46281425
22294217
75944018
42852442
72658530
47309819
71470630
72713712
44459123
41019966
21531668
61831691
72492706
70660692
48105612
22095445
46188883
45919426
72705650
22292561
75992977
44834278
46409604
43683210
21831911
72618401
21400316
42011384
21565321
70475055
45605411
22254721
47057410
42578248
73088131
72866477
77709726
48684519
42174555
60907550
21579317
41111186
70256240
21518279
60199228
41815244
21478497
21814745
80690005
70277220
71486051
46647675
45079893
71731088
46828766
21513250
79125682
42287998
77021215
10116701
22092002
77278884
21866820
22099264
76208796
70047623
72492708
21542436
73064642
21409108
46730992
70047213
60765650
70272729
21476382
73067317
44296097
41795819
43366883
21531542
76029098
41329332
70046198
46635521
77234288
71979072
43048274
75066009
21559565
73704608
75065719
21578294
44570449
75562104
46345044
60501133
46279140
21487737
43168919
70058693
60076777
21512431
46133344
72546239
21479381
45944123
21478525
43822487
71775608
42360257
70394849
44101039
41785079
21782746
70098216
45205813
71472261
48947612
43518678
43455947
21807949
73186953
22288189
40617983
10351650
46767811
70762886
73531936
21566970
21539829
72171821
60075757
60360165
21453946
73244627
44891271
22307253
71752529
21554903
41433950
22305979
60472147
41211518
21501788
46440444
42610745
22291555
71059395
29087164
76856260
70773743
60074627
75780895
71781222
47050534
61138534
70780741
71584238
70097485
45719447
70469186
70746462
61281688
22267835
42017695
42801246
46367430
60071670
21803770
25829777
42145653
42309183
21450455
21575515
77296053
21844668
41883668
71854561
44931741
60299753
75932656
21539789
21880902
47649937
77283156
21875263
40834822
71752528
21517758
73989341
76129999
71373327
74046822
72371167
21854633
22071847
75908554
23012319
73669283
22097861
73975739
22077952
71608621
73970895
72530455
22078379
43871767
45256349
44955769
74653953
76903723
44747362
44265417
47371330
21858715
73531932
21542528
71736045
41730314
41913184
71772447
75024059
45525295
22185584
46310025
44310270
21542890
21797594
61205820
70271848
45231019
43709661
40382138
70194218
75867156
22090527
41784383
42708711
73088102
15422835
21476111
21463345
41005615
72858460
40320662
75700017
43100828
73789737
76411279
46254774
47339826
77496736
73150221
77498486
46559241
70473017
45092157
44024872
45069427
47236990
44977458
01793310
22305244
80010206
73534056
21536911
22180264
43314866
61833438
25477989
09554531
71611166
46635536
21536948
72194811
73262612
61669565
72082116
70472628
62113417
21556265
22303742
70777600
74882182
22240232
28286228
71374507
41222337
22299121
42849683
42663137
79217277
22101435
22319228
22270806
42365119
44848505
43965720
41752529
71103397
41018176
45415051
60288220
76877036
60611478
71536314
70747843
21418226
77909432
21838562
72960995
72960996
40520910
21861681
71473908
21814778
72319026
72842542
72842541
43965731
21860173
42856266
21800380
45229355
60810890
22301207
21848832
46217642
73869552
60524435
10055292
22196412
76905357
45671357
62551312
61922145
71997203
40004099
47646283
72158126
40155444
42832603
80002207
22081405
40165340
75810872
72516632
43156153
42715424
22102035
40905497
40932669
21875038
45896841
21870976
80016403
45952071
70454088
71497617
44011080
22093359
21824927
77809144
75620596
09031164
21865824
41829886
77391451
23537021
21844903
77227139
76918548
22318158
62282164
21818988
41517564
74088383
74294228
43128983
21811881
42291340
60970978
61029178
21482243
72962261
21442085
44607624
21558207
61086965
09488280
70250128
41608657
77137538
71564464
70781976
45594880
75826637
40310911
46553933
21578828
21556649
46616287
70382759
21533481
21553627
42748378
21557222
70653200
73665131
22312810
10675724
70891480
40947022
71415172
71479895
76458310
70567205
43393133
21497395
41143354
80632721
62269960
63226906
41637395
22087167
21856464
21807267
75066049
47371347
21427166
75775071
73269865
41547299
72305763
75048177
21827510
72766137
40077340
21812803
72912465
41795828
60076909
22189386
44674861
76769863
41235895
60074818
41809405
44902819
40595448
74950680
21578087
71733453
71472171
40878618
70253009
41477525
40880252
76838423
75626899
21815711
73507485
21480297
21566738
61520166
41933154
71552857
22097949
75653662
73102161
44106952
47980361
70544015
22307248
70339116
22270370
41719207
71102137
71983788
71820686
45182341
60074612
21495838
76735356
41913046
71014087
21556957
07512047
21466270
74220965
41901603
71049627
71573781
76868026
40003249
75582025
60765755
21812415
74909496
40646493
46575768
73204316
70545579
75006072
78201657
40423776
42934471
71735769
75115173
41784387
40918276
21844368
70083557
78374381
46311333
70503733
22188636
76566176
41349800
21883324
70405065
21531615
74127815
42641349
60075105
46850451
42117934
70363465
22190983
46030781
42864454
21448207
74952568
70775366
21887495
22180122
41313105
76033974
71486040
44387906
21830193
42966494
70816694
48845180
41166284
21543838
22280175
22274795
21875569
46885499
22281446
44762959
47897484
42856274
40750546
71731183
71731227
47380627
41594663
71445412
21864495
72850360
21876499
71481069
41087602
75937231
73937578
41713075
60256215
43272762
21541776
21845530
48164406
70305808
70794573
73427457
74914421
72015101
42906168
72635942
43132845
41886417
78475100
22097913
41071494
71473612
22309518
70271986
22288478
22271348
60451790
74294219
21569051
40714281
41155416
22264606
72713974
22096567
42407705
76628499
48432202
76154833
45204060
15403440
77157272
76647285
72171828
22298661
44062683
41187765
60182702
42686907
70325089
44502470
70682334
21561744
22252232
72713970
70276925
41403711
40381617
71476406
72293884
47501607
41166250
71631283
42400090
22196148
75017594
70545240
41810717
72874294
41166244
75781553
70354811
41996473
21836747
21814180
40780078
71969014
46217879
21855865
46015359
21566262
76459385
76761049
22180348
22186828
80429589
42768955
22306468
47552133
76533846
41149807
41026153
71469367
70890572
72932363
40834808
21885115
60675601
41488453
72958235
77140193
44721684
75168252
22281291
43041437
70130509
22292590
43541901
76682014
22190152
21546141
71108484
21845738
75006045
41112621
76022585
21436983
43453645
71711909
21531291
41890485
71743455
21873920
22972138
45996350
75400488
41777372
21803136
22285609
75266213
71706063
75908382
40958724
41276338
21562215
77475479
21849214
80007546
47105192
75799635
73165927
43765434
22242707
22262670
75846728
23554546
22306981
40975758
22278381
22269272
71648803
41954118
75055013
70607305
72308259
75233078
22308716
22241389
72424859
22269844
45320378
41191853
76812006
22307306
70365605
75187853
75006060
70359640
21875340
77068308
42282375
21885259
44350208
47050366
40567710
70358199
70394586
40408959
47237853
78019472
06234553
22103916
70326741
76126046
41375692
40554181
42253943
70324925
75247719
46901693
21855023
21791025
10031452
71474663
21812502
70130013
45386481
74890113
70169742
75867326
21824704
71479675
70143342
40609975
73503103
23557666
76201652
75273357
47074943
21513460
74881401
72013580
21453462
21866590
22290510
22300280
22266169
21564978
41138582
46169502
72867498
43463594
22290931
42407709
21429602
77141000
21817736
44310956
46317420
21414019
21870238
70138177
46944122
07932283
72324647
60812430
21852032
21879966
22314546
06767732
21845990
41458255
76307306
72806362
80465438
21481396
43483918
21821827
21873551
44387911
46610331
61490643
73648542
73237602
21560371
40682254
76575005
22272937
76130482
71884994
70396616
41460226
21574141
43121739
76910491
63204981
41954115
21861210
70257834
70191107
22244712
72726975
42792467
70192554
71955580
21838407
21511583
60345667
42566876
70339107
42780124
72210789
71423426
42763201
40242136
47050544
45713371
22091941
21794255
71806800
76075461
47400421
44408897
70999260
75465019
60071541
41057687
76695880
47789870
10561107
44797502
75772871
70088556
71454025
73302450
40148038
41130232
70253054
21465032
70129172
43601647
70253598
43624118
21512915
70358238
21451854
21567016
73876145
70066403
21830992
70306761
70517554
42167675
72890653
42345455
21878406
21555920
43467512
70137294
40744022
75053570
72021215
21842290
21875685
43840252
73338981
74291313
21501329
44345404
70999259
72680683
07253944
72494342
75445683
72046337
74419274
80551706
42993985
76739097
46310037
47943848
73627810
43563643
21558564
60385262
21565722
61922168
22186882
46159536
41962549
43052370
07215987
40756660
71806785
21578550
70142223
76954987
75654326
21453615
70123790
60474480
70177043
48270524
72178922
44114269
71473596
47383587
75207918
70396633
21884981
71540898
21481430
70346482
47442276
46027499
21868932
42651328
60451775
79106078
28825937
74240876
45635295
22185688
21513226
45963250
70167455
45767347
60971520
76632308
72729959
71765142
40980091
76687285
21872591
74662708
21845206
70545256
70386556
42118287
22247800
71472771
80002505
42480910
22064324
74213543
22186780
21848948
77807931
45548566
73126367
75523157
44103533
21501370
80049827
22189292
21553983
70338594
75924650
74393560
80011054
46816745
71480772
72561833
21887586
71121412
47170996
47236908
72455526
46665485
45278305
21881742
22191046
21562498
70313564
72485006
72546271
21884424
72520522
77235698
43524474
77293126
44397921
21828390
22278222
43504852
48492954
70191895
21870885
48151463
45294578
60438678
42734636
45200738
21784747
70115766
21844736
48098235
80015464
08401379
71784074
77572544
40657906
48993433
21872703
72740863
40728043
46901698
72753445
21552297
62282155
80082426
71469316
72194812
76576582
73335264
60071758
40249361
46258146
77469568
45425873
41817818
42707752
70453826
40743391
21875745
42123979
71447407
43688475
75180054
70539888
72176564
71995939
44042780
71786992
22101448
22075965
71317099
44465233
43489181
73577449
21822534
70250810
21812680
72171794
22293158
76548269
42689609
71477315
73029525
71818343
40389751
72964849
73431822
76808631
22259428
22185997
42935462
71661806
10019553
74229247
21481165
21558323
48142800
74374223
48278529
45642768
76313962
41777677
75993330
40342983
41429370
47067328
47063637
22292319
21858425
41208931
22194333
76371152
72954402
45528080
70454084
44049561
71495718
40399328
22191018
44196838
75850695
21883624
42984052
21538560
21801743
22093930
44200962
70278360
77910675
09067374
61560659
40945300
61233797
70148862
71922021
22080023
09623397
40503670
21864084
70338596
08842327
70469681
44057605
72003545
22297533
42728837
48127141
22190001
74220310
22306093
70891507
21515710
74083882
75561830
70181883
22185751
21516901
62794090
75815640
70359691
60451799
43635275
07644901
21794940
21571776
43624199
22305168
40398266
21464497
61087800
72717352
75054484
46870304
70346094
75474458
79136784
70250801
75364067
72155372
42554244
22293014
42461785
62090653
74397369
41057685
48193167
75018462
46536604
47222770
42146527
71131011
46317429
47446109
21860345
42176141
21812448
21491569
61153853
74211327
42834035
60488572
72542208
45813566
42825050
72014120
72763549
74849627
21555739
15359830
73218764
70069497
21552386
41849207
60807737
76261873
72203114
41629562
71488839
71616343
42278579
41984912
77333623
78010332
70090472
71078600
74075444
22190966
21418042
22241137
22291296
71608620
71688979
72474557
42234318
41231025
45376560
44904840
21532250
41583415
46376018
74914398
75820533
60076810
22065886
21827015
22312264
44861200
72351777
62142832
71532534
42231652
22088499
41837726
70394513
71947762
45990446
21864543
10101929
21811349
21838998
72506595
22099669
40576413
21453552
48136804
22069020
70328240
72760171
71445664
43586329
21805711
75884134
72034890
21872022
70546157
22189671
21555047
18890351
43018244
72312782
70065532
80070977
71882293
21568247
71054944
71473802
48300337
76201932
21567082
42347351
70306117
09875135
73520029
48779371
71947771
76801312
46899958
21536644
44204635
75600222
09983095
47469564
41072228
41613574
74225950
72961399
75943995
45122468
43063213
70359710
43249836
21485228
22245012
21457421
71474189
73139094
74348660
43958752
46686860
42758443
21858796
21884576
00257270
73856339
73567932
70138736
21850934
43739579
44699547
21421347
45022286
60076840
71518633
21556885
76764999
45950546
21546274
21859551
73940463
76368443
74740061
72312694
71472209
44465275
21573406
71941673
71267405
28850339
45402584
72858452
41577417
22184538
22079228
21826412
21488366
70672596
44879465
22096298
21520859
70362617
72004616
46253698
21546408
47250366
73700406
42998873
40029393
21463349
75736244
22272791
71474760
75656861
06153301
42265609
71496679
22292516
75718645
43941166
42053779
21544329
70682816
21883621
72959716
21866366
42613134
70165910
76004471
10724929
21546509
74358479
46665815
42837103
45022305
46564294
42100022
70278609
21575271
42602614
21538106
21806759
47622684
74052646
10730625
73963867
21845028
74231813
71267390
75375484
45714113
73173505
42013565
45948361
73577229
40073361
44550300
72046334
22271797
21828555
10171558
75222120
22272302
41406322
44365484
21570271
71870150
21561599
43156028
21537371
21544785
70454078
44852076
71980321
72658216
45522766
21510066
21809426
45098510
72008053
74090093
74876461
71999784
76419590
41404395
43834482
22099137
71537266
21537521
08363684
40622973
46668613
21524207
72002830
75948944
75283906
45234070
40862573
71481063
45128933
45621878
71315175
76439053
40122455
75798849
70360089
46496818
43271771
75944011
70682934
73957199
21467864
46531575
71471021
74348650
42234344
71892624
70098266
74314944
21576699
61870761
21822604
21478608
80231652
41962587
22197059
42721905
71052752
21799054
21868721
70163661
74316112
70405105
21544838
22265081
70392139
48092837
22185125
42501550
72437544
45723818
70071949
70362295
46068490
74862991
62696015
21478315
40080899
71801703
76422276
71723579
75627113
41836170
60074628
75474442
71285748
70325577
73261140
40609801
10082979
75518444
22094127
41916777
77174642
46285931
41282019
21817054
40775561
21502461
40946205
71102119
22092548
41379758
07010168
80012562
78204109
21883373
21511054
21467196
21403482
71746264
43079671
21462271
75203366
70682019
71496678
43164571
45548556
71142317
45503070
71751759
71298928
75498294
71474089
45625488
71089830
70117709
72559622
21791633
21506883
60671144
75522932
40433657
70130796
77677390
45420739
75233575
70394164
21544032
44653939
72858600
22306361
71754879
43446802
60071503
41794519
72858451
41593645
61134838
70280450
73250617
47161701
71945410
74723384
20408434
44672134
71307754
20082887
20880048
41525715
74440595
47827407
74651315
19865243
19943403
48107022
75796313
71887652
44047382
76285068
72228110
20521733
75691994
44420801
10607872
40736645
73580986
45618450
70304959
45098572
23209337
46237076
20089302
19939719
19906751
19978003
44387276
71751488
20676823
72264963
20596002
71474226
19823974
45999133
70846481
76046891
48159590
47137212
20984133
19973181
46269037
20093764
45172755
71823923
19988494
71866315
72100380
73705773
74874822
76121569
76005054
43755291
19908286
21007179
71590395
75691371
74204451
20097469
19823545
76005060
71655175
74951344
41734437
49081553
60110666
60982085
46327714
19873313
72658623
20074943
73461276
75476204
73345952
76725221
71864978
20109115
20409703
19989116
41480723
47036017
19959101
21298789
43681015
19949308
71652467
41359820
63301247
73215330
73047439
71229483
45956616
42207108
41301620
20660876
78112651
44796460
43466963
75177020
40835180
75662956
43962132
74648541
20017030
70263371
71798650
20676979
20521007
19900666
72779710
21075998
20425056
47523688
73431871
44161790
48871969
43949232
74035559
71796953
20999286
42804187
40906384
72679135
77066226
72101729
04012137
46340070
41558401
40282815
48656429
75216469
20996758
41978864
41072056
74173949
20583004
19949183
42578275
20585502
72096663
74883650
45260605
20108115
23470041
19935393
43061313
19931981
20962589
73939794
20689929
74062322
41280881
20432814
72264620
20436096
46966277
71713672
20407391
20741142
72657447
20999276
20676549
44364952
19916944
21431734
77054493
19948434
23238086
41585499
62278125
71602143
73739931
20007420
09433369
19968730
74392968
73123380
73997101
21006525
20523536
20012007
20440886
47885981
47722659
46507937
72256180
60542353
73059022
19897066
71874193
75657320
40540013
45324732
70297236
20090034
74780094
42469658
40660026
47943828
43613798
46206327
20091470
40767416
45841444
23690920
73354003
42493029
20044685
20037235
61632441
20884096
74571756
46518044
75963222
73656790
80012294
74368526
71474837
20676037
75707415
40199817
21282786
48575032
19949199
40781543
71023981
42081286
74119193
76991875
74215730
70805519
71075194
45081402
71784336
71882094
60002419
72514094
75466686
43667172
42364168
43589159
20591356
71891642
75265761
43210987
08168371
19957370
19927353
73346001
71731136
60906055
73591407
71874210
71481334
23669908
75974997
75088903
48516993
42478737
19894858
43635347
42596617
21012654
45815089
72412367
42619565
20996557
41472081
19874737
72091708
20404871
70935153
45937379
45486249
21271753
74474183
47461162
73893063
44436144
74362434
71976454
73863210
20433008
20401881
19943404
72813195
41695309
40594327
60982257
40173364
45456793
74773132
71777372
45329751
48447375
45998624
47940640
42064175
47572131
23241472
21269418
72363174
77329332
74128035
40969883
71976451
20427331
46713280
20022210
46037885
45476716
70130860
21280833
76831443
19961499
20417251
42180182
70323502
44936497
47070099
71888180
76360055
21264649
48721954
71966519
74364283
46471096
20559414
76771647
20033380
47957141
72010335
41343713
40518648
41095130
21263517
76772868
20595604
44719119
76872559
75514871
71819025
43493514
19982728
73581760
43061066
20666808
72270588
73461105
04081214
19985516
71974875
73198229
73571446
20554060
61656239
20555573
46368037
47192810
70415125
42366256
75996255
44436547
20741302
45338136
10675931
47808145
20685830
71852279
20685968
71202396
41146351
44926321
40456057
73675683
73541891
40454556
72625697
71592013
41654673
40065391
20593287
73141986
46991744
70983469
73372393
20596022
44864718
74051037
20115731
20686123
21264153
21137125
74156361
71481992
10278004
40593942
20113479
43412324
48447317
72262068
71029673
20555468
73511065
77416932
73361939
44612985
44586180
71799589
70289035
80632931
23904482
20990254
45332841
72301056
19814062
43645780
09579701
20560026
19977272
76564461
19825315
70291233
19961169
75511754
42258748
19955335
75047326
75699632
20018639
40674757
40449882
20437371
60419284
77213317
43932451
20020286
70260909
60303373
72870896
45427077
47017586
45681947
47255177
70242394
72906807
43908007
45611374
71211597
46457796
42477203
45718897
74088225
71486211
20999022
21257993
72088349
19972451
20735696
70428477
44999800
45252197
44145504
77098670
75745050
80064150
40891010
20696291
19867889
19968933
10054562
41484986
71971700
19973067
70313719
72921778
41020199
40995306
20115025
21264009
74474172
20665429
46280209
04351450
41976326
46615523
71645370
70615368
23263526
61604388
44968095
60299771
45393852
44071321
20688078
41916723
41082780
42612088
75057786
20403701
19996294
19986525
72265804
76861774
44339032
75697070
42796277
71396370
71806694
72016083
41573003
20674167
20654689
72239671
73141950
46944695
73648707
43731940
72240079
21095658
45004106
21109868
21248188
72449343
71486183
71979188
60002169
74769023
41018875
48125709
20718511
74805111
74874810
20669230
41211588
42276378
43112413
20663875
10774641
20741916
41171658
48471980
20906189
73208364
20675689
75679621
47335165
42703357
40494403
76677003
19898496
19836019
19993596
74285808
46227921
70196253
47081554
20999519
44619258
74780113
40114589
74597081
41005046
43427136
40476148
61447302
19840863
21111022
71409337
71451000
20704850
75178394
20578859
19875052
20037514
80545354
73147546
44021826
73230503
46232007
20068742
19988520
71988432
47121987
19895347
19938312
19881157
21109349
45925298
73774639
73177512
74394860
20427352
43782641
42557599
44391503
72118579
74805061
19867442
61720186
21077665
46936043
74550531
72401726
76413918
43817607
72612005
61278649
41120609
44477283
71813457
20672383
43840275
71594300
71351503
70852998
60580485
76737909
10774646
20882253
72416304
20104707
76202056
72106840
72154901
75582721
80074808
19868475
47122328
41306370
41411729
23238039
74360428
72857607
21075577
19872961
20699800
72010514
46911378
20420170
73660083
45547956
47367436
70159380
41080187
42628709
47792036
43425437
63301165
45208196
45882391
71488304
20684795
73346254
46250263
72383276
41411194
40265995
76682172
70971009
76027830
73791804
20071764
41622018
44345968
20724638
72894621
40647335
19872057
44483431
75697074
71648239
75680963
20427019
71605157
45409088
43010996
73204322
74228770
70142267
40265347
74452575
71648737
71115270
71557913
80109492
45557235
74856795
46194951
74440396
72367632
70322484
44404644
23094559
19937864
46538587
77101768
20073859
80633001
42553825
80469922
76341545
70622282
75899431
72123880
77687697
48895255
70085674
45865067
44867732
45025204
20017027
74250554
75548097
48310547
73581829
20092983
20055183
71871847
45899771
74595898
20671043
73476604
07460257
76274777
72076977
47872033
74386527
21069656
40600838
19987010
41454573
60580479
73495704
71974406
74252738
15283011
71817163
23247684
48682479
73666070
44970218
19977477
74425165
73571448
70333071
71251499
43863577
10012856
72076107
72096666
75335484
44613018
72195002
19957746
70347522
20116657
47374184
60002401
20000276
70133735
19968739
40616004
74249652
40377455
45639980
71966356
72556261
60004881
44848028
20439817
71071784
21135540
42172997
42843775
46774492
20659863
46361447
73442790
20095104
40765789
44875925
44591756
60241315
72195023
73524426
76398451
47414610
74696590
19993476
74472052
70927782
44544918
75855226
20075977
40804020
20436552
44167775
71555708
19895661
76249016
40456298
71692508
73302487
21117630
45079902
20696078
71097718
72264593
60007656
43017639
21001842
20060035
74354789
20094960
73053656
21264137
72241140
19901381
40202734
60805600
71470288
70244757
41435736
44409817
40274783
20431860
10746059
46324885
72264592
47917569
19866506
62996904
73031465
73488017
43023844
20674069
45783077
76679664
44043700
61297831
74150756
44869767
74368814
47036432
46973316
41930605
71884746
75720564
44596665
21266112
20408125
46125328
44732192
72253074
72125120
45507168
41597999
19853320
44391452
74361786
40836531
20704556
73522494
47405301
72088331
20569038
09319766
72619226
71127694
72574879
45213138
74953016
40549753
48016265
42435006
43378699
71139333
20579056
20074091
41981814
74955987
44235372
20682150
45221230
40311414
20592181
75983290
47260064
19939842
74043232
80090425
20595858
74249666
19906442
76805628
60002031
71807251
70226276
42091908
48740031
21103373
40789153
77493561
41484668
73486092
80612389
42567121
74139654
19989964
77164841
70150612
41760532
19989276
70107388
71652476
19933360
73863178
21263018
73362995
21275623
45605494
78551144
60011213
76816512
70617497
10168462
20438826
20081221
60203455
40351177
71126482
07493679
72264970
71978834
72501189
71949664
40802777
41657425
19908333
74020298
75747861
71809092
73578733
48531422
19894546
74213585
72288013
61623290
07671333
19967813
60001408
75383837
72093115
19874983
60010828
20114880
19873659
71863867
48399530
45770253
76522270
72236203
40899784
76408591
74409318
18203088
76759658
41688550
19959960
45116143
70158516
20097948
70116546
71809086
21276762
78717135
46425428
20674182
20672180
77390493
72254084
71292184
71877418
20895283
74841537
75596394
71828876
21122721
46303671
74904067
20409682
19979044
76148702
62189107
46126941
21284237
77391947
71260070
19937924
20403366
70930178
46133931
73312442
43191979
74484392
42809858
71068731
43760712
75669127
47115649
19973052
19970090
25683932
76668044
20019337
43631117
20012468
80633182
72182523
71665868
21280047
71474085
71465026
74873426
20702496
76677999
71605178
73738774
75225735
74170124
42783429
70908701
47625016
71476421
43602497
76545359
47975538
21274304
70313287
40248811
21274150
78005476
44232462
20066675
41706657
70974850
47356324
72514471
45666274
43520276
46723691
47262167
20107998
71649022
76596765
77803135
75544317
40719367
44643646
71481350
71476471
61065605
72097509
70294156
71481139
61656613
73660261
70227029
75528014
74924499
43316726
20724846
61342099
70191199
73547529
48177978
21123161
73752444
40979224
45600152
70073675
76627158
19983514
43495043
42517440
41403757
44623116
74412435
75219399
71223597
71999525
74687451
20112364
71106867
60147054
19935906
20421431
40589889
77274365
19895469
60011718
21240081
74421299
77798696
20421907
71581471
72911785
70097605
40352775
19898446
72615684
71206554
42169298
71326929
72244953
75778446
71999266
42521647
21126159
76331462
40045102
74368528
71432611
40780855
76623014
75189083
09465195
40596034
71548613
19973302
20690344
43024999
76866987
73315817
71317801
71296342
60235288
47146756
40463330
73251872
40056524
46973336
70345165
43951531
74772907
43635349
74362122
60002299
45417955
21114371
71068697
19868572
41661688
73467158
20120026
19939679
73873690
19873015
71975026
47237982
71806063
41077415
21275094
75349366
70404010
44605003
20672037
72096694
09751888
46020038
76786613
20574194
74218496
75359590
43234804
60229684
80061485
70324675
71976383
20710499
46159579
70393246
72080807
42493739
41589937
76273399
72241220
71378541
74387014
46516464
70833143
47548772
70345269
46116161
41750661
71716291
70072787
71866593
73665982
71751279
75963669
75715005
76029304
07457635
20109810
75547795
48077059
73579395
43076679
71105624
71975170
21111363
60001450
44664677
60008841
41529661
76515326
47048944
21269697
73987793
40205231
20428609
20690115
76813442
45696780
76550300
20692541
74457183
75605953
46130561
47899248
44575061
48532975
74384589
70314596
71805726
10537102
76837562
72576921
42737478
73569518
77802701
70230251
61942532
76278549
42916160
20688901
43441808
21271543
42450873
74309252
46594075
70341167
70182209
20091744
40351578
70332925
70097572
19948921
70301691
40259840
71499139
20703302
60011812
74282852
73470907
70244762
20902319
43239260
46184306
47393070
70072790
47701530
75924792
74469334
70307956
19983327
75421754
80017076
72004436
20116033
47238668
21264765
70938503
72574930
75274777
76413911
07469498
44583825
23257672
73219533
72171745
48443628
46120112
20696825
70931744
20692461
74213913
20085060
21136384
21264562
40700414
42496915
41251728
48667070
44301002
43599646
70107364
70304957
70468681
48514680
72083661
74132082
19883188
10315869
71528221
73318466
74757303
20687697
70298151
20994218
20018402
45928357
70565382
40519547
43438242
45599285
74368546
41174012
42497960
41880834
75873417
40765444
48077834
20707750
40808272
70132437
73950142
20540140
60084824
71481190
46536140
45375375
21103102
75913211
20103624
42299254
62162607
20893481
76629862
45115569
71581495
74438106
72363166
71969139
40377139
75215635
20675091
74459332
42802894
20675688
47805989
43121166
08347688
71388094
21134423
71968750
75160732
20663404
08533025
71617762
72960737
41419196
72096835
72112740
42508943
44641826
19955513
74292787
47781964
74584534
75818937
20903127
48144149
70974830
47809669
73071947
20677859
80528245
20436544
73441791
42206251
41649654
21122992
42516011
76559899
20962211
21014410
46728286
42587012
42944894
45205956
41669959
71581548
09010726
71476237
42516373
21079138
48713098
74093864
71561099
75425311
61560863
61678370
70867863
45247841
61447255
40909940
44999826
71755220
60102371
20973616
76005050
41750669
70135811
46604229
46555693
43732413
41264325
75558173
75065817
44200259
20122207
76148774
20109347
20434031
41272884
19989967
70872125
41084385
20017051
78548265
47102563
43023838
43225710
21006724
19918703
21135665
47805663
44856563
20525654
74614284
72273927
20579437
46545973
41487412
46464386
75798337
74372872
71658185
47836017
43126073
09653974
41211562
77570339
72449354
40356959
74090641
48401762
75935141
40974855
43729033
60085370
70194340
15280437
20435135
42030228
70761159
20677024
42864146
75698855
46538049
76878687
45026377
47176229
20891462
70231153
70956927
19938299
43598591
74548447
71934057
21119474
46191107
73045396
74721817
71476256
20066669
21124428
73033513
40165693
48084138
72386863
77425057
73482561
71057453
71108608
70346331
44407285
80632847
20106506
72236785
20556684
20960700
04050379
76641101
42371722
60514611
43525935
70084833
75608829
20411283
42638699
73527946
47709351
72461761
73579548
73769752
45449565
21117340
44976845
20546967
70305633
06153834
71127699
20669428
20413683
21095424
70305589
75236392
71319766
60007995
71743539
41132135
75512545
20428070
20691656
60008101
73656750
45633843
19938813
19995488
71884724
45824160
48561762
60085030
71966362
70295546
77803764
74366239
80020502
21007772
70393230
20683497
71615853
48277343
71478362
20428049
70492847
47604579
20564434
70083619
19882104
75221565
74162159
60007305
20083510
77386264
71476318
46658290
20004697
74983293
41442615
21000958
71809508
45842440
74469322
41902282
74801026
45133016
41585057
20710954
48634503
43645905
45958653
40012594
42515814
76424217
42825729
47640720
71887742
71391662
60096236
40728473
71975008
75549407
75151888
70307985
71864952
40359946
41266133
71476311
71261816
72285151
20695925
74452890
40078982
20722440
71097826
08422011
48511822
41521268
41597845
70297267
10385158
72293215
40888186
47132558
75384485
47963950
60228979
20044013
71634207
40397358
62809868
41455159
42134761
74203717
75189063
45932240
21093765
77240001
72637664
43812436
71476020
72582397
45018818
72625252
70233521
41444124
76902932
07673881
49000292
72156323
77325381
46243661
70380907
41587571
70226511
43815839
71877897
75220888
77134312
20685143
21011858
19934045
71286493
44043734
75191381
20057320
75912935
72254942
40354632
19928795
45129307
20537939
75605933
73795866
72245003
72814301
44074232
79868870
43183658
20064330
44545711
71602146
20427332
46872040
21122863
21060811
43748043
46009517
75423196
71525146
21247719
48962501
74092081
60005589
20691744
46044296
75357592
74213449
77474197
75354827
72010725
71408260
72243595
75100053
71241397
72198672
41265425
61056575
44010100
72276453
47044432
42062464
60008224
71548768
75722180
71068789
20583599
48649292
43619176
73476689
74202911
20436239
73585326
70294154
20426634
44900214
41554073
20427127
20645871
40347342
48138499
74397953
47128800
42251316
21013772
40143015
74827180
41388152
20079525
73390639
20556450
44432799
20712931
71976393
46666223
45465985
21288690
70779655
20687696
60007973
72947335
40517331
61433811
20887641
72077012
43947030
20904703
48684480
21120069
21137446
77069449
40404039
72256818
72556245
77211865
43466147
07171135
20880376
21138352
21060093
21063039
44744983
76414474
74414059
40170474
46612657
43569797
80596667
71555865
76272095
20966107
73533384
20539858
40567899
71555899
20060272
41086312
76987451
19954859
40096397
44106327
40823598
61220696
42701718
77808264
74352653
20594744
42003612
40890823
46266111
74425167
75383343
46790164
20055312
73616144
46639257
61131951
74207741
72267360
74898536
70896945
72079154
20978775
48986919
20565340
42634644
72091719
47798563
40390378
20541480
73614570
42956051
19957163
41733852
21063410
77483398
21281152
21130593
20582601
74943733
43794466
46426112
71434689
41777167
76637775
19954132
75464074
80211459
43587781
48208319
72670428
48491968
73350611
20583003
74126005
44794410
73970993
43708570
42453067
47998864
44360899
76673407
42165977
78635895
70520581
42738464
40910776
08528867
72032279
10438393
73581789
40988378
73571482
20550596
21280018
46329939
73383432
46217889
42494433
20549014
72084498
70158489
20985162
22963858
75062727
70311979
60481232
44756228
74543575
20991850
46140292
21000918
44056208
70380910
70332395
20578461
74687005
75181847
71896663
73950412
72018911
75669762
19804866
20028760
40628475
71553996
21272328
44863397
21260973
21288356
21283737
70833147
75519961
23277764
21274414
47550576
20042361
21264776
73066085
20080362
72691885
73064772
71873470
73869300
42828634
71208606
21241634
41837035
42481419
20015928
70978228
60101733
21264616
71837263
77337106
77025898
40956600
70244965
76830349
60007301
43735278
73660367
20424624
21249536
75770798
21264707
71878028
75598194
10498660
40812910
60409668
20432712
20419282
73545251
20093209
46310519
74721836
21262050
74550520
40854945
43039550
46101017
41465163
60844831
60103717
72609940
20407053
47240354
45208974
71968709
19830380
73064710
21261127
45707495
41085664
20431638
20693032
40364099
41162354
75493594
45657648
44244592
43778196
43063344
60438753
47192694
73212271
76028900
75282426
75971350
20681883
71648748
19883460
72453366
46983492
21010108
42722517
20404195
01696941
74210901
73469812
41419185
21284038
72604772
45754456
20032982
09467631
75066386
60103812
20966602
74950001
21013571
76658655
77346259
77059556
76247775
21259444
20421970
44570460
45390011
19943701
40459216
73456974
75624450
45754752
46179090
74091974
20048913
75616347
20567213
73135206
19812385
41149861
71966513
43186923
20438100
71877381
73979675
21012013
19969544
46690133
73738780
72544725
71971838
45352782
20418211
44193721
43887462
72882712
20422082
60148919
42625277
60409705
44096179
40245554
17939270
45363806
43129705
21265810
71818099
41016060
20093280
20400636
77283103
63301169
61192945
60011995
20015822
42714290
43031221
40232063
20645484
61111690
19897058
20432919
20433895
43876402
75099879
21266200
19883559
20403607
20695872
74649498
73490461
75392796
20424121
73431507
41171165
72894626
76447609
80037239
20720303
20669250
76564359
44989359
40337852
45298497
42044096
60434376
60096705
74147973
41840088
40247823
60253359
20080087
07677999
41991068
42951519
41832199
73659861
42733034
20893462
47867060
46926187
70322620
74357277
71835755
40984226
40203505
73310650
73061332
72672116
20900771
42392956
70326212
20741778
70226273
20906817
76733298
73219541
76687808
72761994
71138113
70322029
73040504
77141262
41379782
21277787
40807478
76404616
20905889
77067616
19866366
72113611
47319501
71140296
60008280
20696957
20698621
73584801
60008260
75215352
76818399
19865596
71084416
20722722
63353472
19866772
75339468
20719732
48388443
46713971
46251123
19940177
47240407
73978742
70938522
75721564
43417753
76316653
71920842
47713132
72576844
42576237
01187332
71728222
40676301
06585998
45208979
74325653
61056557
76512647
71878027
41971221
43281790
72228730
47458722
70159385
47164744
60910862
60903267
71476458
73765018
73536192
42389692
77239236
74753346
71481280
75817480
20528931
61657015
23697712
43865065
76836103
72547151
71754674
70307941
41825381
21103159
77040741
42806599
70776771
20098684
71999501
47879409
71991394
41040637
47440316
70084863
46131001
42943377
41568667
40332753
74326381
41695910
19868260
71978821
41715130
76973643
40941639
62672583
72097792
71643138
40657394
20656493
20692595
19844515
42033231
61668081
74125850
63284411
75155611
20708704
20433965
48807735
20433567
20406408
80509436
75185900
44235916
20687789
44257508
72264753
63368155
76138058
21263037
61447287
45045840
07685595
70349127
78017937
71592019
20643143
20406101
43272190
72259853
40103984
47292130
20680957
20000014
20673513
77694703
71823786
44001686
74854231
20027999
60262308
47331356
20727899
71871809
70107079
48427274
46637913
72487180
72098719
76233413
20033847
20405371
41742465
72687855
73465162
77505454
71828832
43490322
72259846
20674187
70883777
80566032
19972880
76630809
20727725
20401167
10662185
20651668
20062093
40951156
47918270
77100986
73053791
74394550
20968198
75209598
42569262
60697292
72412324
71018986
80285896
60435965
80085711
71817182
48244890
42119075
47008715
72171718
40939821
40368182
73668043
21007171
20038905
75598193
41161556
20997747
45037342
71459013
20547020
20526457
70261134
45431720
19873325
77132090
60004882
72236459
20683823
08476030
19866605
25790155
75153528
75182083
47052963
47063032
20554724
46790739
21275517
75542210
20704975
62284891
19898699
44821427
23645166
41661696
47417623
45279737
23261528
15947568
20098496
43235615
74595906
19997102
75187403
19935392
41713114
73483318
21065821
21276717
21275444
70771485
60846856
60981562
60211642
77067364
40993194
70906431
47812790
40449902
60210024
20995039
20119521
73064740
20093139
20998602
70334937
20549369
45876761
20659789
74453971
20048018
19867096
72234122
45899279
20072670
41568673
73660242
73494376
75891329
47060178
20061991
75492804
42627578
46802800
72775212
70524220
76646847
71011556
46344896
20058883
72946247
41823607
19864938
20406415
71954668
43014151
40652877
76539957
72290359
70328697
62225036
72611881
20087247
74485296
75222271
20692563
20903681
20694614
40503458
41078325
42317653
20588354
21124368
75245451
42476031
46778397
60622955
47571983
62013353
73668038
76674385
71311022
61131820
71892688
45380098
60349794
60565517
76953947
73492977
21262540
20968394
42007253
60011906
75473850
72866273
48272593
47195609
10119514
23277598
70344709
20093161
74477696
20996738
72102160
71801643
72225214
42916981
41159737
75691691
76444855
46427328
40703854
73323370
19831802
44467883
72777227
73331549
20996808
75276862
40384479
76472809
76050215
73353995
73975726
75335497
60906067
41112796
20060199
45201751
44257543
19969845
08927997
20087756
43556589
48519016
46106523
60002847
20587343
44104706
70161133
19867090
21124498
20587063
45732209
09768821
20678713
46715428
09631523
75695929
43648019
19977833
19968141
72010501
21001772
44894674
40377144
19867654
48309588
72731761
04086055
73694897
76202169
41274129
45554983
72282504
41808267
71423935
04323840
48935279
75744279
45074412
43096568
19986015
19986424
19834253
48060711
09455340
40126503
41472103
20118728
60007209
71998668
70130607
78718557
19872155
74853279
71097692
40562353
72858628
40124663
75731163
70792390
42410828
76399644
19934798
20117067
46648730
76828514
20677837
40181322
21279643
74925289
42305156
75182100
21279614
80634706
60002039
19897906
72787894
43148623
20713668
70159395
40986832
73644366
80020964
40890145
25790556
40559966
75591757
20718746
45434671
75750869
71877253
20672444
40496738
21263613
41454004
42179916
77300286
43707514
71482473
46657665
19959223
71975295
61551709
41518243
46891092
71692624
60002291
71887683
20409372
76578055
21109184
63408711
20044472
44111265
20668398
20734227
40920689
80059358
71809498
60084861
74223454
74438327
75262034
71998652
46855642
72603622
71210812
20081714
19865641
20115284
71968758
70097530
21100761
80230464
20722359
76326906
74565969
73369717
71328247
19970083
72243667
74253720
20417351
71782329
71482475
76611447
71872013
74097031
45029227
72106778
20409715
78969548
62917076
41560374
80231887
71877911
20093246
60002361
74379123
72139140
46311001
47727041
20033709
44099942
70467811
44307428
71928511
72259841
81598524
19894529
70998358
42184069
71700266
41335547
60666029
45476186
71877175
76537802
43977970
41959305
61596972
20723702
41597578
72243652
21002833
71011529
76770478
41548775
47631348
73605420
40531168
07512167
74601445
42174578
75372691
70321988
70244949
20424606
40842583
73624741
47569185
72265009
47895708
48237715
46320168
06832768
20076319
71718393
71235044
48174477
43167696
74362767
41147533
42832348
71469232
76557159
40803998
21007568
71975030
72737162
71751693
74459330
20709042
80210170
71115291
21255026
73056196
72154892
43373842
62202904
41763066
21299155
76526523
71857750
20052988
20704575
25832413
45098528
44365867
71713817
70135789
41322979
40274594
76005053
63369644
41657429
72143537
74256069
40479010
21104758
75123665
20694615
71969057
44649661
47268614
77677387
19876640
76726750
76518112
71979102
45459492
71537187
70232166
73961651
40920684
47032627
77134434
44441894
21135970
75215483
21012550
74049403
44719473
21065037
44267449
20421600
60007820
70261470
46897690
21012822
71823992
70074885
75963735
44176154
44732269
20092894
20688911
21251141
42751310
48005935
21284413
42074845
44852106
46048393
75835642
73259564
72234134
71645388
63100258
71581449
70333524
71771934
41799524
80015682
20120809
71589881
61561546
60307131
19901141
70193065
71313149
77019068
20112682
20003525
70149923
44810076
71656872
20018075
21254832
42974253
71127780
20085156
47318431
70308236
71971899
47082897
72912372
20442808
43336267
75458227
44035482
75624196
21112377
20675196
71975024
63393900
44607758
71478933
21139840
44825951
71828836
72254538
60002493
46372019
73505252
47388987
60102621
45110390
63406989
41647951
74885960
19861417
71990987
70292143
60007519
20024788
71818977
20588699
20687415
45013953
47570207
40318052
47615152
21007316
20005807
21131441
70260935
76826762
72858659
40083331
48378541
43891810
48814714
20892544
10492740
70389911
61289674
20588941
73376422
77500131
71126484
20741791
40193691
19864463
45300044
44435019
46933431
72571145
60299963
41918777
76050214
71970350
47646856
48818787
20713119
74046585
47185777
71325979
79218209
70400278
63188819
21277809
46999611
44461359
76147686
75377136
09474655
40744034
21093350
48430877
41323135
71968762
20436455
74565976
20663716
60002029
42715679
40301840
20015953
20715896
20004097
04209930
47027680
71594200
71926317
74587368
20561673
25832023
72117027
77084898
44138295
70886977
19989565
72487185
21126048
72105891
48111305
45810718
44725971
72106892
72044859
20062096
61651639
48214670
72422002
44505791
71980351
71581442
75764232
44533843
48366546
75589949
74309305
41303982
71968687
41268688
44279251
70880299
42515292
70927126
71910274
71895861
21299873
74385736
46682073
45831243
77486926
20887671
71810835
20421972
73431851
48808135
43166315
40327287
46262435
71097689
71470587
44512589
45255989
44907515
70317821
19837110
21117877
20040920
71592441
70267499
71731116
41100602
76390620
72723342
20697473
20723589
42957800
44359955
23172437
72093106
60343149
70225266
15357074
46628133
74316522
60007614
43662476
71561751
20667162
41303950
10502570
48392926
77467562
76450922
72245530
71435701
48441186
20663564
70077350
70159381
20663407
43390581
43835549
73536362
76855644
73662448
20665915
73521582
43254101
42285753
72270585
47935755
73332842
44791286
71873477
20034338
40146574
20972557
20101570
20025592
19986510
20028451
10468693
74132166
71470805
40433167
72395142
72293386
46136900
47234665
75889354
10184736
40880537
20585560
71882103
74251704
19819392
70134247
07447803
46234544
70098760
43893491
73134354
40669092
20403064
76905127
70346855
76588107
20544866
70343356
44963106
71660008
20421146
74554584
42428983
75674790
75691581
70245073
41343653
45072364
21012798
72291258
72695562
20981320
73263206
45053511
76816638
73469797
75889753
42583505
71877207
47689211
73543841
71831056
73268748
20055080
21003679
19957782
19897412
43995905
44205888
20705011
41321292
20437925
40579378
43227095
21270579
46412214
72244889
74629241
73371129
19947892
74373258
20012164
70073840
73571465
20712815
40712627
75182479
73768435
74440392
46750976
20070321
73988863
43699276
42479410
19955526
47553841
46054083
71877334
71877099
19912322
46514861
09563830
19895071
43445286
63387069
73056602
43400923
21279904
48738488
75231641
20420074
76666200
21132877
48301944
72044986
20102641
40178025
60237558
19943499
70315445
76777050
76549311
20423964
46882329
20678078
73269913
80014216
71885528
19973462
41973197
72249358
21246717
71016142
76000682
46862163
43833749
47649275
19872828
20027252
72376100
60085308
60096590
42595729
46401231
60010733
41217475
60459441
44030098
60004800
76330509
46917177
77200592
76559901
75468793
19942441
71714204
76025721
43651852
71126498
71493459
47267189
42190692
46526198
72259826
40266373
20715850
42683700
70306650
70304967
76006459
73569268
76152949
42184513
40440704
75155612
60002900
21266188
42190993
46392911
42345260
72611590
42515833
21012980
20064676
71873214
72241238
75529414
76323031
72979304
42576495
20091279
71742557
44701589
74885882
77482765
72236192
74387471
10491595
40783372
75799531
77493809
72259146
46017843
62189113
19959436
48523327
20679072
77795411
72464854
20699981
42310153
40741659
70304941
47797623
21102976
46052603
41590046
44603839
43485909
20037089
73645220
20025326
48167084
41836122
20741350
46251122
40007493
20670961
43903996
21101491
70098025
48307365
42817632
74075029
23568871
09576111
75265826
71644557
42214167
72268627
71882266
21112752
74147665
42060365
74661228
71286459
76581723
80634149
71548728
40456572
20711204
48033339
77286111
72015922
75138365
72455612
09511380
72572511
78717547
20672446
47817900
45033792
71956849
75869514
19985709
73975840
41415960
75567723
06795408
77279619
20417619
22196436
42643957
19894730
60083512
72731752
74532539
75703565
21106566
20672165
41804513
47952233
71877177
72718038
21844751
20714340
76390425
77065643
20107490
45268808
71866563
21070602
75558596
61656632
41684213
43051949
40352772
72091745
60007346
72858678
80020274
10348970
20687829
40952545
74292791
20696150
23676418
21137714
61836376
76722194
19963797
19977350
44463321
70469864
72259838
74125845
20883997
20037798
48837307
21270133
71234510
20685182
73883880
42281479
71881962
73244551
73863068
46853253
72775245
43304659
20046395
20066912
20891415
73209496
20413725
40437132
70308294
75185466
76502325
20068019
72096867
46561945
19874560
72091752
07643013
40835574
73365712
19984711
77041683
20672407
44248257
42543440
20715796
70866487
60005098
20563595
44835207
60008172
20672552
74357000
41096042
46879002
43166791
70274972
04012186
21259089
20527071
74089435
21299726
72458008
45024080
20906204
48881792
70424712
20688059
19973666
70652589
47322961
71713679
46108396
21279760
41659571
40662779
70623947
20642486
77025968
61888423
60011175
21282801
71878047
19977054
20902540
04029580
41147529
42792174
46531293
19921483
41661290
19889702
41530869
20037233
44116053
60011887
21275549
20892023
09313479
71507451
21275590
72007307
75861252
71138123
71971944
70305615
44990891
72720292
19981995
76877631
75538716
21264733
70833144
19869981
71596815
48245881
73575071
19908643
43198747
19949291
72088363
71667198
43738137
44404618
41172690
75731720
41382945
48168747
43263906
47450347
60408168
46047903
48394305
76970244
71704159
46633385
70289446
20895934
72409179
47213863
74469331
71999355
71476400
19875077
45058338
71641005
40980224
71695353
72206334
70267498
74552045
21287536
60005574
20677033
20087987
04068788
41597908
20084035
72194998
71922535
19870570
75020767
42372503
46860517
74960724
73194865
19868927
47326908
47450927
72015943
72736558
75712138
78290826
21279231
45213065
47207910
42456846
71975213
21124479
73522492
45452713
46519305
46926171
45861767
74595928
42707925
76676908
42102177
20426074
76725965
20896894
73538524
71698097
71563340
75841304
45835776
42995217
20122026
45583557
72514303
20049734
47992931
72367316
44146802
42943811
72672103
71823986
20060166
41604502
19936704
75227410
47381135
73644362
60011959
21266095
72486421
48562863
71831086
72106880
21274348
43524599
47106307
71481387
75281950
74066182
42552116
72879376
73500080
41080183
20087953
46254253
19907225
60084804
60005714
43698303
21279675
71979186
71695277
44856549
40753287
42615236
73029813
71229391
41721184
76058380
44685656
75891696
20439772
71476069
46959570
41205070
70563269
73176852
70333087
76692758
20061866
41473086
48135952
20081595
42195895
71876975
41303019
73346015
75101243
73462754
70239767
75831793
40623111
20420027
71863892
06276745
48155543
40453993
44050220
70245067
47340098
45370711
41575771
75579563
19865013
75383767
74254124
43015417
43034105
40220944
43098566
45125255
19952077
76659541
71420112
74156697
72234071
40880031
20735637
75511947
43240861
75570426
44505701
74440594
74482284
20083594
19945314
41883713
20995170
42082631
70351735
76393083
20401801
20063834
71806580
45012376
60761391
42951669
42070324
70107550
71704127
20087912
47702578
76762135
77477070
77027195
42971844
20058070
20675786
40347880
75842718
72083453
76411788
43350596
73059018
40347608
70157334
21245773
44815462
43577530
71558551
71242132
80632833
71724176
75744299
23694297
19988832
70038605
75164138
75721931
76037307
72171264
44292893
74954182
20710761
71998686
46113874
71888134
71555817
20423186
75215011
60539126
20032129
71269117
20902349
60507608
47635877
43428944
40993744
73347444
41367011
20665162
71948348
77019001
70158830
19987079
75281990
43389653
43957151
76627321
48361416
46784104
73470796
20696037
45785975
40655700
72313294
73466270
43162358
20662893
21065176
70929419
72295797
70072636
43235599
20726520
75339093
21000626
42374073
76086899
73460734
46006679
46431844
76666194
71579175
72166499
48251164
71796421
47472546
20007363
41703576
73250645
44438793
76089123
78462233
75581935
20670799
20675699
60542352
80438622
74912142
74544254
21070910
10708376
73492631
73359572
21266174
04018089
20417004
21015225
42188357
71867452
40353339
75215032
20685885
21240872
42493339
72273779
42566126
75247844
20432551
60316228
45222403
42852909
46300508
20552802
74154604
42578873
20432273
44957052
77490877
42451599
08625688
71582448
20090619
42091900
80160165
20438441
78886426
44353032
91289334
24970237
75915627
73507491
20718532
72111079
78459154
75983289
44068053
42830979
80050359
72106860
43724961
60514762
74126179
44739269
20038261
73221737
20668111
20687641
72700000
60584575
43586217
71128330
70381223
19967614
45650425
19871491
60083624
70304939
21063757
20721433
70323091
41374259
20106636
09504317
20417374
20063494
46108445
43380792
60761682
75790085
20427065
63301183
77711915
47799430
20976555
19917535
72626321
42937237
74384245
74418169
20543336
40780849
72096689
41649613
41057736
71970348
44645153
72391043
44631736
46916759
42214148
70344196
72651276
19970729
46355115
74088662
43783980
76591877
44581317
20081303
42542841
47067359
74143850
73473423
70781984
10117069
60401796
72482908
46813814
60751240
21140137
74492465
74869212
43096752
72117152
46942548
40433166
20702835
76026939
20679580
19958997
74748438
43688386
75816831
20418386
20409470
60670678
60354789
19965757
73699753
42091215
40072662
75337994
46069061
20424776
20669328
70041687
71444678
19933494
60011862
73540621
21124376
41660577
46512250
71478425
72719727
47109687
41829603
20531841
19867515
44839218
20069067
74173780
19834560
20069085
20422992
72091953
20900854
72153416
08212525
75392752
75837536
47361498
40874851
45942817
76837842
75994703
71576267
71820713
21123428
42123140
44436137
60096060
21124511
46628523
20070152
20645583
48536421
20709065
80056789
43179405
21298783
20721975
71332984
70063509
70097586
20671007
43744024
72044118
75103022
76627066
43002331
42944909
72236161
71704652
72872897
60084662
73524109
20965311
20436240
71703944
19932273
42251041
44997944
72294020
44074051
70883783
71127621
70691143
74587146
20048402
42610172
60303716
41583915
60005686
70344207
43505294
43879999
75914664
74127886
71867338
71128325
20423079
73255319
75725086
20649079
80218090
43730130
80183286
70930223
19962422
20114672
44758486
76774993
60102401
70236519
71469272
48196259
20656532
77078466
78634424
70900524
43604039
20680020
80549965
71599458
46300210
20550786
71852298
20712949
72435740
20111198
71877259
20695256
20699619
80841836
74619577
74975010
49029727
74252583
41144130
45314685
19866478
41811037
20089100
20060028
47036820
72118851
47508914
73050854
73595823
21138238
20688295
70275113
20413595
61590708
21093701
41897127
75792679
41851573
47948859
74373259
41015408
75274522
73795836
20712663
71440053
40377975
46631631
19805872
72236437
20905488
20904945
19838054
71251492
43883937
74805208
76991904
20045011
75584434
20676250
72236205
47239352
41278824
06802371
40940382
44809648
23717172
71796442
43181269
41001621
73441106
41020377
60905886
41468894
20042814
40505439
41725697
20409816
44571765
71059801
45493690
45054336
75674542
42672616
74023426
60341145
43112420
73881457
42716910
71715083
48649104
20040272
41345182
20574727
73492095
72682080
80245253
70107408
70163847
20676839
72111093
45680254
70344026
60878914
75778424
42852030
20072806
20699668
73074617
46056164
72106765
41965723
72076435
76991505
70019803
73494375
71476266
75600130
72239652
73585327
40855921
72307727
74061321
71805404
75088902
75101320
72713994
72445221
75221596
77325256
71310995
21106468
41120554
77156003
72243673
20100441
04222336
76214473
20100558
20401956
70183742
74387490
76427418
20675634
21279637
70322595
40735103
46629792
76426297
72780537
71608396
72092918
20081493
73034849
75613044
45718883
72076974
60283526
20904383
20685888
44127924
43108887
20693900
41441016
75543063
74236451
75997783
20650403
42975563
20082108
44463281
41494585
61012631
46779705
43485713
42187283
71634341
70185677
41910622
20678808
20678706
74895736
60007927
20560223
20436224
20686070
75191366
74204074
71877267
76808034
72106948
19987417
23214472
19902735
40621820
74985593
45377193
76743762
21087021
48429621
42277810
71960538
70245099
72106753
76722458
72947375
60503961
21110526
74384532
20062294
73465758
75926602
70102115
42652555
41118230
47652378
60008315
44345966
75542203
42147492
20659225
42034055
75872180
20415153
45717972
20893403
71975189
47675749
42825065
60008314
71868741
20691432
76591576
70400339
46098183
16146509
45915633
74292849
20557093
60243969
40205110
71884691
80260381
70391166
06593047
21113901
45455795
20427321
70134215
74446294
77339423
20703298
72003593
19935940
45022441
43000621
48099372
45344323
40988894
71443175
72105061
42273969
20673669
73005810
20036036
70146508
20436331
47325868
72112738
42560637
71878032
71970428
21280016
73854512
47195435
73471033
19959044
40032412
20677812
20413748
72259072
45757294
70910916
71454125
19424928
70859710
44919546
73096325
19091962
40592074
42375082
73084515
41943141
41423950
70802722
45306181
06443754
19522722
40278658
17869891
62929908
73096523
19684784
70857477
19567272
43082868
48081571
19090038
44739575
19700347
41009206
71613402
40773101
60577906
71462369
43096640
42756216
76572758
76655915
71462366
60516418
18136156
40503566
19100743
44604249
71613756
70258281
18113962
42929308
19037707
60215588
73711904
41813055
75583534
06435998
72091149
74429530
75738294
43039276
75831414
73092680
44177687
70233903
18050869
73801350
71200354
18118032
19239645
71663933
19027840
41519045
19678836
60240876
17979049
61189520
75718282
41472137
19091538
73075462
76603777
77216937
76617882
47338003
19250761
47210449
17960890
74525565
46452850
40371365
18204584
76339484
44985700
16652250
72091368
19252016
76562808
44591847
19424117
44107232
18188205
61223364
60264843
44124564
18826975
45480912
73814347
40647343
19074731
19671692
19426528
18116730
19321794
00118208
47561301
74614403
46018778
19320285
71654200
76735126
19088520
47429665
62726509
44155269
70613925
40573261
70059895
40780941
17914908
77150297
73933177
41478460
80173238
72881388
17940016
41372271
17952940
19055605
73787617
19076529
18077726
19023681
72146532
17894398
74570669
75817907
71566335
19428975
80501838
70809981
46732421
47642909
45298520
73792288
74497504
00236380
46677953
41612951
46895563
72610584
46908256
74487166
74864742
42871750
77911262
76737486
19705514
72626348
42446062
77820356
70769089
63267791
41160696
44323984
42024483
73713163
17860659
72375410
71703531
17920877
19041490
74220210
75818526
48136244
80637328
19428248
19426303
19429646
71515322
19671287
45098581
72099765
45115225
18160059
18170880
42855941
60257333
71450015
71053840
45205070
71024699
70196262
73082403
44663456
80375238
18196890
44296245
05387959
40708272
19666551
60041476
17979469
19697114
45059508
46676180
18167216
75578877
42790213
73528393
71179068
40545043
75657605
74089466
45909988
47908845
74384920
45574264
60547180
41341786
46080177
72096484
40241177
41433597
45115227
71643939
60039144
19667614
71449874
47375157
71654206
18141943
19239959
41050996
44101117
41590623
72685054
73865419
75389181
70284019
19431434
43381820
80470454
19570869
71866144
70746750
19557342
60354952
41856796
19089260
71103718
60970472
74497661
47536129
45064650
18016166
71100763
74583726
48689495
47987896
60469310
43593574
43121623
47809176
17913284
42227898
17828788
16748492
73951631
76053448
74958930
73607205
18225631
17906580
76906915
72108613
75941839
43655809
71760752
77095446
73681190
73902663
45672078
73679612
43623404
73059754
73370570
19053319
40080542
42942808
18116867
19048659
41052963
73932412
71611751
71415254
70510295
76427294
76552762
41895844
18078723
60904574
19048142
40300475
19558055
70721734
72085750
44249725
70988795
47315881
47446968
72000856
43907042
74543075
77145066
18003434
46134472
74498766
62007001
40498099
71634839
73626513
80243105
76128073
70515643
75051061
80602047
19214375
70556339
76236357
70077629
71733507
40739031
19702838
75911072
19215665
70069015
71276441
41425305
18141289
76270337
73782792
71246251
76847547
45128186
41639374
45081745
70546653
75102072
26955249
60413827
76328554
42466251
47493284
42083735
45090803
41012344
75816154
75464280
40948039
46515875
45893612
42418646
43697709
81705620
60876814
18177870
77018155
43141173
74125150
77240389
43935706
42056331
75565207
75336299
47393102
47963383
46184684
43270025
47201678
72091129
72096400
46387911
47262436
60248250
18984933
18048302
19672771
71506204
45096003
74162615
40480028
71658756
42757571
73309421
41917690
70212204
73386049
18029740
18068700
75313894
40784090
74429355
60042311
41108029
19247435
44545930
41780073
70673725
73681493
42679692
47167471
70856574
60041201
77043134
48256902
44766440
70931809
80182234
19229390
70673492
18022569
41662982
71602700
75469249
19670620
75848976
19429241
70753101
18856043
42803176
43877225
19215281
46987656
46732102
41111365
60516624
71866145
40118845
71694640
76379048
19089167
17815983
46998512
43330765
71218229
60036525
70271442
18212765
72099976
60596058
42749069
75766860
70608646
19239003
70503776
18844539
48109721
71141156
19426533
19257522
18178201
76360559
60039285
47770334
78547008
41822230
19056362
41611485
43096614
19434226
47875970
71498709
44037488
18906526
70657966
19026739
78548651
42963585
46112534
19320374
46900348
41370475
10112334
70347853
45343246
45629863
73681425
18018943
71764167
32953386
17842124
40114125
18078053
19041179
70258113
71010909
71784156
60298906
17998765
19543425
70381135
46812315
26955509
42573693
18228018
76861161
71000977
48270161
75103167
80209868
27417518
07117621
73130036
75547129
46323845
47786677
47168860
76089335
19685143
18170377
42249994
42373096
73681005
08125106
18211160
72004051
43913306
18226079
18213133
44902999
45514603
19088684
71256042
17893838
19426947
42637358
60253443
19232375
74960583
74474457
19238782
80246464
72581235
42915954
73737735
71061409
19424598
70854890
46579242
19422241
71276126
18067773
44601435
44295039
73603408
73800309
41518818
70121500
40662818
74085400
45204393
18200902
70667302
42379219
73073874
75278143
19666919
60693242
80638630
18229055
72525615
18981782
44865517
74066821
43350014
19325575
47020259
80434819
76345670
46930225
71708611
19055637
70052129
70224304
73799761
60138209
90404340
41125320
42543780
45278137
41545032
18128481
72916470
44690269
70506207
17879474
70543861
75615493
73627083
76049296
77693562
70763180
19568210
72944904
19060890
76838305
48472304
76459510
70777749
41705953
43318079
75856006
76018028
70264446
42840586
71630310
19097986
19676775
18083100
18984923
72513579
47545591
41520518
77797126
76254220
76739318
72569552
19425544
18826601
43031077
42567607
63302239
75955560
73465835
76566012
73813000
18061991
19096341
19051738
60214490
45265506
71246279
70750538
44283544
71658539
80507460
47179776
19068334
70609113
76967313
40247888
44593653
60229820
48117073
40469980
43346530
47409980
19036096
42563603
47322532
18181288
72047917
72468504
74029602
71773817
42471469
76087292
70251848
70510520
27151916
80429540
40824414
44247450
70658206
18093515
74285975
74709898
42864009
60243786
72216990
60206104
71229719
77178571
45080849
17983629
01120617
19560354
77702477
73617783
76795082
47259966
42624154
44031490
45799730
44425082
61585687
76546058
19256214
41059997
48010901
42669572
40430725
70849794
41952831
41908075
61687818
41993267
77055676
71664270
47200913
71199441
19086346
47342472
42395767
45813005
46525005
44337222
46348243
74023136
70262744
19415546
19183825
70364907
72167172
47113701
76560335
73622725
63367990
18985546
42973447
43990639
18068908
40539761
40686985
43980207
48006698
19678953
18003963
71136131
61666243
70753792
47730352
43573355
42922414
40471235
46326444
19075740
77493402
46688784
19191411
70502280
19091348
18862422
74242827
18153381
76597121
74477256
70683996
42623044
72660721
19246032
41774276
45750107
18986521
43159386
17882037
19402366
70990729
19321346
46834948
18135987
44258433
41172079
70078461
75479964
44663368
60561365
45152627
41697351
71639513
19060264
41809722
45042302
19676601
80262198
43577170
76510787
71611601
71441903
41341245
71093911
73130043
71781548
19056372
45055967
72728230
44634566
47277016
62119076
40645248
76037556
44881568
77439673
18027216
74569223
43703996
74815566
43349631
74171691
43075692
41617457
74322996
73931204
72650373
19187766
47583320
74463528
76934889
71536106
47438782
43996930
72737261
60876554
18858414
41866098
19703145
72006561
74814297
40323625
19419239
75079410
70749698
48200293
46769332
18981277
19426558
46916230
19670898
42776284
76745450
76019780
73545127
76008394
19675235
18067460
41341790
43280653
45505831
46362323
47249412
46159003
75564608
41300033
18027687
44648351
43065204
75091136
47579259
42692557
27143896
71212537
48125172
19250641
70577256
19322215
16795392
40576011
70555120
72889303
73099155
46805618
71957960
73057104
47451503
77222283
18829654
70661339
73530608
75946921
45989819
19199720
18134156
18897176
75102154
44330178
45152669
18164201
42783778
71134873
72392599
61604234
70684040
70656222
41137635
19678154
19678937
48843949
75350457
18877016
44102598
60577932
44321862
73539147
73570864
70673865
45449067
71200246
41696075
19569011
19520623
19062548
71061446
42495915
76937854
47155267
26961219
18008808
19255008
79217341
48337208
74318121
19434425
60259743
47847933
46615061
19242806
40186327
42090606
44780989
47745495
73629089
19691675
19423833
60271944
19055501
46828883
71426975
45393685
72504837
48250396
40969473
45059102
73629329
45981909
45800781
19250792
02877700
26943265
44444561
48267718
72945549
77179921
46124380
18114284
18128026
42078250
40162618
17452762
72280555
18074398
18216878
70330493
18133689
70659267
70659266
72702201
48125756
72915204
70858089
18854943
18151659
70952084
17919927
47137349
41723245
73083081
72108572
71433862
18151452
46671546
70921978
43443168
17806816
75468065
73891594
18120546
70361409
18891598
75162613
75251347
45024428
74167866
19076633
75623182
42513202
74553998
40706533
71276825
71276824
18205002
73358748
47158779
72096334
77149038
41412453
42370074
70986996
76961127
18906416
18897852
75499542
18018730
70056086
44133506
76593228
17448269
43462407
74154125
42569562
40760794
17849223
63295328
41356022
44362136
72088111
72091228
44499707
18000982
48430954
47734041
62371633
80398510
19412758
73627190
40003924
74359002
76112765
19703919
17827990
46806278
47179430
77566494
19242310
44856610
42176394
26661523
60052534
70132591
77795434
42496057
73683321
75068252
77296185
76159577
70254040
43345958
74692428
75879383
75054199
72358431
42266492
44912135
18157752
75789961
72220414
73603283
42506758
61922815
18834073
42398354
19433186
42192773
17986732
18033851
17820460
76791003
18164790
41027444
60779283
15713505
43047406
19251570
43835828
70253428
43946724
18178571
41008163
44683201
60708735
74064874
41371801
75054701
42058241
47962669
77683292
60458982
44666929
18856192
60036671
80392730
70252074
63302171
71702721
75578627
17971046
45127331
43020794
75661429
70808018
43065590
61710059
73629154
19431037
71597905
19425403
18837564
45941229
44320937
72439637
45196721
75690656
18066319
42894790
40385698
43179090
45184879
48482418
42438017
80322017
71492278
80620066
40098160
47414097
72709827
80428337
75054848
73680130
74540842
42656419
47144725
61026962
72966849
71114360
44413283
61070149
76656793
41824489
45830406
43164622
71444333
19096091
27287980
18879818
76081746
74316874
76087535
42901223
60554607
40811850
77049536
41754993
74554069
09107451
63293271
75602834
18890714
61580106
18121889
18188384
18855027
70265013
73675894
17878913
43244538
44552101
71855176
40942198
77685687
19566971
46395011
41947098
75910078
45860369
71040465
19258582
18028758
40742442
19232027
43503238
74290188
18220636
45472681
73133611
18023965
18034119
43926172
80524571
72465552
42672265
71643722
45946439
71559375
40356974
40287069
47200949
72446017
18039030
74976793
46213388
40057852
75851417
80554369
71667770
18039416
42682280
76826285
41648484
80475862
07244141
70258989
74292427
62771408
75897864
46892705
72269652
75396829
18080939
19084317
74030966
18069021
60631826
70359768
75340275
17802332
75079053
41432344
18056786
71622958
77565497
18193615
19259290
70278422
70010899
70277340
75800006
18217722
70542478
19087578
73605337
18192160
18038443
40206097
44840919
46497169
76415976
76128874
72746008
28064311
74982300
18133806
74942265
42962651
18057489
72780561
75502824
44098207
74959054
19227621
17866717
48021989
79217501
18091567
19702923
46792567
18116790
17856093
76799460
45935349
18092186
42060021
48657114
42306833
48190771
75383640
80354854
42909452
18124199
73700534
73989779
75114903
43357881
18188812
78634226
18014289
76542892
77233924
74576233
19704514
47043791
46627428
75762707
41883000
78569539
42778389
70011225
75283966
19705345
40803912
32899093
76388052
77538784
41873541
72661534
77539784
09073064
73772475
47489818
72580959
40158283
43270499
43886635
70659518
73951602
70029011
04351323
19703841
18015123
47554394
19416864
42848090
41930886
72405139
41900537
42602886
47065257
75105640
72377286
17974508
18075002
76251976
43877180
71024719
70613182
60041374
76682303
18216975
70613196
27575194
76398066
26707316
42922927
18898147
18058502
44018824
76502077
43124573
72480551
81289927
74162845
27143960
75549160
75924597
73619237
00371267
44626521
74700032
18068855
75568132
18027384
60412502
44634564
18154223
18185146
80045831
71146777
18846722
75098218
70554666
75620831
77077256
70114851
75573224
71891004
73146737
46944375
44178760
17802438
47841041
41401268
10220438
18823891
45654542
18983830
18201442
41063766
18857692
18196575
18129939
40689671
72527564
70691455
45038167
18873268
47860242
73368170
73241411
19326288
70893413
17932593
43207392
41497130
40696615
18097581
17950517
18076405
44682408
75720336
19033334
48625969
77679577
77013627
76553471
71698813
70508107
18836981
70909893
44946355
18092516
80192432
71272051
18064705
17912915
47860672
18897134
44648361
41503667
43647708
74728405
74814461
62098185
46444412
75385707
74909029
40148309
76771897
75023867
48584163
42331422
76531188
48759037
47486023
61582076
40958763
41488096
41370162
71496847
47598415
73683353
46810507
19573045
45377063
41832146
43504130
41641149
70331757
71266764
44420910
76729045
70511518
45375303
48015680
00966744
74655468
19576439
76476396
18195954
48090772
45175354
75103159
71193581
73302549
70116012
41805417
18078748
70272165
45986455
74576332
71560015
73965359
18867654
42927926
19332338
18101446
46677380
41140600
46038604
41841561
76172815
40662178
17850680
74569172
75023737
17913944
45398622
18986000
72915278
74914556
19213760
45027078
77135720
46141108
74400861
75469199
46602968
74213275
75594820
19220457
72785761
60740976
41147602
60274840
44924634
19533663
76479082
19572479
42784898
45370782
46066787
40167305
41837752
46657132
61261524
73055395
19573357
47201385
71778566
73965049
19536257
71773221
15950223
43250890
43701828
45104806
73709490
73077706
72100042
40290983
60266545
44187437
47697325
41006512
72358362
70895437
10846877
45252300
70503254
73933396
73049069
73969330
45106263
75592883
72100031
76466644
00998398
48170452
72108602
72100049
19521406
17902494
70837661
18141380
42754111
19404728
46657231
47853040
19568939
41590244
17859838
45694719
41574507
75964524
19536702
43760726
75475769
72133852
43092751
19574966
27150699
46369606
18063429
71691670
19200873
70610061
74659320
70040333
74437478
74962813
71866162
19211090
71871500
73066244
19192456
18840659
40706564
71212634
18899347
44116630
19243581
19228411
17929475
19100143
62468034
45034216
41692148
19686470
73080518
70760441
43936741
40469771
76814334
18881871
71285680
75674761
74289610
32872893
18871042
70266885
60545513
75071866
18838759
18843073
75103776
19239049
72708480
71782879
47894524
71622983
17986813
18896609
60639092
19674879
18226211
71647404
71886767
71811383
41731199
76333640
19695871
41841098
19211857
06352239
48434375
18187648
19099386
40571837
71136141
47636310
19539636
17816981
40900817
75734803
40671518
77086242
70219371
70754457
19086018
75124890
70687120
73421255
73513799
17816364
17906061
19324026
19057325
44083046
18170467
44624970
76149597
75194004
46900219
46493196
70509885
71872389
71872401
19060797
02527486
19223790
72197406
72197410
80140809
48808799
71987835
48086506
18015507
17947284
18191465
72341586
41723237
71650405
41449077
73778324
18217392
71510144
17955177
19556357
19322396
41399659
40380529
80519508
75849584
71699530
40064014
18053080
60818820
70328778
18202579
47414271
72649346
46362132
73800290
60778175
73987726
19061635
17859640
17879594
74951576
71992484
70832451
42517361
19061575
42904146
74740442
18129342
40722894
70824894
73489853
71195771
19523120
18879850
60039843
42246873
18205062
19227093
19184513
41058813
19679957
43188540
18869698
40286215
17803999
19246813
75581816
42698910
19557344
45352980
76135481
19239940
72116783
43696995
70893983
70865927
76942666
73243400
63068466
45560091
19244537
74054770
73777587
73903287
42807128
18906654
27162078
32947614
70564707
19259189
48036016
32942349
40709523
60483013
47156829
77541914
46064328
72103372
44626544
17848439
70675428
72739203
18827542
17963197
70849837
40829632
19180563
75891912
44601429
44519328
18220858
18903501
71274571
45728192
18015825
63300335
70135866
41586800
17997387
73481201
18190718
19571066
42447883
70612698
70767683
19242273
19244049
19532940
18871523
44677668
43465114
41128974
41070026
18191383
44129331
19229136
60561975
71564655
19558255
19097355
73235647
70676297
41141589
17987516
15701529
46579891
44904221
18042068
72514534
43312929
75797429
62075375
42635146
19183913
42431554
41082381
71977435
41114696
74696930
70757692
40426727
76954315
60281102
00961293
71779431
18153478
19073464
71708571
19180221
70350236
19674668
19222451
19565891
46254817
70840630
41656345
74574804
60200345
73683356
18060041
42134285
70618251
42207395
19059890
19574292
76436943
76931418
41588735
18842231
43447894
76802732
19256699
18860177
77812873
74709889
71779453
19696573
42589425
43292366
18127222
73500028
80530664
47548318
75464949
74127575
71258097
41294380
73049049
73077697
28603914
62446548
19210342
48210992
74472841
76667518
17858090
76626094
71628454
73888375
17971091
60215581
80489338
19237487
18839198
73738157
40058272
18083312
44779104
18002732
18896559
41786245
46523200
74586252
71890940
70251890
41093615
62502583
81460735
18096940
17927125
18859794
17912136
19235646
18165854
44809707
19702818
70929510
46886952
47516625
73177925
75912677
72017826
45642502
71281714
43947059
71855199
74586258
03884781
19321683
19061356
71328667
40080056
18887847
80557708
47904077
75757500
73767120
71327797
43283824
19254982
75100170
18166733
44775090
42369298
46905448
80261705
47889348
74819468
73700699
72513585
74466164
72008608
77801312
46489325
41890698
47185854
63419180
45871363
43097206
71420142
72143450
19080723
45941181
18892773
48473986
43571659
44915968
18829832
70869760
46353501
71404293
71003918
70614112
70223778
76974154
60800290
19254251
08421922
74235802
71250959
42571823
70227047
43615303
73678072
72979140
41787281
06963190
19424377
74366215
75801805
19562259
70978703
74059322
76620898
61285094
45897659
80300496
18210226
46655295
41060878
19087842
19560322
40008344
76249093
43257779
73688428
70506844
41905402
47565799
71623020
48380556
75464727
70675889
19677062
76813894
70992203
73443714
77387204
46942640
73349751
77093559
70287750
19088663
71753942
41451189
47458700
72143366
18872902
77043084
06605914
71689152
44704081
77206540
44125263
71466537
18986606
73903486
32923310
71343408
44912065
45539782
44656197
70875756
45420357
19323866
71975757
48354838
61562253
70362139
19092471
70905121
72360401
19061546
47067392
70894503
40729523
47933932
70673061
70673062
18888038
44287059
70784457
44304357
60577879
63372967
46434259
72866770
71987856
46451333
19562893
45529724
43433630
71575102
18987260
70905413
19089765
75361633
18986138
45537931
77493481
42134368
47465941
70601672
43578965
71777434
46822702
47200453
27417249
74447390
72096563
75524588
19702593
44739296
70012069
71531940
75327301
40537355
76961724
18162462
19260991
18074305
77688594
47752141
18983642
71420677
71782064
43617117
70880400
74139917
60676624
18126583
27152297
18033875
44970228
44577469
47648394
70824919
47169021
61584791
72576223
71510204
74458737
45876125
42422717
03369858
40988412
70795544
47586713
60214269
72527559
70943279
47602577
41756400
72445290
70271520
47829548
44387350
18984932
47133162
76466633
72476125
18983844
41099157
43238551
76046481
73853238
44640976
45210928
74750940
71647380
74578129
70771975
70992035
47695532
71057498
42548259
70508181
43998996
73273149
71655801
76479068
40674844
63272154
19053525
71623330
47241076
70802718
40751664
47747909
80522524
75762703
72279582
73906855
10371745
19090036
74579591
70283760
71839376
18861678
70476069
19555837
80175158
19704888
61729220
70830792
73514005
72860917
18986325
73108168
73263577
48253262
63419139
76425504
46666098
71044483
71884450
44596312
75396660
73644650
17996769
19571711
19414303
41093527
70649741
73857463
45380755
72162954
45003706
47238707
73254582
18008733
71793827
46195162
70023723
75883986
19190765
73805344
44907573
45380146
77430473
61347093
73309592
75558075
76981569
75567951
19677201
72380281
72899624
62324159
71691384
18861593
47780553
44066291
44242348
71963311
76670869
47067393
75942505
75061115
18152493
19088318
17968626
42892733
18110869
71247639
73447921
45796254
18154492
75114763
71987647
45782064
71101811
40573211
19050538
41611991
01015384
41853275
19331091
41985715
19088540
76854233
19540113
70782652
74569225
72306220
17817132
71639106
45285282
17929536
74750977
19084277
46316003
75915660
42838733
19677939
76091307
70413478
63285689
70772468
18208846
70555111
74300939
71636568
48679797
73665944
74747428
44460707
74739096
71014139
73518059
71957732
48610448
18173147
44571845
77174786
75619759
74750983
43194844
19571113
74317607
71788864
71507480
74485036
19431900
71198828
73795880
18845996
42312139
48115303
72392594
76363820
19326053
72091401
19664804
19575143
44780186
40809731
70029248
43124732
80636506
70806659
41550538
46229037
75412601
71489018
77884470
63109728
73488700
19539446
19056316
40373150
19075674
27172334
75053642
46295249
40317988
46206991
18858852
70029751
19211667
18061237
74486211
18159113
70760287
40315903
73779088
76037533
19100443
71325845
46441415
17839088
45844659
78377583
70977920
45256959
76557621
71994889
40480024
19197664
47555355
70271622
72085234
74481490
71582902
41148831
74970746
74451526
80166017
41007457
41788331
41363431
45168371
18821541
48107658
42148914
41042047
72560609
47453303
19185972
73580139
18986524
75565391
74459472
19424368
74468155
70650904
47441140
40066444
44270470
76977128
18981843
73992327
72141034
18126395
47337065
48623479
73930113
19693052
73177687
42622230
19038873
80635423
43620397
71703503
18129697
19089507
44609912
44189129
19249339
42769045
45661738
19704123
48373345
19240848
40302735
19565689
43837515
32962097
18031316
73613339
80401478
48112871
41161647
70286806
71515303
45592503
46039417
74557974
46851840
74952839
72760240
75895775
71871502
77507719
73640019
71196695
71966919
72579031
44915981
18125874
76046473
44713672
41216097
19671979
40293364
77483574
60042754
44749165
48071175
48761276
19523152
80639522
19558910
73755156
41455571
40546997
75558061
45584062
17826787
18189409
72937164
44184017
72009169
73678819
40403135
48831611
70323772
46141091
43084432
71061447
70519463
71639392
73513875
47020760
18017498
08123991
70052104
19400967
46462769
19037296
18082410
72392601
46271094
45811120
19401242
41786149
76682722
18889512
77067497
70747652
40056351
72559338
43268691
80470774
18147171
76913372
77164340
41559779
48376827
72130111
46719059
48946155
71124253
72382833
09914925
76817863
19432698
73308410
19696577
45997917
71667708
60610990
47109852
73270059
43528650
41437075
74597935
44514613
18129768
18158881
73536459
70135939
18840375
46240776
71325843
44102609
77907880
19333775
26630594
46729664
48390312
73130076
47000358
47876985
18837427
77347307
80181109
19336036
60460593
18049938
71488641
75696449
40828799
75862208
76522999
75828646
71092202
74662067
70954764
71256530
27986968
43033660
60469507
48837740
76230618
18850677
71635687
71650412
33587287
42662501
74363409
72904843
60136585
71642254
19330192
76059958
43678796
18887783
41438903
75753605
70680061
75669912
47872343
41592623
74154908
75602453
18903749
62457004
18904705
17904516
44114376
61184587
18211664
42413411
76267809
74097676
71815080
18900610
40594375
18882122
75054810
19332469
18906083
18208014
71411159
41593744
76090834
72941880
41479615
70749885
10121997
70912657
40182058
18143914
40066691
18065590
70822887
45998629
41431302
75183749
18197684
43089104
74989299
45965651
43166871
75843819
75846241
18155706
19083432
45965654
75097365
75114765
18156600
19330254
19329769
42805686
42117360
18164427
44231148
44252509
17859789
72087991
17898127
18205367
72143291
60305553
45059091
63279692
08666659
19696121
72295224
74040654
41865745
76683433
70471214
48787415
47670321
75793568
43604726
19696540
70280851
41547859
42191152
19426938
75411198
46256026
73022686
71126827
80261345
18100480
76642466
18127771
73882479
19691851
47445749
73932425
74455401
17911175
18220834
42558925
60137288
45305537
47391999
46622988
70270531
19691485
40550327
19047549
19214648
18878724
76777905
43952887
42525969
41173731
77675639
17995012
18028298
40767444
46779395
44305376
73869152
18083644
74469045
60371258
70670047
19670686
42331416
26959383
74125872
76037567
70150322
75767804
73930069
43018708
72574377
75061122
18203705
41766525
46672670
72581328
73903126
42624146
48474516
71457564
18200476
19664844
44672158
71543994
17955162
71764048
43212735
40468339
71233246
75343166
76479942
74578405
75473702
42475390
70901546
45765399
46383509
77162707
76510792
76464008
19065642
47743898
72746831
80470869
18169983
18051834
80637073
80523807
40193363
19037221
42676898
71569977
74246443
75153860
77708253
71613682
45696086
26944177
60329020
77537742
60243781
45642808
75092337
70152620
72116655
73570865
47439211
76581891
40510775
44666927
18170605
02893857
70521009
76466629
62424484
45700987
19560891
73933066
71100740
73185248
72975092
75463795
48125444
70546624
45174752
45853175
02887687
76324353
71785066
80398414
43504070
19089045
73342266
44617220
42494203
46827233
60450224
73348705
73618367
41431985
61285252
41374913
61666623
73685648
46489940
80610443
43838556
60290146
45436273
45788976
19055814
73929850
63302177
43405878
47261230
42356631
43999017
41493382
32840949
44649433
27152287
75086724
17882280
70608649
71311636
47780771
73874805
71785355
44555406
72416780
75798889
71129048
40934105
76753815
40483871
72034293
27172134
72006752
02631146
74497506
43303763
71613643
19573881
44353077
40093145
76940858
46912541
42225250
70943323
47615574
73736990
80452405
70540934
60041630
70612713
18151167
76081724
72375402
72375501
71787298
46903177
61666239
45504060
46793026
46620663
40247890
60137629
73130490
41444139
42221055
42679899
19434933
46241232
79052889
75602454
19061461
41294466
48054378
18179993
72637715
76657780
73617112
70913524
70498603
71575015
80161730
19040287
47103975
45735278
19036948
46115670
75958947
70347781
75759484
43273258
73447063
45978194
46937657
72603333
70764690
76662917
73662689
17898340
32948034
45456853
74477248
75980715
46272536
75388594
76948405
71991853
19577753
46834955
60329014
73099180
48432579
44753018
80635308
76628156
18227402
46539700
70056139
41979002
19051782
71137274
70487815
47076347
73233844
71437961
47838944
80615512
40058656
43350361
40010872
73068218
73680942
19682565
60215509
72940723
19691833
63302169
77137365
70348888
19054210
61989840
72099866
44568139
74031808
19251296
19220709
76660927
70837670
19249563
71415210
74536991
19219179
18115714
25810011
41286000
45329201
73685669
19259160
44946370
70676456
75992092
41813079
27166633
19259018
19260358
70825637
76628152
76980165
19182953
41832886
43088209
18900651
43178042
72449640
70235197
21529209
40267561
18838650
41297058
71105671
71989981
73931466
41617471
75901707
73569913
72502836
60196876
60566970
70699832
18832986
18837206
71195856
43089334
41561275
75479978
18194434
46984242
40436424
76847876
41903356
18090609
18874597
76306943
72295234
16721531
80639843
71283316
40435080
72396467
73326827
71320466
18128228
76742049
73891221
18854829
41114057
42501593
41013383
41478481
71880667
62812341
46573343
71218820
18153900
46133715
44078957
80523338
19254953
45914319
44533560
75950949
76250738
72605028
73989017
70565001
75915498
18011127
19075132
71630505
18096026
60928671
19561359
47506001
70797786
42691299
44814636
72962458
43558560
72502842
47009203
70833174
46336438
47275923
70447119
75913409
19693253
73803972
71545180
19685145
73541582
42328984
45421626
41623359
18855881
71643717
43120409
70009796
42473205
19569249
18829597
44189139
19336741
43932606
71127011
41037683
76350356
44556367
44867335
75078071
60326161
45331011
74325676
80435671
47252771
72400837
71760718
77570235
46913190
41451052
43626729
80524732
47378246
19557998
44605774
44921258
75818527
19676970
72604943
46945897
18004562
45935347
70649737
70015566
75941126
19427432
72096333
80309800
17844770
47284493
47995726
47833476
71320403
72435453
18024896
74479403
72865600
73233895
73902512
46773325
19536595
71630243
73782737
75875477
72167201
46765699
18220084
19201829
43144123
74576670
70361426
19420348
73679202
43045612
18224416
41611923
18207037
60264811
72576212
48806836
60641362
41941853
40806094
43472484
18127176
18195680
40935253
60561381
19222785
18982186
72230105
70485377
43655787
17966919
19056408
45208684
74056284
70263547
75106475
18988032
70668024
19576487
42449721
45357698
18078031
18077184
18034493
19561410
75533965
40900818
75762710
18120656
76921681
18986433
75830678
72864700
40477915
74466175
60768626
18836768
18154120
42717538
19685723
45980776
42901792
42429444
48404096
72000894
40573249
74551770
19427319
46345474
40983423
18892001
75519282
19413371
75194822
41488588
72094977
73680787
18105332
73471663
60039401
19570452
72017808
74814043
70555970
47089929
70500258
73310982
75866412
40759263
74479466
40796812
77492099
70225436
72496715
70794687
74122470
48146181
61242540
18982076
19059295
41739062
72637225
44051412
44387371
71826973
19669052
40403139
70036103
47053039
70560800
70784392
60039451
74292150
41169042
71626376
46023514
77067161
72214712
70252717
74612228
73225082
72392600
42141211
18148258
70676619
60039536
72111812
73326136
71494805
19187866
76464609
77162232
72718781
70508197
18082547
19677176
61693291
72569531
73600939
19085691
19048796
46164491
71658799
70479933
41598198
73933131
41941708
44429119
18114483
45400484
43074394
19091876
72155034
76854192
42890358
19702485
18173833
47980388
61059497
76606126
70858113
71753960
44584484
73421654
71911693
60138003
77077743
19420326
44659889
41050316
19332597
20119797
73629285
70251832
73225093
19031822
27151887
48137823
73309299
18116006
41740890
46199399
45271170
74242561
19422418
72496703
70772476
71764041
19567255
19213917
42622208
40761099
42395804
41773200
73185551
19260245
75475904
42477578
17825087
71109694
72401210
48156326
74555100
73501428
77164386
47200967
71437767
41683677
72315951
17918619
41208359
45999313
71866184
60474424
76948403
40059007
72656186
41854165
72008577
18907049
19181838
60141335
18906923
19096990
74492833
42772716
72377420
40568026
71433585
18871148
40350144
07529730
60922389
78226026
60928559
19560796
74814045
61316538
71212587
60250214
07334237
47869033
71995673
73462435
19088524
18125225
70498590
72356931
18132858
48063299
44613181
47772626
19536880
19536436
70791193
76196587
47233451
70297610
41066638
63272060
61611157
45960631
70791202
44589363
43421027
18226884
46256758
42257068
42799549
60360723
70271132
70177895
41321121
32903319
75602441
74739075
19020408
43439775
76657477
45835222
71566342
70497439
19237531
70501219
73210644
18212084
45069802
40761046
71630396
19223780
44759420
70283208
48262249
71003916
72470712
73199109
40817833
44251355
43478115
44865501
16655572
70607784
40256722
74248807
70584427
77127619
06005595
18858428
76126101
75350033
45590026
43718949
70977905
06379397
73324763
43369902
19333977
43198991
44818722
72096519
61312105
46913484
18183001
71249437
60041992
75817923
75727899
44967146
75732681
45497411
74056143
18090373
60566746
76610063
74242242
48771710
18151274
41947090
43541501
43530014
42143840
60039402
43630764
74815533
18899216
73531031
76581872
73857464
71456738
17922807
18086732
47047947
45584510
73082409
72485407
18068924
43658953
70824946
44573689
75726965
45750997
80473999
71773785
40471588
19080086
42756264
75048077
62251894
76641328
44420892
44352021
70503848
42519252
48245460
19679016
40197685
43259304
41616152
73189355
71093969
42739548
70398014
45258358
41003355
62386209
41440388
19088941
74707194
74697984
18882948
72736352
18043704
45301727
42899432
44799853
18014986
73504818
72481314
18109394
18164933
46942660
75598755
61261588
72139912
44063871
60800384
70235321
18150967
47102144
73265058
70672492
70858101
18861815
19678489
18198517
71006106
70577257
60600147
45875127
42605195
19700735
18872993
74391920
74465389
43710447
75692856
42816533
61922755
70791110
60604566
46973343
73710567
48510963
19704308
43616759
43941294
19429497
47078437
42692719
19687511
18866592
19080894
40763085
19037688
17905869
70012033
18036872
74481458
43145731
19054634
47285830
44671917
74358998
41623111
71691365
44546080
75054228
71433601
44379199
46862242
71105653
19255803
43158696
76798777
72884837
74132280
44565093
18859932
41808441
73953786
75808038
41633429
43359694
71778430
80459476
75875569
41384031
48463279
18192525
80579670
71019126
76682621
19429168
44639504
70335990
70752629
19186797
41810934
60259721
70289519
47601193
42917944
73601768
40837601
70347880
40682949
76509170
17937136
60305580
41327185
76037566
75493617
41532709
76424860
47110824
81546805
74444433
72918382
73960565
46549319
70991053
44955911
70794498
61296902
75780629
78012258
79054436
48107219
61158143
47992181
73679375
19055690
18124308
18103910
19572095
73828611
17831527
70175680
40093845
70598817
76480802
18157494
02852538
73233910
75721873
19231367
78717160
76388159
70931190
76406997
18109263
73108514
71089737
47722335
42792494
70913440
70299509
18869662
75115331
19247266
74061139
75602455
47842981
00125333
10217871
40098628
60306445
44465504
42396117
17857706
42016441
19238852
71663997
18153590
60208914
18135052
72431517
17914535
18126877
70476824
44456913
71597417
47801884
40709500
18098594
71540521
70864082
08881169
18889521
71915081
72658639
19256612
70864630
80373695
32922053
44953343
46462385
72307041
74066050
74712662
45344357
74863300
76769091
42039096
42423169
70152345
77231996
18115733
74080785
18195724
18206578
80581939
06780173
18141320
45042218
40403097
48034695
41327189
03694898
80635955
41416757
44671079
18840792
18023111
17852571
25859990
44856629
41355992
17993147
19187633
75676755
75237959
60970412
73782745
60904599
46377723
75048126
46952997
46243568
46530995
70202766
71314861
77067343
70337212
43515360
61300169
18907381
48690750
45258847
77879485
73959883
18129016
71772242
47961435
17837487
19260016
71206749
17847114
60511570
71220101
42666406
73299075
46698605
44011335
75454073
18010383
18843916
75830104
18865792
74323041
74084848
43014842
71620611
17928269
18203191
75851724
70866190
74599359
44144977
45911500
76135132
75422385
42802815
72925840
18129785
80161738
18852801
47028323
47061634
71510337
71883838
75818189
45621609
45604906
70607526
45146320
18067264
71579912
19099113
19255083
48197438
71630277
71639231
71708546
71061416
18898062
75356173
18205612
76224391
18084144
19223083
42273977
77204957
43292672
74297104
18114715
70693054
19236575
72088029
75836800
71208275
18073319
75907910
47190999
01118431
77060271
42713214
70029703
75562127
07598285
61090245
48262505
47820908
19254485
46957341
72168056
60999499
73778768
48383314
45024477
73637156
18012396
43505322
74446728
75079104
70405484
70280742
62394591
17892821
74736610
74805986
46852626
40974688
26956606
72190440
74084251
41239180
76378989
70014592
18890606
48370592
46618044
76636511
17915053
74972136
76440238
76984949
44619751
71510099
75081875
47978042
17969748
70785079
77095290
18129561
18075390
40276777
18862572
46320120
73542618
75229506
17885094
18824625
18038596
72143115
18049170
71233682
78115292
77700360
47653612
18215560
71222321
46760999
73248509
70499353
47429895
76621351
72668272
70379753
19258595
70675718
43448542
75125727
60902628
40316690
44438093
40515450
41066647
73685169
74237772
74244247
73064411
73068267
18069665
60902595
18195321
42150035
48650596
46997928
26713361
18828384
71321907
63249836
47696770
76775705
47787171
18205906
77916807
45681682
19043565
41729612
18082288
62626276
45023354
46422809
72149599
47289519
71327849
70812530
45251735
48304864
10042835
42398434
18093357
19185422
18852867
43521227
43738406
72843308
70560811
26688677
62447311
70036459
74040656
40271259
47354895
71734068
17955626
18839959
18113498
79135016
41203143
76255831
46845201
19192285
19201457
43889582
76255096
45071026
16562764
47752488
71748359
76557578
17606777
76021790
16459123
43373554
41565138
45478015
16754209
42078102
75231343
74858619
60447999
16445506
17423596
60540987
16623425
17567999
16548495
77268781
73658967
75434656
43344233
77709583
17439693
26678019
75893285
74977669
74868558
73495372
45181345
41415120
71436152
17412406
75231183
74770555
75902608
41742587
75988517
76556839
76065625
17441515
44278827
45927545
76096534
76250071
76942393
60054030
16630196
16768952
16806022
16759823
74624130
73347567
72926597
46199430
73858803
16794830
16585078
16525863
27377239
76827982
45483597
77019756
17449105
60052285
44228405
42443995
16433646
48373632
41537561
74453152
74414548
62973950
80544484
41720334
77064081
17440200
47661296
16579021
48146519
16608997
17401553
47925498
72281947
76338196
71497582
16656309
28110413
71731152
16565062
73594441
16408539
76672155
72498393
75829780
75653642
74308825
16458175
73311013
16673505
17431185
44111458
73668398
16784771
80617142
16728937
45757343
45783184
16597573
74362961
48199855
73572019
09721369
42374053
61357643
74308730
40879658
46315203
41484047
44654148
16691644
43270768
46013363
16588726
47586304
17538876
48184570
17626511
41541609
73941803
75834037
17634616
46226982
41051870
77082869
41730989
76986067
48072778
17587739
16732080
27409351
40068363
17434300
76906773
75786204
17423972
43973732
45618933
80314054
42666035
16747036
46199419
41352880
74368748
16669951
75230906
77202520
17521656
40003745
44759100
75879117
77537516
16605034
17629901
17450348
76879286
71985696
44726550
16801948
16806210
43221529
17589191
42594151
75831192
16737260
17635195
61129875
76069760
17621485
46226611
77027413
16612723
16520088
16575054
16545269
16587448
60321950
77204972
16592760
17528751
07575607
16443485
73022294
76040706
26705916
74432238
16562476
47816660
62422683
75879465
16592207
80539111
72365612
16439544
74145165
16569841
47867972
75710161
16685518
10105471
16797629
16613527
76315655
16602208
16473292
76571937
16503623
71435994
75021230
10542909
16592047
16632754
16555758
17438865
70460160
17524885
16795467
73500401
77057387
40273794
16775424
16566162
16762068
77176088
40129946
76669418
17530400
73747610
75736878
03698155
40344781
43121356
77229522
16581714
46546025
47085894
71566525
73262890
73417100
45945701
16580907
70930980
77134895
46226615
77204335
73112463
46152079
77680508
73496257
75068444
40801855
16441450
16678325
46685468
80643716
16794151
41693117
16528696
16575860
76074823
60451575
16570131
16583299
63277908
16583378
70539896
48696108
47456406
09631241
17451562
40050547
17539030
71548153
16613323
62681024
16761401
17441336
71599570
27838914
73531010
77657523
16601813
73571196
71017969
74637521
73584066
73441337
77213765
45034348
73543735
71433256
17571761
17598117
17573753
16738261
16773868
16627061
47943005
71579755
60731523
17625950
46758486
41796921
43830443
62359587
17572883
07846805
16520453
71343468
77227379
76219101
73261872
48660543
73252136
73258179
74354664
72932447
16511399
43615668
16757381
71436054
44200499
16703323
43758117
73746153
73668220
42790341
80539409
43504265
46907547
27710594
75997243
16701523
45863926
73215380
44549744
77482601
75754603
40104050
73077502
76829620
16441956
44247479
76561988
71505208
73218887
74309689
17452171
16439538
74286429
16701309
16621659
47885145
73144139
60479208
71594192
16499096
60432619
44130744
16570050
44602573
41367073
75752180
72357752
47251776
76574201
75577794
75950181
16716108
76850396
74770568
16692798
45597911
16627274
75530845
47742808
17628708
74140192
76699171
71568800
17432786
40907063
41609040
72212064
74770566
44298537
73333475
16791920
71448657
71203743
41562474
44749235
74952781
47690886
47557222
16709062
10556522
16720449
42573472
17577317
45024118
17570469
17577573
74357587
75270391
46047952
71594165
47709670
47453548
45100275
16604608
45004273
17618111
76511855
76556923
80457085
62393148
17440150
42864722
17627730
17444783
16604335
16759862
46118006
77699393
17585429
75863152
44217940
41432068
60520887
44519590
76474658
61603104
17544868
16639737
16749651
61503746
72752603
44718690
74567922
17619284
72327699
16770167
80490571
46790779
75898614
46065098
41762333
42340184
76164542
41240972
73011545
76971608
75433713
17446596
80252018
72742900
16776455
16663237
43806162
41251904
41925453
16695353
41693109
80350622
43528608
17607733
75577765
06187095
45557288
16589500
74770745
76970971
17435960
47555326
17451715
27681359
16639997
41692743
76368543
70756580
74690751
07752417
47268118
16581300
74563025
42184084
62885767
44411883
73452652
44342839
75855537
17587527
75729017
42197195
42347875
74967949
16744851
43915336
41287075
17446747
46569160
75864126
75933292
72787990
16749891
16542017
75596415
41546626
45276764
74020776
75749470
17580945
75609555
72753500
45361471
17558312
73797166
27280831
75071727
47937001
60540980
46940018
16562748
76603277
27423745
17525124
17621186
17632299
73736249
16436958
75754843
17573340
47451088
42676490
71924289
75602019
75587432
17442506
16659617
75796008
46795932
74247733
16569429
77133085
48369203
45680745
46857292
47820343
16601081
40805044
73147753
71107479
74427507
71430657
16671989
43185657
73468712
80386984
47809329
76679007
71997385
17547211
16668332
47379039
80614347
60455541
77491392
16581720
71924256
75866341
16725039
17556277
44967217
76830939
60735092
41603521
48248995
45907474
43548752
72324708
47623225
77039667
74296060
16758731
73523830
17529469
42788329
17569731
16575198
41415114
75867680
73269253
16740169
74354317
47022742
77140739
75629690
75939850
17579316
76252111
17542269
16600947
03854921
16570155
76251534
72252496
74246870
74546556
10034175
17529063
45858666
46497033
40700530
16682632
16607165
16800435
47424808
44301169
76462396
74988329
73262985
76055099
45059598
42184077
17616332
17523378
45890574
76383210
75262053
16514147
73078780
16700750
46086348
17635480
17569936
76625707
75705016
47456852
80352897
76306911
75679529
75090155
16744672
80350794
48019671
74313038
73981038
80481586
74710852
41674733
76202257
76071121
16434281
44022561
25830168
73147846
45643768
73993260
71997335
45824217
73676431
17642729
47369919
47168093
71445504
72812701
76063918
41416397
40701332
17588737
76696139
48676461
16426404
16425382
74313080
16488587
47858927
80456472
42486984
43158599
70940041
74376392
16697182
44832397
46155738
17617256
72933003
40427009
43394756
71029146
43539277
75926475
45234178
73428455
16785908
77180030
76027947
80497714
73656393
16742712
27993088
75566984
63355016
72814422
45477302
17448571
09638418
76010541
46563203
41400205
60451647
47645805
60985220
17639882
71134800
42762039
47454384
17583881
16748702
76571932
76960011
16763342
75195356
80257092
16778984
46672630
76457346
41099883
72781141
42463829
17629365
16611417
72787664
72787663
76207199
73327953
42672994
16419408
75332978
42606809
75805643
47744994
16729272
76559628
77081793
41277688
44721929
74250950
46746392
43911743
42793449
46777694
73233438
46375121
61410654
27576547
44996993
47702896
75442528
77543159
75505723
44258532
77269026
75524683
45220790
06956741
43934562
43988099
74624104
76298639
80347455
27712682
16601909
74620807
44057943
75466967
44508049
76697604
16744747
41899495
73539821
16587748
16716271
16774031
46851899
40795264
75089939
45525483
75838305
43504277
17430241
16627882
71430123
75362989
17612464
75727223
48360767
73859026
77386173
73750219
41793551
75561205
43059559
43086231
17439451
76981838
63277946
17543726
27722835
75994688
46244486
43279396
16767337
77138020
16457874
72023960
73658966
43900845
47488431
75592392
73746145
76252573
45638052
61719536
16470160
73479560
16630671
45002237
75338213
74770453
17617774
40654655
16518500
75928803
17433796
45021168
70462671
75611110
16639198
45226915
76074033
76372961
75019016
75100364
73796117
43448106
71718840
17628905
41932388
16490650
43693629
43496204
47163050
17624929
73514132
16523615
60052049
48923077
60539253
72315265
16519032
45739628
45542846
48596976
73130841
75780408
44964171
17566895
73604702
40942864
16691125
75151229
44532685
74805845
16697179
80305465
42923799
72755587
73001554
16612511
16630533
41058043
76942264
44875574
80238252
75226699
16598888
75559282
44929118
73499616
17436828
40738243
73146344
16557741
74770563
74397608
16726144
76671398
74819329
77283439
46801816
40494599
17587376
80279553
41938234
74277012
44519579
74546339
76159230
17591908
71527740
45999390
47911407
80599293
45011378
74417258
61017735
76421589
76558209
74499256
73001552
71314898
17620733
75730000
09053795
44046306
17577959
17585680
48410013
40415457
72324965
17414655
74647409
17407692
75185825
17553760
46405247
76733564
16520870
77339977
70016077
73596499
72637783
43876632
48068332
76764877
46543332
42298528
76633052
71859829
75439782
73220171
75752168
16755637
16616251
16525844
43688437
16564175
16520680
74158550
80640310
73437984
16731667
16572771
16796685
16789383
16738039
71430113
40507072
76769146
60464661
75438031
43621796
72455726
47313324
76087780
76772742
61074006
27909829
72695487
43845888
48584455
76256181
71859816
16802066
48353738
16717176
40324115
16553722
78112129
16561240
17436002
45454009
40321312
17420798
46738459
47259148
72772617
45235153
40507071
74656886
74689605
43618135
75475145
17641820
74803377
76186764
47728702
46660180
43261944
17434259
17566147
76087693
48274595
16775645
45771674
77564891
48129359
45464891
76936990
76390720
74502686
46055016
77388110
76767761
17631536
74726089
75768714
73751912
46865804
40795662
75668260
62282967
74485085
74370182
75880891
46851913
76399416
72388820
74160779
16730557
75653308
16680524
75817626
75708884
42696342
75757609
47382851
60774480
40859423
16693506
40746999
72842690
77213423
72494970
74769457
75066670
42261559
60554894
02615497
17598755
17618831
75244337
70914383
74287780
80643311
42638104
60741847
72553827
17617308
73336943
73336942
77173488
77179145
73022292
47856997
47204552
17555578
75090039
47672442
41618373
43627449
06938993
16561622
75883540
17596912
75566210
77322858
17599206
42592904
77079740
75566330
17420473
76728296
76040848
16674910
74310849
75855526
76745965
41152531
48503665
16559516
44197071
75264683
17634289
60481783
61284851
74300887
76256766
46571084
41224007
17416701
40970191
77141185
74308893
45223171
40415481
46190276
43229215
43342096
16626712
73896669
73860542
16762583
43915295
74780366
16729033
16411189
46785282
75992265
75760967
74606746
80316502
42463051
44018999
40867847
77482757
73497617
47071838
73967193
16708500
76377229
40238689
44390443
77537465
47859740
45920917
16763896
17610346
17444477
16746760
76755915
44971637
40752484
47605695
16700898
41604775
47128286
42971529
41093717
27409636
77711174
75721836
41531964
76063801
32772859
42266504
16742790
80684073
40467212
73570031
16742789
16470872
45695311
71598503
48243759
41866265
17632389
73331853
75659765
16766580
77657699
42851452
46610455
16718528
45957331
27853372
45051694
42661009
75830713
43871738
76340151
17411953
76079591
33340046
27434890
73090982
60798855
42582972
17617603
60731455
07939142
71985574
47891444
77275423
42557897
17414200
74424409
44144611
17541922
17438853
72988241
17522236
17617335
17633706
17563493
17442566
16547951
74279748
16411217
43283142
17925249
47862226
75952487
16500568
17626689
41300068
16575573
16548752
42571890
16523368
16774076
16586719
70944266
42761563
16458551
16515710
16744880
17548777
16553987
43489960
72390333
17434147
76836986
73059467
17589367
16610406
16791943
73530973
60481785
17569201
74374694
41848162
75438921
75709398
73567996
60492109
16551800
16627848
17587542
27372951
74770022
16730253
16438509
16694863
73335548
46173298
43411745
46384585
16779161
16506699
74730596
47080506
75366072
16689341
75752974
06274670
44060770
72640077
46690270
43489428
16640083
27569883
16640086
47263617
73324564
17618444
16581293
42523625
16671660
73582840
76941132
16514141
45856953
76833442
17531588
61302331
16674912
77338008
80388360
73760748
16653661
75771811
16784644
17587432
16679115
71874343
06689240
27422021
75899316
40791736
16516555
72547790
40282852
16630779
76390143
72741940
25546143
16647243
70903486
75759125
40952599
72807017
72763689
60775893
27575685
62802202
43489953
80643347
16735076
16567484
60985510
45770058
46653826
75553111
43653762
17564952
46398510
42609913
60560483
75811051
17606227
75935673
75747646
74239933
16746341
60700874
47693930
73016273
41973427
74306730
77915719
77803414
41350442
10728815
75262515
73870369
17585854
75235619
16630488
71598445
42608384
41731731
76592772
16571970
17532043
74566438
17562761
16741572
75753696
17623977
42832820
16652448
72928743
16504751
77080096
47222402
16730217
40362076
61016423
74349832
48488836
16755445
77392312
16703732
72736217
41186005
75693848
71600859
45813613
71172978
42010693
44266399
26692579
17622209
75595947
16737353
43229220
76216343
17631457
16673344
46020954
71431147
76368508
76680902
73117501
17590578
74967903
42239549
40639963
74924859
17440748
80546868
46935249
41535256
60228265
40625538
43157510
74294050
73320803
47918427
75446041
42060373
75719013
16709581
73479450
73474415
47131648
80680398
17436766
41959467
16729837
44685907
75334607
73591539
70831150
41427000
73586735
74466346
42741936
76237421
48264481
80340828
75434639
41785330
43111909
77063144
46559500
16654124
74911847
80269053
80371822
60384827
44725859
73659004
41157620
42645733
43991851
60731488
72664428
61074102
76940412
47382775
76063912
44230242
45808440
46658060
71593409
48383843
17624225
72314614
71949366
72357756
45974180
44629757
40561095
72195250
73830933
09582322
77145091
16749410
46425318
16694464
72933320
27689903
77495049
07891732
16694828
17570327
48361288
43738955
74389397
48199138
41216971
41298173
16731884
17595901
70838803
72022638
40433805
40915745
60053856
47204373
43420338
16761936
17549965
48187202
17534647
76351257
74386804
16506105
41501536
77090948
73214078
73577990
74154484
75703445
75789066
73872747
16736546
40712723
74314676
46181769
75195033
46257015
70825393
43624430
60431289
44248023
76610386
80643473
42162823
71208112
76266408
76010777
76733368
73870791
60797139
16745927
60712227
47465735
76813038
40485604
09614882
47263325
74777572
73450847
01172075
72751759
72431818
74410820
73129230
71879102
71810969
73316544
16631107
47509077
73990300
42578164
72438249
73897887
72205263
48686698
10860376
74770485
44394753
17432465
73335848
16516570
73747367
41246875
48636772
48079839
42144484
76081411
71716632
16520200
44200575
72928322
75905008
71743305
77155774
73505498
17446401
76942397
27287359
46763550
41065264
41624027
72745346
05625888
75492736
81438301
76882183
41024053
45803384
71230640
48028227
17593225
61130812
45143102
73329521
32920640
76079644
17639853
47524285
16668681
74304944
75878989
72887012
75130446
40469218
46259210
73747349
16557978
76047093
41350359
75973376
73772430
71879801
77095280
45987044
73858845
75732298
71584510
73419962
76343832
75063068
76068879
42264516
46441603
44027294
45095457
77480288
16784008
73147840
72702527
76904449
76837141
41909631
45032584
76835109
16663049
16551341
43239290
46749668
45710813
60203702
72918455
47229185
40623173
75449869
17557727
72805342
76823817
44565253
45554300
16564957
76266222
42889721
17536310
41187157
48114477
17533685
48850009
40833761
75235751
72711464
17522255
17585331
40545905
46970146
17537150
61322577
17531184
17525409
16764637
77085898
75159025
60989721
80545143
16768175
17643428
17586768
75358953
17588628
48336625
47706005
17587272
16789419
71453985
71706119
44671204
74728945
79462535
46915153
17528212
75572724
40799123
16768320
16765964
44642236
42487190
40077847
73527758
46578520
17538019
48534861
46791681
45259549
74489530
17430107
74130226
43366263
74063930
17632981
80558048
47973520
16679819
17439919
44133646
17452328
62348492
44570666
62973526
72368647
48320613
80640885
74305085
48423216
71097159
43505513
17614729
45137720
75831228
46959718
60251180
75907154
74245000
70285569
71570022
16787772
76380796
16613188
16751296
47687118
71883169
47806146
43627694
72468168
16465349
43036532
60884062
47453553
60986966
72537989
48474586
45711231
16765989
16505424
74304435
80197365
61399203
76027952
75231488
72165140
16573387
27708750
72252523
16663490
16739569
47662019
16697029
75105404
48939289
76366569
75988764
73357341
76566699
03701420
41038844
72449179
44072062
71919708
42365869
45736422
76086917
16625995
47404039
40789607
16787780
43666957
73527620
61124303
16707173
46149394
76685098
16650721
75954997
72438185
73578132
47755965
71940715
16713946
40797287
40067897
43964308
70016090
43443248
45763295
75182395
72636483
74500161
75588147
17411305
41339540
80348974
76928903
47194626
74656896
41125878
43571562
76983775
45467637
75107606
43426351
76078179
72281766
76678332
77685299
70957237
41516166
46192432
17526240
45644653
75497022
41434274
75718707
16748333
44951582
17408673
45943598
16738009
75835259
74743822
74289982
40221073
46695410
76668051
70504549
46428448
80680383
44696389
73574266
75739938
47321272
73703319
76040702
73569290
70016109
48875138
42474503
47107957
44587987
06765221
80347959
62710614
73584533
76904982
17551386
72497483
74607449
76255806
76254078
71598542
60053927
74762031
75561589
72112764
75225151
75718214
80542698
17823587
17530847
16784084
77333822
43484872
16412768
71671050
17632616
75797732
71335397
60731257
75933976
41457005
71452526
17547922
76267937
74779704
42116451
46414091
46043240
76975647
43596583
27993017
47015692
71563460
75991313
03700143
16725456
43418391
42696739
75709521
47046974
71829082
75065016
48299167
41918475
75462589
72930957
72034492
47266883
76577028
75834250
16591084
74581239
16489220
72032468
25842817
40739995
48744659
48554594
16698472
45626316
47596915
46438553
63277937
45522206
16668442
80616312
71343126
72020823
17638266
41972114
73950074
41012096
80458033
16694540
75513455
45011395
46232731
76474309
73982526
77426683
48352246
61124292
40130651
77488010
77237366
42415023
61572703
71644919
47642074
80371441
43310288
61110157
74414430
75831229
16797407
73569545
72754811
75072135
71574072
47678890
17620896
42016201
17415997
16463233
48126515
40870359
74696522
73118092
41932095
46152927
17434612
60813014
74533344
44155458
73571505
74158549
76022826
16630360
46112599
47056013
61225363
17429766
60505896
75832063
47283653
48721805
46414574
75511599
17637316
71574230
46414438
08685979
16729782
75770834
74322713
41202847
73149852
43169454
17546257
17614024
75710132
44484288
41918460
80353178
74324914
16613686
74142778
44929114
16632809
16544130
73153448
16448486
60456586
76851564
16612070
40164664
16754185
48000308
46101071
43427703
77212012
60446394
17548358
40061747
73532672
16414592
47248314
72325912
75317225
75362833
06251752
75474908
75398515
27407217
16715271
75613015
76547200
74534958
75731754
41474481
77674391
16468896
16716439
76852657
76009140
16634496
16786426
16773005
16781270
41112966
41271412
73170135
16501446
80434678
73887536
47362517
42235567
73615347
43769012
27243064
73424241
72228812
27834666
44279491
72307925
17530121
42531826
41368732
76038552
42840597
47490635
45469140
16699910
47439980
43460907
40639984
46530047
72023938
75462825
16567216
17614451
45149366
41129417
76403179
46575918
48516304
16740161
75183737
47688109
75799338
17588423
47214999
76987137
71477757
72940347
16790765
16722572
72166643
75856369
42759388
77202079
16478595
17608309
76069911
77298313
72338420
27279936
16405140
43193191
77335039
41727839
73908005
78802487
17634923
16669472
72327685
72026298
75235130
77423271
75337555
17404655
76084383
46023091
27748564
44621598
75883514
45669149
16747343
16765712
17584787
75829306
16686783
78548711
74463722
00869837
17588505
75490476
16595849
16671935
42851441
06145026
48072799
17542033
60910280
16564129
73204879
75736225
44644316
43799804
80390369
44638132
61623812
48472683
75799066
45994011
16790045
17524747
75553190
75994685
44198342
16793474
44462436
70273645
76063922
48790280
48259234
40170518
75863149
60240331
76617715
75238177
45020194
76855602
74881201
16668788
61006921
40396200
42829153
74567972
16806203
16482180
16765832
46378387
60029834
16681661
77284051
75281964
43484786
41277679
17525527
10487044
77270415
78116462
73866672
16634085
60446951
41465048
45132814
73497509
74956542
16563090
46864776
72745386
76767503
16667606
16657453
44546566
71140624
75342671
17635977
70550333
76070745
44486630
44903070
72651635
41146387
75379561
77238873
46881227
76879281
41402928
43169429
74962654
17632026
17602179
75883258
03701797
17606637
72697060
74494600
16793812
42863178
17549803
46368414
74304226
40159821
74812396
16575601
26733754
46206900
46720736
16528590
76368204
76879350
16667162
44191389
76678704
16783963
76267703
74245835
76060170
46294565
44423812
16573404
41096444
76638177
47129460
06798564
08769995
08113903
41674815
72193393
71443634
44851017
76992371
41239204
76350493
76426517
77472788
62735279
47450817
60573015
16160546
70752654
70292400
45669381
73828701
70615271
07665046
45076500
71402694
06752767
40127873
48356130
72880744
75067437
10136681
16143265
74721019
75330337
40716463
07550985
70543735
73936509
73257185
46190558
15978107
70141744
72448981
45980364
43646802
15449919
74291529
08873340
07771521
10670177
60312323
06971309
48144224
75455542
80070757
75370331
09760962
40308158
75096285
73457767
18074695
47271986
43534708
15977252
15982156
75069846
09519954
72979746
41033436
40745335
15366152
41804235
70632441
09548573
40315430
72365209
07434678
16126969
42345809
10048495
41131185
41459168
72615070
10211692
71016430
45081794
73589138
47071683
48337652
45526652
09281025
61252258
70585918
70585917
74045666
76488901
16133664
60073217
40830168
43330824
43045564
15405436
15408210
08867925
07043503
74144640
61462750
16139857
74390020
23257216
74312525
44980489
44927082
41885501
73772127
77296840
43885771
90881085
73816975
72155486
40286384
46198960
07478637
16146486
10213479
15608247
09476283
71454619
47909199
62288540
70484691
40047859
40919927
71523144
10428016
75439226
42527729
41273160
41057348
74240265
74654761
10292263
09248099
70787446
20594023
73236638
71428895
10168125
07198099
70462053
74886114
07757413
76302607
07177895
08408475
45197958
16146181
09690398
75448357
07152343
15360808
73127528
16128616
71625584
71648301
10272782
40411171
70074643
43848185
77339426
70742262
16141136
45686528
73622675
71027300
29235356
08043844
08141688
70448357
06656211
09697609
09167556
71989042
42445623
74692354
48296372
09718498
07012285
41724735
28316863
73196646
07131459
15203258
77139341
40814679
75905677
74635058
42904065
09223529
73034553
07317803
09598973
43543845
40714197
42700688
74178551
71723946
40527328
61292682
44602984
10782334
07745474
76809736
45423072
07249493
71989650
16020018
73070397
07616446
09628957
43570251
45871839
42169455
73623049
16144352
06830212
44038127
44546821
41710728
41572604
48285785
70372232
74306026
75202281
70089685
40879454
76144158
42065254
71907487
45267043
42460533
44078378
07646741
72031548
72214563
16148477
07859636
09272622
15289399
09550278
71020913
42801751
75477751
71860306
09829605
07818376
09140929
70388213
08852140
72072172
74430724
47000816
62024941
76471895
45430052
74702535
09878250
15393220
73985853
75751921
73045559
45054899
40389348
42099128
70105541
70120287
71930194
09725841
09894215
41970694
08305173
72749927
62506073
42581671
47801781
42867388
41437360
40042025
45952201
43747814
46806422
10193606
73968203
09945306
47310072
46472928
48023298
07344188
10047517
06763046
80499344
70268151
75504105
71799467
41017188
75450712
15362743
46699820
61306729
72247786
15390900
74965276
46958554
32121159
80584404
48116613
47304286
42867751
74029032
71278281
41119087
43727503
72852256
10629669
77159528
40369220
42578747
70980417
70906630
44513543
40904753
42104179
61292522
72873112
08211575
75002430
72152469
10382278
43153077
74378075
08131354
70061023
72403082
42275804
10169941
40464582
41148871
41469004
44242860
09146877
42077200
15410329
09865256
61033912
42921766
40999749
09851550
42270345
42718965
41546464
10357549
73378461
70336800
07285769
15433973
09621160
76570346
44841733
08030613
40235856
09289136
74433059
45471004
71139005
72152592
15282400
07243685
09416192
07364969
43254986
43433264
16141186
75518936
08176284
76033438
47613462
70002802
60978339
40328540
42952867
80654759
10622664
10183772
46388244
72864990
74872492
72199693
07653205
73631000
15757970
76145649
70388905
09821197
76863728
08215225
06268066
43976738
07266638
47736319
19885980
43453138
10406997
74644468
47703138
16148264
74687854
74412808
74565634
07557063
45973975
43374430
74267330
15280079
15280061
40501362
75876510
08198243
77670654
40501397
10193607
42525655
45052052
09488546
45528489
46254168
07966624
76095392
72815441
77573504
43239860
74644647
72851910
08922873
09978964
15853739
77071175
43849512
76448960
75918878
70208588
16178109
72356274
06388016
74032006
73040339
77272336
17913280
08693773
10315570
72520373
07704123
10693867
76584857
75947987
76826240
41324175
77420083
45615494
46356505
10329203
43795563
09712154
43649528
70193371
41034050
15985787
45039316
71958310
09166741
15280722
72291944
47252065
44348319
70569361
61359301
71043413
41500802
40889761
43884768
76478215
16280919
09180807
15659790
40399668
42514341
71951175
41326529
47071840
77700560
71369603
40281246
45866635
42271888
15363804
09762041
40920471
46101838
40870549
62604235
43507358
15363716
42699174
75176460
76444092
09762389
08302892
70239694
42262601
42429359
43877038
75688226
40667656
46345999
06879871
07867088
75976078
15343910
70082322
15366268
72630546
71334506
44634950
70775559
43363581
45269026
70523466
15289278
60074415
41725572
77716651
75435517
72615450
73985863
60344202
46129098
07859569
74538429
74101863
76378611
61225466
70097330
15425378
06710503
16148441
45976473
72874451
42333825
09440197
46816223
72643428
77163008
06272852
46815619
60077661
44978290
72670174
09358507
73632276
07267173
09708400
44405769
16288835
08537663
77275177
42778290
74038700
15417632
06186769
60184690
46826012
75521313
42889050
08228388
15204014
16139216
41169154
72561572
06972622
08763539
43092773
08853116
72733458
15940595
73056117
07245926
15359394
40777762
72924524
71123084
15429602
72682418
18190224
09013187
46217115
08852499
72860015
07632059
46381565
76396305
47066773
80529113
15993470
72531975
40658946
77572286
15203473
73978686
16419212
60078610
72690692
25857143
72643850
73796522
60367701
71955911
42996040
71309287
70430347
41050861
10399250
44267970
06809421
16162262
09849811
08667366
76387502
09288599
43775341
09013666
29619418
16807892
47332628
72733587
73484196
74133060
08947373
77339020
09854105
77569708
60070979
09489498
15657175
61967951
73671931
41667429
41363571
08043615
16023499
08177686
60073722
72461346
40082544
45357512
41800047
73075108
45125040
15672830
70137583
41484239
74408418
72869216
09879957
70442784
75601877
07613196
42387659
72894721
71839438
06739169
72147705
76918364
07611628
03692915
09362604
60004884
10641868
61291888
16128666
15289337
47124580
76042471
41328735
45948620
75179705
43046067
41530342
73615682
75429135
20119829
15356850
76954526
16131476
60073813
73014306
60262719
08978220
09596591
73776344
06767357
16139943
40747767
09895761
72882969
09879816
72863395
71402516
72308732
41435788
40038647
60529921
72615312
76361075
70101526
72213738
46627724
60078055
15403972
15751616
76148408
40948506
47792264
75503819
48245981
25853287
75134808
47824897
71813209
15764568
70402456
07943355
29584768
45803583
70220441
60073012
71343615
10861669
48659196
07181599
76584976
07153246
41428551
77074707
10668552
07998910
09163002
70491096
15744566
15853648
70146763
61103896
71919976
10580948
41847857
70575284
07677342
15726106
09791131
06830947
73826432
61085980
48232574
73637704
76587218
16311228
43600050
60254772
74699554
15848417
15217290
45734950
61137191
20016655
06696989
76183227
43300487
74842107
41048021
10288526
15289563
46043038
10108921
47699941
16289258
73622670
43878984
77431701
70625609
40358758
43246613
07683849
71512825
45582359
48426807
06831698
43317741
73803311
70095410
47573852
08066886
44131529
76543562
15287858
76346725
17572548
74155409
41373537
25595079
15398022
07269594
46255584
40861910
09788429
75241109
09593949
15967144
43744593
73756711
75553319
76970219
45100478
09263309
06859371
42194101
09969083
27390989
40518052
15368141
09499436
40526292
42125213
46521639
74532188
01308868
48232964
71701083
41068816
73908715
70440537
74659294
16123162
46741615
07924724
92816423
10159181
16285056
44391714
77204896
43437003
16136196
16026614
43919961
75198935
40404145
74316503
40948668
76275631
73070357
15592273
72365227
43862374
76652620
10261467
71741640
43724543
08080056
75932662
75353215
47452161
10160440
76385954
75266719
08739816
42195341
72595553
27695328
07803059
41844928
77434954
06948537
80997081
10770738
07488601
15630249
09021104
06192446
70275611
78203288
73873377
76574153
15741529
28122522
71710564
07132471
09414221
42561928
44818588
16006052
72660776
08644430
40875704
41050428
09763992
08866777
75701138
60975853
15342660
72761326
07394820
09583673
06253404
76346730
80033384
09607937
77566943
43135863
40215712
15674670
44871425
73624936
42157758
22755527
00486935
42612596
76684853
41517055
60588328
09771840
15743844
06807007
47753820
80276989
15632309
77058727
74377652
07506065
15289664
76417244
08890360
60736386
41983519
41662928
08774821
60853138
76546959
75330587
09577572
15380575
73591611
76155208
47354041
70811140
76227129
15851766
45154857
09235702
45440656
09732567
10760272
07669865
09933197
06134344
46273140
43291813
41083099
42545478
60765707
15990738
10226586
75056880
25546033
15956879
06086200
71207618
48562859
60077677
42217725
41478001
10447848
74144542
06905262
10650067
44667052
73522561
09894027
44433040
10281005
71783324
09915098
15384413
60184609
15285251
08103517
72790832
42454309
72779872
73594051
09222330
76268505
43960313
75496073
70491921
77128289
15293049
20674080
48840387
07521299
07655112
31483796
80027364
72908525
60911638
09288040
15392033
75610478
70778497
08171225
41390419
70983500
09526509
75591491
10802296
73431163
10714953
72615746
08887042
40189152
70720811
10157809
42547209
07183150
10067375
71004992
06188111
05224259
09059787
44105694
10309443
06291418
06811282
73780592
72034138
72516508
08085166
76865629
15395507
60071079
76557754
02827461
40138244
60940368
47316932
07535282
73941923
22481439
02393591
06441263
75077855
44775814
08009688
40480114
77272287
45130810
73589245
46376079
60073001
74096758
76797242
72567587
60071442
74731763
10259983
73013507
07058497
48278215
76479493
74250433
47500708
42342887
42204349
08141311
15436822
70810081
73622906
70189069
15744071
40147846
74251240
75677539
42559383
06549176
09577466
10866096
41402130
16125345
72255244
15848199
73178710
45798188
71415913
41802403
42406042
16164912
61200016
15743943
10617486
44345528
60073074
73589628
15987898
73076108
77245480
74846073
77145968
41037886
43401713
10202105
10467203
09503790
70540978
75518802
09959000
16130310
42555924
41245695
75767968
75544437
40758864
73793357
40729334
76623897
15648628
60204591
73781978
15849444
73610402
43700514
44386829
10447751
75011905
44691618
70570606
15292413
72161077
15351031
42230238
47559464
61011007
07712535
73524523
45085301
16142965
45681701
15370744
42990654
05349787
15218263
45958436
73522556
40564620
72469037
04075756
46090266
74431248
08643942
72478254
61058641
15707704
47556221
42037500
15404709
41174442
10493794
40823902
75374920
76650154
72544958
73622927
74736773
61027507
42445403
07974498
43676528
80092273
07408226
72255609
49023191
08071910
75152886
47880193
40878873
76520455
41097825
77911893
16534297
09765006
76120711
73630817
07573317
40914858
45000318
44220881
70993317
72714432
06253568
07695465
07205881
28294111
19824872
07675741
16303029
10880661
60078040
09880869
41149250
09105504
74083199
74238883
40582142
74632484
73056596
40110370
73139239
72537840
15648740
16024019
41931358
06989107
76910812
60459323
48619237
71621261
73451899
80084524
76392857
08212807
70770935
72722053
74062843
46703841
16002299
40596273
77086089
06903880
15431578
72710588
45590370
46580711
71629544
73955547
06238836
09591768
07092570
73120479
15382473
73208915
73610327
10345630
41120762
43992237
46989192
41837823
76945602
10444181
40904498
70786780
71977450
06081856
75260533
74269034
42508121
72697130
43052494
60070592
10041560
45829413
74166675
76728020
08677204
16285229
46943460
78065861
70213628
07110327
08173824
16294912
16306798
76951529
15429924
06821858
43238246
46331449
46079786
16165014
71538920
15681811
09305240
07227583
41050484
71693025
43128295
15209264
43074558
74177126
42985587
24888961
48685884
10339614
46632632
15745071
77148674
06802700
09440341
60328823
47429830
77531891
07329681
77335873
47956202
19083445
47413705
48653220
72803705
09958141
61044648
74225568
15990712
15660877
72614836
09226770
73252174
71919992
75365129
20015238
07427486
76639465
06279876
72970856
71004253
43588858
15626938
40518108
07682257
08894288
72797782
20667870
43403178
47093901
10449981
46838849
10685810
75459167
46486013
41842451
08686195
72915557
77128293
07295951
49029812
06802339
40167054
70029462
40641747
46467398
45053412
73688951
07377834
10289782
10744550
76558780
75366367
72307110
10749677
41012605
42231093
06800397
71428680
47638911
73434228
41392223
43350121
44867141
73659353
75223723
07519223
10664956
77381899
72061773
44020375
75682172
47607404
72776405
09315046
45336040
47399640
09857622
76949578
72915772
07602083
46699563
46024671
41476550
40523895
42292247
70990132
73992778
07628097
47547775
46064612
08937186
09782480
71262076
46658975
48026288
75920293
74256113
42879673
45873475
43458160
75962052
61278802
08158550
47077380
09558812
46651040
09654339
45326638
45669474
70437867
44202634
42848679
70985343
06248538
44674081
80649829
71606207
06775349
42172020
44323686
74866247
72705241
06666533
05385690
72319889
09020108
44528734
71407695
70090256
44457041
43097847
43266224
72038941
46912971
43323510
07653289
71404888
76401373
73124383
73326448
60947762
47960218
77820444
43780888
70534152
06811943
44156951
70061995
60962136
08908072
42007697
73774536
46651893
77288572
32932668
42902639
45703649
72653753
73276412
71044198
74855304
43707997
75446792
74601902
10235182
09670244
70813804
77347600
61422512
09898688
06897393
74736117
09238391
40047735
76123034
42097652
07839113
75673720
45807946
74318719
73053550
43935717
07268949
47092722
70341888
46557985
09709492
10683322
10599522
47851506
48316113
20069197
73180754
70514873
07578211
77298989
74699671
75241629
44197375
10146117
42828147
29603404
06821298
47027932
10226868
73045811
46007355
72208868
43865264
44737732
41324976
75441042
09633648
77500796
41203470
40192699
08932350
43029807
75650573
42410139
70077150
10143664
02674540
09249785
46269015
09390634
41140662
43312462
40977448
75877671
10423314
08130624
47403030
60436476
47859981
73139958
10700441
71690184
10080063
43130166
22518356
75521517
72911374
45853375
73930313
46350391
44315765
71249544
75270512
70624789
09320153
16620745
73870303
27075398
76344697
15845557
74178198
73591704
06041120
74747257
60863283
44862875
75105086
40972632
08729589
44728411
41503341
43584030
72194469
76016541
73005414
76762330
76693941
75124310
07521024
09487537
40407785
70341805
06554662
73937357
42534828
44488317
60083748
73134954
79126634
70612874
71285528
42886171
07086838
06548012
40233789
10670979
75616685
46674312
41358137
47356519
76688943
07672976
46988227
45322201
07050604
09810226
41820696
07573213
09523965
70979504
10731663
40821597
72503516
44728190
70038174
76952994
70371842
08288950
70091471
73750014
44765107
45335104
75778236
41442796
47058965
10226866
72483275
07450805
41287990
73457839
48476384
71257206
47361613
29726462
08345387
76616521
71476782
44530371
71181478
44867196
10776353
08608938
76122418
06226209
40884414
75599689
77545799
70876960
09223176
76908256
42480601
42118902
10636222
07508300
09688357
46687338
60736356
06924984
44831483
77916036
40292063
74070893
42798176
22445403
48961700
44053833
09782636
70959675
43918117
47527333
45985739
07654751
07491715
08363996
45967332
40897353
41133541
45654776
73674620
74240644
48167134
48508504
44385766
41418142
60720978
07275039
06276310
08295834
07341477
46995331
07896317
40628066
41570582
09430422
41357841
75930663
78461477
10096975
44067567
10226166
10461838
09526776
45255328
72465977
44188433
41069084
41979295
44978283
07480202
72883712
10054662
07753366
41451617
70420509
10277919
70066649
70066647
75261794
46495382
40638165
45256778
77568112
40274112
40413139
45520711
40314844
09731768
10013859
16285972
70782231
71331956
43656939
48022755
70695748
40036086
44908102
07942687
75414255
10361715
07902943
70596749
71716841
15431290
45500311
10233250
22890893
61313149
15384762
07968308
47580256
74323233
10455977
70215324
45557871
10355388
40629507
72638418
61348553
41010788
09504487
60505968
08646593
74564848
09784994
09686204
75281698
42432832
25847395
73945901
46397096
70721645
73982281
46141496
07107114
77335937
09211532
07065565
07071336
07043088
10469911
06069529
75483394
76971654
09584533
41511714
15655549
76601649
42288513
74866083
41882934
16145618
40919060
45715084
70317469
76095822
75962598
75190456
76922451
60072121
41813136
43316313
09832971
09343965
43801195
06812653
15840931
15842839
06173484
45698992
41936883
45742379
43831813
15601523
15745559
45404225
42061843
48940544
77041896
60382905
47417358
76798536
75396726
15658416
15700656
15423726
15287842
77174362
77036410
16130020
15408627
48103137
16148806
73816778
43160147
15218071
47861451
60073408
16146007
41301840
73967632
80920246
72723764
15742781
06208968
75976025
75105560
48063127
71528096
16016802
47144452
60070304
80071535
60078848
60077205
15205498
15439861
77676989
15971601
16294926
40332417
70387148
73001477
15433527
60295872
42733776
45246393
46009509
73980504
76416507
77273644
76766613
43893529
09634726
41453068
75962790
71817577
73080593
46407519
73461341
73931555
09215588
61035409
15748744
15762389
71141011
40787932
72611416
41454792
00455908
70479004
16139087
10636064
41099423
78375362
76841869
45044874
73982289
15994600
43453984
40840573
75198849
72567583
47616518
15297866
70337624
15970780
71919932
71994768
73498915
70917548
72565618
72573940
46788150
61329686
32135171
76878245
70807029
43630965
16010194
76249733
60746049
16130387
72812176
72615511
45557380
15447767
16136330
45086909
16293313
70781270
71994754
74660907
60931338
44391718
40019365
75944236
41124847
45479585
45701846
15431555
16157770
44218720
73330084
76466131
15648806
16168503
01333682
15701256
76766874
15218073
60073013
43388204
74375455
16136611
70134887
15376576
09842687
42513217
40157927
45524275
45195421
45367251
16164886
76541347
73831103
60072455
45288555
73876560
40166793
10528814
73967498
48662313
41386171
43041411
76346727
07980923
73065257
76296002
77289776
80317120
42019594
15763278
46555873
15609531
76752584
45381845
73831973
73528434
70398920
16001073
70444840
15354010
70542665
45252419
73961604
73255448
60959243
62309204
45223223
42663335
74529481
70387144
41233539
77165173
47359220
73931458
15385043
60073015
75242642
42353318
09775429
73252236
42891212
15991809
72282004
61622649
70892750
15648193
15991410
18180392
15859262
70038185
15631714
48719478
72282016
15612111
80648843
08077024
16158039
70430097
70763940
40543111
71893161
74366057
15625910
16167257
77709387
16129702
09498110
60072175
77275194
08585554
16158578
47396778
72550707
70784489
15968629
15998883
41017193
16148150
77480145
06951854
44170813
76565933
16161202
71592686
15733151
70755903
71507121
15447051
75123311
16140211
41389813
47938297
40325678
70832870
16149823
15710827
70372977
42837728
76307434
75955127
47683552
74220839
60095609
16018498
70456494
49040971
02811381
40470871
77041299
16155317
16147876
70461233
74431109
73333837
40670209
75084944
73776269
73967500
43907384
77564650
15855772
45824988
15448470
15725035
07687293
70293821
77128295
07087295
09469110
41329636
60073057
16129658
46865856
42960318
15423139
41575371
44636398
42029274
25000393
44574327
16019769
06745644
48231834
73980503
47530592
70353574
16151177
15287688
73887300
74944343
75837702
45029776
73572633
70853066
70763952
75134776
09483591
15725767
75002423
10205905
15699066
15658685
74032714
09795376
74735220
75243262
15283021
16176394
44807907
71476023
71519670
73706573
76132803
45633635
16155799
70843919
06731335
08125407
15953392
41245648
72615456
72329728
61042082
76600798
48380609
72199900
16129003
45767645
71689187
71844880
41727566
70869469
10056542
47913098
73625083
43655840
72022773
16128344
15971397
47728919
77390861
09117012
44414614
70094857
45087362
73623096
45453255
45145456
16136081
16143706
76614718
10878243
07688801
45751960
07875355
46936876
21865013
71888276
15755978
44385339
41395332
47652562
70267145
70094288
40504321
70204899
08683928
41068811
41987922
70450189
48168060
73620390
41790488
16284805
15958201
73620274
16168314
43403639
45860683
60070669
73458263
70133160
73624698
40779790
74995407
16121505
46267708
74142506
42839051
16153361
71754175
77041116
72615733
73625192
71130105
43933040
16303251
16311317
75784386
74596003
70446233
40520977
15398209
70264175
71448858
16012851
10818951
40729826
16178584
70869871
19900112
41303958
07513131
74589047
15660174
71592692
73828931
70773479
47916751
43422846
70260582
42227779
77678556
45991927
43682967
16286667
70357741
70556740
70499545
07895762
75838260
42265722
42360884
70378122
77045226
16311270
15752445
44091010
76699710
72195684
75117193
42853388
47214777
16137580
09761948
15733888
05070290
74198831
44210325
10447380
73967509
70267737
15765542
73652459
15714089
15439245
46395228
15674714
73079684
16285159
15406491
09705054
06933821
15644475
60077952
74209235
75961730
70357623
60652902
16156062
73827939
70038105
73635811
15430859
41619675
72975134
15866976
76295839
20894308
71464591
07629466
15290542
09383817
09477238
70676205
71605524
15440771
15427542
74379772
43593836
42874799
42076738
76229290
15363203
73175200
73614658
70496071
41944943
15754387
74402377
76094535
41746793
71512860
15996230
73682099
73950154
71993787
61039940
77378469
44391771
16130158
72615518
73590029
16297226
42405386
16300244
74973648
70356947
15404379
70346193
72615322
16285830
70079135
48523125
46473496
60874781
75195432
16307922
70292405
70292408
15451625
60736462
42698962
41152784
78634715
46673248
72752674
77177150
28293872
76810329
75239411
72870418
45091059
46899989
72219600
15218240
70860630
41716019
74378065
74045753
43784251
16134630
73633339
74379965
76733438
43550387
76725432
73357173
76608590
16302977
10110151
41836365
46350584
77909967
15426052
15753304
70117070
16138554
45038575
15969062
71272202
09659167
77463408
15286368
15451623
48874473
70795098
42404515
77356759
71867616
70786759
18907684
72501849
15287998
40709830
80360343
07675377
42402742
43100154
47693048
19873764
46965205
10106948
10684555
10763052
72527197
72660781
76684772
16303469
02886660
72868551
08117161
70782419
46947772
71916079
74322786
10403460
75868573
16176183
71912438
16139351
43054677
15729962
15734854
42462722
70812853
16145605
72428101
08446696
16003853
73647106
15372328
47318245
62321148
16290057
77532518
41329618
77657788
75388457
70775512
60077941
41704078
15685165
72615441
73120145
43178934
70361458
16301239
71650425
16293329
70783380
72884449
44035692
10020387
15438320
15289012
48137270
44900331
16151373
46110387
09813148
46172512
70759437
42241737
40816572
75326501
16137622
75506741
16141329
42438497
44937336
71719041
76400881
73827986
73625444
16149839
42972729
42122179
73135606
77325961
73967501
40257089
40099699
42950183
16164564
07465125
41568069
74151927
73628361
16148985
10085259
16294757
47900190
41317641
43665207
73652448
15287488
70105460
16132681
70902065
70891700
72130989
47120604
76953358
15385543
15648003
47557695
15645033
70133180
60071251
76232286
70811338
40390164
15452634
47223616
43227151
42559178
76834858
15699778
15201213
70110977
41706806
75284581
42021208
70549281
40764627
70263380
15685172
73486404
40692291
15385524
70375633
40846849
46256844
77164941
70541186
15424332
70774622
20035535
72861338
73637715
15341600
72615448
60073881
80676984
15365501
60073782
76391011
09412768
42639011
47648244
44318996
40129427
71689213
15758641
16316070
42836236
71813403
09312391
16144023
16131434
06230467
43627258
60822290
40225208
70924167
73337646
74931981
15414058
74170355
62223717
72558484
09065622
76628501
42886047
74894916
70212263
15292583
41612407
15993379
44042890
75583841
16139804
71125769
15629178
72366386
70763958
73428172
08684446
74442042
72128943
41419930
07466551
74529476
75138321
16152384
71389066
16137355
07476298
71014871
70447005
16164461
70811133
16130163
47150756
15430646
08139050
44296555
45639826
10386989
15704023
16125732
41295830
72746144
41857407
72865057
76683216
73263192
45069880
46726005
76336124
43271294
72471193
70808064
41725870
15393581
72723756
44532736
71948362
70101438
73625073
72809188
16004453
70787528
73949363
46580237
77042806
75224477
08423618
77686732
70462045
16128159
16157944
15844483
74564481
63595260
07074574
15701254
46677089
76155205
70324753
29634558
70335625
76809737
48002575
15440111
73994832
76946946
10665173
63404354
74251289
61128528
15699239
60078649
08922294
48275662
06838775
45169318
16162461
10049439
70219393
15433842
15426054
73620385
15341618
76294371
42881793
42368359
60323425
71862303
72864865
46361297
15617973
46897820
10248393
70094281
76967100
41612281
76414368
74379730
72650547
45219431
46650445
73939462
72404909
70421560
43170001
16292168
16281620
76121164
71138825
41471711
76682862
16304047
70336559
10084615
43986230
15222056
43702030
71078711
41395334
41350065
77045604
16288036
71667310
09572937
07483224
40169192
74572159
15418576
16297433
44894353
42984791
70782434
16134606
45790059
72494458
44136479
72479184
42992119
45435134
15617845
15990662
70892101
70556741
70789296
76931460
75361431
77484237
15438080
15720591
44469257
15978001
70787523
70264131
70770755
80370894
41118442
07327549
15711271
08663518
40880808
72351191
20077453
41870475
07071709
77462621
16124373
09227893
42663557
47258579
76309484
09339797
44500755
74567532
15598850
16301722
77159494
78110182
45759610
43397086
70771285
60310623
75994279
71860327
15217485
61614966
42356390
60078750
73637861
74388609
45123721
41790177
16305915
15696880
15987930
40296160
41878672
15640801
42439962
46440504
61073079
41723659
42786302
70353575
73619212
47620917
73311992
70363042
16305030
72448986
44610754
71696062
47272178
44868158
10648072
70213641
46430959
70770931
42625152
31663803
09470480
76564985
46213883
72871926
15747177
80283523
80649848
16128191
73344050
40755370
76469338
15406856
60070154
60073305
09500129
42294211
72314789
16166018
15434548
16022845
70556428
70780050
10506823
15620350
75580854
15738021
73633235
73637707
70488062
73961257
16159497
43598718
74778765
75153720
43521651
74695796
72615916
46921569
74910874
73424681
09503258
16132438
42184522
73333954
15712433
76429980
15208552
47701676
72752681
42950091
45797163
47589337
76043473
16280221
73432025
45528456
72842783
16144251
40086806
60078221
40549136
16149667
61179134
70120136
16316447
40830093
76621513
41188163
76771127
70806705
15290625
76953376
72882856
73630787
70188034
76464946
71385550
41703767
76131134
60070416
40084526
44175070
73957654
71282286
47204271
20042781
16288027
45598004
40486575
70759450
60959142
60076448
15202434
40763732
06156233
10511715
41537006
74489982
47900479
76867875
74998235
06970455
46597520
62292668
77043574
08875814
09946167
77379634
07636010
31659718
41243053
75895837
71407393
75380466
73041589
09997156
80430083
70541447
73462121
08061129
74202146
74299194
76169986
41784131
75431662
72905603
80588716
74822063
70786101
76069840
43993428
44395743
07730918
32965320
42855688
70771291
41528339
07245121
73502279
73898839
09591626
10797804
10770472
75750693
09865726
16297004
40540181
71357579
76780184
40244594
07908662
10474585
76516145
07895283
70310402
40751433
77141872
40682021
44026507
76023270
41493734
40037267
47467445
70761917
08533820
47212894
06733004
71021002
29603082
40466022
42156207
07186815
46830923
73059968
75699844
10743494
44656070
72209580
09344393
07826487
48610658
41000690
07649901
73209943
10390880
08587586
09385040
10423133
09066819
80978462
10340380
10631636
71693722
73307499
80487890
76131790
09651246
10747772
08851773
40564747
76244724
74046345
40412092
25699342
46969259
41064094
08247831
43316020
10722441
10396633
73765652
75858278
42898052
73407696
76020390
76875933
02808823
07623167
80113204
40681433
07964330
44330459
46733272
41723340
77176021
72372442
06646627
75367357
07744493
70455334
45698312
47437095
41487026
47632698
08743394
18142021
08986185
07245587
73676793
10587837
42799851
40408251
72193914
45419889
76391480
40365944
44078360
10475318
09614066
16661724
70698742
08353192
46255500
16297102
73891924
09649169
08704438
48251076
10102065
74713409
42344867
48789037
09899816
48439931
07621503
41254139
43264090
47702883
08886048
70570614
70717210
75316440
72183379
80186396
45012059
74307204
41476970
42571643
77215558
75255359
41127189
20032650
10407514
09289450
09636697
73852803
71487441
74894394
10315268
70484156
09561879
42564085
73127863
74992191
09824712
07951445
44649592
46687198
73175702
41134772
74731550
41607204
08197778
42167936
25812317
60861668
40134358
44145594
70778495
09595540
74833676
73324104
09747809
09979664
09460503
07722239
44660358
08147886
09293479
08895160
08927707
73721417
43575036
76397265
72345257
75687472
73066977
46199762
72001724
70500548
46419710
42034196
40051288
07748777
72389800
40871283
08778564
46579136
10150493
46440295
76016292
76935257
06950464
48100526
07271940
70459117
40181249
42060494
42356782
70656496
70352987
70531214
10490132
06169929
72456878
42745531
10594107
75424124
73095397
09870290
41203944
44700332
42868981
41824797
42238074
74962180
42939395
42448512
40340308
07660668
07625091
78108973
77064378
75279010
75207227
76124843
70834322
10812421
40365659
09607360
72704440
73093477
10347376
17971463
73952141
41956815
09903985
76209866
73858663
61142022
73055983
10135369
09853813
07629789
07648920
48654806
10755764
72671243
06667082
44433414
40715096
06640172
77343338
10802016
41723934
77063699
10140990
60832488
09810235
72459084
10136532
46443982
45315979
44130159
07706569
70787117
08053379
75439566
45754087
07624288
43156648
41665308
40015175
72674766
74015553
75721619
08930462
41075928
75566972
70434965
42311892
74117996
70885916
19809525
72973434
70612062
41453481
43703115
75179271
72804869
71241676
77532568
07589981
70819051
09836161
10706902
00370071
74827495
70675972
61931381
45909982
44539875
48174469
73581987
77067774
71144875
06960892
76204637
07550403
76480852
70755505
45068186
25726660
70589367
44776409
73322777
07853230
72885303
76735979
40507175
10760600
44222276
46460385
73315366
73046013
76906352
08826869
09526887
09870494
09199640
09673503
71548301
61770311
43515753
09653303
42097158
09881887
40945160
70503535
72229404
07342663
29517903
40212634
42189306
42384021
09482285
43413432
62801867
48087906
70990635
41685188
43613178
09901614
77306750
46875782
75218674
06763549
25766420
07260837
17619029
72875177
10478871
10562660
43482030
61933332
08747929
74750604
08747909
73345677
74171225
07515818
07483857
77068698
74999336
60914241
78031689
74718131
15299721
40468914
41520460
07867168
40229683
41585263
71480503
76608725
60853552
47393952
47330992
43843435
41641451
73630307
47361356
41725442
46936065
15300430
41772940
15856063
47371631
15667498
75151628
74650392
44345514
77244880
72734164
10776403
77198853
71138716
43001757
71139659
75971983
07195774
10098961
07179878
43375842
46542042
42058577
77704014
76974437
42390702
75404731
06130757
80179513
08548492
42644841
08224788
31826859
75523863
45201697
43000015
74605861
15710446
80278801
46374162
48330808
48153837
75330375
72089358
41058344
70393775
21815782
76191850
75932041
40178508
15753788
70869466
42272780
72688156
46293730
10486650
15205398
41774495
06300417
43769403
16305795
73254828
47901182
75707623
73901356
76503356
43000802
45785560
15448008
70263634
42740602
42611795
15846994
15985061
15708112
44527016
72870745
15201954
15290439
74030282
43170205
43845922
73443246
08631479
74485005
44132388
15734397
72324944
15642048
71350897
73622673
15852058
71275082
71777529
15759133
73469151
70570522
72314794
44457426
72963955
76391587
70294778
41353194
47628896
08599511
60197840
43877268
71718941
08150499
63405905
46385554
45220035
15608821
10213220
15203567
73637711
60221960
08122720
06184631
16316065
62258565
15658156
74697395
40822314
76624421
15660138
18033582
75002586
73625173
70480634
80038157
44332974
73428157
15862817
15693366
77220259
16307974
16307868
16307699
41907692
60183000
09604054
45039467
06858863
40865354
15850018
40722328
77541002
76798539
75157983
42455269
16002318
42406897
15693396
09764614
16152448
45949476
15845816
06845709
74402180
73500990
44305770
73635980
45537452
09467104
75689011
40070916
72615356
77100672
47145612
40196902
46099498
15285648
25848261
44680999
73774066
70570571
70110221
70190128
15959675
46361243
76780988
15448377
70191315
15594009
40589303
08756414
60070512
70292175
45636136
76948615
45638197
15290614
73012494
45203088
16305912
76956980
73958353
15736141
72615745
46355148
72003627
15940793
43474887
71537366
45446640
43708586
10185788
15728708
25744762
76980385
60070682
73771954
70292383
70880458
40920385
15621313
15628452
42245562
15201010
73120158
15207288
47932681
09849542
73103209
15379968
71864913
70156110
60078604
15702976
70764716
09908271
76878246
71123321
43319198
73004870
07968678
76934509
16151102
72496377
15622732
41363509
76034244
15435085
16309277
73443326
76554019
60077779
16291293
43132800
40775137
16289364
74833708
73872868
09467322
10618793
43558606
73660953
73008109
76780995
16303222
15842722
70342839
16285995
15699769
09019924
60078506
09871037
16023229
77659060
73432018
07328428
76641431
15203290
42715397
73419767
15994577
71528103
76913221
70770559
44209700
16127176
41867045
15648585
09640420
75915800
16002641
46382071
15733863
77541014
72414630
40495637
72174904
40389341
08515962
40860643
70653247
46279391
15992413
43630189
41749664
15290424
09578504
77812177
07893144
70778504
73540607
40556720
10407730
47149835
75148345
74214579
74437298
15207649
46876876
44870326
16284863
16021817
15648579
15970763
40810342
44232018
76874179
15206252
72965095
80918082
46840902
08544397
23561137
75134870
77438154
10326945
32604273
77532427
16027683
15642120
45359312
77461012
44582628
43085717
72882786
80650760
41518511
09883153
74401524
73753232
43183448
40193799
71864937
16151174
15650920
40692318
77038328
15614526
48722111
60070560
76599026
20721361
40062857
48220055
73616840
40302227
46469969
73384843
40920384
16127350
45757617
40628725
72923425
31660737
42646234
09604775
74139864
09928924
40897855
09883786
70747286
47719060
07695433
08038312
60998618
72381053
07214043
08997514
73806524
09626165
46684905
47191618
09914398
44072248
61170891
74809202
72606963
75129105
09515706
09047265
40211305
74223074
47757510
45189202
72372309
76190589
09625397
10093124
42902642
72650453
70648336
09417343
43558464
47686585
17979046
74748073
10681553
72849010
09892860
71744199
41271619
75784356
40304203
79332455
07966883
08438153
61261024
40164025
10680601
49034636
08656125
79136546
77913045
40675721
40387741
08573202
72430304
74891192
76188255
09907798
47455928
40824700
42516516
73992978
46121826
48075523
76178328
07139282
06803203
72775555
09207954
74383892
16128278
73609186
76836079
09764768
08885944
16143237
72330537
43441178
70447013
10175653
43388448
76641438
27744602
40195250
08499566
42920885
70278778
44587076
75428580
47428590
43136353
40835702
10615509
46106222
45784836
41441144
47396083
70092287
72521941
77221013
73616900
73081615
09524015
43351691
40907356
80038742
70501455
29101835
45068080
45668628
09731250
09399401
07113370
75284695
06734648
70173645
73820562
40109280
10804074
61431217
08211844
08682246
47939541
08029209
10062129
45678206
74095802
47163813
16162786
71939451
10631570
44914691
72138333
73807070
41987918
40644526
70114891
07141968
43320616
73623082
45586440
72879433
80345430
41954286
07688556
10460141
42930306
76797777
04636832
42863461
40455173
16136505
72148520
10348623
75999191
72329043
70849228
47060206
08074558
16144095
16156172
70101052
70742678
70627711
07690586
77500280
60051913
16129899
40069865
08113498
08096936
10517199
08151629
06972193
74615047
76875782
77816553
40024442
07866043
77126052
73575456
10176213
74877055
74847755
73043317
07018479
41824485
77284196
42012578
45031078
47794101
60073061
74711782
21870364
77350098
10131135
08216799
16753694
10634093
74741557
75629070
44965837
74854002
44932193
08634477
70056412
71889222
71889204
44897022
42279815
08574059
70040454
07687894
76974425
76291695
73794471
77201570
62223704
71156266
09525870
60951754
15385519
10449621
10216761
41986208
80689825
46187851
25328017
43229874
45927641
44457888
45459713
74829695
73371775
15300691
77533363
48054527
16706721
41645821
08105720
42585764
76177372
44382904
42696421
42886937
74767680
75701800
74200444
73748004
10580894
06837420
47069942
15670437
73134462
10407033
06654005
09308771
77179630
08146506
20078563
74372990
73249602
80176059
47641110
70292272
15389087
09221709
60205419
46835621
75338656
07524801
10233962
71257344
27746002
46544917
48475312
26921076
41182308
76566551
41077593
46779673
77237275
10515620
76296930
41492197
43267655
75896547
48982425
74717919
41885904
43160725
04326266
73131887
74531626
25826747
08915726
10008388
74846814
09404782
75429490
09699695
10464491
47604633
40378964
70907339
40952676
77391528
42085407
47157309
47978991
48330461
04223058
46747891
40502189
71526950
09543068
41687184
46259797
73441802
45942296
06555395
48443302
09723337
74462715
77383919
47352215
47932486
70242571
76460691
61701597
46215650
71356651
70113144
76749214
73251196
44824915
08970621
07058993
10289775
09756568
45188875
74149482
76507441
76860206
07494029
15681035
62472146
72611523
40856123
10015544
48763287
70847867
40046664
45575256
41937674
60427108
05793465
44115103
45049773
46651889
40168721
70988745
09184882
71437248
08376231
43224431
40063273
77131578
40558592
44444923
40251977
40646677
71989843
74402576
08174764
73488321
43299558
09220304
09481981
08144573
40459049
09789685
46571945
08043491
78021534
44879984
75906237
15631196
62472611
74806767
43567606
48514305
48523563
10355013
09496896
40131280
27416770
22515570
21474902
08160674
48346044
09422795
74508977
42819693
10328640
29328098
08044864
70920401
70887386
09549105
62323679
20712451
10298029
09213628
44049864
76695639
62038854
40047855
60989895
75343423
74923499
15449779
06267366
70836128
74416741
60745083
80649296
74923478
74918968
70167431
70135272
45457047
77466601
40217546
15374939
15403695
43234057
08963540
47424624
49100793
71819087
46440595
72364805
08376096
80044589
75679172
76152858
60070459
73317950
45578912
08907237
70263338
70336553
70771287
09482406
06121533
75383048
02817252
42396343
10646136
45162632
09348124
76854478
09706233
76364178
40004383
09611870
77167894
08938675
46862344
42534583
15448130
73631533
20584841
40173329
73931448
47915046
43138444
75767279
75529473
73981289
70238636
73972321
70497209
71433299
70548780
43551782
41155002
46455701
25566713
40136880
15443077
06902558
10494214
40740173
42524596
42860756
48006655
46819553
08104971
48673216
16311420
10076196
16120414
44636444
23012449
15685006
70093946
70097355
09407425
07891584
72448978
60344240
10384191
16297201
75713140
71860169
09689429
10080686
41499408
10095228
07775378
76742231
06545207
16127150
15207241
81095479
15970130
09897955
44140696
15444448
76670787
45492322
10186112
15436578
70458126
60806246
75147797
76226239
44322029
09890614
16139369
70708758
07889625
07448171
48917880
76527953
10383247
73934728
76686150
46938028
45723136
44995196
48085404
07507056
75353176
74292409
76345137
80098727
70204826
40578337
75406599
75599373
07165878
76643901
70213612
76041890
40044177
43222641
78203184
75116168
40554690
10329681
09113832
72506284
42946654
41903387
73934775
70133140
76918170
16147511
16005846
15840226
10445235
06977567
71830517
73777437
74077467
44161374
19930604
77222985
73506742
10377749
46252646
43029022
25497163
74584387
40907644
47781758
15677500
45735737
16293277
76644124
73630913
48310618
70477675
10182777
47604503
60184820
76621740
60072956
48405003
80593426
47466073
73128531
70094294
76752089
62293562
09242136
10273957
06924191
15299385
46723139
77478008
47039378
16148831
06812426
42890922
16296231
76144737
41326008
09440654
09020937
15369950
75571773
70095952
70789298
41261322
73262029
42791576
73967511
47919917
08195809
06769943
46700085
60077525
15967530
70064708
10208948
74959508
23276802
15990660
46573885
10323342
73889372
15222134
19953146
76220688
15422156
71994764
42853401
16311394
73351640
40411929
10338284
20039149
09281975
73469144
46713771
73359635
15418789
42372872
44728703
16127450
70519188
40334944
70523198
77815230
74430117
73545899
08607762
76800709
16176234
70929524
10388222
73665010
08437055
09499197
16162719
08658060
08911480
15380660
72395458
07238534
16290061
70350273
72870753
09897528
09579962
43571114
07931696
08617636
48092382
76330388
70764029
15200995
40355066
40735365
62292650
76952991
15289252
16305741
16316304
72960922
45014659
16290130
07685251
75671118
74711102
75254984
10696520
43313877
15427461
20074433
16294922
76664845
47351357
60077855
10163540
73982276
40339616
08990901
60918373
40186146
70782488
70782854
73335290
43258479
45269018
16137368
77534189
09117781
60070294
44494349
44100394
16305901
40671343
72525888
70570600
74134901
02634223
73630853
44686543
70212255
60073152
75452087
46564887
70754883
42104936
74704700
10215427
77392008
72404902
15381426
77808237
76387756
63385148
10211273
09064899
22983440
41610142
72174882
61093014
74432835
77100245
60863382
42986341
74442298
44813354
08666939
43583446
76262786
48038941
76430323
70781553
45582901
45571611
71859590
15451164
70811328
41094289
74768107
40509487
70571010
77906270
73624928
44793292
44019208
73928996
07117100
10659372
09791901
07601161
80480190
42228239
73984669
74037509
09475116
74219317
73949095
45465859
15289541
73589238
40839729
60812370
40748192
10146629
16168270
47388188
74854543
73458271
06260735
77218582
16158446
43333547
46539846
25722299
42073752
41982613
62257624
09684487
76448450
47391299
06803677
06234544
40438555
75118399
75118398
72161048
73625515
15979113
41745585
71222523
41599262
16169915
71188101
43471817
16137676
45208246
42690532
42689582
43426218
80935666
76167549
07487893
71877842
45290801
61679028
10208548
16145746
41619739
10464852
15374350
15354749
78200734
15288995
74812955
61051789
16159612
15438988
73540654
48356127
08803658
70929529
73424675
71098962
43139104
76584861
70570566
47785987
09942657
70461262
72355589
70808070
15964405
07595208
15452619
70884782
76232338
09763574
16159265
77129015
75165219
70361471
70145360
16150707
72520799
10497703
76906132
76741718
15453339
73127110
15975161
46573416
42051221
16162706
77042809
76590783
08522300
44022980
15428434
75976522
76468446
09778481
47776884
16154710
70206695
73628356
15412850
72486041
42030453
42471378
07524337
77228779
47310587
73569591
74360854
76726149
60078453
70375326
60815390
70771283
15437934
44611307
80085814
40012929
02867045
48120787
43432115
77273677
76392679
09964627
44243158
16304865
16303100
42133754
76796672
43638052
74495882
41975485
73628775
70787522
15200313
09810597
72579896
43656598
16165416
73949092
15437572
70204810
46023775
09354272
73367143
16297441
73638077
61139343
15753753
44398476
70467935
47633546
76565768
09772850
04221381
44492352
44378313
08262491
72870784
09824160
07893502
75630143
15427191
42895252
44255989
09042415
41575298
15712317
75245164
46208316
45307551
48434170
70839905
42965914
06126512
43850273
43375817
40660840
45622634
77503749
46255781
70338030
46714610
06929663
09183669
15207718
78204128
60826214
06546934
75158107
43213646
07076659
09132470
70568055
73620428
44840508
75122213
73623104
41696433
46253615
41095599
46434703
73635821
74142163
75148451
76179831
70771309
44993856
16151332
74404488
70905660
15374268
10334353
70782092
46727535
73225720
42303985
74756339
73519104
05329328
73591619
10177976
15437364
73898007
47103866
73867915
46586241
44628311
70967322
07751915
70338027
06572397
16010431
15423499
76361156
70793424
18842957
01319303
73199223
70759162
21007100
72924796
74840376
61133073
09481721
07170958
45778867
60077759
09257735
44453796
07111579
72877536
72876271
15999983
70204884
70361461
16298710
60518013
75649425
45953398
76185969
70278782
10017726
09638402
08138448
42804294
10488136
42347672
44205243
70765968
48194804
71858260
16308928
01117884
45109644
09786256
42028114
10229745
77462103
71007766
41264256
07020184
43050500
40959509
77100646
44575222
76370438
72870646
10377857
07179307
77207526
71012387
41509880
70458382
16298700
16158554
71882465
06280344
73018959
09045055
06776959
44278579
73426552
73611800
75413468
41168936
43930684
73540625
71274987
10059106
15432366
78105144
73616842
16131470
73635815
21814630
08941713
16137327
16158583
77464803
07084719
16292077
15415964
73949362
40431056
10600352
74384804
44433291
10226816
10240483
41312670
40022169
73258910
10312717
71385614
72261140
72266109
44960624
07054514
08898668
40653342
15961328
72281343
16007865
73191000
44866770
10021062
21823981
70996898
10048064
76420076
09704286
74709577
09014856
06227244
75594940
75110718
40133627
40012290
70096347
15967797
08315661
10438362
60806140
47221749
41477772
71749233
72194486
10165283
23465231
46961020
72485923
10235323
45338501
42899088
08424397
19088471
10245216
06993831
41969228
07680358
09760493
43000163
42644508
48886193
73063108
73637900
76984668
10412373
60952375
10457010
72815380
73690505
40868142
73332788
72350775
00374895
15969314
08306303
10411889
47176504
72188272
06060112
07053986
76355053
76122389
42281226
44912625
43461982
46915221
09484739
46331279
10410208
10048782
06910766
44454001
10163189
09207180
07648033
74489736
40143604
42823605
16007492
70305727
06820312
06966610
70093886
10148586
72126472
07601812
60009801
06009147
10537186
46142705
76305088
42790557
72737072
74093633
15969496
08954916
76356403
70501433
43229216
09769601
09549214
09543402
42058119
43483592
42511359
70281498
07152510
08954080
41209426
15978030
47836865
41219054
18210457
60774080
44764743
80373569
73258032
07107672
40151499
06564580
44499410
10217495
09735309
10382732
75496246
72388150
15976900
60870583
09635577
09716377
41138631
09289220
10660386
75150254
41676338
70237521
40183084
20117181
41978442
70975686
46674080
10409133
44716990
47051784
41682440
72931962
07757228
07130759
01047017
00946847
76545178
09590696
46156716
25482714
09415118
45444283
07178763
74693760
07684753
09044126
07770735
70196447
74622665
20015248
10050913
74855408
06060706
16020397
75385530
44929540
06243785
45107507
72528853
74157732
79218158
60979396
74050434
41970150
44544071
60073553
16130090
73965651
76366547
76366548
77072730
09876147
10559671
07750880
41169440
45948515
07253895
47114507
07145355
40101729
74396394
46263868
46544477
45389288
40563676
43254596
73010052
72901987
09838636
74854107
80002188
08210208
09506299
73831479
80001310
10779564
72746957
06960719
09225980
44218596
10340383
40263866
08631538
42008602
08884403
73626921
70053530
06657059
44802082
71381182
09620762
46750697
40670022
48811103
72300880
60772810
07786725
43579057
77011204
42902258
47723266
77454927
41602094
71996676
09853628
71674779
06129911
40633836
09636411
06667833
70488612
43391627
77131207
06669423
76356223
74391407
47689400
15980579
71181655
43906727
09933568
75253513
06850475
08275427
74928630
70706624
40028721
41545254
10802175
40307642
61151653
06726422
73650359
70460398
42982786
10226162
06666789
06789345
41328725
08845937
76587398
08185218
09300746
46000593
40693562
73654620
74570002
77059479
46313561
07536268
42335915
41584737
04044912
77813590
42260634
46247824
71425717
07579476
08588483
71882471
72934944
07542935
07980402
08334177
76656026
06759383
07843893
70807408
15644686
44392507
10556247
08503918
42430989
72126571
07999995
09683377
74493106
18084557
07341995
10336958
45939869
70079619
70929532
72130752
60070427
73989834
08691554
15217497
70990775
43923881
10779226
15648461
44371940
07603237
09406630
07608413
42537269
41091163
41680586
42195021
41109751
71737318
06685106
06965175
76233670
76481282
09184432
70975593
10556908
15723263
70947120
76036765
08643572
72078799
06261709
75268071
80649109
76668596
75067759
41876553
25563066
45141953
75940376
08082746
73079426
07696413
06678700
73258333
31189455
70094860
07543025
73657296
06759504
73325690
61258922
07629221
07443545
19834310
72522175
06565250
70092681
44886864
71939375
73469122
70884562
75446733
40879352
06827634
74138519
07589533
09210731
10244732
15203580
16162766
06037970
15214909
09163615
41197680
10868457
73048330
72675293
46722638
46606537
08177183
75369635
43479662
44055646
72632400
44669568
80607672
07025657
43109033
10767133
06553570
71159305
10325904
73239207
46476308
71156931
07597977
09305329
72183298
73630851
76290120
40269527
16023725
77051628
07603345
72394560
08103300
15217336
25851127
10483065
72289226
72646977
10495996
42053923
06756296
06206808
77066412
15207258
70388123
72308455
42353493
25448828
40447782
73123139
15757288
15370225
32824644
10224348
45443293
75195909
15452249
10467803
41511176
62775478
09837326
72496421
70784698
75504022
47299019
07983209
06718077
70441619
73084965
08148527
71859572
07894687
77572086
40182822
07943188
09160098
42106252
09843666
06569971
06575454
77229998
73212180
09461993
07628599
09438252
72897240
08416655
76552116
09080536
60183514
72674027
43164677
16006122
42537268
15208514
45802228
60857991
40326909
77915476
42347507
15983742
71889219
77905449
46537667
72561524
76793277
07556746
73777451
15979628
73056754
15758098
73587419
75344915
15644790
06224763
07999281
08005916
73369273
07849975
20007604
73449955
44385452
07090902
07230305
41064524
43549243
07835657
15377227
15378648
75507008
70859123
74417862
25764924
75099527
48588993
02879646
47830905
07247160
06834482
09547348
72371182
43789136
71243031
07233739
06903344
74320457
73796511
71047315
02604515
08935089
42415960
07543976
10404744
15980897
07627768
45941768
73625070
42289615
09499815
10761699
73019868
07980801
40988735
44630915
70303835
80650085
07930760
07988296
72960619
10008239
09294876
43493111
76010449
71207992
77042880
75638593
72935607
42185021
16158584
76330390
73772128
73674113
06820299
15740432
31657739
40599511
46232442
15715824
09485602
03121125
06781216
43869872
75978305
09849970
09587452
45766181
08621991
71487165
71264955
10089149
10642955
10586247
73335376
41414349
09669756
40886766
40398938
73572123
07442149
17432961
46674122
09287131
43565068
42237353
77345785
07384048
10652165
40111897
02417562
09255320
10322912
40442423
09011228
45818541
70690069
44803379
44203341
71467013
77532915
73067643
45628035
09171276
42157547
74311840
75488167
09804388
47146063
07857614
75016595
71696760
09978367
43330036
09255364
25703333
76972031
70271906
32735744
71732603
74776693
06849406
09708398
72467007
08659937
09792728
41420509
75936740
07826394
09545500
07215833
06894975
06688194
10249723
08359079
70718448
44529025
42419853
06247715
09657472
09545462
73420924
09633411
72428506
77485265
04631930
06611066
73228921
80187547
09666466
72548614
09843328
75940059
46129090
44809782
76642644
76669094
62853638
72310186
72094798
60826252
06992877
41062356
10656078
10779779
76918154
06762066
73942807
09031280
45192243
09931772
43599134
09168606
74372355
09288991
74378620
07072511
60861564
40001014
09789394
08541942
72321220
09451694
09912294
09794348
46643838
73161803
09409001
09737319
75003282
07514976
09118211
10697951
10048588
20034893
43437346
46154464
42696846
78460132
08944812
09784045
76167568
40352409
73330595
07758013
10291053
08444244
76980404
43043542
47673583
46397764
40594549
72575685
70633950
42809902
74641906
76501129
74745028
76754570
07418632
08654579
73035760
41772128
70087771
40138427
75262745
10875507
77435753
40275417
07613843
73453190
10886559
60084936
75245399
74202639
42207718
06707373
06818871
71242017
75862144
74531921
10034090
09208280
09171120
72729036
72733386
15990257
09844290
10034304
73128009
70390667
10237694
15698017
15748891
73105361
09950474
73487324
40185122
25608262
16002786
40578677
10447605
16123829
08823307
09720867
09100501
76706144
25836604
08925139
40012007
08907130
45282113
70716653
06263279
09403452
09501652
74020061
07874421
43874432
70201876
74043001
09506136
09023155
22521739
09782463
07097653
09979464
76422791
07472017
09769579
09237722
25683689
09211546
72761161
72477090
75199218
70201867
40598275
33425931
06098405
77189711
71441507
10226219
70267175
08493631
08159579
80392946
08457218
75610623
40746128
47582303
76460504
43634609
44737525
47157814
70813446
43615026
80112053
71432738
46823101
08325165
40860655
74310508
44568153
80043474
76305109
15709233
76204497
45874235
71377382
42778598
06846780
08043598
42453122
46652146
76327479
41033192
73882032
75165481
60482184
47504586
44413627
19322893
70389943
06007549
40995792
77079186
75960139
40216994
44993858
08903472
41280554
44098565
07791678
76576418
45102985
10548022
18037754
70333861
40098521
09609537
71489930
47795438
47165132
41517365
72025648
07966724
76986112
07538016
70987259
74324232
16170805
15299651
74916311
70777239
08712798
40189397
08179759
08933858
10643071
10200509
15691992
41205164
10014542
74474117
08545671
60856700
08897818
42096044
74588758
08153868
07976059
43393580
10492319
75139049
07998333
45557657
74613089
07567598
10177524
15995608
06923396
60759792
08221274
07883267
40230703
42342258
70432028
10030892
61861434
43971981
08128144
43152725
09436538
09490245
09556925
70668068
74839881
43742667
45892538
73867403
10128508
09531719
71525154
60075408
10440700
76150349
47983369
47985060
32488844
06416593
75465907
10206478
75584458
73636946
70718812
41813771
22752262
77415361
62949346
41799875
15709469
10226662
70615646
81681907
09721027
43165542
77220880
75507019
15581440
72222014
46528336
06141362
73762995
46878628
32661823
41929581
74134501
41321961
76289824
73971527
10191295
44319017
80382774
07625048
75803021
45876879
45941823
15391041
10277218
08363433
74096876
48095155
40011036
15953911
45210786
73132032
41686964
41171376
15990278
10647249
45080981
43740498
15701742
06652167
70026559
76624004
43049019
42565120
40126815
40398114
48256484
60924201
75868626
15750454
73015948
41581116
72764573
09686739
09373444
78016339
07684322
47051146
09921507
15285883
42412981
73987322
09959459
72705188
70360829
10360981
25541871
40870961
10874093
70899583
08445213
72911344
15740121
72570732
08104597
16168857
48443273
15848236
72905704
41310891
15365209
73176025
46156834
42064961
09353941
46160455
42597584
07295979
41616269
10519032
75345631
75352034
10353008
10330217
46126404
75462553
10328273
60923104
61250060
15407340
45811133
48139888
07111561
80571180
74585005
09143580
09593899
09726079
60777422
09445404
74242868
45349406
46190541
70969743
76270446
09562959
76473003
74749679
09330294
70660604
15425829
46983099
16740408
76765733
46588599
74233848
09313236
46083046
44220952
75518843
15408427
03368933
60842479
07103419
77076657
70358664
74374503
09795869
71522554
08131467
32740823
42846599
47145496
15962311
60671798
72114145
75382014
06188188
15851463
73005368
08177195
15703615
76554969
40173246
06972883
09595329
09310408
10593181
75615602
08757776
09867179
40423161
74510148
41944308
07609233
44846925
73999824
74022873
44126747
09084712
09513176
77911884
10624788
70793813
41528701
09995673
10808364
09504527
42887991
72082236
75129859
15627376
41893303
75002536
70254217
15631116
43054997
72674897
70449920
08149998
09988638
08758486
48178008
60946205
09180646
74434090
03676327
72390340
45470936
06966005
70270798
43423694
08568838
43566706
15665048
15865683
15854394
15595563
10463545
10561029
73580894
71222139
42159414
74085248
15427591
75093929
77206644
73684246
74956049
72653662
09515662
74654712
42833845
75803019
46680032
60749326
77108979
74199536
74824638
60262732
41532854
77665598
74642556
47700464
43280221
80255411
76439394
09239098
77203588
72646541
06966097
70281106
15620944
15856206
71520949
70097392
73321043
06774460
80056117
71021081
77506845
71508718
74178440
76018242
71013553
77312379
70097064
48016120
41996079
45323719
10470182
70267082
61210588
62880053
45780660
25666924
10779813
09871573
10120101
07123090
73920707
77532190
09772885
08333330
09390085
77800136
40201150
45630370
08206558
44272731
40112618
80169536
73962624
33784366
41999378
10740767
10860361
73743366
76061033
42555142
40895385
42765101
09193221
44236963
43519785
43721963
49068505
60072751
70145601
08117311
41262717
15739975
44082643
32132670
70814785
41256048
46520672
72083993
10585942
71426700
63326639
76621642
77042428
42611761
40230844
73315123
75896641
10296242
73524480
44571868
75546313
40711528
15704531
70269722
16178219
08124878
07268270
73652848
75739259
08351948
74063392
47571869
72195675
43398836
42060701
73070052
75422155
76331529
70566064
41435206
75722236
76792288
74663270
70759451
74766097
74053478
45537966
05714416
07951210
80471961
71997482
46836624
43517330
70257320
73631003
40549260
74709902
70326440
77472312
71055922
48206891
71309291
62283860
75611973
46014642
10493717
15844487
48806173
08744250
75244531
40149006
76953364
70787107
80128692
76334640
80135070
06937257
46709409
60077201
20051858
41816132
71219714
47801210
42960185
16139628
15695651
44600558
41634142
73187712
42139056
73740993
40182669
10576091
74315029
15608997
74046171
09777069
41047651
62024095
47005349
15757264
74255507
47112278
71467923
42122129
74573543
44052314
76971582
15848846
73525957
70777001
74823169
07672985
15970010
47926112
70447001
10031834
43337579
43655659
77918731
78104083
45901763
71741634
74917060
71919991
41599909
75556287
44433269
72987327
42625839
80621138
70856427
08671610
40596245
73010502
44178935
21465796
73426163
77041923
42720080
46817950
40535163
73812658
07757764
73633228
41629232
70213659
10056467
25851111
07285516
09523440
15285258
06917719
10811727
06873250
10138126
71967212
48366270
62229934
71747479
10283021
70846470
45432688
40140126
09636926
71502728
75272282
16296130
80650908
16160333
15743839
74252084
47336747
73457676
72660784
70145656
70264101
43640963
10401140
09546752
61364793
47473662
77071089
70374115
73390366
75663475
08899349
47894355
45983558
70753870
70880461
77100657
42351730
46496411
73233456
72905883
42634479
76234734
71732989
43769339
75252553
43608227
45560533
16301204
09669540
46121165
16158510
15433331
73897534
70375622
80076273
15443560
77066379
45563787
08141718
47814911
07506045
72079765
72970499
76282621
76416573
10177373
46998193
10424180
75151984
71776322
70673566
80129313
09632311
15970135
77807976
45099249
71762304
71721339
72239108
08454917
45846603
42153228
33810452
41115079
47819414
72804310
42771445
77067214
41193957
40314544
07079074
73335283
46200132
06965898
61331920
60559018
74200480
09286866
74759974
40873123
09526404
62333072
73633412
70784009
42232274
15968118
71996191
70691163
47001248
44751643
73619209
81543731
08423344
70501687
15648551
73930161
45580008
74134724
72528149
16299704
08194313
70808138
74875950
74640894
41732016
75395939
75149257
71959106
45089562
16307813
76825135
73625072
42427670
71888750
46097396
10720039
73425078
72040803
44142931
75011299
73829254
70210400
76326927
44565429
41750376
80026286
73625200
09981685
44093549
75284990
70542625
71179946
16135780
70093943
15720747
10317458
73230989
76576111
09451869
09492526
76754585
09842392
76752973
15735582
43347176
09791072
40495180
47303177
70784007
41349489
08142335
21852513
43357778
41916348
44575225
73931476
74032117
74996058
45587063
76725428
72625258
42357368
45830277
75175557
76189381
75189532
44665684
09996331
77437280
43599321
70789823
15642319
15354535
09060148
47025141
10056241
46588349
09639265
42676518
08884747
16303063
72261843
41326549
72434753
16300273
73525978
09754415
07286770
70849079
15761718
09865552
45280464
15204846
73965214
80283634
40730807
72552017
23706107
08651230
41800516
15412071
61601911
15735634
42086880
43459012
45290024
76036728
10047328
46366963
70181430
48278533
70063040
70063041
44134757
75689018
70264147
08854192
15286330
45347616
73006820
45314838
76234303
10467765
40393029
45724801
73015446
07856885
41966026
74894860
15359868
70406986
74147004
09599619
76644811
73485420
76085174
09532847
70484472
47412023
60077680
16292862
60798190
16131490
08537716
45059881
16293416
15430941
44322745
10470800
74060144
29731419
70114905
16016697
74387346
74726702
10287850
75106656
70375619
08727715
70267775
42385559
09424293
45603199
09572368
70775552
40777426
76336134
73683938
76268004
07523215
42494954
16310130
41095394
10038358
80605481
73637866
46642917
40468421
15372692
47824577
09059953
77100268
72033499
74430145
10062854
74137253
15427170
43764337
72103969
46687404
47175424
80259262
73500505
20051994
76343281
10105177
16126613
40880143
07969735
48240966
45511883
47147411
20081340
75576474
08424233
08248330
48036141
60553599
40078434
77128999
09593052
43121840
72870624
16756662
09054573
76971655
16305644
46268741
72761086
10220120
70386294
73614140
70458909
00128070
73631728
41072548
75056917
45061943
45736559
47959102
15750098
41131304
77156837
41363136
08809795
46001609
76201437
60545111
44126032
44403209
06635030
71707456
10004273
41260751
15290649
70216116
07408995
07897497
43116679
25826038
74292413
06369234
03502440
45811928
15765553
72169603
07312576
08885993
80070343
15739072
44759144
80065985
73052069
41654805
72189071
42381493
44791460
08363933
73348546
70798113
40475487
08873362
15413051
40951306
42759483
40745792
10355478
40961197
09462566
09728070
76873025
48508493
07379274
15740591
76328321
48731016
42314631
08884050
09480240
72960914
77909244
08213159
60070943
10614078
76978132
07999275
47705430
10702496
72977526
47417719
10178892
70570595
07173206
10463377
15204686
76030445
10495422
16165985
43490497
40107131
06757711
48104039
70286580
07636948
70829985
15660126
09699382
09619625
09314341
73630790
25827438
77707564
09171873
07243426
42300278
74442047
42318845
41586423
42113862
75035073
60184817
09865797
46758075
77152360
70457872
78462469
44722372
48513348
43008663
07623660
74746463
08106715
09042696
43415986
07937577
76138468
45582873
76738352
72394032
44437099
47664636
73778883
70724123
42769263
77821427
70190416
10777440
07521384
72387373
45385488
45174870
16015572
06614354
70568930
75012190
45952527
71148299
46598891
10609001
75124085
72618525
08948662
42862834
60548659
10215319
42581726
09524985
74734310
72391497
41096595
47477129
15607071
74378082
76836081
15435825
70076442
09752234
08366263
21284278
76287370
60573403
42675457
10652981
43737345
77333183
70863335
43672505
76652415
42683312
08101124
42869163
74642708
76611884
06541365
10439904
44796876
74303179
73871757
73782036
40060355
48545828
16140001
70200765
41875759
09393091
72460668
40861518
07799622
15282619
43076916
77166807
70541210
40013995
40630048
76647820
74533154
74824162
73008116
07656086
73340194
25449808
45626226
45169313
09015152
10467736
45890034
61176985
62228007
10683802
72809370
72506143
74976384
09359862
74144786
48097234
46121510
42693370
75132941
70403750
15386723
74836785
40088258
47930654
75949318
72512094
23979735
10806176
41846941
76560127
44457412
10717247
16291342
72501650
77726994
45148889
07413119
61062694
47589194
44070798
73259242
07518139
46737750
10804452
46850072
76124886
74225643
45868252
45746307
80137361
15431780
70264141
72573370
70640431
15407204
07242537
15444153
42418817
15425229
76033439
60895366
73980568
70204748
77527920
08292555
40736354
43369120
73936903
61614986
15451409
40664064
76187361
70343506
76147113
43992230
09523999
07163739
70156907
42409028
75398397
15749159
08256677
76064181
42399078
15985185
70789799
73206100
40213307
76138511
60196932
10265312
42259686
08756332
71777500
40212068
09595296
07654462
70264104
16015234
70907568
76029555
80647625
15378574
73593565
72892086
10365256
70645601
42357049
09533270
70249220
09313946
60070563
07158645
42146578
70808119
70262891
70570994
15707599
72548864
18084617
78116545
72868515
71525174
70782244
47090847
61046634
07787435
80071228
48971753
20114970
16297436
76082961
74987006
08803945
72462837
15436636
41557974
42618326
08811665
48066090
15698491
42244353
74079146
47709144
44250488
09055041
08435442
71478776
09701594
74964823
73671288
06904832
45844065
44965697
10174071
72530635
47155717
70748362
46403643
43267695
71176911
08880337
07958357
44861569
15962532
16284183
07036362
75504193
06814987
72271805
70849939
40959291
76544019
15641099
16020869
70787527
10306071
06291123
76622635
72909329
41829130
10419176
09570485
76949994
75677177
48953301
06705587
72573917
72544921
41060126
10175581
10219033
76614695
10165389
48047903
76024327
41669075
16302202
09312382
16296225
09812009
44052325
77038374
72977152
48474864
73630995
78462484
70478087
73444822
06855324
08159056
60071407
71714638
44091302
72240033
72132684
72679748
42181384
15658087
73499476
15349701
76568773
09150538
20070940
10332223
60197810
60917159
70778506
16178452
76967098
15635481
45474043
71013212
72615783
09526669
76766229
07878389
40059595
25488889
09963900
40659804
77693520
09922610
10500345
09972191
74834368
47461774
22085126
76569461
40810315
33348174
74733524
46510865
10324575
15283609
42294378
16303035
77911530
45803521
16294404
44305896
41818365
07748301
71478128
45272029
07228768
72758577
72788473
09059153
46237664
10535040
76359701
16159257
73491783
42792217
43785984
70842362
09757086
09878655
70766254
72965081
70767473
70785760
45127268
44800273
10052599
15731306
70146631
75611480
60585523
09402294
76621796
43242709
43098224
76152261
42276533
42750441
44945166
76515999
71519679
40134640
09504286
43019509
07528162
78880375
72763782
45822641
45311761
74711802
42467166
75260703
46822990
70398914
10170107
76698136
73794971
46917424
10790968
20119645
72797181
75730670
43116343
40773712
44734257
76469472
70843968
44983158
09719408
74961568
71149805
42306962
07191773
09468370
74555220
76681151
72864951
45449451
72864874
15204053
07696470
42248498
10315214
70385365
61181815
15358091
15379830
48453552
76309897
70075133
75443433
73426555
07989049
75107486
44737464
77422168
15399195
40489956
47780053
45158537
70458383
72902926
15762477
76961690
10631582
40039652
40957888
72454538
72540223
15714126
70209460
20587315
08482599
75771695
42538170
46227932
71785518
71736408
76970654
73115501
70896045
15399111
16131442
74755622
72890346
71014156
76056460
73757948
60074105
41374307
40533698
10194485
73607154
72794741
08780108
16292232
15727745
16153933
16156100
42489179
09593495
74201615
46722956
41098008
75414005
47668860
62049009
08720470
10378319
46584118
70388864
04083299
48416851
76396883
74074376
40852155
08106013
42781677
40066477
10205486
09767614
75586719
47971624
40417386
40595153
09468215
40716506
07479710
09588912
73454733
44516729
46417323
45895233
07451389
41725288
07224562
09264934
40514991
09526397
40987961
75199266
10249504
77293799
10752104
10208674
42242573
45911877
70361618
42105041
09709187
41050423
71872138
60771759
72129542
32905607
07337556
40151491
09945923
43190152
08608360
10193577
07299928
71803170
72741785
47247933
70758328
09456336
71901039
60832764
41468162
09586760
07609252
10026102
74073253
10644498
47404605
10602475
71989475
40912520
74161912
10783646
41412932
46451164
74923258
74306749
43082430
77386424
08109754
08175267
07438024
42745226
43317845
09688223
41270461
40010433
45705703
17617337
09522296
75315947
09584757
40744453
10338920
09009375
07501810
10720511
48099649
43976422
73494992
08373847
10499117
10241394
78581274
47179179
10645515
10538063
10710763
09954148
74373021
44125517
71939325
75188454
77853424
77853406
46815858
41797152
41275263
48592285
75270259
05257174
43655911
43906937
10604230
09686327
10752835
43416465
77277440
07267211
75380818
07312893
10019949
74709301
09523434
75911184
18009894
70987771
41436355
07207990
09904594
76796445
74233902
76570399
40894661
08974234
08952389
10422027
46237688
09812787
72669263
46978589
72968857
10255165
72665862
46317916
73414855
40516215
46197930
10290674
72618014
44586499
40276305
76960803
09904425
41055716
76801654
09590912
77221198
60916655
75286482
10706102
81879143
72815210
71004830
75621800
76533463
73246316
10202956
73549970
09708073
60856996
09662682
75728980
40146468
60241433
73084541
10021529
08021578
73139765
46689546
47189525
23985809
07970084
45426488
09951538
73043359
40909806
75876621
73589825
41828728
47975616
47134012
72266072
45679585
08536727
09979312
72087618
71426130
76591779
43567666
40770018
47002563
15426146
10140444
43888986
71385778
07842489
43689410
42803815
10621266
44243673
74838145
29291246
46255266
09521819
61163139
41420619
44895821
10719602
73757620
07858221
06786066
43529538
10793373
10159759
48133803
45320533
75822908
06843465
74085257
73031688
10500993
72272032
73258903
10488572
40140145
09860694
43822698
72537812
75459508
10635617
77243178
74754335
40454048
42888004
45472746
70026515
10065735
09768150
70094213
07762790
08358511
46425901
45546641
45014864
06644610
09691285
07140299
09352674
74501652
61494624
47116179
77142068
77142063
08168254
45472001
03356893
42408962
41458126
06260913
09151398
47684668
77337665
77285895
74217404
74824384
75255983
80644756
77471263
47402537
09336731
74205909
76151438
44884353
46037709
48108367
72075161
47942192
62852944
47609064
10650127
07738992
72932238
73459479
06643900
09533186
46758919
44500074
45822087
10055124
74891074
09812068
70588783
72372267
71510012
09251197
44207036
42915196
61180293
08740971
40368383
70281361
10262700
43601090
10754526
60370086
09524782
41557335
76602548
72428128
44388536
40753902
40069797
10649172
73393647
10790199
74733083
48104330
07859189
47484027
25670402
70994303
75201045
46137783
70127491
40736419
40622401
09955147
41559268
76580499
72935111
44619011
07633845
70884522
44162210
07155640
71484935
72759080
40363468
10469129
43902437
42583926
09053152
73031558
71921374
47246269
07296129
09862326
06607129
33429232
10287199
72927040
75948383
10629369
72849006
72785821
07450191
40912755
72962290
76061908
44180827
09679498
75518717
09977796
48088737
73039811
74069948
06001683
42559402
74087597
75962905
73045093
42224100
73119014
73682708
07607393
75826314
73810607
06666207
70649538
74920206
10159592
44761059
07684879
43209531
73004890
47559789
70328588
74788938
08158071
46883381
09560020
74218837
10600545
74977847
77210983
42516061
40578924
06808342
72809794
70596543
76287094
42993816
75945495
15207732
09605531
08859994
08870342
47056260
45256799
10340835
77390983
41939146
44871946
09764852
40735202
74695438
77829533
70839448
40335088
09794801
42780078
40515037
46599081
10084793
06563874
70737958
47819273
80407524
80342474
41086547
42329159
43089407
07052774
46518291
60917715
40843658
08496455
40759775
15201909
78013854
09674348
09243955
77295426
08179992
46710687
07715450
10161019
17434819
21886436
60976578
76821620
42294800
48474998
06810816
74041848
77060163
47173204
75904518
41879525
40448043
40013008
45031007
41045509
70770662
73679803
09607831
10419857
09954486
71332198
09925551
22499220
07174429
70879056
09718681
10550262
09333247
09438127
70929527
70766130
70597312
40274894
43796067
48275346
09059207
72359618
70007760
44319131
15207723
43373655
09911595
10343775
09531920
73870337
72728301
71951712
07631167
10124980
41258527
48809714
75013323
74772549
46008078
46837226
70212267
09881579
23009633
47695261
45219719
09712481
40087473
72501791
04071770
09296008
70621338
76088346
41968722
46390286
09612379
40434788
70507829
09425964
74279266
16156450
42252719
41275921
70153815
74689383
73935270
77511811
07757569
72666558
72783312
43066916
74760492
72651026
70880464
15588776
72534792
72808670
15387240
61011794
46887362
09217369
44126895
10602201
07737230
80407324
09798467
77382816
42688868
10093574
44853422
47421008
08926118
06827782
61198619
76312612
46529609
41460358
46038508
29603344
80194056
41129046
72907678
40327323
10206130
09286350
45808092
70771736
75858274
74706692
40397832
75416037
60785197
48163365
75887326
76792496
09704780
28999778
74233637
77265613
16709769
45364703
23950596
60760035
75128836
41729177
45425093
40100466
09316860
41231149
08892875
40147803
09162582
40417502
40005017
07871835
46327959
72779844
46544991
73980144
08356358
46142534
71030780
46328303
16292230
05374369
10333539
43887543
43695554
09756029
60814889
74085483
72397790
72898023
77703246
40042080
09117919
72385039
70499459
60872914
80685517
74122017
72485868
09684438
60975956
72716811
44406216
72773585
09550011
46283775
40167996
46259374
73944934
74291456
44324445
09410463
08387081
60642803
43316613
76240870
41584521
09971418
70710511
74533563
10318201
74171468
09302592
10490716
09399020
42639923
41319855
73898879
73087397
40722979
74945198
72129592
76219108
10788097
09403399
42253675
06783270
42177977
10474733
73897469
10217606
07733408
09552599
40668732
41373515
74606719
10315849
06827423
42013640
07767874
08191919
09886600
16658418
71405812
09338530
08564190
75273257
43345292
73763682
07228724
43879107
10024266
73764907
09875483
07635596
73753219
06801933
07962093
16163339
73625299
15672238
07284067
70003564
28296176
41032452
15360809
40091232
60220395
42423438
71448723
15409355
06241433
15989983
08269774
15431954
76347072
15990339
40444232
71602421
43395060
41887340
75392041
08617027
43308575
71490653
07601798
75759405
71870197
76652514
75139006
07677864
60848289
40485787
08024445
06553893
42804486
40148761
07658592
08623008
16012126
73116030
80228406
42574748
09762741
10055005
44535414
07713261
61214603
09925583
06612430
43907051
08586851
07533813
15412258
06078124
48109169
76181854
71158044
72195659
42861475
06974030
16309276
41487468
10648594
09222624
75285773
47397192
40079497
15340803
44666845
07629848
73258174
09611600
73428154
60078685
16144363
18018704
40697662
47921344
74584166
60078669
44256771
61265705
07157501
44760940
16143521
10418387
10254670
79134588
76906310
08615286
77467734
10131090
70741259
20059269
60072228
41226373
41375977
61315525
06379562
07485530
09728355
31822745
75201297
72683837
72607119
73232417
60073523
16143217
45879559
74587163
08498409
70638068
15414084
46474903
70064258
44484906
48115498
77000084
77337085
08974145
43291505
70017479
73633340
73449235
41005385
15365801
15429801
60254489
76292410
45682360
06722902
45409670
07386195
16167800
45895049
09024564
70966088
70487118
44948653
09973559
74166399
16167502
43356267
46267718
09754349
09741348
40100619
70994844
09430791
06152976
07490127
70186388
74928596
15361313
71441152
43569279
06686526
76913250
73499452
16144080
61946530
06165652
70569814
45816264
42107637
71524030
72469400
09893557
09740680
70408897
43923790
16004076
74160609
73463796
22450403
15441454
16016566
42837404
15444104
44085508
73478787
80362619
40872622
08406894
70549730
15424482
08181210
15388844
09510372
72620933
44426540
73454831
77226678
76086458
70951805
60801140
70289126
72130860
40185229
75427446
16144812
40892446
15755091
71150834
76000298
10237457
41828261
70999281
72630675
72956261
07397048
10021590
77045225
15863196
43416898
74151625
41219511
77131211
76778171
60819098
46495889
46988882
72526426
15753265
73930170
73593602
70811374
41736867
72865067
60077956
60567933
06195703
47854642
42512685
74564992
15711792
00079131
15847000
47673091
48159871
09479029
10158471
46990173
77701967
09353526
46754566
47209480
60073779
72474282
42108866
15453444
70449929
74238706
45582368
74254619
73099302
72079726
75467794
73026342
41577953
16135514
08612840
70786532
77533828
75598303
75656014
09085197
15971128
15948172
40598474
74325830
70483004
70821834
40828898
72747947
72350866
45804480
43917759
09068110
45714459
70542657
40743722
74029011
41648812
06672594
32930980
15424120
48431704
40758574
73950801
60380598
15949716
08987222
09349706
40583961
45977146
47524453
10405159
45595884
15415780
10385725
10093857
10751128
41531596
15362672
31670596
72797747
71970537
43104067
15342314
08916983
60071286
75183244
41490721
15622354
80318659
10228610
09425126
72479181
47762768
72003609
15437434
07706060
76733357
75398962
72040996
16022617
46932308
74226840
41181223
44793064
40680375
15737654
46821837
76777213
15452211
71932148
46623113
71982877
42904298
46988348
40025775
78023264
10010693
77704105
42428098
71977481
74993462
40878871
10272377
15430208
48381373
76448870
73931477
60071412
47004971
62134994
40439376
60745312
76848512
43991634
73633017
62078795
46442364
07508313
07151745
72157152
42687700
46585637
48224738
70076719
10489766
72549853
77240743
76335827
15755653
15609187
70668388
19961727
42176568
10677339
77041110
72690351
73625314
07480114
09189660
45145340
42081463
15699910
47885808
15399594
74694991
72180600
07475453
74711791
15431336
72748240
09400012
26611587
46644623
10602983
48512052
45970410
72282073
75183243
77138300
10651117
15384733
15365271
46072560
77433698
44807499
77165796
75932393
74830471
79299967
45831378
15969087
77050716
70336328
15758906
41464126
77392405
43487160
40091985
47383682
16144106
43140653
71035767
15995636
41506158
75486380
43058553
73826457
75662073
71526565
73889933
07002453
15633331
09046102
44516185
09481273
09018901
42185441
76130584
09287909
42952851
74146281
76235150
09910704
45005477
46725126
73453929
62739013
07496415
07429368
71058233
09030446
43711280
15703936
10046010
10505531
61141202
47354037
25403994
08620683
73578901
76578834
10518135
09708747
48521168
43070047
42837889
76423809
40155545
73829876
70267012
40479982
75200889
42368387
76405497
73826430
44727890
41992641
46532045
70299834
15422737
74215191
09193793
47514465
73336308
72801795
44173868
70145997
75085943
72229312
76387486
41482635
15435252
77073959
42707528
21878506
44149711
43448202
45600889
07161628
06878505
16019386
41814429
15441232
08642305
70145186
76308263
74661014
25842735
60871458
15433770
16170786
41376768
75945907
41378757
73625398
74208326
73276640
71333433
10528409
76851928
74237184
76444374
47937491
40311058
74640062
73191290
23082433
76762777
72572710
47320333
76471683
74432923
15450894
73183540
41892732
07348435
47452940
41668556
70876530
77273867
19962379
16290545
77155332
46498105
41855259
07026854
09689202
10798883
07896906
72733174
48412390
15667891
60587723
22489242
40096301
73192562
07628713
46480619
76633001
44987606
08412214
42902344
61062542
10383729
46927620
75252928
09966409
74427983
74445702
10088304
44967596
06585771
09789984
70133132
08499122
40393434
71858109
77437113
47431179
75502838
60941778
46610782
75679191
70403219
20034311
72960241
76169724
72839974
08605113
09829196
42286093
76195982
15398342
41046815
07644996
72751809
16143584
73623048
09711651
08563349
80935010
43408523
08900691
77131943
60077968
21145009
72554807
42541682
07145644
76965840
43408904
41125932
48584670
75287667
74408954
43228595
43355555
80477905
46983538
08868482
76586010
62282559
45173192
73653417
16000854
73738046
46427447
71122348
40997853
15740796
41178860
44813836
76271298
06776876
76552391
72974676
43709378
15863409
09608649
42513230
09134700
41955091
77331537
48381894
16010007
77338190
40691440
71739800
60938480
71034721
73684313
72095810
70768724
70354965
60584682
77335972
60745302
48180347
40803048
73655403
09922222
07739889
76310201
41113716
47798989
75815330
20007967
08872442
15379933
10217056
77082209
16305662
73738014
08798951
80229560
74596001
41954459
47303198
71057601
73620335
09511174
07491653
16122648
44045651
60074070
74999834
72226177
71309739
41980197
72870804
73946005
43046664
73355262
25712941
43460446
79716384
62391009
73388209
73011551
16158119
48362312
77102898
15707424
07608376
48527469
76769213
16120340
42251337
09108966
44550906
16135859
47754071
47089705
40460568
40738598
09552268
08354230
41292252
15624295
60072471
73047498
73318913
72790602
09699653
15970963
15973534
74169955
15654329
71909234
60073070
73931639
76337793
10610162
40731707
75370900
70699211
70879040
47171504
60828170
76957753
44394801
63003884
72632466
15765590
16142150
44560163
15678286
77426517
44433292
75330153
09907767
41273339
16141653
08450367
78113325
47687949
77163021
40079589
47724305
42449590
08165516
41845260
60078779
73591371
46263367
46719609
16158100
72660775
41040802
40640070
15764554
16135936
45107630
46764257
07896994
08414541
61286233
75536355
47750184
45251767
60769049
63380899
08414455
76522098
76645476
81704234
43125039
15734470
71058450
45057357
72319814
15640784
70360854
16130324
74821451
08773826
47067590
76210855
70454886
79568817
07651800
76144754
73201732
44218803
76668061
77487024
46358472
73262017
72031494
16130238
43680895
15940322
06812935
47025676
16011121
72861386
76480894
71204860
06792013
08965019
45838913
07380857
15857241
76799696
10866768
42026099
72469267
09131873
40286259
47140762
16149881
40545671
75199356
09761127
72870571
09605794
73201685
40985640
42039033
10399794
74121436
75966218
47824288
73767130
72528085
76395920
08281720
73712647
47682298
73540667
43888153
72436031
40757341
75151902
48813645
73633148
45369752
43187519
43465799
45996672
15399833
09756262
40714340
75523520
15426751
45661455
42634485
22465172
75966318
44302996
71814249
77710874
15957795
08927502
78011371
42777517
75104689
73934117
41698923
43810039
61177093
60071153
15400839
15402352
44818318
45650472
08415387
74431254
43942197
73497138
15405663
77468250
74431149
47396473
42396344
42353244
75214567
15618554
49005359
47482029
10036936
42910496
73799523
40856851
61861433
70662671
08976496
47447258
60857594
15400152
77042432
16009815
10754050
15991038
15645814
40074808
15743892
76517388
15680670
76270979
10041549
74697525
45486482
73661381
75579819
32976485
76800013
76516432
16305790
15372080
45683862
72894735
09326659
72808677
40690436
44986956
40191141
77808529
06575842
70526136
43372989
76783717
60598853
19406580
41582819
08798529
72666004
60682086
06179937
43184921
44635928
71060571
07009368
46182680
61342110
74209051
72180131
71482876
47430047
42717027
09561922
61179581
61342134
72997385
45654623
48632811
42279309
40425185
70940299
43391628
40414768
74916238
10725748
09220646
42516460
45780577
10815596
40806993
77088646
41987881
09839051
48837567
71323736
77793800
04430875
10887326
10008020
07727735
19228665
29235065
06622414
70806860
41906596
09625222
72607853
09163997
06857036
10030531
72423141
06697576
07426513
06026618
75602933
73150862
70634038
15422497
77019975
09266558
47596692
73533372
07222137
70794325
10319717
43768024
43429114
70632193
08136390
08873948
73471425
40064319
10541863
40335073
70585899
09392252
09021277
72979662
21462198
71458181
75614590
10177406
15382302
71287307
08490943
77428242
43795368
48074726
44582906
06194772
73627246
71653490
05397329
70463444
61496577
09397652
08434582
08270435
10718946
41462390
74163192
42591725
75909856
47773633
43829540
06873624
70518377
44553929
15608536
79748038
06625277
73677095
41484410
10228803
07995695
48700375
07507486
72209581
76312416
06649240
09356386
46741747
09459025
71563605
07190880
46256762
45241038
08168825
09688477
07786826
74056362
74610531
08107076
10340623
71619053
08993229
76257270
08880430
60753767
08008301
42739834
72522892
71538275
40489065
07957061
41685779
07865373
09523373
74129537
70357053
07788253
48017252
40762317
71032465
60188108
09346966
32735264
72221983
08237795
10193113
43241589
15613089
09559826
47677222
70364730
61345265
60296962
40977122
73192172
75454631
46043855
70401192
75425002
09786232
42293477
06996803
06047566
71869138
71878189
47402211
45615233
06832590
46059811
75069299
07290533
10417299
15724615
08114069
16012650
07358898
76547143
73805390
06893646
10484906
10208859
46562036
07857194
09869308
20741245
78804608
08838774
46386614
70780018
08711525
72022330
10734957
92466846
80501249
07911907
08273464
09879649
70372550
72908257
07709501
07631111
75677623
06783323
42954321
74815368
06669762
70368843
03369163
47618689
61933307
77022299
07272200
41592930
07575582
10088007
41465530
10021742
43935647
76971368
76154248
10598214
76652813
07573888
07176614
07723103
72094986
76621532
07953205
07075989
24998744
41041657
78015655
43924141
43869578
76600745
07605303
08885163
70393070
41633945
07605672
09594992
09673540
09838358
15989320
09121291
09297317
23392256
47145850
20720039
73379185
77047099
45724479
45797891
74856969
41182142
10626227
42667705
47386414
72181848
02895067
09755800
15345059
10611569
71887516
15864785
70263202
70484462
44791644
70282965
09532173
73071013
15421014
76621105
76621104
09227871
06195656
06994408
07923230
09407683
74064832
74096137
79545269
45716213
10288288
76284292
42782273
70843935
25479877
09050027
09716700
74804510
42907879
45638099
08068417
08248138
40213348
40534077
07880115
47951684
60772545
16128037
08200529
25745646
70456500
09001390
10532769
73985642
42762083
06672464
07130532
43176171
60485887
10143640
74299310
07833300
09367216
10745512
46990497
75349814
75260517
43101110
07864250
71512885
45657438
72381454
73831572
09513902
09742191
74289131
71484957
71326593
46517377
15672022
09533421
09672589
07585634
70716175
47168095
09693211
77416172
47587763
75512598
70584071
72194416
07703180
07943859
10162751
44105715
49021383
74966102
43885676
46092351
75268891
72460673
76406015
09525962
73762707
42248170
40835670
08236618
09354960
42181967
10242763
70515059
42737025
76565511
47379719
07203097
80307607
08265808
70882654
06053465
41203222
07977534
40009159
06794898
72452024
42296876
09126638
40170941
71625018
70286189
75809390
07170075
47721088
90887694
09741894
03897619
76372458
06925630
72299639
06462208
76659782
06278875
08409211
46656759
07303361
46674262
42135642
09694661
76802409
42166543
10322575
07883648
07202276
08905677
72925407
72762120
09187007
75444263
10298188
74405070
07298215
45241416
72882784
06647369
71028892
07781782
75284805
06173813
42744794
15423358
10283109
70727065
42082497
74137580
06256908
07181309
15359775
40406936
76586795
70640931
10083923
48170222
76213018
76764439
07612591
74893288
72551200
41658091
06771114
74815105
46584437
73701613
75441629
71553213
42534499
42838767
10860084
08183534
75404149
70665606
44563870
08128307
75615091
72199830
72044697
40283799
07036409
08746073
43072221
44121392
09586799
74834997
07198736
09504978
16742589
70439494
07624332
74062821
74315073
71524044
15705138
07353429
45900738
75172524
76225932
46187451
71522847
10358636
09638982
77606203
07875753
09619693
07892071
44202201
09698368
43981373
09554226
63725960
41705611
40493283
74381832
75232406
08661853
09903877
75370016
41566088
08488868
75336752
45557790
46137479
09960606
09635904
74177510
76177430
46988508
75274244
09920073
75447151
80570092
10512189
77572481
44191524
40880757
72541369
07994044
08663693
10189383
42705751
10190390
08644387
72698703
72622457
48291182
70185727
72676872
09988968
08778170
22299067
76538370
06790366
75350997
77328601
10811639
46234498
06799138
47027549
44213473
74994787
61009416
06715710
74919051
07178118
40407703
74630179
42864337
18226603
43406923
40694112
74400370
06799817
72754514
10867941
09589977
06686941
40203103
40633743
06795422
74735097
45852268
72896685
09547778
06781385
77507020
40030946
41338898
70785587
16002495
74991099
75985749
09173380
41739071
18196009
15964466
76695675
71265327
06950102
70477669
15669423
10745774
06871645
74879918
74417721
08401757
43279938
15751876
80095262
70830070
74714444
08976621
40469600
15382676
73051811
75398194
15955371
27577671
73222068
40052678
60832485
07533374
07964883
42244651
44033799
72957679
60961752
15962448
46164526
07557301
08580616
75125924
43583393
40964575
75147624
42016577
70624633
76130829
73669862
21860728
76444187
25550945
75384025
15951086
09027573
09942792
06763679
71295548
80228471
20884088
06715826
07658628
05282844
75505285
20068770
80270408
73225667
07674260
41665059
43429216
43159106
15423245
74450902
16022091
74217277
42089470
75182886
45935584
70477695
76223903
10399203
06925411
09701231
73413701
74443963
10647445
80145250
76504742
08369360
08975311
70450484
45998368
46925189
76429821
71434171
74297557
75440883
46082095
10295808
09143855
16290651
46395771
44034671
40848382
77044875
43663343
48320043
72021556
44445141
44807562
70146622
40223941
72111771
09173471
40626941
44860204
15847885
09183043
71228378
71434506
15738736
15672890
07332056
76206887
18210895
15733925
77353278
48380781
73620018
10015116
42524304
43531569
10139093
75228394
72692105
70200766
73620422
70778557
07068464
74712391
46355097
72572917
76510375
76327478
08144515
07664646
42410925
16281569
06002085
70501927
77464014
40872461
71401230
15956533
06800841
07061012
15280276
75243185
70566374
41365002
43302954
10527108
72885476
60184450
72130312
43353516
08504334
08607187
75915438
76181366
73039113
09445686
72477418
78550098
70794362
41429186
73676532
10400439
74282857
09724512
70260577
27284898
74586960
09369182
90143283
71564081
74948835
76256277
76518671
77869832
07826871
76034932
43560758
71307791
60184600
40568867
72299344
72727540
10029526
76423149
08140355
07064544
72523291
61201315
40275872
45583140
72692079
10778060
19884408
45714909
44064073
06015947
10155452
16139919
73587425
41107675
63080601
46735756
44343184
43534681
07432855
10187471
09881401
71666999
09775838
47945216
47471818
41259820
71656642
10076521
46300206
74377661
44041460
10144733
43238163
15714264
16296267
76694704
77345848
75757262
42600430
73543432
77093277
41582369
70264203
76645869
44785716
06818447
72038959
07720146
76424531
60196943
74084228
09221816
15742020
71740670
15721515
74101797
75254970
77041101
74431834
40400732
73621741
42325653
47968497
09972735
74704706
09672407
70097867
48203694
79462806
40940662
15357019
70768848
71592680
09532211
42610762
73222154
41386416
15366446
74725311
09140783
33783956
08783146
75146986
75714805
06959586
70339425
71103114
06546740
10486386
80653349
80181933
75361723
42891880
71534782
41233980
76069061
70756638
70189057
15952630
29687501
06743534
72615375
70746852
08122797
62136391
10614244
60940417
79604243
77801002
06961584
44667953
09708789
08245269
71100121
72964237
48068446
09587314
42495607
72935373
07684220
71209803
15282853
44828291
60745858
41262253
45792133
80471148
73431037
42381957
71996868
60205359
74370004
72196825
73752961
42635948
73931182
06970671
46484525
15640549
09730045
09020929
75412649
08662394
72024294
75399278
20055735
76586307
75918364
75390675
61250565
15363822
72636920
76540972
40169018
46516137
75477547
74761317
72367444
08827930
32778633
21863673
42557240
09173557
20898674
72457938
75072412
41399705
74543932
40786726
16303314
71882156
75176474
40972759
45747811
43735291
07519371
15285961
15854034
46867402
42003449
40868217
70462904
08331985
71285408
70781227
74631165
07503905
43319437
40716412
72604442
15286070
10778568
70773597
16290074
07009422
31178895
62327741
46700318
76796685
47103296
73511753
43483954
07019303
60070478
72971183
70999729
70267764
08357926
16290599
40715222
75211215
73633023
74252099
41780456
75384043
42192326
44836042
41973931
15280092
25644863
09988489
44311268
76271187
80128558
45699093
40909563
72440736
73325421
74948890
09460020
45932513
08658807
41717542
42521897
09638462
73258402
07354403
73635984
45978717
15740846
10411261
08133978
42051915
73625222
76222891
76262815
43395446
46307412
43280679
42610862
74507090
40103689
08151517
45168508
78885284
73483879
47750290
15734205
48446338
70549711
42240431
43711953
70348517
07473708
73675688
45474914
42470507
71440034
73145072
77379804
10078461
40114419
06165620
45968350
76153176
74059708
72440901
40000185
41334327
47076666
72569381
15440059
07965994
45048739
40839107
62982203
72386359
47806571
46877536
47767152
08888712
45347568
60070477
09880726
72251479
45126281
73424670
40411108
07713784
10762318
42765480
73152291
09674679
32658315
72469243
70835155
74223692
73743499
61151433
43495541
41356335
42906628
76095510
72157229
09804457
40403386
78202438
46588176
46086597
42499348
41209069
40226642
41992673
43550568
08829429
71919917
15727925
09371512
76000041
77202450
70018245
45613566
47899781
09311947
73827102
09496698
74731811
43092476
42829418
07249154
75129356
61294412
09780095
70278560
44366628
76200874
10248864
41631934
07220264
70145352
09545635
75146989
46340299
46413994
46923897
42953650
47124797
73602444
06704729
22257846
09069367
46195991
43427823
48297753
76769284
72436526
07115541
70370999
10635643
72424055
73115191
60070621
10582715
80173969
43813545
61333905
10236791
78113875
09663858
77137609
70777036
77212294
41694011
46919348
60745289
75356246
73804288
41655690
44786332
47134962
07162348
15970277
09784320
46030138
70251572
15443262
77701969
43459775
72863627
10740446
60797516
10128050
16290051
77799878
15434242
43908953
15427016
15381341
09108989
15385517
45359314
72497980
15436154
08687300
73040251
74659360
42535657
25690075
15285350
75431609
08173123
48407820
15614457
09805010
09513694
45841624
43835031
75895955
09885037
41712601
16304075
48084358
70212260
70452784
70452787
06803746
73228671
10415745
70092143
77016067
70782091
44604386
06812526
10621393
40241568
43903055
73239924
73637687
77702064
10178704
15717640
48129783
09554195
75678632
73624924
07322576
15990320
10377908
46781058
70542611
75527173
09679456
76351063
48250141
70357687
41699761
72192535
42029716
45836397
70065770
60917865
47040404
61213631
48154214
16139671
70341367
45960735
74285945
71215637
47605156
76195352
74058070
15615523
41236052
09558598
08098398
48167960
44981099
43875607
41606930
15430542
75681826
08155463
72704909
16123738
09474443
74994784
70501512
74430136
09644840
73648455
44764863
15949225
70556431
40284051
42489182
15453467
15341477
73063557
74226844
09057489
72690301
61393599
77041773
72615150
73660949
77063619
71183044
40078379
08619478
09217014
41815556
73740919
47233463
06916032
09776559
25642063
72725420
42514559
42105771
70946574
72549111
40316721
70753288
70075405
60512103
08285418
74741335
10135466
21248838
08995584
77907976
73120511
43066076
41648033
46174388
07085999
45492798
15749546
76392676
74643358
15855169
73060130
71036371
10045155
76121366
76121365
15700012
47986268
09883004
10104907
47403862
15991387
41352556
74689103
72871945
10240353
73882729
15591701
42334662
46007248
40944185
74807838
74763242
72900853
71852518
09870003
41200394
06242215
10279227
40383281
72752688
15366250
73589248
73661645
07669226
15945060
07215766
76796485
15425183
73633170
73268716
74870679
09016826
75538368
62058343
40711232
46909366
15717959
08591346
06801613
10066075
15283131
09842915
15643929
40394720
40922383
45832454
10317757
40670637
16023144
77497371
75105511
42186008
40663750
43408502
46505925
03692704
73774358
06886276
78109611
06430785
46429116
73572596
71380893
09048328
47870123
41298832
45529347
60353570
76772396
45345304
75229010
20092342
71337379
60231802
75151613
47506489
70250023
42346213
74589496
75447005
46215902
74452373
43018267
41655599
44015532
74716015
74983566
75158485
42439251
47796097
10243308
70522504
46215146
62257435
76699181
71324984
72501183
43614175
06808708
71448886
07811798
47061836
70795117
15583251
16145025
48349735
71365154
45588692
22318835
43953044
70146728
47419022
43408888
60145651
73609858
15640897
44305883
09480333
44602853
45028974
40236313
72048494
46967690
40607291
76554319
48057754
41964212
16011135
09628846
71528930
75016347
76183762
06663832
09314220
40536647
41295943
42280328
41787021
42515070
10638429
75846760
44344302
16124534
48870037
09416217
40116281
71605904
74964546
73354802
61249454
43234305
75662078
15422267
41901240
72672139
73140290
06773665
08132413
76700901
41660974
61869364
75397180
40142589
41519858
40065557
15990394
41519993
44599736
08119363
08618807
22758716
60745657
41416077
09831587
08087017
70784508
47239754
73498059
41637716
42923533
71389522
73637881
15582468
43291208
09824498
74955032
22185410
74838494
76684771
79707168
70781271
08087666
44838337
45024165
46815614
45839949
45620698
09739308
40838015
15422318
77351212
47282439
48052908
73954617
70728347
16286584
74410771
15641095
08138193
10863246
40816750
00984878
07100246
78202571
07203928
08178460
08140917
08128378
44852843
74381571
75259087
40229476
09604214
25628370
48640742
15687714
70625245
75389300
44135711
42399661
73021551
44234532
41855242
76967287
09272178
40743697
09420964
09364620
77079599
09103297
06809598
70117048
08978535
43643651
76865022
74524184
31942914
08751013
40302991
72400532
15766260
06796604
06465156
09531659
44328428
15754714
90668333
70905863
42270047
72266463
16123723
43373173
70268037
43797136
42972530
70540030
06546464
40304890
75896982
16124990
42558625
42228874
76097591
80279850
46468355
25502134
80577006
10059726
72796790
62808011
75521522
06630136
40055418
10080688
09488873
07640099
75749761
77664765
10549619
10161853
40608331
06610614
06673902
07627751
41188186
40197365
07753593
09525937
78116131
42382509
22400493
47986108
75543587
07876133
74823074
72066006
76121746
73895237
72528173
72454477
73640367
16124097
71479345
60771460
70120305
76901647
43047901
43600168
16012313
60298658
74708583
72975572
73034582
15700427
76123026
72920542
43529608
73767786
42991813
76840654
40633688
72732967
75549694
45065210
42062935
09831941
45514545
76528966
48021385
74921042
43554049
15738667
75976433
70518111
73312238
10497890
46874775
70616773
73934089
40729291
72212080
46241538
74934806
73881997
74485836
75966324
44518249
80633742
09637995
15692654
46158344
16124174
73625088
10594270
74138220
15431003
71948354
43188421
47736457
73275597
77131226
15756830
45269433
08052198
41084870
44984511
74204435
08525412
60600013
74005915
70479023
74307708
08094435
44179132
45403393
40326914
21811795
09276514
77224859
10327519
74277366
06189815
72903286
25826789
46309669
40131469
44134778
70556424
72855418
09443863
41713949
72866605
72881041
10191930
10683902
08447107
40915785
72861388
74814440
45254988
42986435
46948288
40174400
72837850
73624925
73739859
74318646
40958019
70785745
41235239
41675046
06701775
09383325
10100283
76400622
41144540
46623896
09655026
07648816
09530592
06251850
07613223
79645979
06553361
41479354
43427650
07630741
40404540
74302682
09708262
73885100
07631994
70105192
22405600
08711993
73339901
09574685
07248883
43897947
29732324
07250460
77798449
43332215
47485988
44174914
10263544
10056060
06656728
20650509
40140271
71412057
71428008
71217133
06838125
70541322
43671412
70474179
70334872
07040540
10141857
76187903
25767672
45991939
73390407
07878562
10712764
08273712
47765301
47461670
47920552
06753038
60767686
02785154
10418443
41375446
40221838
10481926
76330658
20057962
42553304
07550524
41976546
61614194
08852684
73494133
46834689
74492935
72151451
10404209
77703677
25677778
40296141
48778986
10472852
06996936
40639300
41126701
71582669
07465062
45654749
43404528
44129244
03497192
07870294
73657762
43225992
15380511
45973971
42995780
47676434
10557381
40979536
74907332
08792073
77474772
07002597
74309807
43436946
47222516
43296095
74767824
47178993
77101181
60769433
44430588
40962039
74157049
76466731
74711215
10790738
40452120
72436743
60496009
07339716
73863956
06236441
27265870
10303506
07152787
45451105
76616758
75132286
09236906
09936362
72911417
08814545
75428624
40586137
09401945
74180529
73427969
70131663
08286488
71232123
40307951
17452758
41477965
10272499
74772368
60182752
76185483
44919965
42132212
07104258
04084758
10048171
40371844
62969090
74855078
45807351
72099096
71951199
76319689
72948064
09721051
61044581
42057498
46535856
41472894
72619834
07834726
40163811
74775289
09400982
75248465
10497527
09324043
07044058
06864386
73018335
07501025
09450434
72050553
25786921
10422300
08044674
70900942
70900940
08504818
72522120
07043452
08110926
09790929
09839083
44737423
08001903
76774636
44163216
72555045
41339983
09868194
10284017
73784644
74538177
10699823
75240001
72477845
08795528
75981344
09312363
46521820
07247459
08256711
75421723
47998165
07501519
40303782
06729352
16664424
43639907
40977763
75311570
07037916
29680003
73364623
48266140
43583220
76926836
76371905
41306507
40413781
72172562
73201988
76649794
77137836
41780298
06903101
79019360
72407535
75514532
45449970
45876278
09522774
09626479
75830296
09710993
42876282
77103559
46184128
09645672
43610816
45167174
73798951
09451008
10789764
07269661
73957987
10246770
73089757
09927597
78105688
61163368
10786072
10393951
46251475
44090732
40241377
70990246
72854547
78286087
46699043
02622370
10684278
74081353
42712456
74491989
07881448
60882441
10508237
70137823
44078080
72630598
73872290
70559033
44804220
76268908
09524584
70686357
75857440
10226177
04744752
72355536
41446711
70863092
10089070
07392605
41164095
41186539
10463333
74916223
25495763
76882554
43477246
10760466
10592278
77568782
73654201
76348545
09387498
41441328
60429623
70587389
70748831
07287830
72619852
08419544
76350049
70023586
74152748
23990661
43218596
72456969
76553198
61059006
10395409
62053342
73028797
75679384
40528852
72687005
09383201
76348761
09636232
43091390
70495168
43237835
73147026
08108118
07891618
77862810
77696219
76079193
80228183
47463371
08352818
07950367
72750176
40044758
41915699
07259336
62025426
74291555
06748616
46396931
74985933
41894964
74224435
81119331
71248226
48627262
80096919
48999512
40937120
07518530
46944024
06464711
70874505
08416702
06777746
43797193
73623913
70359930
09936785
77272142
72666869
09265809
10482458
40290628
40962082
72864494
46753485
72704817
10238933
44335834
75016323
62734985
10709414
40593670
43746744
75684243
70388795
08277568
41726077
07719159
10638290
09595356
08590751
74887118
10300067
76423803
41567240
40484483
60939847
73276460
44686167
60873614
75410019
72685900
41743005
10653642
44597851
10305457
07275406
75651585
09861539
43020228
09224185
07741103
10002450
77228015
72754043
08397999
75689449
46138828
08323842
47545139
09467668
20087816
06307036
78015420
70254319
74136510
09720147
09888099
71590817
07827187
74500779
70484291
76334176
08215873
08184876
06106380
08778400
06732910
09357286
42083250
42109269
41157708
06999158
06661826
25187996
05403783
07456157
74206932
61984075
25807251
41417118
74640902
10281973
09637187
06953531
70800742
20723186
70990586
45019096
08249365
43057649
45683160
10081107
41150291
73226540
07487165
08476209
10767026
09351020
71279273
08959079
40660122
08976481
10092964
10091720
70618416
09363229
09104423
76833812
16738655
10074955
76213003
10076389
43934105
75928642
09834548
74583396
08212684
09000703
08432202
10015129
76806527
42644368
19210771
42108182
43527575
61685409
61240697
71183144
05377319
10119332
41705633
76276840
74732901
70350258
07141142
75838911
44393524
09341798
09188374
09240444
15365355
15364788
43521167
71428832
08809168
73546600
09974994
23962557
73832179
77571423
48425645
77718070
77828905
07132127
09389101
72906584
40646072
47762823
70988989
09189317
06259374
42381580
74816714
44933785
42113423
09559665
73224814
41291273
45449614
72651515
60301659
08253328
75240214
44030246
07354896
15441648
40954508
72973414
10183019
44718732
72069580
10504421
08345870
45678155
07540069
47661285
60790614
06746477
10219745
45009894
09412054
45197420
76752952
73487303
71878977
09092469
40773309
09649607
02792044
07275304
43594554
75118355
09566915
08327552
07151591
41203895
79816099
77036496
09589066
20406199
77434142
73242066
40623658
72617219
47667183
73930306
44028558
08325032
08323204
74870965
61868590
04650059
09386731
77025919
42875892
10670892
74022829
45759596
09615359
10351245
70954451
10604224
77156279
61832420
43346325
71230253
72785768
72902172
09219521
70288001
07845838
61154567
43418774
48711116
05702100
74906084
71220198
09277418
77704007
05854322
05710114
05389497
44104262
41724199
71926343
62877607
48972459
76456855
05352339
60474805
72627663
44745359
72856062
72375766
60515471
05608201
05624585
05583803
60204908
00929615
43655983
46994128
05358195
62624251
46054257
05350050
72321820
43995589
40571527
05613034
63257055
74480827
05285390
80579752
80659475
05347982
05320605
05309694
46025053
05384945
45403113
61913685
46210007
70351031
60530716
72115314
46363166
80266885
73130121
61412411
05219114
05389434
74534013
42012814
44338163
70256840
48628935
76574525
46135649
72203214
77473705
63313601
48953096
61014667
75560208
05630519
62306955
80607442
48455093
76667201
77215963
71399784
05608457
47746485
71401509
05395860
05296495
46411714
05376201
72226297
42436685
62914609
05206806
71085114
62768309
05389256
80599901
43404441
00093303
44916799
43550898
45181493
63312469
05299477
48049221
80655646
46071243
60963615
44054394
05625721
05624315
72171613
72395865
46707052
74061469
45401046
75072604
44006140
05218873
72862705
61470783
76611940
42301583
80472402
05700092
05407378
71103762
48783207
05597004
47495975
72723692
72770826
74487701
05715064
62453585
43066933
05301642
70763555
08678621
05850732
76596905
05711156
70366243
76161813
71400087
42784635
45170842
74896373
74480755
76513236
76153433
45473524
48701964
74750565
46781117
40791155
43408393
72814873
61014717
80337304
44491930
44476705
05392417
72894902
05346819
63297517
05787903
61665847
61227688
46340659
05788031
63037768
73101572
44650041
75560167
05312548
48265390
45926573
05405958
61238040
63098169
80471578
43449225
05309856
47252368
44295734
70232277
74427492
76058515
74468693
80440461
44051473
63762538
05705253
05310209
62953922
48992913
40058605
81542927
05249301
48511813
74046684
05357281
43604062
05392629
47561552
05620892
72109332
75459001
60592414
60111966
43272529
62945211
63145754
76726055
63764324
62953991
05633264
62979851
05633558
62450173
05611554
05413360
80390676
74131511
44777830
63579055
49037995
72662783
60530685
41115104
72487568
45629916
46686709
05624268
77805980
48122698
05922267
44102304
80513434
48122699
45084015
74484298
47868150
46494620
62987248
75976952
71227231
44684771
41427957
77502339
05283841
07966621
01093633
05842729
61066793
08443553
47651449
05275100
05408280
43089178
05359630
76079838
72777661
71255686
62356650
40293203
70077997
42054552
72515795
05299582
43504324
61121519
80420978
70256865
42511573
05954984
40070195
60911265
05936924
05926409
73313127
05233460
70566180
47298788
80499304
05355989
60751648
05632697
63358481
05866759
71402241
43348942
44414701
05334334
61015029
60911380
05393359
40761678
41291489
44708790
72980270
71443970
61067100
70347109
44039536
05406208
62257158
80557096
40476460
42116017
61675061
43804286
60629182
80656083
05858229
45816096
72616026
05603175
49028462
63217792
45366017
45010811
05412512
72693747
48958147
42780317
05375007
05310825
41390970
77339242
70863591
76072490
45976527
71775863
47869232
76100585
48914366
48984597
42348216
42472575
05788088
05624551
05854740
49064810
60404049
48632686
43144170
78286975
48690823
78009129
05610960
42175556
05210489
73886571
74174265
41420282
44516492
74055981
72556487
71282487
05610649
48821041
05863558
05785310
42835799
45053700
48686591
49031989
60013585
60903790
05363884
05792306
76457386
72842047
05415953
43373860
05869238
40904480
01065589
70853883
60640803
43990836
48735777
43082150
48392549
78969419
05856929
61037502
45012237
77223558
05617574
80327158
62944918
60363553
05787737
46407814
05335460
63298830
43637294
80509177
48527730
75261435
72469867
77535572
48080084
73670647
17931147
73272138
10718611
60588255
05409813
05297315
05844753
71223472
05926373
70655501
47179479
05360310
63411835
47289485
76878177
74483696
62014040
62993707
47758581
60548468
05210955
77046142
45139502
76076705
45270012
48611342
44033254
42347268
05627394
62247199
48494344
48519799
74482448
05389914
47413819
74130660
72113738
78115226
46437451
70277355
62231772
63510822
44449793
77389182
48351684
45884226
46632253
43620535
63349794
76695484
73312485
05330200
73365747
72618562
05786161
72615939
42898794
77480354
71444911
75072628
62620679
72615972
63592897
61996971
47014323
45084026
45368962
75823300
61601877
41133995
42407166
71991321
48316104
44713864
73128806
05372855
05850323
61976992
76197148
80439247
05296469
74959088
05857905
47904311
72957204
05407411
80471075
41050528
05303295
47409728
70285130
73970671
71478226
43629006
78290590
43116498
42066119
71399845
05379978
47495940
41884797
77483542
44711772
40063400
70221532
74557967
72114920
72421798
05256020
70023734
40463739
42185517
76249982
44093776
72850586
78287068
40495692
05845309
42361053
76768708
61659887
74615625
44332190
48424294
77666825
71530350
47754369
05384981
45066971
80594540
70101300
71937549
76659926
73906090
05848091
70359801
43995675
41014823
62441119
72662739
48115721
76862404
75525627
70387854
71223448
60594425
77026696
62137729
45142724
05792902
76124681
42707364
63126158
63037230
05793101
60805482
74402965
62244093
80429743
72627406
63147248
61076526
05846030
48050562
76095030
43126475
63297471
42533937
71140788
62205730
75281220
05598578
46888965
63142651
61675511
80503839
45089359
60012702
46922766
46755367
42414512
44044353
77569193
73133762
42465047
61191737
45532387
46734936
63041602
43913379
61037225
46065226
05854839
47858368
72556468
40975879
43427309
00110745
80460284
80548214
33770080
70069367
62679615
75243562
05787399
43170727
81654562
62194503
72868402
80461011
61990475
73890081
62212342
70014686
48172571
42436699
05597521
74488591
71432466
41566415
44154288
45156131
05955835
62251505
61725911
46250117
44336795
05850560
73857250
40291811
47348782
60519608
44950967
72268967
72936443
42896999
70264656
61015058
42755191
47816321
05411766
70922029
61601145
77565333
72732574
62945363
71340023
43233853
05866705
75787720
05716053
42655025
73853931
73713096
43420413
44874781
70775581
42997755
43143029
48276694
71085977
74403708
80609340
45557573
60933888
62848270
42293984
76906971
73703109
05859297
44459815
60306699
47616337
05930244
72689988
70221512
76754023
46372261
05416780
41109034
40002171
71563672
45788710
80324844
46174594
43887826
72899387
72788397
76457369
70563476
61074810
72910851
80461995
40588655
46903299
42248270
05403863
05361993
43462978
47256845
46416649
77067434
05267870
72762075
73084087
45539193
06873908
40300890
41955383
05377399
48192113
05374816
46551808
08886677
00965278
43095692
72383268
76986882
45108128
41515374
77917211
78109281
43755197
04327451
40775533
00093279
80612152
30944150
46607890
44425188
45671810
40429041
44117723
44005117
73132247
43122639
60959753
41905543
63272716
46208502
76988231
07035149
00121803
41457448
63499089
72113992
61999432
48966131
70792617
77060926
40516754
60645774
63099267
71019354
45542629
44587118
44453381
42692850
61204305
70792606
43730342
80450560
60645279
42522085
01147902
72377678
48989225
77810945
81582084
74360978
45540916
46994445
43980523
77320675
42963958
47031670
45719794
77688731
72250783
22467095
79463373
41516296
72727737
47600894
77423589
73230633
05369074
70823062
76802539
40056092
05316392
05782627
46711606
05309692
40937157
70331831
73956554
44886584
40222937
81125006
42059806
61301965
77059137
05315265
44999325
72864757
77711047
61305006
05597059
72233746
05858528
44088966
47892799
48801065
62825664
42065256
70936968
77244125
42391651
61753181
48500607
72615979
05412781
77230944
05603309
05292572
05306796
05393391
01063963
05370535
05342360
61810155
05328657
05845874
05401953
63056073
61021242
62778336
76428061
48273615
05789810
27749638
48703515
48972932
41739597
05395483
71875035
62817010
05782691
05616359
40889889
74884019
45186418
05791952
75687557
44661065
40675314
05275188
40526234
43233857
45543656
62381797
48500632
44476628
49069325
05234482
22310443
72420253
62537108
80658041
60814391
45185986
41139703
75494224
05786775
72615567
77502583
44237806
73271170
74461409
80548638
80594518
45484906
05330812
73507390
60013240
05388930
73877273
70331809
05604963
77032174
42898276
46617848
63368692
60331587
76646187
43990799
71831391
72755191
05333689
80330724
05361725
60900197
40374513
44989576
60513048
05707644
45384628
77495844
44421328
45813763
60113055
05408745
43581745
70013153
41557489
46918200
62945288
05868462
05317989
05402030
49017664
05319816
46888520
72104900
45716649
62067872
05843748
71247306
45928804
76628605
60711107
71066354
63038447
48143244
70368510
44108328
45143260
42161497
72616839
05365811
60654910
41098562
05842097
41889768
43350982
72610618
77486030
46076745
76143811
72261684
78549408
72300612
05926332
71926447
05376749
62440636
43347819
42975227
48942200
44399774
05382808
70936861
60718637
43597977
76301473
44708684
44467922
60112503
05712109
46627294
05789899
05404974
45419670
05310226
72777868
05379575
61948706
61948718
61150603
71105775
45906297
75897983
49072257
75273665
75963978
77239289
63242504
40110070
70351143
05389164
05397814
62076016
43834004
05257290
77436750
62016525
81024243
40510655
05850135
71616348
40487477
73978780
61228439
63056346
70870726
44833550
48656456
45853990
63173958
45370161
80592889
44887910
73890105
77101511
76854019
72556881
05392202
00109402
05782111
05347779
45306604
70130178
77569434
45193846
77053427
72770750
63011270
42488855
72409344
01161937
46416661
80655696
05794102
42092952
61445319
61150368
73233587
05787146
48267442
05307041
05955846
70353351
44824412
76328628
43348952
41829171
05251141
05793618
05922182
60615495
46670182
05851154
72961680
76663334
63320396
63096744
63160632
43727806
42362319
42384437
72116860
44699062
61990505
16626980
80595827
45425737
76013922
62945362
78114697
77424042
47076356
44390205
45280037
73750214
74040461
60777872
05864657
76027690
49050433
45450015
60480822
76878269
70486976
71960801
62184471
05849755
05347320
70116936
73882428
77659262
48920073
45665701
71449041
71449033
42687741
05714714
73220404
42162585
05850653
05257549
60111850
05700464
42928871
48859943
05357364
48489093
43555734
05299688
41566104
80422827
77339722
72655507
72681706
05301206
73867020
72633268
62342967
05624654
63071097
05594206
05584874
70366106
63101611
05583817
45903475
06666184
70856155
45174469
73747756
05208199
05410935
60964407
76520184
41426744
47342465
74747317
63249308
43536240
60963515
76302857
46689052
05923375
05854114
71926344
47838571
48834412
43321687
05865313
45408524
72777871
80498140
63421306
05355418
70762733
41908665
05854148
45260252
40431743
40868724
48036005
05610242
05301650
77809372
63145645
74594574
44480960
76845818
72432533
60645886
43989832
41861294
74689811
61101493
45180830
73684931
44511843
42632823
74685009
05405837
43681080
70851669
81597663
62453048
63217824
76251945
62240807
71452616
43357128
71214587
41860393
47688730
62197830
46037034
76044149
45232897
44625844
76146345
43833942
44774450
76865962
01150525
44003588
05581072
74569758
60838848
71194403
70936937
46698516
44154254
75867527
76672227
63273023
73907700
80534953
73963237
05843492
45866687
05795218
72300602
74752319
43995509
74608469
61073754
70677244
73905569
46483292
45121320
60713713
46632215
73969398
76145870
43625382
70078719
78005884
62988397
48371480
45151697
60560583
74614934
46698499
63328594
47686948
73135682
42963545
80276367
05860093
46159736
40610950
05414717
62790961
76221176
47142216
45252991
76331203
05328151
62417634
72167790
40597189
44461168
05789534
71139235
61953899
46009670
60398721
72623215
70444482
46292330
72619278
44714967
47048538
72420201
75206510
45183853
44100603
73349872
44211000
47744230
62154847
42038320
05703489
48836464
71137077
72082428
05342782
40549063
72619311
45598171
76646196
80390298
80493589
77428858
05313511
72853472
41905546
73094496
73874761
41182979
41809775
41619814
45480951
63782903
75582128
72154953
61169674
73801222
72361099
72204971
42808075
47673996
70617255
40759871
43643939
46433074
80548664
73108789
05346286
05384153
70055622
70013817
00129331
47038046
42994476
76876586
47605589
05868980
05353484
60014174
45462749
72631816
41247125
71275776
60709787
70977782
77327230
41966609
76683579
48332926
40773462
46369857
73362653
72864595
46358261
45235782
75705815
05393474
76424159
44289661
76212570
63809555
44173074
77479311
10101567
05591640
05954717
44698541
62403029
05361432
71433768
63764346
05406616
80655375
76466684
76237517
61034791
43035139
43995643
00118275
05868384
71112361
46543576
45596787
70365181
42605575
40605933
05309341
05862416
44765651
71241739
47131357
72198892
48848550
73881263
46180456
74094413
74094444
05865581
45977549
62944924
73889118
05866206
61238657
80431800
46726661
45144920
71416956
78626532
61382136
05303828
43142612
70444878
70833258
42375366
72356655
72311686
49031991
77329098
70792526
75531784
48306966
72675698
74413534
48644366
44194281
61349631
47526157
46434929
77819071
60113956
73101922
05845990
74407088
63415005
05230736
42021327
70221524
71082068
74074995
72737401
43999252
71212391
42494049
76316853
43911976
05325173
71339998
80462044
45040999
48801127
46862385
70463782
80398331
80505351
05937802
41660121
61948690
61828712
45975575
72546424
40057391
47147134
48217573
44528883
42293544
05857890
72616150
72616063
05715348
41782828
46500563
61425509
05858303
44893236
62993769
76663628
76766930
05865554
63330831
05262769
61574130
44988415
44126380
42329394
46099118
05788580
44907151
62553714
45185884
46097857
41010869
71118354
40710755
43550690
05627811
77321318
70276354
40916199
76375480
73218491
71106922
80454003
46801488
72611255
44411385
05309336
78108716
60523332
47397571
60243425
70058746
44244109
41315172
05856645
70844021
60481595
73881107
19329674
40464599
71803987
05403212
42851241
05961416
73308000
40374496
42555271
05294462
41757313
42064828
62191021
46078131
05229216
05382975
40795327
76280961
46762226
43988325
45767652
61113776
45802955
74562765
05625989
76205465
45396879
46233994
70424856
60640944
47838578
60292181
43507103
40347585
74435376
00968794
72856028
47681509
81633981
46965015
60112465
05600695
45920217
73905562
62181694
63185758
05620592
05858739
72117822
05609380
70677257
61540011
63185054
62815186
01126012
45206872
61014923
73957112
44917340
77507327
78205417
62914506
43756139
48932928
77670015
45142823
74483446
45164356
05320893
47645908
72136711
46281689
61121280
71222206
74576562
75671467
80658586
60821296
05326093
05370446
73022406
76784187
05849443
71112357
70079001
42036929
74614981
76335103
46689048
48259013
77689553
77692810
74689855
81712684
48684698
47484265
60719979
70077993
77682325
75583962
41236360
72498541
46027118
45406970
48736867
71094042
05865634
80655971
60012664
45090437
46620808
41209949
46547395
70078166
43735693
05849663
05714550
80393070
48849380
70666843
46348315
71616368
00790314
05377010
80482624
72542536
05860947
63041519
41037888
73539612
44033020
47061664
40035645
05631882
80611785
63303545
05597504
05709793
73987040
71279052
75702864
71649406
09432296
75318467
70024864
78632404
47314731
43970097
45396772
05416082
74029341
46473510
77362370
05209368
62707625
70930744
75819775
05789362
43404446
46940885
43408045
46383897
62234776
76904739
74482195
73953499
77177631
80429781
74685628
41859207
81370008
71140170
05208401
74656692
81577984
76659905
05361588
63423456
80486883
62621374
46620834
63177870
41646648
05368353
48978022
05337574
45703702
60617785
61725793
74480388
46110221
77647358
70930728
05327530
48994431
75206256
47189396
62170246
76062114
05608631
80531563
61539988
74161971
44724304
63069597
62356474
63272678
44423534
48974654
76424162
42133423
05333386
47536683
70433124
71143203
62356467
60473067
72853471
46735232
60883319
81310710
40413824
71399920
05363090
74484627
76084647
42687226
44511848
46463950
05625988
45175367
45139499
40529850
60029688
41081768
80352143
73886561
77751383
74044931
05307959
76853921
74685723
48832149
44323289
46319585
77175993
80655921
76001479
44571431
76353346
40686441
77530365
71564501
72117724
47955018
43930235
73075316
42484796
42413047
05789659
05201584
48829732
75136659
48030619
48190584
47031655
05845169
72416577
62381223
71452618
05788691
72641021
46406923
74937683
74715848
63341355
44817888
05411388
47651966
60820446
47085515
70581751
70880801
73472842
75585840
77465725
73961724
62378319
44713847
62145180
63038314
80322863
74055993
80393917
05323657
01075509
70787543
76796191
61552823
70245799
43906065
45145710
47831329
71920019
42095414
44352067
71223458
46111053
73949877
70878632
40201986
45879894
45324331
40333792
62309854
72449054
07240300
80394370
80330725
44342150
63418309
61600904
44332145
45236803
44442762
05851930
60647633
73866894
05385875
82033483
72160037
05298689
45988249
61601214
76554877
45780304
70160517
73227986
46470164
62060977
70844044
77032271
43911923
47208841
63214902
71140794
72324989
72109848
72109847
40478427
41450371
43232374
75181912
05276769
73763734
44442398
05348480
62790894
76786837
70264660
45192148
47479787
77297130
70445984
05716285
40958012
62014104
77095641
47385533
05328824
05332406
76659394
47143310
73890964
05849883
62067884
44034828
48863311
71118263
62440575
75136278
05606827
46826904
46826905
05296614
71106927
05399412
43970099
05853559
42797265
05700144
05788585
40344980
47594696
73071422
71021788
40417082
76975083
47145245
71610898
40378729
72912148
73862371
43478616
74685581
70975139
05789777
60954596
73768755
43201085
05336672
61037513
44173055
71120277
70256846
62519453
42880914
05249993
76322838
63348508
48033872
42486072
44237817
42423588
70290563
43644514
60654903
70817155
40199098
70430855
48907989
44700597
61602396
75741261
46255813
71433756
44252680
05780551
70680858
72712887
05350249
05616754
77537156
60530689
70975037
63058457
48811685
75312415
45139510
05597702
05597327
72110308
74605352
46502525
71142795
46750065
43463710
45396916
05412861
48442206
47967090
61851134
46392809
76505835
81324387
48190910
80304023
42834435
77022520
70779550
73803860
60667909
72681261
05397955
76906859
46303393
40367727
40417838
73906111
05846371
76770869
45167848
63206148
47678478
76656443
05955716
05207459
45371357
74498155
48947943
05299877
61578941
80417124
60112216
71128427
48902914
44165926
05356610
60633458
73188704
05600150
01127710
73867633
62405761
70185867
45569534
43325266
75791533
76072527
45181387
63122705
48892193
05362830
72616826
74094474
43085479
41215207
62212430
05706545
46701358
45807982
45052964
76667098
80393670
60577086
49059407
61408909
72171194
44500355
80695934
05633515
43474385
42584193
43191087
63377017
47869350
05416918
71443981
80587279
72250351
41056280
46096869
44012608
46288414
72322090
05296297
60460664
44324708
60364405
61169586
44339375
60633646
05392923
47471995
73513917
45099939
44356559
45144849
61191745
46036374
05400772
48722377
62225098
05793711
41644870
47498004
48377421
61913882
05581510
73969400
43633612
44058566
05844718
42147239
05306700
44070495
70235524
80407732
63765334
62913575
80397377
73988878
70461023
73784859
60013189
60679047
44614501
43995615
47300204
63214936
45179680
75072602
46895084
74387687
45016838
44823108
74661640
48055141
05613696
05344307
05200720
76685822
74080924
42387093
71690494
62084629
74707053
77806789
40173623
44616549
61734397
74253907
48627999
74537116
44072252
62933730
05845187
76636320
05368234
75158957
72775038
75273534
77324842
60012673
73666690
77389312
40829107
76239821
60466775
43411706
48209860
76947085
05857800
45127925
60306734
80397244
63214967
62402282
47969353
17426890
74572665
76066802
76797762
61734826
05926395
05257375
63100598
63176467
45703700
70844083
76797862
44039435
77682125
46063578
47703252
62561069
47698451
62945026
60666511
47107206
60410357
00034071
47046636
42261417
60569184
61588422
44421128
05383102
45370093
46113674
47227002
46500560
70820857
62759912
05615782
44712828
05624733
77389220
77058562
48474343
70257395
62979916
80534306
42592178
05711038
47473932
77021368
42490699
78008733
43541841
40893880
05329678
71343055
74529242
45182663
05327350
43592581
74036324
47617210
05956942
80401525
76823486
05354253
80599896
70791288
45770078
71837794
47241658
45139500
61182014
80522502
22299435
74822212
05400344
46120369
46500575
74403723
62913809
74626027
49065588
63173038
63592438
46496899
60014052
48577361
43176988
80393499
44016595
75111609
05860487
70652846
45190563
47120119
76221397
80471931
61339197
48429795
72432538
70264583
74685594
05243231
05362749
42915182
71112147
40080559
05414560
48198609
71925140
05937161
05925696
74474613
44449940
05925320
46425384
72620568
48848677
60459754
75110599
05295842
05625963
05715296
63074003
76160186
05305924
62925264
62954636
42015277
45805247
00105436
44712988
62076020
73540679
77323515
72268980
46288517
48898752
05341544
63163829
78373646
77321166
47192225
76662215
05280586
05386780
05333952
00948664
43329230
05356102
73063339
73943858
73943861
44703235
62121135
76473099
72925915
46198531
05926084
74582902
80463941
74202136
05616450
42211083
62786514
75559736
45026286
71840547
70080901
60923913
05611589
44014690
40052058
72864585
60451158
63575795
48760851
05855214
61970105
75591414
05714295
41383851
44187621
05250768
05794144
80132950
42486139
63058199
19252669
05382423
76137114
80464521
43970498
75167325
42448212
73644450
05296612
05360421
70355077
46781112
76550092
43010605
71236466
43107587
72102095
45773073
05411324
48518090
22421294
05385521
40010962
45073643
73072146
46432042
05393654
61066386
75370504
63192890
48647960
44698697
73790575
46730798
60470165
72136717
41468165
41090471
05852854
05869788
47493917
05246026
72215821
48594453
47247670
77531158
70762783
70446001
61716207
44339332
63337864
05380830
45499590
76455959
05614294
62889506
05926349
01052090
77273558
72862636
71255553
72113524
80894256
05322692
74419807
05857625
45561925
05417898
45577205
60014010
76764163
40574845
72109896
05296749
05957346
80687033
61533803
05394530
05840598
47335073
43965110
41069799
47449585
43852687
44039393
74385226
48510062
77905821
46575506
71042709
46894436
77274695
05930514
05385361
45181376
73785943
41930544
48457725
05384694
72177204
44831857
61241527
05790242
72686482
73112570
45274039
63168351
42378274
42225000
41652113
46190701
60714731
41550163
70467375
48846380
74685777
46582214
76185036
62894257
60410406
41546786
05375208
60580108
05413023
05334905
45188464
62768234
05958094
05363873
73929586
70934632
71433838
45360872
44887596
45366035
41809982
80576487
61552908
48354298
45297942
63256287
62137742
74478106
44028875
72137328
76375023
05307043
72631690
45184567
62440606
45142764
72862764
46526055
48798575
63100361
05306830
44805648
45777783
80471063
47791938
60364440
62212491
45365015
43461809
48971185
75585463
49091790
80658454
45906889
42772060
60590113
05715300
44701677
44435295
05866858
45065539
70760476
73686786
45554208
45390430
45635876
05921828
05350384
05405387
47542291
05307366
48393717
05202947
05869847
48472997
80463944
41958379
42806944
76908821
48484111
44245682
76186334
76525968
76038468
74055988
76059043
61970188
71213411
48935367
45839375
44708708
05376614
45045992
76062060
05307050
46632581
27997432
05414476
72375754
44829878
48888895
00112252
70071104
05600560
76635769
80522486
05600746
05620399
81077428
05310222
45415711
76335109
43609080
62356717
71570644
76789651
80657311
74478586
42381268
76603475
79140450
78462432
70762936
73240327
73137635
44833552
76019394
27851393
61125705
46758705
40798913
75658089
40734412
63032325
72873095
77206215
80967576
43732498
72160078
05414548
05366368
62519572
46128847
77461353
40971355
42490846
16687492
48872756
62679566
48301642
05337481
05339580
41072315
60629121
76769240
62923474
70830731
74486820
41312717
61266919
45618992
47532830
73148013
05392419
74685892
60473059
75650508
42495650
05620028
44033322
42398989
05382686
46500675
41906468
62778910
72293495
60014007
77536886
05359170
43008917
76618285
49045124
05357424
48162287
62760253
05372276
61999203
72862776
05409804
48032227
40814408
05861830
61241517
46225388
72689983
48751908
44838478
60271657
75341897
40601486
74484880
60481574
05402866
80418014
71735837
73142126
62515431
44442448
47565093
70170503
05353008
72453028
05359285
47449948
43026914
80680937
45580470
62614113
05337467
45386241
70371606
42571305
43140914
74044978
44702795
46089067
05587309
61277448
74445123
40412741
43878216
70099316
62945191
41539804
73882456
46293325
61154592
43604797
61736376
72843117
71433746
42938287
74279869
44648445
70264661
75937407
72144557
05598798
71328283
45378037
80536922
43780251
72125020
75043942
46249410
05260604
44470085
81159044
63512602
40831077
76809588
40860744
47365098
70256465
77273539
77242677
05335047
05360098
46632229
76661617
45151728
62197788
73877286
62110021
48489524
09728245
78204948
45041925
48874085
70789868
77217360
46326843
05384829
46584850
70509672
70814013
05357504
48629244
60460734
76555462
45964581
45370114
40731366
48549525
76158690
70619559
73387682
61073727
05356011
48968611
80372868
80559466
70670260
05404319
40347563
60661352
05327219
74459871
05305117
05861462
48462381
76055174
80893354
72640377
63310179
72966676
76080838
70226674
63593089
70618135
62957112
49035925
61097474
46698482
45193838
47307723
62421820
62513793
05342678
70166166
05792705
63308280
42559649
73964338
62947606
74526921
45099955
63142944
43811022
43761515
48347160
44349423
62919336
05851641
80594702
62453451
46947928
81080098
73677202
47413936
63684734
40679382
78635091
05408880
77321977
74383992
48605448
45190575
80393605
60311744
63720757
71399815
80275760
60570957
76991185
44823690
61470835
05608650
76781867
45173656
77924081
05614520
05373433
78716197
72784207
46260637
60805368
46274410
60591099
44634019
76088614
60410034
05857937
44547242
05788002
60720080
05856947
43926382
63092887
76138904
44419070
44026583
77567849
40680560
46776565
62913775
47620584
05415717
05859030
72701739
02035953
41075168
76507498
10286138
73794420
48837168
31044164
44361093
23901881
71385220
71350240
48719238
61785900
42853771
04960768
45318881
41380349
44637686
80248263
47318140
76074638
78203223
63318017
42848479
45706868
71055449
70775599
76156552
71777848
42466077
40984756
40166399
04809007
05070693
40859544
77278083
78919535
04807184
42443673
45965389
40997344
76477794
74427877
60529504
77532649
04823929
04828268
43817323
47258034
60804431
60559732
72695122
60680288
04824105
44658823
40220981
72324270
41570011
20679004
71135702
43344691
42280115
41673547
73635539
71209516
45597105
70035290
48215268
04824508
44334753
04963940
77439252
23997341
77179785
40929240
46451363
77202638
62020629
71199982
48333284
43933304
76822470
40632364
48239911
48659359
28309554
76682021
77700762
04828925
74136051
76872247
45905485
44364583
43534786
41917480
09565031
10169188
40209664
44501756
77202883
41963306
77819273
46102993
78198674
25183377
44001573
47577572
77816572
02438231
04827409
04822982
78013987
73053235
73907049
44648708
44552595
73753132
04823490
44387427
04806395
63332397
16806439
17450236
78018136
71584701
62609982
71205916
81059611
80449074
40302450
72795546
21553311
45483974
46078368
44434349
80566048
44410568
44108639
73577567
04961056
23949248
43761411
62531500
76238846
76039928
44018645
24995663
74501755
41596709
22486789
63051462
43502897
41029875
47579946
41596139
75485067
63332989
71205986
71199926
04963830
42746964
71993806
47777275
43267615
40044911
48143688
76639720
49016543
72637859
04810430
42488439
40352396
04827465
76128678
04827902
04812869
44144840
72117684
73416879
40274063
44860405
45111351
77084030
80156074
43484514
63326162
73747984
60119603
43403798
73747974
42827440
46789215
76562077
80013952
23935972
71206626
71207745
41138409
47229588
29325355
09625138
74301015
47189720
62789886
21287760
77465754
73995925
23930842
41022534
77331123
48849567
80314607
71221169
44959362
46302112
20904086
23924537
00155593
72107059
29418132
71960876
42396479
48264901
05062855
41083681
60287665
74410423
73753186
73753137
44750999
71210872
42776623
48751474
71202095
45007490
77468029
46801505
63113465
45248625
40354009
44004274
06596169
40118808
05070734
10604591
44454170
43240186
45272379
43415079
73185505
48840969
76167338
74919212
76877268
73748080
77216962
05060326
46723758
76821865
77202971
76845977
77202975
42021715
23987232
46845424
77202967
77201913
40366000
42237443
42000556
05063563
71515200
05064397
73653467
43527789
40093526
04824807
78204599
80015806
04823657
70740719
45149052
76515826
76682888
46133600
76759443
73198508
04819629
04964150
04800766
04806844
48867057
40850210
72158350
77679991
76728897
44647030
74166282
09529484
46108662
62057750
74961447
73758586
61304444
45318802
00092879
45370171
43476649
29480024
79185671
75797358
63431755
43673131
04827016
80516955
05070199
10226362
72308555
48960500
60622090
77699844
42092596
75951148
60486738
77142936
24006581
76877277
71831488
40072368
42501406
74037651
25140719
43579645
48493891
04824993
47977568
72970001
72536639
72635637
46700812
74027871
23841132
74365602
60242001
75415880
08682924
46405380
04815458
77142206
77816412
77496110
77480077
77464845
70412396
45946134
73625267
71196739
04800025
42579139
77465727
44255689
40126126
24486304
60369903
77703453
05060831
42840371
75342717
41971652
80615284
44663778
29648784
72390448
43732435
29625123
04822236
45916655
44131663
73234812
04804741
73099199
28848745
77909959
77666430
42599728
70925280
04802422
04802036
04804759
04818705
76048834
40395430
46051936
04800096
04801796
43118382
04817041
46160813
63524054
80248651
24495506
76541134
71201001
46398672
74661804
42943990
09998899
74854317
76536409
09822375
45616652
80159967
60680264
74930668
31034310
46242294
04825812
74944871
73825684
77201616
73653025
47302641
48872768
41437441
60831142
73457867
60021671
46219479
04828576
04818601
72990532
43241912
05070632
75797189
73651810
23990749
25322565
76631979
40432684
75755782
47916075
47805383
40486320
76631847
74079658
62152498
10805621
23999568
76172880
29627518
73178746
43547245
80659912
72165163
77076977
45118699
76268197
80243765
23926108
45794109
44792823
05060218
80477733
28694499
80103713
01701322
46134235
42983330
05060940
04819452
77710731
76257777
73620223
79382237
03668247
47367878
73999378
48625226
47787028
44849594
43440562
73652573
45211846
73119896
72837155
80476750
43499181
74470630
47425805
72114549
47580044
71218051
04816506
74946157
75630291
29653768
04434001
44986737
73793016
40434650
76410754
04640946
62231266
04723678
74144388
29694190
71219561
44860110
70582923
74163265
73138698
76163457
01704969
44216645
45835001
76807244
45064221
71759034
74985098
75522362
71868836
40572121
29624626
74219638
45438995
73301361
04645016
01338382
42649149
77042765
40819224
29351911
29591072
41518971
75959878
04435716
41828537
40027200
60063353
80660079
04728416
72312380
04725719
44892834
60064060
75195718
80265591
48551336
42347055
73424843
04435977
73884150
48275764
04641174
29418714
75108370
43190625
45323268
72455494
09473210
77270806
04723303
04724943
04734169
04723741
71266848
73856650
74211319
73675559
74589402
04728418
71764974
45658506
40359072
42850452
48159614
04623012
46015474
29438997
04433204
61711477
40965875
03858324
71759052
80197507
04407449
45991322
75927895
71978402
71333870
04639628
29344395
43448014
43691566
72659112
71332600
04417642
04744439
46105261
76143725
29549978
72309549
29689381
42478057
73891668
42785518
48392221
46646979
76973171
43025281
47130833
76971730
61169915
76967131
04435951
01889038
72269068
04422998
71217738
04435824
45309918
29214055
45588784
41369735
60063403
43541126
40740231
29426039
70615488
47014331
43708866
43966576
04731465
74952681
29583077
29624940
01298400
70132822
45748003
26678017
71139684
71976063
72014198
40590713
76594354
47370488
77503790
04435921
61233840
04645810
42511266
48362749
75690941
04415748
72628995
72958292
76914905
73440884
04419426
80367064
75484211
73524556
41637574
04731427
04429753
04433050
43195280
29465327
29713397
46263055
42646929
40820936
04434964
70462621
46655693
73233687
04646819
04721831
04427022
04437156
04643943
72259686
70228025
73891667
60064001
40635420
29582435
73351724
71499187
71759081
74444470
04722770
75931908
42613080
43228815
70184089
47249595
48159611
40960251
70910231
70618114
74311342
04720999
40988176
61174022
46134243
04732421
04732564
04417349
75988627
41801841
43160050
04744586
42052447
70869470
04632906
71886598
04421606
71241748
72203245
04426304
42260484
70074833
40982141
77173024
47637864
04432893
77797479
29674313
76597918
29417802
72290138
40727730
04423081
72501122
29456880
04629080
72554028
76734889
80507381
72235785
74599824
74020304
41924160
47658284
04633171
42722150
70771057
40349308
73104570
71764999
60236960
04429930
04416370
77676662
80265578
04434406
04438525
04431822
40207735
75857497
76130486
72580434
72580433
43362808
76594495
04439718
04630137
77027476
29567098
80583706
75230601
04628762
42902611
41260918
00799689
77711289
04749313
45065768
01324912
42881606
71331644
29567876
29344518
72259664
76432652
29314178
71233332
76924817
29728920
04411956
70325681
71658158
42729110
04431307
71221854
04400148
04433137
04429378
41435065
46375858
46034791
76701234
04434316
70604011
60175447
72888433
70176784
71464933
04419821
04636339
43807975
30486145
72436121
60735783
60735784
75723025
09318955
72312153
09292900
46857500
46618237
71061594
71523625
45057621
74207489
42508232
44924321
00511548
73964576
46935716
46506102
42444475
77027884
60904227
41517159
42131657
72114570
29252080
71429937
72489516
04419897
40883226
75005542
04436195
04749004
70168256
60068898
04430927
01869237
04439034
72383637
71373424
04429492
48098939
04620892
41600302
04742578
73059928
29725023
75944345
75203142
04624152
41125476
72888454
04726204
29482839
30850562
29568095
29630461
72235797
71483280
29401311
04723232
29463035
71755261
70989504
48052833
74094870
71330407
42678983
04639013
29587968
61542895
29416893
04632629
04749888
72290129
43288441
47212129
71842857
71842858
04429638
76799714
73118265
01275567
04640098
04748315
47117894
74651021
07449935
76964850
09619827
61083771
04649918
04629488
45628479
40752173
77137598
04434962
76918710
46016877
73648813
80010570
04436438
45377760
73605669
76968584
72356310
73114280
46535352
45873130
78291488
47077192
43436982
04742413
04632615
77162612
45119805
01322888
47702244
40734193
29661829
70972077
45003876
73651414
71752481
45802636
04645515
29364293
71847775
45221450
29651011
45285530
29547324
04400456
04722655
75918436
44971774
72320923
77703665
73669194
41492740
78464230
44527362
73583662
61796363
04727451
46547914
77069592
40078137
77021996
74589417
45313647
42091230
04644317
77669361
29688350
74473847
29621986
70412937
45602512
77471569
75423774
46182821
73670083
73524554
29542765
29552264
41777508
70106432
41603879
30960465
76723228
73229270
60063062
04627336
73079225
04422798
44660912
40856501
04439688
74504224
70097016
04723659
04725804
72554010
29413754
74208753
75141917
73488558
43458872
72507115
42175567
76802748
75337431
29718008
29665235
04744411
72928756
46167491
72892540
29573136
70840872
72893695
72489480
74437215
04724205
04743540
60063966
04743621
40396937
04733225
72309508
04742614
04728093
48630944
04440082
76907907
80577215
04642702
04642799
04637978
73011654
44205446
45966710
04401882
80200879
71833003
04722838
77236020
04731237
80159869
47146878
20523763
42191446
70680674
75617485
75725795
77057757
77801108
47758847
72312120
76760607
04424286
26707797
40304294
76651725
04433977
04435917
04621576
40091690
76813066
76650567
29591712
72323830
44975032
04653158
04650667
04429948
70972061
42355046
60063300
47085545
47138169
04727531
04727312
74280171
78116687
04745231
71019389
04430347
73275186
47659960
04427761
77794755
45012734
47013702
04645585
04641352
71061570
04653357
10305820
29577503
07361791
80184701
42384165
29369362
01300173
74243125
40840295
04727493
48719802
42197274
43432447
04628102
62515578
73885535
73859845
75430024
04623646
04733539
71029847
44290992
41568383
77486285
73114285
77320494
04419999
40611950
47397831
60064083
71429939
07599897
45601963
76235732
42344494
45323264
42019372
04416259
80501742
00515382
61083657
44443661
77229163
00799892
04742875
74132288
48174963
04405723
48868437
77158882
44303726
73342753
76239902
04415774
75250780
47616442
41624705
70216112
04721430
04632181
75230613
04645914
30835031
77025662
04403918
40780371
77469975
04404798
43797413
72788108
42319686
73579185
04426133
43467783
75194032
72239517
43127918
76176129
04652198
41988783
00682929
04427030
73764453
45834390
46876223
74012762
41515158
41167896
42124433
45418691
80160991
46493776
73783160
77391066
04644216
71759107
73507657
04438998
74472878
73273123
73301047
42958968
77163897
43290058
04649632
43382790
22754521
40717647
71833001
44338222
29542775
43957824
60297558
42810678
44863002
77794757
74371318
29737988
61828963
04725801
72719764
76647631
04742249
41099994
71693408
04413533
75988571
75520262
41663375
04643019
08178164
41245816
73326851
04415321
75911304
04433210
46500428
21536163
75250126
76529367
46911702
63407013
00487512
29677126
72032976
04406722
70366976
46585447
46524081
01315371
04428113
74418298
73461357
04405371
72736403
60735807
04430694
04413451
73653579
01306446
04640385
04630597
73092508
44406313
04648042
47567032
04407022
04404163
73238167
03652531
41268484
60774038
74028757
72958290
72887430
60988231
80157501
72970259
29572130
72295249
00456554
04745486
40919168
29410161
42846870
10033054
45990547
42174910
41274702
71928716
73084138
40977564
71854334
78009306
04734181
72552182
40855158
73524570
01298080
43076399
45451230
41795970
44934026
29413454
00512391
40259523
04641683
00798887
73524558
29619800
60063911
73860164
71984338
04437053
29669197
73347478
71430557
04407509
46133533
74502955
41262152
04419570
42724200
04733096
04723722
74589406
80386320
47803358
42616111
73675544
44397504
43614679
80538650
04425051
40622692
60063502
71505043
75520278
61169871
04728403
77047806
46509432
41901306
04742910
73802210
71868850
74286990
73653569
47413962
76798870
46193562
41396120
71464949
74534888
04724177
20987950
76557341
04744171
09630996
70524649
45253350
40977234
43221981
01872437
00799709
70652709
41441563
44762789
74725053
04743572
43301476
04424875
46801145
04633830
72897899
46208999
04724114
42289991
73035613
73122456
73489575
42173187
70784961
72256781
01210654
47203489
71248650
44233514
42317835
29737683
44319394
01330914
44319377
04622455
78114816
40977966
04651618
75395611
43601124
47656789
70828448
20575495
76688338
60536465
80703965
72449331
42177453
04049888
04001808
40678084
77049943
04302310
74083658
04065887
45331657
10480412
71056651
41791130
76387202
71041345
45613755
40641521
41764918
46122587
47054445
74398527
72443008
48134468
70894345
04321524
41923948
40102990
72610060
04328565
04307107
61700187
47664380
75935245
71431401
43399621
73086702
71035412
71207835
45190216
70480103
71269026
80075056
72358742
04041901
60315763
70942478
42603668
80612963
70748189
40468650
04067142
72850683
43836641
70261253
73511793
72195097
40347609
46205407
71047043
04330020
71722709
71058692
60509636
04340476
04041038
47498655
60186167
74481868
72857982
48099739
04032012
73816635
04327285
42245575
61700207
74207839
46654019
46283801
70767277
76357993
04013155
72447595
04221424
73471548
76345427
43968461
71021840
45965408
61621715
77681609
71078022
04202800
04041394
46086389
70780849
04215189
04208435
40151235
70890423
70796799
70780846
04075653
61972091
04339140
42453351
04340097
04221104
44815570
70804717
71204593
42596230
71297904
74605788
71419933
74316194
71829993
47289167
75146226
74475451
70891291
80535129
73373899
43578888
45317348
04330210
73323663
80121654
44893967
42280691
45333858
71719415
04041410
45706963
70303496
07494105
71266494
47942602
04351424
42448698
76780928
60856675
40965111
73790299
70245651
04030718
40663853
43095495
72490256
73533318
71993249
43762881
04044680
43538546
43509174
04031571
04351402
60231988
72444953
70261079
47820247
76004737
45335639
61289034
04346627
70265152
42067763
71777992
71707075
75968640
04065280
80122289
73039711
04327384
44970273
04042528
47531137
04015275
43809458
74991917
04075266
72441392
04342303
71117526
76810646
62950674
46223034
75907395
46681179
74541937
04307024
41150838
10776891
43421730
42625593
70479077
46360983
76502785
40752537
44736201
71209739
71842659
60009919
42709164
71230317
71068962
72975476
48566439
70914555
71896766
43023721
71245076
60272882
72081730
71100058
60248165
04041437
45963094
70923017
70255071
40099003
75812334
04071803
04060813
47891387
40381796
72139348
40982161
71252898
72838391
71275179
71235343
75713283
72744981
71210320
73241351
74601525
72451137
44857952
74501728
04310813
77682591
75283950
73046902
70797883
48829269
45043081
48368686
20019859
71240485
04205391
71063171
76161127
80076777
60319549
47765899
72567630
60209394
41592978
04049991
04015103
60010356
76320792
70183348
20576531
72687345
72687343
73867052
47961003
40721566
04053312
73514737
41806043
04208063
76345531
04311969
04216792
40845556
04306402
45204628
72760598
74963985
71268806
42749268
45611218
80660972
73987468
70261039
07332124
47295773
48824787
60001506
04086460
41750755
22653745
71270807
10426772
72919359
04085217
04075214
47650076
04014404
04056898
71123245
72184460
72717611
73178199
62448745
43297138
04221300
77081193
73092559
70482167
71908629
70770163
80477206
75923631
48552430
60716377
41072345
46184783
72396171
43688744
72442914
70116293
72441387
43965214
04038963
04047402
74321327
48322720
63279368
71977751
09363703
48130939
45077140
43229131
04050202
71449210
45862914
77099237
62282826
40203036
46293420
20533067
80407629
04328599
04351372
04312416
44479797
42892830
76303228
63689650
73445944
77022644
61280491
71096007
72616910
00116198
20741618
63422768
10125385
44659654
44423679
76763742
73381259
46290968
70774830
62745597
47593930
73379558
72396160
42604572
73429658
04311554
42223241
72696499
47452751
72860963
46093814
76073888
04202635
71759488
71689419
71207891
47125267
04024590
71207806
70979088
73238191
75185598
21285230
61941446
71042781
71609056
04205071
71106458
04040414
71928745
43754522
70871368
44960891
72079953
71241291
72856119
47621589
70969140
60010470
41922809
71207865
04044684
44257880
71078729
72660293
04070258
40610400
73479289
75667969
75020871
71078773
60248185
72755203
45505208
41374729
40759478
04084274
71245071
44952814
76825256
45204642
70303935
71459319
73103997
62384219
44907161
70889845
40599050
71048879
72442937
43442744
72888935
04325372
74630049
60974472
41224762
70506372
40076238
75063304
61479639
70303900
04030595
71309426
44915198
71139874
72912836
04081739
70257461
04013356
45460044
61280445
60497477
45322377
71046535
75735219
41378375
04076468
40825478
04219488
75225055
04200028
73230649
45860817
75018167
72687332
43197827
60565230
21781832
73365765
41992237
72146681
04052591
04052650
04208441
04301694
74324494
71875099
76686860
73578984
76120252
73315878
71605980
42952878
73450310
45809564
71209787
04044675
04084480
41332880
43992955
74909778
60298098
42552985
04047232
71211019
43532714
72850615
74413165
70843247
71435191
61196447
70261204
70890865
77213434
04322848
71707560
74399668
73672453
43905641
77818291
04050098
47393120
47866845
25847367
70693420
72365139
80188986
44049221
42339004
72082487
44929798
04033788
44388818
40288509
46242204
04222801
29430786
70892443
71207791
04031575
46720824
47622968
44802254
40361978
80117718
76369329
70222717
71853245
43324819
47422346
73630478
41163263
80897604
80494919
40104177
43984699
43591302
41662225
74570160
71806903
41109662
43526938
42274744
43563226
72215678
04212513
04081217
41503991
44200655
70784609
46544660
04080703
72229747
60099407
76630524
40332977
70200919
71058811
04213676
76369331
75397761
71551303
73182222
60534375
47684831
72967854
04043975
74488783
42646350
60010112
73342300
70796323
72138843
04045912
04218234
70303284
04340614
42247123
04070497
04207372
04305617
21003275
76000639
70786608
61599631
42426859
72161550
41834106
42111582
45077428
04006726
04208062
42040701
04064624
46352885
72289816
75101972
43076702
74069463
44461184
71209463
44423686
47966126
60100656
46227972
73325884
76951569
76871155
72444822
71985258
04306684
72960934
09797774
21282026
48549594
41680719
45828710
73902268
70255087
71107861
04021160
04013818
44657358
70868674
60243243
40604510
72662504
43480419
73347481
40885164
74317747
43776561
70577877
47414075
74910697
71689529
04217033
75912826
76522334
42162647
45580108
45274726
72218632
71784699
42382365
76330263
71207826
41110093
44257876
42534146
47412628
70257438
04213639
72106019
41073901
74395578
48881925
72441309
75551376
60085711
73011730
41297242
45333113
40527524
41593946
71740901
70892135
43718969
46006262
45298731
72308943
80087454
70788643
75835427
46511798
73944476
42338043
19801796
45009644
04216793
71209778
04346957
72792904
73515506
43493721
61558007
40346345
71036940
61209491
80382544
04340918
80435682
41731954
70303940
46767861
40588587
04059281
61280479
60354575
04025157
72138852
04209904
04349403
73215569
75952342
72032042
71270598
46352880
72494102
71037449
43780292
43526694
46338249
76379670
72146698
45531784
46497070
73201813
43643511
73766065
10556034
60525974
71839584
71094654
74494901
10671842
72467087
73201789
72299984
70769937
40938395
81312910
73309138
04216092
73932952
76438467
80661090
72441370
60099282
72850610
60549994
42070435
77229325
04081708
70693402
44352019
04060429
75220288
21285713
04045586
44812840
43412434
72959790
04212797
04069117
71056673
46295704
04083594
42733033
71458470
70939413
45727364
71200722
45559668
46767006
44143769
45233081
48134842
74233704
74209921
70625900
47674490
42958449
04222603
04332475
71251630
72374956
44184078
04074492
70890914
60100936
46085392
41172892
45790734
76859961
04307230
42160537
71217789
72456401
44339402
44501817
04071316
46686166
71707538
04035033
77326012
42727850
73992187
43386907
74607362
04301154
63357012
73329118
70872155
71056632
04031224
63279304
71103790
60231987
04020065
71048220
73300012
71035392
04008037
73436376
76012054
46639261
45487988
04083517
40485979
72228910
04015440
76376772
04028944
42627259
71066430
48151056
46026480
40909492
74495306
46084869
41737213
70521445
43741712
04307003
76848678
04034779
72303781
43552373
71910546
41838690
76092100
60099062
42736607
04024896
41878214
72079941
61354713
46070529
47626657
45965409
44778098
04311026
60903578
04015466
44788606
40088271
47672414
70757532
04008262
73480195
44070632
41394624
40389389
72652555
32264555
42470194
60099221
43120631
04005620
75065517
44983427
76013819
40569309
76529751
78886101
44533779
60472570
10710523
04081233
60010598
44328351
74285666
70796327
71050499
72443027
60001587
76641698
71034522
04045859
73341094
74553056
70908389
04205884
75384168
70681843
42118463
04073582
04222028
72033567
45559672
46336243
47256971
45613761
71252902
45387423
04338751
63399424
04078409
74625523
74578079
70747924
73342312
44322974
72451119
46600661
43542891
73087721
10662589
42630499
60472592
73535715
80479234
48545596
74596815
40043051
71977776
44774005
73601489
43820358
73766066
73323571
45921988
40346382
04044809
72125804
60315771
49047343
73959991
71245724
45433605
46299221
04030079
60010596
74081053
40753909
72784283
41798690
75445651
71883244
42967528
43889551
42455327
76345484
07537499
71021895
70688656
72687324
76080026
62168264
41784925
71090625
45696152
70926662
10078880
90221640
76408156
76083881
44088211
75739422
76327135
04036135
76399238
44960886
04080081
60534269
41170537
74853625
72860958
44439148
46440389
74970414
62062961
43339986
75175538
41026572
04205923
71036895
44030364
71384137
73531158
44254254
71221144
74204120
41926646
09826271
40698231
71601993
44816246
72687328
71986621
71065834
42528894
04341548
73981803
72051087
72604665
72159451
44964384
04332557
04081168
70996062
71078737
71530520
04037417
72619581
60219487
62822746
46018090
43905840
46557141
04339935
40641505
43483260
44060845
74237237
45697889
72104496
44575504
20025462
42944332
42882083
48083815
42233306
74596824
43754521
71202180
42491703
44248345
72374494
72374946
04028034
04072926
04201276
70802868
42938933
72448501
04046776
60622402
04216500
72442922
74632964
70802909
04222666
42285314
42598936
71723971
72550867
71852585
04321599
23569316
73567692
42193614
71094695
04350921
09778901
04075792
63124336
43724209
41113283
72437445
75619549
42952782
04212398
41568119
72461482
47852130
43680585
45969353
72754656
70828450
46636383
06045542
72763891
71270614
45384342
43965164
77486615
04313969
71254825
42826002
04212519
43001761
72786190
43801917
04015244
43339605
72374947
74828534
04071984
72959631
29617479
71097389
42312802
74157987
71266539
70465225
46143324
47193354
60550407
71056693
80660336
04026245
04018350
71209386
72788136
40948829
73524580
70480091
04073297
71041293
71093415
04080217
74039601
04015712
73998736
44062492
47014340
71032243
45761721
71263889
43761596
70838529
71128069
70843230
44703095
74950010
04062332
73221626
71993293
75149134
22675078
76863113
76387207
70467960
44313632
45025789
76160852
80187672
46048969
41373716
41888935
60337166
76189940
44995468
74997251
47085917
04212618
46922499
04084218
73480117
60701787
71091426
70975214
72444917
71233877
76119750
73433058
46983765
09606170
41674147
71003015
44561088
72324996
19991635
71475534
04212478
72812275
42538761
42848759
46874853
04060519
04212496
72693847
04044611
42494956
44082334
04014692
73956471
61288871
46927487
73435018
44380579
61946314
04014254
70829037
71289572
72112888
41567087
73770615
41240077
02808463
47336940
70810387
47112208
71378672
75895956
75773640
75757641
41468019
43482680
60886250
62284063
75700506
03651634
77090945
73365350
03232650
03877373
74400551
80557578
73930610
71049254
02868558
73080128
72703089
40512455
02799060
75506212
02847919
44812244
80451186
03664929
75491730
03643741
76560006
72889142
74376823
03612304
76605301
71128362
72893771
41131457
02773976
70410326
45694388
73084149
03857442
73027885
03344565
44947978
02656276
43213667
02869449
77488258
74393863
43200694
77347172
76627684
02729687
73428791
03630359
60057116
02818519
02849264
02803420
03685441
02674090
80422977
03855758
03202033
03462583
41790637
41930878
60809716
73219606
71965459
72354641
02777629
73027525
47807243
40862934
72883169
40156819
70205002
02750257
74690589
74397090
75703878
02609436
43126351
79136228
74385564
75937664
03505219
02786080
76503797
76383288
72753758
48671783
72531116
73451598
73451590
03469144
73006911
46772204
03466288
03481591
42375569
46822642
60479123
03487245
75113923
03638732
80261271
32915592
75788597
72014503
02617059
73213443
03826468
03846427
02655528
72350694
41401582
03472085
03876921
03889824
41878596
03470593
76966930
02847307
03499674
44897737
02666744
40067268
44274242
72504786
72405596
41556213
47015931
72482148
46032293
41953096
75722087
43769806
40535172
03212645
72486541
02666163
75767169
60735219
76803309
02828884
75601118
73354291
61095013
74617917
44054511
40140140
44845298
41039027
76099000
75842137
72559719
03477710
76517931
02709767
42480352
73696856
76146901
75700167
75901047
02865668
61200839
03828632
77528903
03207949
73040569
03310639
03875139
75999175
42255798
03502612
46780820
74175060
44741944
75126243
44138984
62483040
76130422
03846168
60513913
41673467
03500210
74832381
02613073
73460888
72966057
15960633
48897179
70225561
02634767
42190387
46778970
02723843
75118674
72805176
42747191
76590552
17635671
02801845
03490843
02817535
07312972
10656428
73816834
02883640
02886006
47789621
03220072
02894880
03837874
41711974
80262529
75261515
43447208
74039717
42854459
03200823
03591813
40901012
02867990
03646402
80426826
48130884
40452001
71524229
03820284
74818065
03321775
47070771
45079042
42043298
03665947
42297293
73645369
48571033
45886126
70870586
73036927
03314890
73751436
47959946
80441885
71115000
41232598
44423715
06173933
73487841
77801933
02655199
75738885
90625135
75006494
47931737
48238816
03877400
44864410
16563035
02669602
43111206
44632333
40831097
72532781
75072166
41529774
02853863
47458037
32544163
60426134
72537182
03240327
43036577
74148268
74084882
72968707
60892138
75546961
02843717
03370514
03616992
75753208
42962243
03845035
44894022
72644278
43305274
78802049
70319694
42771075
43955434
75705747
03385418
41789351
10395256
48370693
73473350
03364705
60054136
72149190
72509602
42109617
75117705
47793403
40123530
02790905
41418014
48008304
71410928
74286311
09111230
43568763
70055537
48608284
47363510
75629357
45868787
46093927
70812007
72248180
77689567
03201798
75574800
72532988
47162504
74072448
75924120
73438240
41310702
03212847
02790732
03866184
45298762
60522773
41747079
73123611
03679929
71245627
44850169
03337185
41040131
76289843
40891787
71202599
40345455
48640436
71451085
72093862
41249194
44731262
02757063
75250549
42336417
47026217
44469647
72402368
73798336
03208522
45327894
46683022
80272857
02743921
74385950
75651646
75112049
03218331
25689560
03241757
72953968
76452793
70839057
03463864
80298677
74853933
71439514
48097701
42421647
80663285
60907103
03237321
80385736
74122332
40701017
03583735
02890298
71624360
76659269
03354229
72252864
47136213
41835765
45037064
03363731
41254378
48021961
74559293
71439893
02729867
40537055
02758544
41966673
45483694
70659653
44695428
75107861
70086115
43468191
02886356
46493707
47188712
71049338
41771336
75271063
03877894
80667876
10422165
71758896
76658563
40181501
02843556
74288962
03499831
03602903
45907620
76841945
71751339
03489161
45955716
80666146
43937667
75474960
70315760
70410319
03884597
74747170
03899823
46265406
41529337
42642774
03318700
47728959
46499593
42719401
74947495
61509479
03373422
71088947
43055991
72475218
44003869
48302111
47532350
43296747
75765314
03381261
41383767
60247787
02621022
70847892
03881837
42325044
77659445
73437647
46625332
74713671
77032360
42634519
43640589
46648710
43344955
02723614
46792288
44375698
70804868
03101024
03678012
71641296
06487609
76738874
72277325
75986658
02678877
47036159
43203907
74287680
73706044
40481601
60839863
73033107
77665585
46101098
60531595
76592810
73006628
40690441
03369590
70016361
73361558
42295013
76580856
29698592
90000079
72475541
03241713
75094084
42781688
91072141
44270121
77229342
74557282
60456041
02631937
45435528
40033385
77023348
73486838
76791557
45117347
03220735
44414803
71111792
61341207
76433957
60056948
60226317
03494257
75839863
47021391
40927870
46510122
74748346
41725904
75264356
03853594
42868888
60731588
43968571
42623701
72751868
10114011
75726244
74320197
75443500
76090492
03891326
72087015
44321284
75977610
43365901
42492555
74237516
74776414
03486094
46934348
03603220
75727323
02847618
48896001
03661683
40165277
75672684
80515458
75795620
72494496
44319481
42840400
03639012
77128015
42372139
41977293
42666826
72455087
40719060
72248545
74323183
47081187
43943277
70313312
02850190
60859681
46445288
02837290
03862535
44950598
72107955
07024503
76409898
75720490
75430158
48718696
03480100
03212924
02818914
73142514
47627669
03223467
44435157
40131774
43382137
41078817
45849719
73504342
74376181
42104007
43594392
42440556
48256747
03486021
75748016
75832547
70811674
70847024
42034133
75058606
46461121
07200222
76048239
77248059
02850325
02811267
61041791
48010344
03499910
03695022
75692686
76629975
03670534
42566197
74485148
78008751
73521640
02744505
60464550
73687078
47619086
47459260
72211598
71114003
70407282
75107956
16781849
46695559
02714696
44693598
74690339
72362691
46915003
48760559
60460915
48796753
46766852
76030078
02873162
73676197
45238851
80477754
72630883
45759132
47198391
03507155
72919104
03891253
60521195
73830197
75560557
76039888
44204859
48429590
43750098
42146582
72608550
71213209
40792552
03861231
03504334
80495498
02863952
46694480
77820480
45019225
77659902
09864058
25804442
75806037
60442746
80376755
41058942
74380864
46508997
46901280
73304293
72557002
45454778
03309935
46459924
40682744
03488229
72617845
73368385
71050822
43833101
72369034
41619965
43334717
02641474
75494867
73205116
77145965
45123951
74287517
72628845
03097706
75560876
40139335
75699422
44999032
03370605
03869001
41319273
44767496
42552794
73383136
03698814
60841615
45153226
42759949
76959788
03886742
45149190
43088370
46757609
47549573
71707124
72478341
71937300
74421045
03695439
02737641
45755641
73693884
02745133
62267853
74159066
73702266
41016974
70059155
74400270
42962184
70989856
03239947
80677674
74100732
72211899
76879662
03373287
72867726
73680096
61996646
72521035
40829231
48315670
76065678
02836564
75562375
43787289
72559059
75530363
03242959
44377437
03682221
76834768
75945777
46573179
72230404
74776986
73521787
73277208
75626005
75679993
42860002
75810984
02865144
02737104
42386352
41228122
73692079
03234664
03895160
80499054
74780305
75157840
02640502
02822520
47910818
76959698
75156200
03502636
46229869
44710219
03304268
72853508
48210364
43099563
74411808
76604903
43147950
45207242
72230375
03866624
80472220
03887067
75536126
75264252
40775198
42180077
03699439
02891440
70410354
02865803
76304872
02860831
74390192
47864116
45207161
48004848
71098220
70411095
74246665
74246941
72112941
74560659
75106485
42773847
47446164
02650724
02617531
77165134
02780951
77092133
02630467
42550042
46175981
80262213
76308171
02654883
42813465
72036793
02793540
41214431
76401077
02792673
44389150
47513860
03480873
40333080
41600715
45115323
78203932
47038737
72768664
61498555
60474692
46787118
72075222
03489299
78460092
02795732
08622897
45052538
60531564
73218920
60809772
76229103
02688308
43528425
02654973
74574421
75604568
73321642
75271167
48335490
42653946
02748675
75811855
02815249
46374643
02795569
03844802
03363188
74365291
74736368
03822724
46400318
42677773
03129869
00793777
76405275
71396239
46667590
76614028
43387681
03495845
41215239
47017856
02874547
02848526
62326763
70511817
41064415
03881993
75871972
60055279
75723042
46138512
02661260
03356313
08905251
02793140
61019685
77211919
45397755
44554284
80234900
44767531
03365374
45103532
60057043
76628741
03376259
02770132
73173411
02829237
45600227
44643921
03848759
47644715
40998369
03467789
02658389
72507217
09458123
25833807
48300167
46508469
47312580
72178724
45326375
45560604
71140206
71372409
03865415
73085902
73337522
43268564
02790761
74529535
02655903
46323100
41026965
72764082
76296712
47676984
03880312
02620171
02862455
05643995
41068030
73672799
47863052
45298772
76534865
71299056
75626028
72429651
02653627
76357898
48597600
77339756
61341581
74898457
77163995
79136822
74712294
41600855
75160950
02768260
72357918
74440209
03599567
73673461
74547856
03097691
75757774
02778906
03482951
03376768
47993134
80662450
75760694
02625501
75853965
03852676
02758999
76258683
46209230
72700329
72314818
44096984
40636784
70856124
03376300
80401821
80271885
46859283
75564275
40830364
70018955
40018095
45017448
76441729
73772320
70336823
75425546
73205128
76068038
03131561
72024096
74715012
42087399
71054467
03837608
02850628
75560780
72855735
46028842
02743343
75469867
70382871
74745795
44547507
41415299
80666973
61272739
03242648
02689229
03614662
03651777
46131792
43896826
75900066
47901582
47160128
75408850
43462728
47376106
03375260
74638252
73579176
40739398
03235976
74746809
73518077
70075957
60936130
76843054
47966155
75779073
72007953
71737453
25858011
75833989
44552616
74739572
03241364
03682885
02856695
44121006
43496008
44744900
44351357
46381989
76654487
70519518
75334856
60502752
72849077
40871718
74776488
70927887
47212408
02857494
48447373
80246992
03118653
48520846
42469012
72473141
02692907
72414146
70340983
44409243
43802847
75898882
61809396
72473000
42386385
71624359
42208361
02743838
47139538
73698424
03655331
76416101
70544892
40203553
02858937
71048070
02845059
45454757
71168099
42572683
41949283
03232942
45954715
45492939
60460942
60460894
76673289
02769720
72223913
45594124
74305818
40387849
72189260
47720499
03354783
42681269
73751442
73673154
47363111
71961094
42019669
72207724
71433358
45512097
47800474
76476454
72120811
48390203
75675920
41941951
02632265
05643934
76343146
41958414
76670242
72212329
43464670
75472001
47228244
45183355
73670847
76817914
61137024
03118795
10732343
03304932
77437627
42663958
03314678
47364029
03877673
46869515
43538105
62700974
74281354
40829181
03691966
45825705
74503284
44042263
03668644
75323719
03120728
80552136
44781219
46189204
40273114
03830613
03656357
03495621
74591636
42222040
75616964
46064105
44834986
70722413
41754248
07538490
70369792
02640116
02843670
46718715
03666665
77165681
45426616
74548178
46386995
25817642
70662963
73462493
41776926
70846584
70020825
76006210
41901932
46074615
41389878
72554129
74963834
74547713
60280156
74618099
02828653
71202487
71619147
44935545
47978318
72769985
42319205
72236019
46039693
78205323
02713711
74381937
02818127
48175674
40300908
73436601
72545187
03882633
61068162
47244950
80615098
74421058
73568076
70506651
42101654
77488113
75522221
76960760
02715216
42782915
03239442
41429438
75133339
73702414
72243007
47180085
46999763
02833031
03130216
43954896
42496428
60888732
02667233
74854913
75733966
60758427
03656895
03124633
76504098
47125532
03496726
41329752
70061300
46332852
02878230
73665549
02619427
73018905
43732912
03486243
80424975
02853914
60506500
75659649
61854273
45912712
75500249
02867494
70666111
02769143
47200511
71987191
76774635
46948616
43929276
41577260
41237304
10508106
74773679
75731417
44196086
75783032
03116443
40958276
03847161
03120471
03133384
75023487
62223579
02877304
75454460
02607481
73238706
40429395
03310778
74936892
03362461
70669199
72964246
75916805
73688750
73972736
60843818
44280323
75789472
40551599
40862302
02716341
40416496
70878075
76872351
02872024
03672256
40965807
03132917
02737763
43359230
47239434
40138779
02788110
71426459
75824480
05643360
75652110
75211455
40333030
19188862
42502102
02756971
03465475
02649190
71058833
03382902
03624564
02832091
41145889
43579703
70661805
03127332
75180634
06785344
03306882
03475329
03612305
03320655
73757115
03462075
41252406
75922935
47033592
72714737
73623532
73033061
73187244
03351145
40621432
03463869
73683131
02667879
71538040
70853971
02859577
46627131
03623626
03676007
03562187
73890265
74773685
70924085
03502854
09690054
40861722
43727661
74618076
47298265
70625282
47865273
60902111
60891975
73247336
47363944
03474614
03633387
44560612
73214523
42699874
76292775
02653487
70384843
75841155
02663338
76073563
40569499
02651278
02783849
72081549
71357872
02814125
02652736
02613372
72681361
80166740
03385809
72451433
42334235
42298655
07354076
73308917
71985734
42614914
02648969
80176751
72548020
03638930
02664462
71115561
45013058
73519105
45060191
47364056
75448252
03377076
03632063
45029473
02686413
02670766
74158096
45043853
03356415
75971710
02773728
72751877
03378173
02623518
72419599
47746324
10360053
03329019
75076220
43947766
46452516
75715668
47675826
75614452
76246012
76072042
03329510
72425584
72414142
41668088
45078734
72675375
03464512
76142001
75945766
72350389
77054793
42582857
03113864
48131054
41498437
03464541
42299089
72723163
74997588
73182878
03115375
76161751
45178274
41958404
03623338
71405183
77063430
02839102
40629618
02708669
76947995
02725439
48486718
72351316
03887156
25792814
02840412
03130775
42240363
75067288
73700207
03652606
75832320
42663089
42008483
43406146
74840925
72669506
06852588
74034189
40002693
44177625
72106331
03640477
02830422
40354986
72518062
44812234
03115640
74848381
74525983
60582308
02873535
43955550
44881588
46594444
60809221
44067815
75714139
75128243
41688372
18172600
42009425
74558902
73599873
46602030
74254858
47013228
03239853
73667826
03377786
03125495
03690593
44868541
75526939
40281543
71973489
02759720
76442799
02750877
77041595
43333206
73506963
71054486
03379808
73330723
42960016
03499876
74650854
75838235
60455963
43896325
70812426
71624964
73695249
60057006
76360135
70100551
41463216
76398777
47592107
27823470
62590598
73741075
73890514
03579692
02757619
72518347
76662073
75572982
43623129
03487562
73509948
72418201
60600629
10596213
74848773
48111217
71598575
71854903
02735536
03569756
76185500
42510334
47320812
44475261
43749435
02827728
75893119
63416868
75272545
75575864
75575863
76522832
75127431
75074241
70404216
70557272
74617575
72523725
03242859
03484942
03485428
02678167
42089371
72842985
70812356
73808491
02854395
75708328
72382394
03371814
80596494
44865151
73277141
73218629
03378196
74725647
47800518
41078791
75832501
43074686
03489736
74287656
80450678
74627993
48086114
02881947
73996537
44213600
71101087
41382697
03560675
77501041
03235462
03478666
75125069
75912961
80296351
70513274
72079287
76442785
76442787
03880850
41195978
03129629
03375148
16753468
47036071
03237180
03116575
74630946
42730197
71152559
73669433
74228620
03235721
03358583
70812006
80389785
74607904
71246961
40760593
76081441
02870746
42339869
76668169
60414822
75933593
03131414
48179775
42792152
03132440
43140585
47197858
03373005
72212306
46906276
47953961
72684767
71115595
03671732
03329981
72474970
02890923
48413541
45198164
02790608
71631792
02887917
74706571
60743290
74526395
44163726
73755069
45340995
75669164
61743491
02709698
72212292
02815652
44111619
71066584
74443758
61088760
75874035
02713237
42035954
75021147
02856761
02825553
60217163
03231119
46176392
71562718
02689171
70315745
75605120
73302934
03382107
45225028
41813261
42207896
45737948
03361203
45852943
71596752
74745625
03693449
47844246
72577082
72475487
74745695
72434137
72522469
47855874
60412093
08115894
72806486
74373494
74739502
03899060
75741959
73072244
73487074
60753769
03843910
72537216
76672637
74393427
73636642
74151235
74052327
40940067
60054084
03504099
42704132
75119690
43089689
47598046
76604307
72024703
46032096
74411419
03492173
70545411
43291948
77378554
45792428
43360818
03667296
48430664
70716008
41872317
72412064
71984024
47936640
03660472
03899802
40133470
02709953
74393971
03855339
03848028
03365913
71767673
03876708
44841331
43625817
76365114
74775501
74867727
06389723
41387253
02847868
44052794
18166461
03654165
02772995
43939757
02715310
42818724
02705960
02783786
47912560
60500055
48070796
46978248
03231559
43397688
44776002
40675177
47233954
03826924
40067180
03483537
45660314
80303428
74776428
72099479
72099480
02701756
03859817
74780326
76074364
43993060
74634726
60416095
75509437
03378664
72531333
73438094
47382920
76169118
76517947
73698476
45796079
46946976
03082803
44754260
40610512
40352530
02665436
74446611
45308880
73021356
72940915
03376446
47198126
48083492
73873587
43188464
02769663
71522071
17622079
48328955
03505841
72922612
42046239
02869166
72480000
44086453
43526186
02798408
43006444
46717615
47169261
71233529
02874679
60958881
76586340
77325979
75148841
03854700
76358684
43666430
75073976
42635433
02600181
02786496
02818846
41008062
44277893
70741711
73576560
73199890
02830006
71905460
09329746
06051653
74421079
75498732
70677730
74416415
46635221
03661177
03092074
40422970
71927931
71362338
72218767
70032742
42864091
76068046
74037620
75818511
03502678
43303706
03117033
47479955
03683282
76429690
77052161
71598586
44689383
03573380
44557414
43943437
03676570
16760621
73016327
72426747
75159168
03694462
03087172
02835788
72816229
48382258
74770432
44514747
40472552
43289020
48066456
70206740
72936661
48163771
80493094
74859663
73354315
61022046
45275281
75757434
45243036
46067670
74876050
03502821
71624844
77918573
47497884
72093865
73355176
75825787
03302776
41575432
80166945
03126570
73997170
03463030
40042375
72429339
45482052
76725300
47637912
46559954
42207883
40984260
70410395
47321998
46965259
75884343
02822417
03470046
45963351
71069546
02898677
76300439
79300391
75249019
70409046
76949750
75982383
73437658
80372842
45589572
02683351
03473835
03624377
02691089
03691428
42757455
60055801
75853356
73270659
44514018
03671710
46133833
71611058
03694051
74962005
77038602
03689039
44364134
02677997
75178298
43533216
47797610
70818919
40408398
73423788
73138740
72778012
45928070
71611076
02669976
60807036
46820825
02664715
73364365
03308930
43754913
42588543
40101500
74151229
44561508
41815779
02819093
02851225
72172474
42979471
46057226
80340839
74746646
02860925
61853795
45568583
43940730
25707712
75220049
03570415
80429365
75261261
74574952
03108042
46677127
41165062
48024291
41804657
72248578
46957155
75917190
73110604
17521303
43926556
09576348
43370333
75919708
42052362
76684388
03658860
45685883
72787549
75844107
40831156
70728235
02832328
47244937
70873348
70882620
03898078
25518676
46298632
42163265
74833252
43215860
02836729
71414501
80432051
03834198
03853128
45743127
42470249
40523305
43056225
63322747
03301262
45178256
73689040
43434340
73220516
46626767
73869529
74418671
44513874
72727592
74477752
76093742
47299721
03622971
40432011
73062213
79300104
76530429
47666600
03229614
75175804
46416822
03876114
03853527
05644102
75669904
44870850
60564220
76449818
41865397
46779243
03501144
40729374
46646292
41641635
76085679
45158049
76678782
45298172
03127287
41318432
71466325
71733591
45890523
03231555
72772784
60670273
75770920
03853547
03845204
43207169
70149190
41831276
03662020
77091295
73667930
03213756
03666591
03872453
74746721
40336029
02731500
43088898
47536181
73220664
72029938
75022919
76402520
74277442
02701996
41108371
74147954
76662069
02798627
74052330
47536153
47572544
03899583
70334532
72512940
71128363
76629588
72507501
48007040
41620019
75710786
48287954
60535386
43637713
72138462
46409324
46540518
71049294
40754709
03380687
05644348
03640698
44378902
44856911
70396176
46024046
02834398
60207300
75348827
03492166
72114328
45641123
76434763
73696862
73302873
42552076
44368113
03116843
61768345
72242524
41185517
76048259
60535380
40976725
45482061
05644851
03375182
44677796
75820931
48351065
61037747
74466871
45341042
48070778
03665113
41725910
41990113
77054277
45534591
03232103
74136036
72625859
76576728
02840319
03367247
47036073
75605119
48380749
41568273
70315664
41741251
73668001
75836458
03331944
72857052
72446797
74371241
60196541
44013429
75832169
73950931
42721989
02793490
75544549
47805884
47156454
60600604
71101146
72320292
73673358
03368809
02753571
80444847
72909449
74588362
72367030
75157846
42187543
41150857
44961990
60416162
42216824
72544979
43464213
75341928
75720146
41109673
77019295
02880064
60057137
44889698
76795391
17631437
75183081
70868522
44408058
44445492
03624176
62404127
03826001
76362704
42111507
72550896
41689117
03494184
74370398
44366881
61744532
72531229
60527129
62590495
45292909
71221505
75485293
02875951
71202541
42024692
40565016
73277044
02662528
44846104
03660389
72621227
60891866
74575276
75426266
02841893
62751338
40949862
74719505
43968759
75751291
75415893
73859321
48138552
45602824
43793817
40173602
42553755
75422520
41339858
72707365
74706396
73304176
61007366
44568811
75813073
72027026
47498167
02714001
74845573
72537318
09392596
75743170
44580609
77236793
46772194
02811166
46918837
46121349
77218672
74422591
42386194
03236061
10342132
76562290
18873030
41507849
03896688
03869819
75493642
74557373
73332479
40845323
76328870
46492202
43537682
03505818
73677654
02713701
40161785
43425627
70034799
40404632
46859128
03886260
75579055
18037877
41829964
71724403
45870650
74634234
02733189
77665558
75363043
75161391
03882767
03893526
41900909
03882123
43787104
44058726
25565331
75466188
02888023
75567156
60903333
03651609
74630922
03644932
45495655
75425237
45952865
08605267
44798140
02788581
02802277
02875447
75666986
77153690
46745245
74878853
74876289
74866511
76435952
72881303
70764268
46648708
02855454
45265975
03697721
76386156
44733306
02884977
42172336
45353984
45565175
03840790
76001122
72539189
03665082
76810217
03685313
71502562
60510415
80483453
75705763
43641001
03887134
42503939
70001603
02764390
73501562
43250131
43294703
42804333
73477498
03376448
43824005
72172636
03492478
41550389
41432586
74591351
77157389
71085576
47660636
75884708
43348971
70035459
03362049
02656680
80477019
02891686
77329691
43857822
41861905
71111978
75141845
72678804
03358487
72787512
10337520
70330735
47719798
47377683
76505302
60433299
43630308
40435142
80422534
72226510
40565057
76285025
60163896
80175727
03369116
02691010
43686452
71130667
72563681
03878624
44722747
48140694
70537833
74776377
74777492
75964363
03580672
03878763
03683680
03679041
10687500
32544863
42531579
41878376
40507252
40210978
73474616
76806763
73052358
75706810
41496173
75691792
76457479
62256189
75773533
47045673
44431852
44780652
76546781
73509575
78021853
47725862
03901444
46745218
48149540
72301139
02661130
72134357
73020401
72475395
40338665
73445745
76938646
74567875
71587573
03638199
76431389
73377396
70886541
74240764
41396355
03492317
70804885
45161638
42927949
03498234
02757541
73896142
43473998
73691628
77904727
73677704
73902515
03460197
05643669
74923291
70614659
71205169
41305535
75755479
72457242
02763486
77175535
72290316
03490471
72964722
44269231
76966898
73571219
74071104
45936053
48626693
41640384
75787687
42782319
47393825
46947006
46891924
70313362
43018916
70506413
44999110
76238335
03883266
77269044
43957867
71061671
03850605
73683172
60055128
76257054
02887907
40426523
42528186
63059848
47194295
74491662
70335329
03862176
80662946
71782751
43619849
71702300
43946253
03686338
44364147
43104485
46916233
40187116
70369810
70817231
75708213
02876116
75562374
42065286
73687947
43084249
42608887
03121846
03371576
73670808
74436556
70407887
44130854
41819208
72292140
75186846
03102888
02850231
44085995
40329954
42788791
03245793
03323154
40363360
60974874
40173489
46980942
45783447
44667059
72087021
03488910
03102722
74542512
45825993
75694511
03369401
02766815
03627553
70904751
76625662
40818583
03127975
42596614
02865196
62696971
73521601
73366885
75617193
75264100
75780688
77296270
40787669
70314073
03244330
03373804
03899224
75751164
40730939
44549774
72292133
03121797
44408172
80403110
40569464
45381047
44369510
41158532
80515688
70407271
41500289
80426162
75725273
03386004
40569665
71608486
75912970
42271240
74865349
74578031
02866040
80386269
43301555
46546140
42087222
46431929
76402728
77039048
70914817
42474563
47125724
73509783
03869206
41960028
42812759
41999420
46951112
75783013
43547865
72492572
42642146
21574912
71124530
02863998
03502101
70410269
74591511
05645952
76352312
02877390
48094436
42860538
03128021
72212198
48308409
76431054
43919668
03881824
42418566
03480448
73688128
45936042
42913832
73317216
74436241
02766983
74392216
74878364
41198764
42051358
03099395
74497150
71088968
02832254
76930107
41881080
76456007
03102749
47424357
03502194
02821018
70805558
43792307
42794434
03474176
60460854
02766711
71733560
60201325
45563061
73504436
75505883
76731184
74770253
03884769
76728490
41860704
75398970
75917844
40842221
75554094
08299509
71923978
76558724
71129460
75797074
41929860
40725153
46510099
02841516
03209586
75502470
47392594
03222261
76982112
43968579
02792065
46835327
70315758
41912748
60162892
46228569
73299791
46686170
74430762
41836268
70541000
76574555
43752840
72618485
76307200
74316648
17543958
42178026
02874034
74352542
41903828
75957967
73690681
75250518
48395078
48943467
48293954
72222526
02687244
76804853
76749376
41236444
03673422
47910582
60553797
73658807
42059877
43563717
60522798
42793967
75760185
47527942
18194715
70620207
46632306
41198746
41085846
03496231
41579453
75749439
03128736
03852428
75444663
80444037
75064556
40887263
48377303
72708662
75162258
62028470
48835014
80371515
76444958
80375350
70870569
43681284
73366962
75552873
76001121
60912756
72465054
43983270
80445586
70514391
40433021
72492953
44554172
72643078
74745743
46015459
70410184
72883608
75924004
03633241
70984392
73173574
70059145
43602698
48896770
03498702
42307130
03880282
47368139
41773870
46711856
40856424
77299104
02726857
40706819
02692880
03333877
76658824
71533420
47568070
73758950
41775364
75452232
43842130
75656488
43566731
03679563
03667126
40100744
03634827
03478197
72923195
40983112
75724854
02811747
41172928
75715158
46341921
72563395
74374263
76168260
76506302
73676146
76399951
02704939
75145636
71212489
02847775
02680984
06804791
44896381
45653012
41881087
41817455
03698457
03693690
76055780
75597854
74375034
03503753
03893784
60458422
02795835
75915593
74943736
76065676
41449467
72447880
73384480
74431431
72703121
43260114
76394719
74756241
46480731
02610130
02899943
44674388
16686100
73755216
47564616
71982614
75602051
75732425
73741790
02875039
76872738
42766251
72805661
75717310
73786515
02859905
45683193
73172021
75493506
02876537
70708452
44337524
70019974
40898318
48101491
02720378
61272574
70063455
74422667
75121250
03672923
43476786
02887355
72930938
03667814
73743949
02813052
03686896
71587276
03647176
45633926
74821005
71331078
60446248
02814392
02705464
44847043
75114654
72926233
46736161
40949885
41433839
03497182
74964213
02826705
47759279
02722199
75718554
62209655
72423302
75626024
74999028
02826640
02623674
45231483
76747103
76229368
74872361
76095909
75925264
60824044
47800239
03491354
48039110
44141648
03097599
75700297
03097808
42331926
76325552
43130431
75971024
46451928
71050756
73875602
74939519
77423068
74806613
47520590
02855079
03896702
41380414
47217604
72671756
80418869
72949340
02712847
75251349
02706275
61207801
47247096
05645362
73972734
72402976
03500913
48439863
46538524
41284036
02891918
75463107
71754077
03670980
76068144
73546574
74248988
42688780
41600830
03114990
74529879
60809463
76380343
43843946
73799029
74497484
74084867
03116985
48479519
41472583
45429126
42454415
02810886
72941666
70059441
43092738
03116134
74444502
02888201
74660314
43589658
72980086
76127010
72904452
02772476
02695595
45034669
72849643
76781048
42114998
47761663
71602245
73179600
42300339
02661179
42737988
03121057
70998454
40809752
16800207
41300629
42800367
60249465
02800440
75780199
70796877
41892388
71852598
77061402
60815856
43307332
45523556
41959449
75586551
80604381
03648236
75558419
42104498
21564902
42755059
74819593
74751423
75076239
03343129
10677830
76340045
45682987
75184472
40890734
75333815
74370410
74281613
77209650
46680973
03110371
48321438
42170121
47051160
72122801
03132497
70407493
43463944
73118329
45649626
74281373
73676285
80481877
76768622
72049438
77090926
75248957
03879123
73171729
47432894
03651706
03368802
75722306
76085805
73099478
41868449
47334084
03362597
74557286
02754862
74574376
43023508
03240000
43964701
44705713
46408822
76281085
44749237
70804857
80451927
76201896
45871287
47756152
75704896
46131140
71027401
72426892
44185411
41136141
02800128
76224639
73126033
74726035
76446395
43036658
03380649
44381844
42047803
62326843
41489000
42637383
43734963
74746769
03116597
48125562
71240636
41350598
74559730
73546401
73010964
43374152
75145309
72727160
03385907
43965226
70225551
75425257
03364875
74246346
41710785
44693331
46082460
76033654
46284709
44998159
75538577
02868227
47297523
60809338
03883401
72442379
71140217
73439497
71090113
03473811
70817954
02808612
02675003
43752838
60836058
74902264
77036886
74252369
77658103
72322529
47875187
05645556
03648199
44419804
42711182
47481178
48558889
19193541
75468644
74959070
71076184
75655748
60982426
46571996
45007549
75942369
02897463
72312620
45978010
40551601
75271074
75114619
48494437
75560788
47974671
43654204
74252845
60416248
75739206
03620337
72861172
03597020
76077835
75329796
47846824
45645364
44929829
76980904
03568572
40172305
78634826
73546399
02897057
03381111
03378357
75888369
02542802
42496568
72114602
70274934
02030694
73762292
60066834
41617999
45751721
70765241
46177994
45075854
40140692
75716176
71442650
70078745
45300174
02295889
48433612
70495038
46729832
01294389
73643026
76334392
46698370
46078020
70149741
71098487
76831897
01483908
02293292
02167288
42165999
44572008
02035817
74057597
73990061
70966413
02390703
02555439
41574033
47674459
43341926
74756103
70765569
70670297
42290407
02435852
48198775
43443418
43507237
40923693
42096809
76760582
02533480
46163165
73517341
70343748
71712023
42374527
02532311
70224578
43761206
42116177
70518980
41463877
80444962
70034743
01296193
01995732
41694305
07328647
02043827
70352452
71083934
73171798
01776722
71958547
75494429
09772147
01543331
71653959
74358559
02299955
43777914
42649581
41994316
44622406
44622435
02152730
74440711
45995916
70377393
45328749
73385795
02301486
46694454
42817727
73418684
73854850
74446589
73230084
80495628
47739956
43043914
45667957
74497181
01328731
01320798
43094539
43771646
70366526
77479574
71086053
73691896
02012498
77077894
01844465
74173197
75563980
00792861
70096674
77029522
44913023
07495679
60068116
45532034
73811903
73854461
01559890
09823910
40577001
73462538
41867694
40265866
01298134
75573722
73477465
71965253
73821095
71093425
73418676
41204706
40343607
01859149
41822205
45334830
77683540
01297205
73264806
71720760
71531854
71016314
41510709
73878494
42993596
01997508
47640781
75277366
44304600
42282166
70666920
73210710
76623947
73759612
70136913
01552617
40570994
60174003
02050811
70849994
46741195
42347410
70819416
71864216
43278540
01323917
01489036
02287576
74399707
71520719
73647498
75873233
70093292
43600463
47199592
74958359
01835027
42061907
02151024
71958394
42834778
80671005
42157247
02553981
43777775
01278435
73989329
76731774
60759296
01294482
44075738
71942207
73648655
72007646
02440114
02157480
74626177
45284793
42359729
29668238
44021001
42364248
46901929
45677982
02372007
45825548
42075565
44163797
02282508
70288456
80020877
71533490
41563270
10334322
45758801
70480145
74382431
60067558
73125098
48042851
10420828
02032289
74592860
42923141
60070012
73591671
73385109
70297405
71864717
46572636
76906165
78114767
02035738
43457912
40177198
02168723
71388387
42312753
01866396
01860322
40235710
73378806
42870277
02041347
60487641
77343847
70556984
70756163
02147741
75333739
40317120
44135966
42158118
70813044
73141086
73651580
75099954
02039328
02264822
01285489
73361878
44710277
73512917
02425801
02394585
47850311
42994203
44321332
01991822
75226942
42741828
01549475
01295986
73740369
76427614
41162128
62309749
43999657
41068072
42626068
02167655
72390046
47786303
71867830
70296033
44234699
60432317
70321799
41450533
40306681
02525591
02146976
71649981
42079302
73478718
71713233
73605285
01867058
01703838
73507696
47243898
02033393
73763918
48219491
73384325
43104684
48191985
73945144
71660519
74440568
77079731
42694929
74382018
02030784
73770787
44124311
73462508
70389692
01278824
60208378
76040083
70208365
44454398
74592862
70320394
40507087
70568611
70311849
44932526
75761434
45625672
02391138
75438922
47975237
73429023
73819546
41778075
42338669
72213095
80186337
76533372
01324111
70377836
02042821
70524384
09166289
42049815
01319901
44574064
76465885
76931627
73439369
70134958
71520700
01317582
73938179
41174567
40923391
01312372
45836707
02533522
70761168
76041919
61244294
73745587
74639930
61093571
70366492
78374114
73309818
02171611
46297643
71958519
02166058
44336845
01295589
44469769
45145557
74575167
72114338
70479394
01234598
02382506
07429351
74504106
43482434
01276643
01835694
70524304
01535675
01298246
02275897
42482269
02030599
01529707
70976962
46446825
73643464
73492818
44544569
41155156
71938668
01482591
71502175
48090323
40135813
01781858
43519501
72074331
42082884
70389767
74725015
77439660
01529875
46216093
72238677
45415381
42712886
01284322
62128950
44792362
46811478
42166023
02147672
71254661
43025596
70064986
41713900
71868523
70391081
01292912
45842558
76633989
01224199
45387503
02045736
44649784
46042013
01295842
74355461
74174912
70499799
72471422
77348605
02157456
75935071
01315533
01544184
74118535
74819163
01333141
70150933
44674508
02301611
74126656
01559312
44187740
77039221
77204156
42579164
43573017
60068669
80540028
73424909
44873890
01554194
73590293
75793879
80082032
01867542
47418449
02028881
44848983
72250710
08360859
80007248
01688998
41643424
44988534
02552242
77418472
02549395
42259785
70311447
46755425
71751624
70347943
46469627
70550361
43115208
45109780
01284200
45517344
46952281
02043036
02035534
70034048
75886157
74276747
43129583
74701896
73824158
01324389
74348153
75586996
77913219
71628986
02155092
70353183
44873892
47527132
77344772
10012190
77906498
71415735
80449894
42656562
42230628
73106225
73652100
74380215
47507051
46662649
70346736
74497242
42886034
73741890
02545082
01699751
74058286
70412536
41593060
71830535
71854194
80313026
43265496
41035774
01840520
73504107
73784867
76034461
77157758
74651727
02554091
73364046
01267200
74465374
80175703
01267120
73595712
02047844
74434177
02545096
74947661
41382263
70226756
76962411
01544601
46155845
76014398
70402610
45886146
01304272
47704628
70079816
08375682
75579342
47719110
70412853
42310481
46167396
41177252
73697304
44756455
01770964
47234891
70110723
46128766
29681773
45605759
73606306
48501766
44170066
74812028
01525959
71942082
71589244
76026640
43107923
02151705
31178155
02290791
77271143
02150957
01844751
73704822
76725278
73355860
45346035
01504180
73814295
75931505
74940023
46920148
80233638
01344280
70393147
02420319
43805832
72960710
42069683
09791777
01326626
76064105
45384431
72005292
46036417
41208702
80175865
44075646
42822462
41269124
01776784
02150027
73022599
02291011
74720945
02298284
71694008
48863314
02043897
44599384
77287284
76005222
02538704
02172367
73822905
40574238
02417040
70561137
45344487
01317939
01543752
01491160
42750878
01844456
40855767
40216217
74927544
40744563
71873394
76864487
73538717
30862242
10696482
71996130
43682033
01240528
10008768
46203847
73801707
42117322
74290028
71692435
76816479
80095468
74643010
02430792
46472682
02016672
02038741
29628044
47468450
01694982
01773920
09785321
74658686
01843103
02538682
40539151
02290797
01695951
70146935
01557789
80062689
74055728
01855659
04743928
02431697
46193440
71209439
01874314
75389388
76829146
46755054
73016377
72013649
48114089
75981836
48500532
01316230
60296263
46903540
45702070
72153018
76925373
74802392
02438248
01324595
01862926
42588488
74585109
01553261
74575585
02536429
44916471
01801053
43581924
73525789
74058312
70480202
02292211
76815581
70253775
77698614
73793788
01547370
02556703
24704885
77217178
73275276
71788825
75829154
70402752
44646869
48479470
01526613
01702824
76924252
01267128
71945453
74702257
71873300
01538856
44816414
44644466
77206639
01689123
71538837
47312656
71931752
70554255
01267083
70610583
72019054
41754329
73606298
43124480
42474258
71078951
45418205
70683102
70305450
70078395
73134507
76920137
78886492
70940617
41156715
71525709
45393505
60244481
74528089
02555729
80055148
71035870
42924079
71415752
01329856
71550399
41297422
70402609
73713224
71699784
45954730
70182609
77082623
01280452
45777294
71945545
74585146
43630915
02031196
02296051
73367577
41694291
74560889
40642422
43299660
42793040
43705667
45154564
02156416
70217379
73449578
01316734
41774109
47244840
70847064
70766351
02551619
46391300
44581782
73628265
02168517
77536364
47634026
44232747
01872690
01776985
60069812
71965383
72073938
74597553
01878011
74380164
71547250
74057350
44500269
71953313
74780542
47188934
02041642
00501405
70767200
41014945
73642784
73439059
70033868
74808892
01995320
01491373
71844487
76635027
41749179
71069320
72105676
02557875
60443115
71666270
02032250
70678210
45270125
01698871
43461010
70925298
70808196
73628100
75437903
45722050
45393497
02532552
70259987
70499806
73598726
71859948
80176321
75893862
01526805
75847150
70182497
01556016
01861264
70561084
71550572
01701355
76256745
73810735
40878519
44681071
02042735
42821135
01513973
76695932
71942264
45675714
40385846
73989357
42245698
40832576
41694679
01480167
76683166
75843545
74276818
44111040
73250910
01772294
61681875
41450419
41269192
01293319
74230292
44847805
01779411
46787138
42865729
72147589
42547250
73429213
08873764
01776462
02029159
60066458
74504877
70661054
71538866
00446570
75197064
71525244
01266010
73713388
02169283
42085837
40621510
74374306
01873644
01860687
73771939
70418211
01866820
70122069
02035337
44694286
80113698
43107732
73382246
72011396
70310922
73459499
45806395
80372010
76860805
74585817
02167410
80296153
43254914
73432572
60178618
72655553
80035074
00676093
77025468
47426283
46736247
77467057
73640705
70206859
70023196
41523447
80031510
70500035
46708610
44855794
40182942
80670457
02305443
75315423
02552654
70389750
44210814
01340512
70297070
70093728
02553912
74640847
42211796
02443978
01320251
75402177
71027566
73802783
73390746
73349851
77683138
02146745
70142940
45486837
45468629
76909391
73773918
42317326
40570172
46328593
02540649
71830543
02049219
02362453
76925476
60069659
01511727
40541222
45792664
71874597
71941769
44256925
70366367
01319307
76929867
43339054
48187668
42056923
80043334
42836369
60243014
01293398
42195508
01294008
73638338
44635242
70238299
43336577
71969362
47936486
46427478
80531974
45088063
71527689
44025845
47125819
40575533
44458907
75789442
02262105
73362722
41793028
70221725
43717688
02279535
41974351
70775774
75484550
70323235
07515489
75721903
02165914
73511828
76196913
73277931
77508076
01345059
01321496
01703429
70326033
43238025
76792530
70548047
40400260
44665850
43348519
70295989
01550843
73645446
01342107
73636112
73744413
47769812
01553452
01550282
71627474
01557393
41567832
45722821
71892828
01991724
70459010
01867098
71868281
73513376
02362415
02010583
73694459
70747576
43265584
01553411
42403483
46052086
42143162
43401258
72076566
75908744
74958380
71941780
71343763
73265496
75453139
41682834
70081710
01480726
43363269
70934991
01852920
80082013
45462025
73588345
41436168
45213615
01270683
43139560
02430302
75712459
70017305
46867784
41488949
73586903
42567989
02447461
72977264
70208419
72357017
41625082
73713132
80233367
73609873
02551276
02557105
70777513
40412755
71534606
01834993
45381076
48046149
01552626
72969791
01691560
60066988
71007951
01559630
70220567
73068990
71660486
47288341
44631209
42882934
47186090
42051961
73819129
29682140
73342797
43524894
73945141
71867848
70201167
71130291
46929693
71437621
75063805
74893334
71575612
01247613
44882483
43934877
80670893
01703488
46678506
73952582
46184237
43703215
02151212
02167311
40770430
70363095
74281209
74386187
74143694
47686752
70321059
45099527
74801361
71660537
41753424
40574175
45149318
45651483
46118264
74599478
01512967
71250694
43436856
43561001
02440451
47851641
02273579
73857549
01306180
42530191
70170652
02416681
76959738
73820174
02441506
73245359
46297644
42122232
01690365
41793052
76701135
02412480
76675214
71706524
71940244
42206764
46924336
75570838
71864323
71565473
73611552
40593316
70236798
71065519
60556021
46011558
40354261
73592984
02042974
01295767
76920469
70429440
70465720
41155143
10747405
71823813
42108900
43072662
45836676
46519947
02444757
70109554
01265040
44640031
71505443
74541034
70472711
70235819
71505460
71754231
42858568
70144576
75706537
61681326
40405974
46212790
48973250
80502772
60237811
70278028
01543798
73647843
01340923
70157748
45879851
70139981
01993196
73595489
01698861
73513613
01514177
42629328
01536753
71721276
42032021
01889174
72422183
44569869
41732885
71445215
45317571
73764249
40223265
01313571
02146486
42806352
02165894
70143563
01700202
42500824
01523733
76808588
75010295
02392842
73994570
43118058
71568700
02164534
01555332
70102137
01507191
71892569
80214175
43611172
42835328
73512355
02156154
74624471
72051318
43339876
01851165
01850083
72438651
74154370
01700217
80668855
46833838
41734370
01489448
01305258
01251447
02296702
43417786
41773565
02380043
74357575
43949455
71504026
73807534
01554272
02050596
02273545
02160541
02541785
02005871
73648143
71910583
41781412
73817435
60196726
71852646
74120720
02169294
74393703
71920477
76126134
41432618
46906751
41264939
44952005
02525429
73520600
76933077
40832570
01704509
01292154
40322212
72979089
74502240
48540478
75738780
72974427
01851049
42210720
40698116
71936332
70493201
40963584
60963073
15440505
71857153
02035787
02438947
73945154
72567663
02011516
73947155
80001531
73810266
73601537
75701684
70524305
44695492
41531615
02168951
75856469
41163321
73853123
43176601
45041016
44211884
46357451
01548603
47291016
02174049
75979663
40292343
47979902
70493069
76829131
43742280
70571066
73461735
44221948
74568647
01529485
60069019
40210196
44914451
74605084
40613998
01874645
41713524
71225847
43768737
02554835
01259614
01286719
01777282
71700213
42180640
41267386
02164668
02417112
02437181
75702811
43158861
02413926
60067910
72816655
41292481
01335601
40361354
70377383
60067516
45089396
02015538
41413172
01559231
41458899
02378615
43647643
02449741
01236046
02041591
01857377
78017429
01874463
76832326
02301705
75237643
70878925
45460198
47420821
02155654
02174250
77668168
70536831
73771544
01491068
01314194
42380059
01491550
02440546
73771911
46465302
74939507
01332642
60303556
77474304
73640623
01554517
45071087
01863931
41267407
40704171
43434241
77086486
71115704
46542778
46638979
45261397
41574743
01343184
73353524
01558317
80670826
43263921
02368566
45912584
73530947
70547496
01556691
71692997
42466702
44723610
02554554
46164660
44376773
46118235
08150982
73611322
45528872
77536332
71016308
01317367
41162092
47161500
71619834
70818039
75252030
70834856
71751630
75449821
80031445
42797408
01491082
60781463
74657976
76787440
80044555
02422645
42105832
02305310
60324515
01547035
73503914
70253803
41200275
02010744
73988971
70311445
60302958
01558468
40193406
74277560
76810453
41422323
71575473
71568710
74376753
70235874
75886065
71935825
44769721
70101996
75762941
75055257
74460108
40335005
02415992
41607830
73361317
72454094
75772970
42768907
71818649
02059174
01857254
02417590
71726391
72919366
02434257
02292955
73753011
70678205
45616417
44750695
73802084
80670414
71921569
61745531
76301589
48939020
01297638
02553962
29405999
02398124
73806432
74060414
73517281
02373401
02145353
72517931
71734617
77039150
40718081
46976758
60178803
42120277
72438684
42155875
01548415
72279061
42681355
73591786
43190553
70650136
02418193
80042718
74503551
43415511
02032769
42348719
45133642
43106201
72025244
72121962
02448702
41166841
70691411
01487949
08169067
02426170
47228359
01550554
41782633
44306359
73430160
41790874
30760126
02428806
01550560
71589087
01558554
40386658
73520456
70376135
71697945
45313054
70191471
46654747
60271220
02447864
40137465
74581034
77128806
01559244
01545683
01522166
41925070
77465486
71728972
01514348
01313692
01306815
02169890
43078089
40512332
01698576
01996133
70914940
70370187
42395343
73134505
01519405
44146132
41149500
73771660
02163719
40481326
45157251
70520688
45668158
42420826
71956879
70472020
02036494
41524118
80255616
01683444
70471977
01700892
75865589
77136640
45714072
70513408
73460925
73539349
72040019
75847422
01338984
72486591
70685013
73750696
40645659
41402560
77695152
74055401
02549417
73261210
60174330
77353409
42147501
48287658
02011921
41553341
44615453
73770778
44429434
01857878
01772663
60068360
73831045
74351879
44696706
42234077
43700851
74432196
01694503
74498327
40480919
73818545
71349056
71953439
01212702
74287625
01889434
02041563
41163312
43252716
00472353
02265431
01802689
41912202
42650833
44794638
02042472
01340847
01862581
01318778
48741548
01281354
74690705
70279442
77670397
01704936
78720817
60206915
42281913
46708653
74939979
74543956
02050676
02031194
48320370
44180634
47491528
71925267
75907963
01700424
73653975
76612325
29629417
70237109
70355170
01802881
45145576
41371565
60069271
80474729
02274161
60070088
02041973
70019007
74322698
74704446
76657907
01335681
60067856
01873586
29673453
74581764
01287492
76140791
71852629
02540844
73600468
02538080
44182168
73616573
73867998
02297332
71568540
72370719
70472694
48869619
01553738
10244151
46731153
73582720
74841513
48069226
45239104
42519137
43222052
73230727
73486185
74969369
72051316
01857535
70831919
77015558
45216204
04436959
60068885
42166554
72560416
02042401
73534687
72076569
40330695
73942630
60213458
76202807
70542774
45287138
74642908
42264146
74064485
01995949
60268580
01343692
01265065
44829923
73538013
02050465
76650436
60069844
23953662
74172864
75996857
74599812
01691007
02293629
44560648
74046470
73591328
46525610
72636583
60700010
44446334
01700917
71666262
48546405
29582768
77041384
46991365
71518687
60069822
40543725
73942073
42753766
74618385
47204459
01687264
41515170
70130650
76695931
73298571
74379373
40826971
45669785
48248882
00521078
01790393
42432554
70329356
73537205
45107725
71942150
43611421
42782602
60276328
70364128
01228732
44105297
71722970
41493128
73799508
02371676
41934311
75820611
41748018
43646600
77817984
01342314
74472645
73773712
70212425
80081425
48066859
44045855
74313243
45610919
47788962
02393421
41860730
72308583
71751807
73523042
74214803
41773572
02167441
40829457
75710669
46870619
02301283
73385841
01502637
45096427
71660525
01850386
01557863
80027916
71502091
01507494
02147782
42487588
71035872
42765112
10424723
02307073
80442135
80082029
44317901
60983635
42131286
01535443
45040383
71505513
02165922
02405838
47448059
01272384
02409858
40925510
77804417
01266862
60394825
71767180
80028427
41694276
41013522
60527333
44954282
74568867
44984722
74374152
75952632
73649416
76745143
71503991
02044814
75365201
73305270
43441842
74141163
45462428
41966823
40570920
80484466
42450416
01295189
74808071
80094799
76852358
41320001
02047297
48227529
01236148
71594995
41162056
71900648
43118083
73111885
74285820
76376635
77917552
44727270
70411152
74802303
41364337
74700136
74725565
74938630
41718080
02307803
29592984
01994879
70842418
02531714
02150862
76696432
02541691
74695191
43169659
74396545
60066438
01812265
42399302
42426198
01213433
75861772
45065740
02049458
02307663
73525662
77221814
01778846
08756883
75555263
01320647
02303101
42359744
71044822
60765242
72011669
70525765
71524083
75155774
40724436
40444651
44623988
74354038
01295965
74625964
02154513
71439349
43872142
70230435
42827137
42994560
77506038
45514061
44697069
01994344
40863574
70469462
01864088
41156734
80668790
02445852
73624585
23923677
42105564
75968003
70833800
73822751
01853898
44549865
70983628
80446889
47844400
73327185
62823542
47400582
45552944
01316747
73773120
71709873
42992789
75877003
60066660
01230668
71445212
60175208
60201790
41969883
70079980
74652008
41467933
73631054
41672046
75091198
01293110
02167117
76844633
73705509
70670284
02166068
78635312
70221746
40570855
01865709
70765689
02262208
73643073
01556069
40829345
02264701
70264230
02287143
76969989
48185627
46994597
02299108
29585053
71889391
40437265
76022221
70683120
70080510
42659742
07468134
46153165
41269765
02172331
76771710
60272354
43679019
74837249
02396051
73522999
01327954
60068021
73711333
74947748
02036434
70835715
02036687
42161246
80669559
70096947
73435178
73636159
47201790
74497275
77176336
73418698
71694909
71019699
74023953
41768841
60065904
02414826
40570264
70414870
10599279
77160449
71579109
02044378
72175054
70658964
02442997
80114253
72000493
73764013
70238203
44806643
78197685
71727952
60457786
60612372
29531905
02446320
42616594
45747485
71824190
70104146
60066936
45936576
40596736
42347236
01551317
70079888
43804403
73807278
42406945
02390560
43094316
71547382
77709240
46190436
76932614
47343745
72368943
76989991
73855834
46282518
73356449
71568360
71692482
41889214
40288693
40321477
44395314
41318515
41373597
43640164
02050015
08281595
60218420
01850346
73355912
42384845
02260036
73303263
73971282
73414731
42323765
43644110
43933587
73523276
80143178
02157431
74769320
47152833
01519134
01494908
46491000
01553895
07451625
43023798
73607900
60068215
72019317
41884276
01296894
42176194
02165745
42001783
71493830
01202605
44110867
76803116
41172266
02038069
02150835
02034661
77137733
44198541
01255641
44722991
73523412
80035761
46654177
70480705
70747320
44812857
74939226
73236140
44429422
70131808
02438783
41555607
74807198
02440536
42985214
43826321
01315171
43317929
75167291
01777838
80256928
42025025
46262203
46666916
01802716
73311187
43908400
01542795
01269918
75965451
47440586
40912504
41542381
02362908
01831092
43681309
02439636
77148473
75936093
42717147
40070242
01251528
42005352
72487733
01538970
40631410
02045487
73266805
01552807
46207271
47434848
60978486
45210257
40968149
47652631
45725449
45848583
73620973
73142192
73576742
70547439
75783115
74231906
29359684
41779296
71877689
43852469
44316358
41884500
73542453
72177068
41440566
74725573
76651388
02378711
70946431
02530831
73817426
46302307
71601865
77241621
45468589
45015782
70130932
02437125
43508394
40099027
44260881
45937177
46278981
01550137
01873559
76086330
01865263
01339207
00446588
40612013
01772186
02302925
02030840
41985369
43303432
01996735
43768776
70526335
43312261
74171254
73812866
01556364
01209812
74629381
73581688
73616560
01231778
74382027
01327635
41807177
77692738
02538542
76761016
01301418
76745690
41711153
76186174
73059946
70388680
02429707
71506922
70290003
60260776
01558184
73379990
70927571
02164632
70208430
02032061
79546593
73580293
01275057
73744504
70096958
41297987
01320373
75409414
70657658
01866301
43213273
40673807
72195354
74598891
80113906
77794717
02546327
01842757
02555018
76428372
41252442
75532780
47411281
41950194
74254148
76334525
90081169
76871338
77467959
41499755
42705546
02275290
40752688
70820932
73525780
44488696
43252058
01250686
01872759
43532120
43952205
73652947
42586580
71624369
71695615
48221009
77702507
70692486
46857586
02439217
01692736
01773045
71003020
70691100
46498560
72129084
45384432
73515741
41030733
02545947
45182989
45154891
01835217
80669076
80492077
01778673
42165660
46189294
74376664
02372313
46867783
02288462
02537604
76745670
01536519
45390243
73735383
73735382
76956890
01836673
40823727
76743102
70362881
01224791
41780051
70413764
43741133
02392418
78020998
73759047
70943818
71276571
41988180
75151186
01311210
75867273
74173195
43330707
43114381
01842347
71755247
75415054
42073845
45547674
46207278
73443437
73713343
02290567
75621289
44680389
70062583
02046325
48165261
02274355
02443917
41601028
71565319
72384576
77177478
43475856
73902304
70660538
01273693
74172440
70190326
01234468
02292803
76837337
45612409
02405511
46370476
02535254
76830074
70053600
72785088
71933823
70833316
01508575
40100008
42642270
41723403
72198981
10023776
71527682
73631505
47666794
45323303
47303783
02540987
02530628
75433292
42267069
02297286
74838354
71538861
72471562
76933104
70358091
01828891
74597586
01800228
01705734
70810400
70170755
60171921
74504117
77291418
44476798
08171461
77495149
02526653
02445266
02030191
73426943
73942489
42746697
01551420
43412105
70868354
01558230
44179610
74808783
61939172
42740182
45199917
01690911
73209047
74563974
47243509
76842868
71719760
40402586
01520985
70555192
45739792
01558511
73388285
29540406
75536474
76171864
73111588
43952271
70664164
02030192
02557036
41307689
70519034
45203396
42969102
41717185
75669989
77142684
40834046
01705243
01561119
01328183
01703337
01541800
77465485
74685322
72016141
46265367
70915791
01539825
72106030
01335307
46366187
74446240
41668408
01302690
73621784
73608328
42301334
02553907
43123651
40540536
73600271
45398564
80517927
42153313
70102134
02405557
02555493
70336655
74348042
45997007
76405793
42448915
02049597
02038391
73304065
01536046
02012984
72496555
43952238
72015835
73616750
80035116
70781354
76818624
42496193
45647670
46779016
73438871
80135111
02431490
80607785
41881309
80373100
76227443
02266824
45314912
02421794
71011829
73636673
73711332
60368074
46994300
02001787
42016279
77032949
60764787
42499349
02307649
02535261
02171678
01519377
47283326
02046186
61091877
01309128
72753768
70823316
70153896
45561223
44187752
29315594
71776037
01694562
43472356
02437926
75670735
75348561
42271366
70297433
71991476
02294766
02287755
76086110
40667464
71991574
42649590
46038240
72083482
76481818
44390738
42603831
74415470
42130517
79051525
75239402
43298771
75485325
77415551
40775797
77792435
02394458
45148356
48477162
76926219
42332640
01687453
73817576
01787511
70841096
46410951
70226773
43750065
02298787
72170854
42655861
40160860
73625056
73744617
70290125
41795416
76926054
01335795
76967688
73026773
73743131
44485561
02172212
72002193
47089535
43738358
72895388
70184026
46865957
41970853
74242483
46071925
76020541
43188668
45633237
70201140
61552204
01861624
73388267
73347525
42317323
40724420
44572068
45641160
01551536
02045697
73590286
01981189
02558284
01318063
70823345
46114117
41988385
02554665
80043738
76907381
01848906
74602054
00515058
48778205
01783350
74351094
44457236
44247155
73265490
77082544
48145419
77171797
79396358
70126861
72000232
01225784
71347737
42289882
42002797
74699226
70069773
75409413
01776971
73645748
73277918
41953160
73541239
70832483
42448753
01689185
73626405
43706993
72093164
71525722
75734125
73584018
77542106
70552782
40349352
42450325
47315508
40459678
01330464
44409285
01795435
70417180
70861747
44469892
00660445
42095179
70678212
02047587
46755033
72160177
42927755
01990955
73492815
42688726
47457708
71857093
29735386
73479314
73523610
75252077
71568390
01323337
46532608
02296890
46290949
71531858
47689544
44748041
45083508
71523881
40747226
44357322
72000251
71699754
74949205
47291235
01311146
43338818
42457301
80028922
60218401
70389740
44427190
01691403
71749003
01865933
70358032
41768836
47960782
73601701
41099592
01562015
41439794
02446505
77212739
74802398
70053858
42640281
73385104
73820289
47350658
02526973
01272329
73313457
02292927
75706523
72304730
40149984
01210495
00662168
45593792
41733470
02301207
74074210
73355120
70171074
47838310
74474416
43116971
01332923
72542586
74527299
75525900
72076651
74161294
01870953
02030634
70665380
74633210
46987800
77537444
01856724
71726614
29651120
42063536
47315724
45935800
70252746
76126398
41499211
71850993
44472167
74151874
01888758
46626799
40924364
73336854
77132794
41977409
71540291
40055228
43620694
71493790
71003038
44511887
71821309
73797082
70963395
01262981
44146088
46624779
73640729
41737946
44644525
76932618
42067413
02047585
40911232
40138149
80541061
01272212
74407367
70191461
00484891
41552440
60179434
01548802
45827883
77708883
01560110
71824396
02029076
01704899
70775683
01872310
75764328
60213599
72362474
01329872
70389755
73744837
77913999
02530877
01539845
76964417
44558927
80387399
72157968
45482776
43672042
74574505
41677486
42569417
75915345
70810422
01341094
78292164
73811024
01228208
41970845
73626401
44947271
70352009
01694591
77150912
44124787
71593513
71254655
74808089
71209432
01683918
43792759
45836589
01698616
45923983
76729116
01232491
44250991
46701631
80611926
43370676
77235664
48656751
47921350
29712418
73311542
74374983
02527822
01514116
70288329
40428340
42038996
46338811
02416914
02020431
72455174
77025994
01702188
42993086
41033742
75342429
80670078
40130912
74568784
02031993
10055015
80053599
73379777
41631516
75090583
78188385
74587851
73764150
46826205
71049757
71582275
40235179
70792700
74598886
42481632
70176794
48365476
42926631
01322113
01293752
71003085
73517198
73525462
46701632
46776112
44047030
45158736
71558083
45068540
48665257
71524126
02374524
73310472
41858252
43015582
73819746
42782971
71946466
02531400
70236983
70142761
02031862
02388733
71507201
70111048
43212160
76876437
41255827
73741843
70282852
73820094
44805720
01298856
76464688
45175430
45137013
76984204
47573309
02439279
01296078
70566221
46889704
42324617
02010467
70155903
74357513
02374654
45058595
70927557
70878960
75774917
61565860
46936264
43540798
74057371
73657213
43256187
80297644
73707792
43301515
40674291
41963436
77351347
74373428
44388884
47032684
70493145
73896065
43506863
42466520
60340312
40503050
72870995
73500374
02292311
72755242
01557677
71738876
77421770
76605528
01258008
45641159
71099877
75579323
80668689
76679140
74614067
01318686
60837065
41479203
71547917
73517304
47139189
44124778
43617212
42727194
42176672
01315833
44925279
01696338
45134580
60287586
73269539
42200853
74662113
73619930
01268394
73225851
43349863
73819001
42607825
40116124
60703550
02286966
01557933
02064614
47001280
74878929
73425459
02171872
43912702
60211842
47851208
46215234
46215238
71493833
70496247
00445737
01313753
77326911
70186236
73818892
74533687
60066481
42426900
80389286
02542385
74374977
43700808
00683992
71956994
74249179
80023564
77202586
43068981
41012663
02401118
02553825
43276043
73628241
75022605
02533328
76064101
76949223
72019071
47349413
73586663
02427747
60201764
77149914
40890383
71430476
02411598
01266966
01536490
01308890
01281871
42305390
73832017
02557915
73645762
60643410
60765082
47073461
71905175
73614545
73308543
71905147
01309580
47170704
71965049
41215754
80066887
02431830
80374049
02449363
75444656
71660339
80606678
43015545
75452928
41216721
02287210
70749366
72655934
41981384
70101987
71520106
74809164
71058856
02168058
45024767
01802400
47015090
76864566
01520072
42239588
01253267
73810114
42726377
48499040
46857649
73712247
01281827
02164028
60271273
46326326
02533560
41772492
40748102
40606140
74169956
71521041
47278307
75904120
46292316
71563963
01776599
43091294
80588211
01309426
42749473
02296642
01315437
41633419
76655097
43281846
43742381
40667303
77128548
07371002
02553626
72007712
46788203
45324455
41452500
02418262
02544998
02403299
62177474
44062120
45822427
76380299
47120953
43443703
42322936
42960700
02543906
60173705
43656087
74701036
41834298
73854030
74276427
70768795
02295749
44025857
73638686
72524636
01269379
44409308
46318321
40594153
01866830
60491151
02042988
01777577
02383997
01802793
80159976
80213801
45368269
80113637
74607138
09492929
42819085
47123832
45334839
02050274
74653784
73514627
02531698
01332100
48019151
71701022
02542250
48591276
01869515
01321805
75338274
02448510
44917823
73611557
02275222
40958314
72005088
47019770
02542449
00497525
43601430
01212523
72011696
01335446
72514312
01255702
60069750
73619604
74809180
76028689
44373480
42319981
70274681
71889390
75490318
42248249
01310220
78465298
46615130
77819519
44588940
80308926
40546209
01307102
48370993
46979845
02425893
02286850
75125208
73610457
70176303
76524260
77437558
41448911
00982481
44756477
45715265
47020569
62596990
44618583
46445025
77424253
01132520
01131710
77438922
43152480
73014542
80672101
01045965
75337223
27268808
42370595
47806852
44810884
60491308
76165004
42084980
45014930
70821040
41063665
74657736
73126739
78018827
76053979
61812506
46627514
72249797
60606147
18138855
01066487
76145121
61229599
73476990
70751583
74635663
27678866
00982898
47726068
47064674
01022438
42081696
44105320
46476494
47100667
07552288
42390358
42845637
41257816
41800554
40519976
41513652
43203464
62485451
01153976
45219944
73479358
01189750
01113291
74234008
75390165
72917425
46349223
72198108
75348872
45304011
76309263
08933279
42099054
75311780
77155545
73177870
43199996
63450192
27413271
61744444
41450695
00835726
73004806
42232552
73665442
46529495
01187214
46351642
48047887
10620620
73064471
74371229
41015891
71749944
46698405
48327988
80164579
27988338
40326373
71643301
45624733
48537017
41226910
76684085
42979943
72278272
47464584
60185627
73448758
75454058
48825835
61650109
01033499
74466142
71697196
79626114
60185619
01096858
47814709
01131922
70078826
80672639
75951841
47778530
40782122
75214319
76242913
76065552
76312683
80404064
18207967
42288550
01135332
70167141
62424891
44383118
74214224
70509564
45656067
00824307
01158685
01100474
71660194
42361775
62081867
72488060
46468387
47509324
01025849
73444351
63357911
01072645
70844367
70323023
70031283
47789033
01142181
40446454
48262619
76862446
62160370
00933417
71583818
01076650
00837473
46933789
06961181
40150891
44507560
43952535
72754207
42592276
60185722
40259052
71449284
42467983
74574251
01066159
70163049
71586428
01162486
73230104
76725542
75245690
01160720
10813533
00834125
01122713
43055646
01156637
71501559
45086365
47596394
75368461
71412499
70161874
60797570
41545874
46719288
73585154
01156097
01186534
44692363
76788847
01061868
77468011
62462203
71321758
60474076
01043733
75836579
41220706
46462027
73203409
73318488
01120723
46766221
45007013
70167143
76065815
76955629
76677349
01113573
80451314
44172378
70076508
44492957
01066193
01136684
33819887
76446770
48660705
00973421
74172561
60132376
27703348
01108442
73478081
01117400
77324992
71657398
77230344
74435005
71074041
43408217
00922340
75557205
76878757
76221225
77167505
73990651
75812995
76786698
75856784
41446328
18198855
70163498
45818822
01063910
76786731
60874174
00933153
01141381
00884998
60299471
71073447
70427653
43969021
46741399
46901955
72047265
41731641
44117990
75101706
74765450
00917312
00948159
71372022
42055426
00931654
22510341
42735070
74499940
43377588
44582788
42375617
00949270
77385579
71907694
01142185
60131582
73595546
47998764
00973338
73445029
71589601
80451627
73011877
45879915
75451387
00970822
73256281
01128451
01159339
10809904
61584685
48401685
72293480
42089042
73756844
41656642
77061617
47330804
72893861
00949292
72015472
48344535
45327048
45978965
46537030
73121321
76870579
43747699
76139117
70258782
61684944
46358782
42156029
76238724
01045353
43152300
45060252
01125021
73263701
73793559
41305651
46322149
46504809
76963658
60454391
70238418
61828713
74596720
01140480
01045798
46031983
71701525
74841458
01034223
41629312
75725029
47697701
76595733
75725036
33595661
73001244
74805899
73032510
62692571
00822866
01132387
72110864
72842012
46512890
70232368
40967102
41654425
42402947
46845397
71318237
00966457
44108074
75717790
73802800
77173204
01111755
73700907
74401568
76769531
73745129
47885012
47073521
01125205
27424237
47228192
27575786
75279401
72245413
72621324
41174592
70996645
01124887
01140303
73470627
71254713
80419988
71887280
47613993
75955012
73756856
46142338
27067140
00963938
44542860
41592043
00885857
16512585
71762762
74039770
72300742
70774648
45290305
41022867
44563402
62771739
60277252
01150735
46553193
46682796
75390148
10160589
76862092
60948359
71806769
33673783
72858281
00837340
76435436
75215775
42919591
77324978
77329047
72296176
77701518
62415034
01079264
76512173
62823144
41860572
45214256
46574142
41997289
01123872
42025972
71782423
71220065
62414986
60831319
16781260
47332201
44714227
00977953
43297198
76245755
70159029
33827020
48416331
42137597
25455588
71765324
46708714
75100199
70311628
47959912
48496342
71308232
72460243
70505654
70823670
01103706
62160381
40310182
72327177
09618270
23008764
71565906
71311411
46306345
42796864
77082818
44597889
77021565
44454931
77149582
01056793
45844311
63302382
01092779
42048712
44353263
01045358
40435160
72640399
76629894
43462650
46184830
00803854
70548864
76436214
80261741
73949883
76083841
01123988
61732609
71698119
48153436
73762166
71749685
61406201
40272733
47734533
60131046
43497486
74433757
27258706
44900460
01128861
74596398
48311024
73179199
71970848
70314635
74435924
76136843
27979735
40737872
01087550
40310195
43747192
72242320
72980370
01056026
48241163
74440196
00870439
76962614
70256377
74276884
71569802
40954063
43465932
77806321
76258758
70693623
75136476
01096765
60034374
75957241
75611404
42490163
71582426
73948927
74043334
80131109
41822255
60266959
48369662
00834906
70899290
75478075
44435401
16486737
44386005
10360691
76913638
01120074
00966461
77228135
00852623
60129912
80452846
71655372
75468882
71989222
01084981
71386229
46213338
00897153
48527922
00847412
41366121
73444361
46149399
73579093
05387850
40369248
42086286
75194460
47350504
73695836
41592030
60311135
41462807
00811592
23702415
73441215
00801436
70568155
42140182
73691767
71898643
00954536
41171460
76659856
00827476
44917154
00987517
71109251
46828409
60034396
76590372
47302705
46132066
46056580
00987653
42929790
75216268
41757408
40431485
70184011
41921184
71889411
75217714
18224866
76680143
70161882
41952389
42290722
40958419
73321424
42181991
73871097
40299826
00933534
75047213
60553560
76644877
70233167
25782094
72761013
00963526
27376532
75212971
75680236
27710092
75568789
43529396
70512086
72047972
48316386
33675453
73618592
41568828
00818560
75612049
00969930
77437714
06421305
42952976
48160703
09906797
01087213
47335340
44003015
73596601
45844216
60034515
74232951
72576355
76269658
41144376
71003129
44685112
45121515
63595960
70184005
73677246
42248269
74884455
76829558
72897655
46634705
80616025
74289259
70526358
42509916
47229659
00900257
00809150
77504813
48330480
44765422
43002117
01151473
74702045
76524462
76269499
77207204
71852797
70662573
75689127
40549093
77209017
74285798
41897186
70749429
43014310
77152810
71518722
48066173
45772267
76386012
70188266
77037422
62672715
61560536
43207574
43765063
76463056
43572300
76520029
73752817
81377578
70996539
74414721
74413959
43465370
01163745
62581845
70233067
73485638
60651418
00906158
60033621
00974346
74167181
05631918
44303969
01132066
74217069
43006741
73444715
44561570
76158934
77240600
45012656
17602927
73376922
00881171
42300986
75460270
46302233
75566350
00952744
71342078
75203056
06805321
76809007
70161721
43031079
60289054
40316118
62363798
73871109
09862403
76253548
73204189
42524137
00851300
80531365
40245769
45050881
41085232
76951989
01056998
73445442
46111097
08008037
46212503
72326202
76036359
02844151
40649732
73858727
47652419
76082381
00860043
46635236
45218684
45932769
74923604
73182899
76132335
60185608
75812664
00954302
01080199
41545938
01089135
71895089
61999828
01055971
76140168
74317510
47743786
00906811
42398253
42794219
74431136
60410386
71666132
00833574
61700824
60634896
71473334
71776168
40295310
75319315
43926934
61560599
00987510
44516482
73959729
73489311
46114176
73440657
40237791
46111406
73176303
70385474
75807864
01078619
43354533
47227864
43919220
40526142
40547370
43533500
01012054
47402035
00910794
74315902
71104112
41612709
74539818
74449615
76065102
76179516
01081122
43836197
42032727
60751947
72301963
45933552
44842805
74212894
00821715
01106164
42994842
43140812
76185855
45379376
41723578
75841810
76037678
74289237
45252675
74651354
41608422
62141404
75651297
43940182
72632093
48667922
01158812
42179112
77812273
76603316
80361544
00809297
45647653
42535235
70549130
43783905
27422962
75107806
42401550
73508578
00814020
01061164
46958280
45512842
45881761
46306903
75791056
45183011
75512540
60131612
00990381
70183413
71520991
76061677
40532280
42220797
47734875
76942813
73126978
00953666
73175332
22455308
33818958
76212349
44940663
45817594
01189746
73473803
70126220
41644919
76744100
77098420
41439816
71465256
43599209
74433325
43969001
76315641
48817735
71848776
44274845
75913169
43044564
76676694
75339881
00847813
74402623
45361672
01141389
46327115
76867430
44120153
60624907
47999047
42635677
47012976
01096828
01152910
72170865
43324416
00816558
73059674
41741491
45146205
78374221
00878980
41573651
00808645
46562981
76205106
01163166
70818078
00952350
77341239
60055029
00849483
42655333
73697535
75605359
43108517
70309921
45536522
00958406
00883470
75341916
76014579
42802570
75908903
46185503
45918363
76548026
76692487
44443921
75183663
01119725
76865516
44299304
76865608
72047284
72245440
71627669
72238344
01144258
44593121
75936503
46551618
41554609
61241297
76647493
43479369
76066537
74285082
71120560
42095275
01155645
80331115
40300178
42399387
77179917
70161754
73688254
40524360
73642653
46272926
70166213
01085187
42670192
73665686
05853543
72641034
70322944
71487414
74657597
40412059
73119947
00963141
71528057
72254505
00877587
73416094
73652593
01135922
46591573
80217251
71214631
80543116
47280534
71900296
42429622
74234559
42574578
00944846
76785750
00967141
76757917
46379387
80238842
01143698
46237036
45199960
76432468
70322992
01095495
72939353
71073077
73425019
01091629
71083300
78460388
74692278
70549159
60036157
70844353
47763565
47922636
75311872
75324410
71066970
76199728
00909040
80237477
33819523
77076497
76831760
47588710
47249955
71505741
45085227
74435155
40506194
01013179
75191853
44067878
00968970
76077773
47228621
45693789
06734350
75226246
75935280
70104882
44246233
47553896
40342545
71836200
70454806
42006867
45894897
60033025
43459908
77281867
60222099
47215893
76475213
73767333
27730176
70549064
00907532
77045840
46925871
43486846
43933257
01137786
60033903
42521264
60832241
80683769
40637532
42129620
41812723
70748433
43451085
43547347
60760839
00890478
71999631
71989197
72017775
27855195
73466838
47763846
75500914
00810286
46734462
46110886
46213534
46667929
71831794
60913775
48069974
45764733
76328646
73864989
45794983
76072715
00885414
60299518
75776652
05387983
48561098
43198577
41720231
70935029
76191412
75817052
73142542
42199310
71706765
70036862
62121949
10459489
42628982
62121551
42479190
80439968
43123729
71805595
47735043
40108107
73245853
01108597
40222689
45013713
48639139
46447731
00890527
80533284
73870390
76178870
70355801
46674902
75812804
44417526
48773865
48427235
42004078
74230012
43508523
23009630
01086695
28316333
74771788
73481502
43066721
45183079
00822361
42059475
71074040
76159439
42223866
01099488
00884733
41456077
01138291
42048717
70161861
41972792
44575589
42502767
60034834
60890307
71008309
45216605
73438396
75333550
60553649
44153568
72309465
00852473
00973007
76752140
70170490
45235217
18216288
46656261
70549568
76747055
40119248
41710439
75627941
77283847
73595541
71409780
43106720
62153276
71576579
72242323
45222838
60511290
01053318
74530862
42462870
33734128
47649088
43145088
77124660
42018481
01057662
47931975
43909329
70162226
60508858
76840929
44538123
45619584
70745409
76988205
60271866
40593368
00906555
00890126
01015276
01189773
42159963
42525900
45462361
00868923
76663580
74865725
73960667
75177922
73491712
42206172
74433053
01147311
60517059
01127782
01154482
00966503
41662977
00837700
48745217
71951958
27731289
73510544
77095091
72234864
48395231
40272738
42794814
41870004
75051215
00841711
74377116
00957204
80156620
76200726
00950513
60910218
45004923
75339223
76021930
46029210
41391491
77354925
00955204
80564333
40481515
43840428
46165707
48402139
48359227
00908102
09631158
40783786
46575021
76758104
01105972
75541088
77275143
00885368
43868603
70104195
76256128
46233002
78069822
75047167
60154155
43364138
75311474
77242848
75397135
00910424
49031950
62044073
46307959
43166910
76143927
01021696
43917918
77152880
76774316
46380460
60937505
25640826
00903308
70309935
48301254
40337696
77171059
61126052
01049584
01042037
74399068
60252034
41620132
76072435
72171238
08453598
01073615
03694224
44304719
60216915
80535963
75524481
42193378
74773968
73482046
48094710
46757741
43292848
01042298
70073369
00975443
75404061
70923407
27848979
43996277
74660767
00906079
75252493
01069055
01002805
00993507
47754638
01189481
48401651
43042534
45235995
48030641
71520977
76751024
00949296
01050136
01015159
76682584
75808909
70544525
80208862
60033614
40052078
76988006
70160773
75812693
76934490
45174016
75519146
00884430
80691506
71522495
60913911
75816386
76072360
00865582
74549222
00925756
75215701
46284990
00991039
76461881
71504660
63353327
80522568
45634526
76194798
43683390
72244700
73053608
40863264
47077956
72171163
47679900
01081727
01137436
74385361
09574631
40531938
74758309
73654726
41697655
60436759
45942123
44657668
71012007
41220697
46736468
70196410
73960203
71090305
46543953
45524045
01051000
00859708
48646797
74038349
41624784
73750506
27723678
27754112
42879419
45827962
47233599
02811552
70480402
72711165
00838747
76152834
17909041
75874251
46817496
01092194
60605715
73752801
45115958
70242325
72171154
74321721
79788240
46522961
43149219
00966219
74433647
71635599
40203872
00908275
46852112
00912308
73489660
74306572
74380629
75636553
74865724
76145203
71803968
72241795
76949853
46209797
73422684
60602558
01153523
01153290
72956793
76985844
01049880
75620282
77329988
74204640
73133250
74435341
00850414
27080616
74587833
71644644
71848834
01096445
72241745
73894046
73507790
27861213
77421107
47191497
47203161
41090839
76534501
71082213
00837062
70184008
01165079
74811785
01152909
44667002
76646095
27721303
40586753
42241447
71064225
43071910
73788578
00849315
77042740
42649898
01108701
47666416
74400791
33593567
76610302
60994928
45232515
78288394
71737832
45393553
74499863
46616048
43930869
72083913
76254966
75311868
74803337
01048326
44947000
42876344
33585845
76430156
01136507
72015468
73424279
73756816
76387865
42450831
70187337
43480675
46495674
27419169
46390559
76987810
01106269
60036069
01140166
70161008
74587944
46062080
01157567
70470592
74426479
70109224
77047573
60412746
45245003
27733671
75209044
73606577
00864719
74231463
62145283
01152687
60288771
41625832
43228065
77329039
42896524
47038283
70138840
43396689
73793511
45111114
41680793
76145598
27845193
46475121
42343516
71662523
33575692
00906680
41397696
46568784
23019636
46880929
45657704
10295303
40803150
74289881
62191618
42226196
01160211
46994920
47501854
40448607
27243548
73471816
48044597
73756160
76044644
75214499
01114720
81240299
72669933
42972263
77687895
41353908
74612682
01096368
74875833
71542660
71530604
73084224
60874138
70109602
42316814
74030503
33662959
01174844
07466082
60569353
46881016
46625400
20741143
71900287
80210899
61700434
42608916
47318731
70171167
42099061
70180365
70180364
01123657
74408983
01049572
70827382
44015066
74607713
73814482
16772822
70160653
45675917
76384754
70992794
80420564
01108550
80321270
42630762
44807258
41714684
44647844
71601116
42935685
27844092
71777813
00983180
76962151
40406752
41096825
45961837
00851241
00947041
00900339
01162455
74202089
41028051
48289005
61099931
44551212
01076581
71406916
01020845
40527147
74321731
60034345
80542594
43523763
71505236
42805679
00913938
76244133
71700574
01132180
73217133
73655563
44520099
70744389
74657605
76136852
40947742
01147559
70127624
63288053
76881027
74289253
77299414
47435108
71004798
07986772
45271353
00913960
75103650
33675175
72234873
72234867
42121321
01161757
42614663
44779689
01045213
00951943
46930995
76502544
74866689
75071535
72946412
45813086
73768606
42503063
74404938
76159092
76786879
40669438
47462897
71625809
44715629
00843619
01130704
72866830
62088347
01137863
42940417
80686122
47204129
74090813
40423966
73661713
01047067
43107278
45383899
72648696
76254735
00931619
73339362
47241150
46535152
01148013
70240417
01124001
46454918
71196405
73498261
70572147
73710667
01128789
27052361
44703115
42353433
42005330
42097951
27577358
72265316
75986992
71653672
01128328
73230827
44702854
71477380
47735838
41972693
44789933
00966915
76676298
01016352
45477348
48485680
00961323
45197976
01147705
48834247
73130166
60253181
75136482
73475880
71868778
42648044
62682101
75962772
46549114
42326803
44709247
70437275
60515058
71299764
62682159
48241872
73793532
71104126
42393504
72275210
73499003
42250907
74494708
41274772
71868813
70322961
72966919
43203934
01120508
42079633
42524339
46072118
74407832
42859765
42589741
19669773
45708302
41133104
42321163
73321435
47332032
70348645
42832299
73777354
62132578
41375152
80427781
62851803
73635199
76421150
47229913
22968768
47094950
75136467
74946449
42879259
72650137
42075944
60412321
61960784
60362609
01142404
73083823
72309473
46375819
00966892
70520108
01100413
74932711
46361786
46359910
71473372
06089795
44406512
72234817
44590412
60432456
45545218
46059907
76981890
03238264
48085586
80380501
47968479
76790132
48255801
27081409
76950727
43767375
77240874
75120316
60875085
63288118
73116908
01044260
48609031
41488986
43861849
27566187
01041527
44048417
43862845
45172161
90805997
00813550
76185285
03241599
76881169
00805349
77224016
73428740
01011220
71023946
40162247
71973382
73787018
43888286
03243296
41153183
42774881
60421765
76877752
76868302
40980535
42611262
01098980
01138079
72671787
77216356
00948792
45040762
45379508
70060936
47867976
74289254
73699785
47044089
42014317
00933555
43941636
42922994
00959684
70616452
73462999
00859826
17902561
01079122
76159059
73853660
60478098
60276567
70783463
75627944
45583137
75371517
42946023
70309904
60131015
77796173
60252781
46319436
01135851
05398595
76135118
77472713
76331108
71321756
46484348
72801293
70061539
44308014
46876055
47858876
73539572
70181403
00900576
40802625
45659927
47301421
47355049
00809394
72842006
42862562
47360109
44835000
74433648
71782452
42020848
73595537
01149616
46919901
74661428
75230741
43824119
41778222
60369507
43493677
71480027
71643311
72322226
75975178
42626420
42310956
71925327
70777221
41463299
46101988
45795609
00974766
76769886
44781930
46594257
43933625
71426861
74435161
42023874
42369463
47011258
71689944
74529281
41557632
76870165
76158786
44487454
76159837
71723977
73460954
74914372
46242589
74865272
70413824
46488234
43107696
75685836
76923571
80499534
70749420
45842388
76480627
76975963
01060852
77925705
47885572
45938937
71503941
01101785
73767197
60508851
71475139
41894671
76232636
01127637
77417621
75181335
40022602
73324214
76065585
47465499
76503584
00814936
73469705
41392790
71074100
44485618
75667948
43212174
01170331
05225092
43839936
47096701
40628231
44804536
40341055
75835673
46626510
27717954
71256201
72171188
71579202
75709578
72171162
44201184
43583593
10640249
70161026
80182582
18142706
45235223
01052655
44229417
47050828
42056827
76069640
76065529
80254352
41524453
77327375
70109225
76445386
77223991
44557946
00876051
01144616
74313169
09909672
01076583
70249261
76830029
73016455
71073076
74539528
42037285
01162774
73935764
73855167
42419376
42470352
45212582
70760750
74535804
42427994
70352534
70241618
45390686
43781630
00924465
75899378
44582786
75737795
41375141
44645942
76692482
70554550
45270839
18138473
70617698
73756807
43026432
74760727
41979980
47762244
76200724
73658696
61606727
47810611
46608808
43944361
60029993
01122392
44862249
74285781
76153295
71066675
74234902
73983593
00860405
01062789
72102823
72017780
76623021
74173721
74651682
80365485
71902079
44107790
42403989
27295631
45507964
76228358
46181748
00921473
48377268
44679861
07184149
72712877
73785692
47756950
00860991
73461155
77324976
70293052
00953562
41237790
46326884
70386629
71522479
77422760
71217580
45598332
45477850
00822574
41499291
77174127
71824803
01080913
42443245
48236793
44289006
48832778
01100847
01137068
01101786
71655090
00916496
72537169
10799962
60204787
71256173
01172176
42423779
76351104
42588668
72155733
73741978
45576939
42007303
73376933
47679757
71690006
43872198
47371626
77421120
01106007
43628644
01159478
42966190
40842275
71774839
76194635
70018935
41554182
00835387
75516631
48910510
45199939
33669130
74834021
71289638
75798025
00989630
76642287
41803823
73865294
42405118
70184652
01094909
73425391
44556351
48260943
73656506
80291429
01153977
00971498
41625805
46461621
77919486
75156939
71654108
72000697
01061983
75224711
70108893
01133499
47740689
00838657
80252499
44842812
42194310
72220166
76554378
77564557
72466730
00916541
47132479
01159129
47247504
74867359
60132571
77414499
44923104
71555496
75762802
01054707
73790519
73637491
77702306
75887719
00907804
74539571
75478892
01134794
70499828
72226372
46133964
73767534
42561511
46427691
70195534
80403188
01059574
40158772
44156390
46214177
74170869
43878646
75873308
75823377
40998688
76739151
01013890
00847808
72464876
40383676
43873860
76120966
00975116
72036685
73516165
72083929
00977452
70089355
00882297
76093453
46864367
73590490
01058336
00914744
70749427
44008737
71537430
72966802
00951040
72286668
71831762
73784412
47154396
60465575
42768291
45773978
40418415
25750183
75988232
42419215
73932577
01081899
01150993
27682989
75785516
80531346
76221079
77235375
70256384
44042344
47595372
77213514
73999524
76822637
05614283
72167961
71530606
44524774
47319471
17890542
74125322
47872998
73756781
01143665
73947836
01161969
45400688
42418753
76083964
45363416
76036537
01081464
60185610
03239050
47247866
43102471
48048385
41674904
72888904
00974484
44867472
71073542
60132778
70293137
43062733
71885617
71520979
75222008
44821644
15434872
76769423
74630370
00922345
62802759
45961018
43732919
71594471
00931696
60033041
48820232
80325837
75577838
42716288
74779244
46076455
33673691
41839851
01099180
43852138
70761210
44344163
47326591
42880702
80452863
75832854
74160249
43198066
43179572
70673990
42211242
75107805
62246161
60395859
72891981
01141327
74379943
75058750
22974035
43633158
76911411
71831734
43200203
41230386
43650726
60659853
70781380
42350658
48129140
42563729
41143531
42123954
73455621
41277131
00908836
76689843
42976439
75382048
75651177
76678192
76167962
60036324
40958853
47674413
00845395
01075230
01046346
00877479
63595950
61696271
43682540
40274937
42340278
42755996
43227236
76008941
48756033
46762156
41473715
41087546
60132029
00982968
01090785
00972152
45412465
43466835
75833964
73121318
48421871
73830920
10734743
47921126
73103101
45489361
46604554
45149359
72944090
76645665
46113009
76055626
01091218
75777757
76065109
47210263
47061532
44817243
75048950
71583678
47671674
45908134
43940886
76052817
01061814
00981338
70748211
48673421
48934428
75951014
74439308
48185228
44575570
73227974
71465643
70184646
80325357
70178345
76972863
42484800
71514731
60299544
72464942
43053933
61399127
76828109
76033303
76831923
76831922
41630860
01053341
80536321
42564710
48798666
43169544
75913143
03234574
27434297
41824421
75493010
00966059
40590431
75697680
71308233
77233198
77921896
40364320
76870035
71589728
44083484
08684449
46506142
76218524
70385954
60491849
00831058
46874935
72234832
70184633
76253466
61560702
01137962
80900365
60356476
73014528
71910664
41760871
01016582
41977473
44089685
01159767
60436790
80686283
44224909
01136876
48970731
77090447
77328945
73358281
71509615
05403402
00883517
71655371
00982900
76359867
73702156
60132452
46680582
25857198
76611866
00983458
00974516
00884820
47027755
00901323
46503098
00964251
01136996
76074955
00905933
01163077
60361211
00831934
61388546
75225887
71465246
01117979
47124223
47159734
00955375
74249466
42970233
42099050
00869071
00900849
75547174
45035942
71883347
46134545
76673546
76611857
75072712
48657419
71700652
43312046
01053396
76352060
28122510
73995598
71083195
72167964
71867769
10681750
45719117
46285142
43732170
61079453
71311381
74409590
72026627
44593175
08391558
01108956
70189148
73352274
40139185
01063748
43631219
43210581
01078170
70664833
76235365
77087624
77797924
01049956
60033735
70251045
16727198
42249344
71502566
71999672
71064234
41815717
41798089
76212720
01123893
01093036
00523298
60323319
74379404
00480417
00486440
00468191
71910716
00484533
74425318
46922719
00517402
00485072
00664805
45406374
61023664
44117997
00673938
00673890
76055616
73217018
75571389
29556473
74876126
40278873
76967110
00793456
00520466
72087069
62031582
00513820
00504684
00503546
00501977
44059398
00450592
00467131
70999040
42753384
74044062
77430769
75392183
00477990
76907900
77234777
71203951
70574089
41215821
46450824
70439811
00510096
00440600
71796733
00510744
76186384
00489678
41333647
74044261
45560156
41868948
00481509
72735140
00438079
75563444
74689348
00458744
00428907
00450520
00450733
41475102
71513048
00673949
60065000
00402729
41390604
43638063
43285473
76533915
79707426
61038535
48587502
76805755
40667344
44734466
61301823
40305280
71398340
77908960
00485507
44584735
43738092
74059500
18205040
00517489
71524758
60170064
74120215
44314747
43021442
40030115
80310612
75789743
00675322
76604750
00499919
71041064
42553872
45612822
00671358
41632209
70299932
43131659
60245501
00794260
41914962
62750683
00790002
46539041
00791919
00662315
04621293
04433739
00479975
42684014
00486236
73570921
76647383
72888587
41011464
00673843
76196385
42687719
70303865
43429258
74475041
42488034
70584587
61005842
74475039
71306667
62090013
72172180
42965189
48637567
00672778
46189424
42278961
70843046
00482244
80230598
47469462
00671749
60065004
42551034
71282603
71279431
44734454
72285888
42073533
71745112
71276843
00505642
43512004
47018739
00427117
71311248
44490798
00672732
00450834
40379066
71290061
74323149
00496080
75054237
00514549
46425120
70371341
45531101
70206967
44307913
45748564
46390478
76832941
75828098
00460347
40311916
40960285
45559896
71391346
40346521
60899542
46062305
29220133
00468549
00458379
78116056
00467436
40547376
00669374
41358012
75885872
44062200
42444428
71345527
70299953
71239433
00497333
47012414
43473602
70500431
00479790
45506689
00462485
44143896
70022708
00446677
40406764
41382718
72300411
72300399
00433738
00503896
60066822
76055615
61769570
75393460
00438930
42432649
72363327
40419017
60586300
40488370
00515328
71098490
74892207
00669396
71281767
74869263
00506201
43755606
40999965
40400270
00457676
78013417
70495129
75719402
40929532
00518021
00482440
45771746
74393273
70926615
00675202
40080522
73311551
71078003
71322951
00418536
60065051
00797478
44671647
77134946
42847186
74374606
42131061
42596434
75842496
00668649
40534714
76982157
74241489
41031773
47446339
21817852
00662487
42513842
00444285
42033507
76648738
44167997
42142638
76857152
71313296
71313297
74978659
76636741
74048768
74130741
00664654
46608987
76852908
00514185
00668614
70775860
74584504
07863965
00459273
71006642
76409802
43075514
00484278
00463798
00668512
74365455
40189210
71931930
00793244
71824122
70932001
71714540
43765383
00511967
42002825
40632095
74620191
70122774
43317191
44019667
40236332
00512590
00480976
42013508
77075139
73789676
77279618
41149516
00677725
06810368
40394971
74585103
72363346
00671230
40693894
42772418
71524796
42233660
44470764
00664250
75774901
60064156
42157168
23014312
71317292
43174184
77136833
41256742
00671182
77083281
00427362
00490568
76256434
71322086
00458330
40456871
40776515
00512306
71743565
76962399
43737695
00406647
75564874
71528031
72956893
72283815
43545735
74504626
00492598
71235969
00433354
41149534
45685910
00498490
04651372
00517846
72285887
72422225
46361968
70846672
75373941
00495927
00476854
71322876
71215353
71217875
71394139
72787602
76649096
43150057
44461984
40433120
70866393
77704757
71218480
71226400
00412616
00504274
40654410
75833822
00446718
42783211
00666176
43574945
45369671
00512620
40821894
00485706
43013106
47198191
74994520
00676558
70341012
00428265
44143934
42433186
04409460
00488255
48103920
77284846
45601104
00674035
73669562
42290684
80392475
76765415
74607600
47899726
60988980
00505481
73627954
76033254
74374153
41134100
00512461
72946629
00494473
48022711
40462347
76976727
61040358
79051675
47842768
72810407
41525937
71318594
00790389
43884941
00470058
00421458
75562578
80215074
41798434
00441155
74044324
75516907
00459343
00661457
00501228
41009033
74295255
00442592
00676188
73605990
40223729
44009493
70574080
00426705
00475644
72756707
00400909
00457707
00794139
72100213
45228968
42942453
70907857
04642916
44761802
71399413
60515995
76620551
46471854
76285384
00487570
00506238
00520803
00403791
04642265
71567627
72195403
45396662
00438591
41740573
45050943
76741986
00791145
40078280
70783549
70369181
76757974
43969074
70432777
42420043
74536273
74082281
71470306
75553884
00445986
80215087
76760489
45514121
44618352
70046329
42825928
00425198
70782905
71256490
43816196
76852889
71542411
71275019
00480628
73185626
00485448
46970117
48077090
00508566
42261753
41173619
75373449
41337502
60065150
45742505
71390992
40480240
70097082
76143150
71920658
40680600
71248924
43764712
43526999
60064818
00517218
00797628
43541621
60065065
76931928
00514526
48059144
40648640
76357710
74130693
71531520
00669270
44761782
77296607
43458111
42319757
43800688
74497457
00442010
44269114
70021471
71317281
00662037
71460191
44235818
42914600
77485601
00793012
74497423
43345232
76385015
43637491
45493785
76805589
45121020
48397337
60064956
00404544
76967107
77428258
00461315
73939941
00499790
46466754
71378942
80230713
47725368
77377595
42067753
41113345
40654132
00425295
00467473
61187818
00522170
00491041
46889729
75255918
70865263
60899592
75022887
41791145
44596050
00673787
70783541
72693136
72100203
04434205
29715363
73144445
70370438
00475805
41267485
00506727
00672739
71311268
45657706
47355560
00446662
76988664
48095515
41366156
04440099
42668377
77356879
42594219
74132367
04406447
71949685
77909511
43934899
43370992
00522187
60456239
73051424
00506441
80183948
00515886
42022160
71313308
71060452
00462648
72422231
44009480
70599990
41176037
47063240
76957085
80297205
71400296
42198106
71326931
71739945
71070423
00495182
78549337
00675261
43265527
00414819
44002887
73611334
43258678
44013553
73493809
71524763
62031827
76953693
00429884
70459063
47247182
41685697
42205385
75263120
71236208
00520532
71234472
43536755
02418066
00478045
45774612
70174159
25826148
74535760
71470145
42174807
47138046
41934976
41431878
71657289
73749718
00500918
00662665
76963896
48629468
30845001
00479459
76397876
00514480
43021439
40601642
07859127
40963658
74130708
72669566
45768891
45013153
00683479
46396340
70999021
72975510
10259072
00521704
43020903
00676136
00461350
44803332
75563386
00507415
41396759
46850913
00676241
71726038
42629330
71039535
40123525
71142213
00793955
70453289
71946674
46672075
40066689
70463942
47105889
78633538
72285874
47044035
01301117
75629256
76056136
44352176
60850519
60556170
76743288
75584547
71311278
41542409
76913229
00797042
43551945
48002083
40214628
71470231
45353566
77246889
45342233
71391334
45926563
00463027
40232281
73709975
76973893
00493312
71311254
74400574
71983489
76914481
60169856
40075969
70681639
01781624
73269346
41101289
42906392
42027853
60064902
00429622
00459321
42569488
00442464
42337978
40847498
71218511
45483341
71391332
00461097
40761969
00463842
00483949
71311325
41735450
72945181
40466118
00443851
70023412
76783844
71142176
70615618
73957141
45796142
72023245
71306682
77341962
42780724
43243652
44794111
40037551
00462788
42417379
60959009
72559734
77679206
00793013
42417385
45102513
42304413
42978666
70600656
71843574
71311282
45485418
46119649
00476626
48296588
40133132
43222246
74721026
42239062
74234996
44033439
00502428
60416858
41516786
76938345
76008220
00463331
71267601
44190815
44560678
00448383
73071645
00492511
41885376
00675375
77495373
47710368
74155819
71707685
45190827
47792467
44351568
70999024
44210904
71198727
60064351
48738819
60178561
60065052
40826983
72292908
73832914
48101213
74048777
70174155
47901328
00669309
60064904
46458075
00512510
73310062
40758290
46960274
75514700
40685083
00520409
72265480
71311255
74697098
48006100
43371251
43141310
40930011
00672788
00485663
01202027
04438188
00678811
72409438
42624208
70121562
00486267
76008211
40048357
46203423
76831781
01330690
70853575
45588394
47963951
73786459
00660061
62789428
42101019
76368627
00671329
72241573
10236465
72162806
74634067
45771745
61187668
00450957
43131652
76949327
00662206
74038595
40980543
73608133
41664920
77674887
00426210
00670462
80183956
47138251
40103102
00508906
00502092
74584500
70034718
77917648
00422037
70473527
71230211
44928445
71579653
41593136
75055684
60064851
41506602
74374004
76903473
60532234
46648465
00494071
72100206
72290152
00505965
40115252
61231588
71254271
21520786
60577200
00472412
00496153
72845763
00487813
00504949
00428783
40212320
74583834
74470598
73125137
70877083
46138380
75081974
00677707
40059916
75432942
74869265
60732441
60744783
42428805
00500682
00501206
40369288
41833017
45095672
62546529
72968777
77280228
76597260
71134232
71345115
71345120
60064455
00489403
04632323
72285862
71003135
71391008
47731278
04429249
72409443
60834984
43470334
45650617
48437164
70359373
60515900
40863955
73783067
61602565
40358850
71779526
48762091
41139292
43866665
71306669
71771015
77325312
77529763
42293152
04644374
41985470
72631000
04745566
60583710
70182847
41104657
00498095
44810911
00467443
60802209
00670840
42255279
40618559
46526776
00415805
40818726
40361437
00481431
40148198
43348283
00463273
75615110
41784948
71311257
77093703
44252920
73183798
75409808
44035000
72399215
00223227
45360523
74247751
44984404
46418869
48511281
76919972
40285935
00205733
75249832
00225980
00216103
70055705
46580369
44056791
00208174
00227767
74876434
40069876
75091314
40689352
75499266
76368341
00323055
00323538
00252372
74657206
72116138
00361290
00216944
42154182
41428686
70454814
47001558
48264387
45433936
00368914
43216727
75286667
43491849
60526821
75693959
70158665
00367848
00236681
00227759
43220963
46544845
41964738
03641513
42536415
60454644
00325144
00368444
00373247
00227200
40866471
44801152
48279696
75282495
72887576
00253152
74935712
60654151
70821071
00240298
74980679
00246231
75711793
00372936
00246368
75409855
75409854
00233599
71080095
72786484
17877961
75713590
44211789
72859144
76264616
00323886
00245768
72621343
00230081
44117154
40285942
72723491
72723490
75480757
75338291
00236141
71415869
41650597
00374628
00366686
73433248
76984036
47514752
77280966
80332689
73832822
40416283
44423068
47435358
74633131
00251793
00371299
77347596
73670113
75001258
76688201
44574113
48239795
60454141
42666045
76643024
77426467
45557590
46850914
45506694
75588848
60057847
00255290
42787623
46156648
44194644
03370981
43263655
40954081
00324213
74031226
45592066
44097831
70053738
00374314
43852550
42798292
72487840
00326736
74365333
42672838
40339933
76512947
00208780
70284144
46275051
73430096
00374055
40649914
80437062
45897944
80456874
75373005
48661063
40584129
75788458
00244014
00372850
71564012
43084057
73433232
40363368
73433958
42019149
40645747
41422039
47032205
72327548
00217133
80672980
72230590
43655611
00326761
45674899
73014575
40920991
00371529
46685706
41000397
40774189
00244729
71585047
25802843
47224061
76657448
42194217
71585058
72753045
46428207
80485909
40484005
42796198
47713386
70048263
47122786
46914660
75310436
41329852
40150728
41825252
41749208
40962505
71102371
44685147
71585042
00246996
00254205
76194974
77320932
72172194
72176148
76507597
00253794
48492507
70058270
70298950
72793780
70070900
46980011
80521881
42159167
80485012
76450746
00326659
72528318
74446839
00221034
72725274
43638058
70066699
73114406
00247213
71910768
74896040
76074584
47453021
76335995
74715010
74371083
43350076
75025280
75497287
73427205
75322247
43822117
78010776
70062038
43364142
00373441
71776273
00246606
00237241
00242160
72214485
74939687
00255852
00239462
41932990
46898072
73433872
70812491
60057527
74895981
71076609
77271390
47451919
60057485
47486722
73430044
75265710
74977138
00325083
00322409
47345273
72471598
44029429
61270141
03344382
46814633
00236532
00214028
71436795
40065021
44009504
00203782
75120692
74947685
71742068
75309999
00207883
00209838
00256597
71871073
00228721
00236218
00235555
74762054
72969163
00207179
09796723
45031833
44566371
80306580
00321333
74969981
46428545
42796200
47758277
72632817
00367554
08106476
80334032
75935340
44566219
60225431
40613000
76800449
00227325
73428669
00233881
44547690
71585002
00323733
45252751
47126400
02885557
71035936
71035937
77135015
45826765
00249066
70812106
00374322
72370765
71035939
71035942
47130230
71619398
02871802
00210892
72851435
40367981
00255506
73427248
73148276
00242002
76452897
71977057
41272327
43501884
80369113
00236755
77228896
71415842
70315131
00323978
70902588
60416506
75727847
40406770
70062053
73100370
74362815
47887493
74543437
00326060
73454170
00230842
75497115
41697195
72756736
00240970
74707785
73339380
41694577
42906837
76749199
40962500
80359055
60460939
00254943
42752895
73388395
70477046
18122471
40687258
00328252
80562629
75949605
42920115
00373377
42256969
00236254
74947524
17939977
75567002
42241475
80458029
00373968
00243876
80338922
78199241
77230292
41333713
47525039
00217498
47503299
00367209
46793304
46059364
70070881
41618125
70823709
00325447
72904716
00326813
76374855
75285488
00247037
75078787
60878672
44201719
76269949
70273302
44408295
60057466
72774944
74452725
76790820
00325232
75319146
42403429
00325199
46872173
00240806
00241700
00373963
74886743
73433230
72327542
41336072
00241529
75309998
73095672
76787801
70486195
80360438
73650303
72327545
74450292
72866699
47488795
45726077
70486553
71025050
73765724
75056984
00326948
74620932
00212777
00242261
03379925
77128921
74966272
75080288
00245137
60057651
47119406
75494818
43473918
42410679
71086169
72032673
03846157
77538710
03385631
75263600
44532043
43902650
00374522
00366688
00225453
80673072
41868642
72043652
00253194
00224039
40456251
00370172
76369096
00326335
00242055
75120930
41332955
00250931
46643099
00222401
75427981
43908573
40734887
71781430
00365438
70902578
74368487
76019662
74020647
45233876
00235717
73578071
42378630
60743806
41638208
72136175
45689341
47968484
71348255
44395354
45849511
70259505
75249224
00365444
48066844
00227404
74818978
44575680
71995424
76463381
48515137
42623595
47429188
41076126
45803701
77099692
43548150
16780338
00370724
74624227
47875456
80364200
75248090
44865148
80279529
76741430
47299317
00366344
41304786
75532535
45984487
74421155
42921602
45423139
72927745
75310645
70298621
45892388
00322352
16796097
43345930
47384399
00218215
41634874
03238224
70805849
40421004
74383104
45101589
76741435
00229785
46665091
43084408
75139575
70280398
76214189
74895960
18130852
46799447
76251265
43399628
77702803
76059792
75530935
42685194
60057840
00328182
76923879
41816897
43203953
74879270
00373127
00321050
42929866
00213570
00226803
45970171
70292584
44030497
40193750
00246148
74806583
70277399
61726932
71104152
75025979
71739948
74947516
70812066
72469571
40520520
40154017
00207901
70277633
75817328
73309053
80277450
74837082
10267211
75202692
72197845
46415530
47190356
76269845
76262574
74842307
00252937
75370042
72021034
60901134
00321989
41159479
03371360
00327173
27155832
75026009
44099784
80673299
75412421
76048570
74450336
70294827
60057795
00223263
75924702
41092540
43295803
44289068
60057496
40800681
74362776
00219393
72788983
70904506
60057454
45645641
70798898
00238157
43576151
40409987
40308930
44874928
74620927
06805281
71206422
07623336
42492531
40211046
44443727
00374635
74627670
70904511
74651967
70298915
00203477
74940215
41723729
00323654
70812099
44514462
43022783
42032737
48357430
00369980
41074484
43685637
80468743
00365378
72631606
44197727
60991684
60466255
03374754
40241837
00223408
74835042
43104704
05345330
70259489
73997218
03310044
73104690
72626879
45419944
00239094
75270230
76453435
70948700
43405568
43867976
70686585
75079157
60433273
00249760
00323059
44298090
45265115
46316437
72769947
72861029
80661429
73427858
42211150
76368674
00241786
02640034
43439715
76432049
47181422
00255076
70316179
45936832
45145619
75700771
74748824
00238554
75651863
76568046
00177778
45852767
42690745
48863238
42352497
44752779
00156878
76938655
00122109
00076238
00162743
43622098
61157474
43045274
74032839
40279973
73388607
72803158
62558355
43123244
63745901
46707600
44569524
74380892
74329698
40382377
77502411
44439272
80441828
77320291
00156991
70340051
71020053
74443821
71509086
70107230
44645991
41655370
76399393
25862084
74121187
00173334
60557553
74632876
76777525
42666825
76846858
72888731
43230013
60012479
45323356
00171807
21148296
41153244
60755803
10623517
43013393
62943075
23160282
09457000
74856149
22482071
72362115
77064330
00191235
63757712
61112989
00089075
10077208
74628539
05415364
00191140
62943156
44400597
76770193
44772236
20041344
00015036
46165714
00121262
71283662
73632796
47252535
00056297
00074679
60404473
73466709
80690106
04314135
73603905
71048353
40223446
48645423
05399803
72390792
77388716
48875173
76306571
00122748
48319314
00016289
61626445
80430806
00106290
44353916
33586946
75991699
45843372
45070522
00038631
76325974
71128262
10866338
45375988
43324532
45409790
62521504
41618246
46810653
19423960
00124424
00158415
00153007
00084099
80675211
74914675
42418168
47226549
47207409
00087204
46175275
77244793
41241955
76345399
41584826
40184995
42290532
76945423
00108519
41024723
71325536
78463262
61122630
44249728
00075099
23014284
47962802
61077044
71977075
75795701
74918369
75464016
75464018
72383640
78245308
47825742
48483238
44796393
00962588
40955361
76174254
72838437
00113858
76259271
45213699
05845866
21144540
21148695
05348827
00100088
80583444
46475131
00153424
81648290
80984220
47111612
48768283
61721088
45583878
45583919
48232016
41468797
70201652
00056987
76725057
61162764
20741577
44485875
47410034
44904431
76942780
21141439
42782976
45397877
41880713
62882868
71234541
41600327
46159230
45774014
04326935
72449010
80616899
40625663
62214833
08313233
76346945
80293097
42977349
41552541
48334317
75068376
47977362
05624194
60010230
75160790
42574531
80902089
75706116
43540743
60756133
43526317
73786493
76632328
21140475
77707434
72167889
00130339
80335620
72321032
76473818
72362124
77043235
74367348
80443320
72162146
45775612
41539832
70101880
09520795
00190913
77062355
48791915
74297422
22468878
42880695
00170151
46582080
48265035
46381707
48346041
70351263
80606261
45046560
75711150
00090299
60956758
72609681
00125661
75155775
63778638
48319320
45716210
04333438
62908224
61970572
75156803
74634687
72627269
80441820
46178923
20996762
76878065
45495891
00127096
41603077
44578411
42601993
00059458
80200925
46460762
74628563
76931567
46326379
80388732
76403671
00003945
41803570
46254764
07637806
41286268
80674920
75751694
70226803
73789002
40480262
73020627
43928064
61733469
46600956
73051450
60913801
00044591
44047215
75776171
00010108
76323698
47872969
71987532
45490616
76480236
22077753
63757821
71256233
00097567
44101668
60948164
42377176
77222803
44796917
76036269
78008844
61620630
21149307
70138917
48070732
74630091
74634710
74634712
60379830
80441776
47864174
46118470
05848782
45005312
44788724
23000850
60307273
71381732
76674922
75866992
47720690
78018021
45774719
40719733
46464660
74088886
10653543
48268634
77356153
71339640
73374203
80614736
60437476
00042215
75445677
21149645
00108664
77800576
43319904
61265617
40116212
77057927
70774124
60109714
77502342
60996586
44016299
00095968
09619224
10467740
44593748
77687332
40563109
48648156
40997477
72760728
44094969
72046048
21141485
42693517
71039598
70688398
75802892
05350914
73885542
00109542
48878641
75866779
47818235
44713630
44097566
60755750
20994182
43381320
45934694
22672493
75768048
77532274
46238576
80126562
77430354
76730169
46613583
47292463
76684260
48163288
72312666
23161330
44095983
44090106
76294880
76772761
74621490
41190344
41873493
80187195
80463580
00186137
41422860
76161008
45638085
00185014
43601600
48707860
00100513
45881365
21002242
42179946
72269028
60012573
47201099
22480663
76352280
48056940
76902650
45049829
00092305
00089616
46507067
61733424
76787539
44320382
00099745
76923704
76389392
47848571
76916413
00026190
60012190
00158623
00191111
62943199
00050070
46058042
46217109
45068715
76964064
74613112
41089547
77795250
76776495
45098804
00049480
76831394
71086227
78702488
63322270
76872254
40392144
44378817
80445503
43480814
75101126
76671372
76986763
47252400
43098449
61133617
75809660
60581577
73428217
22675938
32304939
22750310
44741341
63757684
63140661
48089320
76804740
62939989
44371223
48801248
73788655
27665587
60641831
44875747
73791881
76801416
00099034
09885406
44153911
60209092
17433274
41013198
42446289
76145882
76417424
48549977
00172195
80419708
40533420
00150047
00158525
73211538
06287030
63776289
77903038
00159949
23014584
00170206
72718599
77485665
43230805
77564824
47829700
44979444
76427824
61501698
75731868
23156328
43579244
41270942
48163143
73143155
41307865
74443452
21145166
79134735
40908955
73357093
61122196
44439749
76727932
42069813
60895155
05333034
47741890
41171994
77800563
48572258
76374035
46110240
45429329
62751116
60110740
75768054
42510526
00162182
76516382
76585358
00102322
48669583
76669033
00076107
00129145
43631388
47607139
76473585
60430413
63311784
76436250
47666214
60113276
60110556
72247144
48836136
48780722
00038772
46554786
47849420
00061086
71920822
47747350
46084329
46913578
72151148
71047474
76741683
47179542
40537645
42474797
00130423
45796859
00086344
00125932
42342638
46349473
41079644
43126133
43991013
43110332
00157336
47858039
40220573
75851919
60021571
48304603
60280546
46522897
42165938
45853379
46993790
46386235
42970802
44928463
00124653
44387532
46819850
48606333
76958826
48554995
80557206
75141233
61201927
62113443
62007703
76144570
61734018
00099535
44702029
42061750
48635592
22463142
46161939
74632722
76724982
62943176
41928048
43624810
72244198
76050384
00105572
75452168
75888065
74309115
47858025
00061347
45033273
74366154
63360033
40335056
76790933
47295429
77908708
81233036
71553802
61343682
41436177
00102365
42921221
40597112
42899020
76049094
10003995
47242606
48789859
21149743
77054587
70832840
76505123
72258995
47289318
00106946
46556592
60697129
73632794
40940883
60937063
46996504
72851516
23006683
72660527
80504057
42150179
45628099
40380694
80258937
21144870
60012220
41867571
72964289
77706984
75821951
42023986
77418258
45265135
77037766
60954236
61738088
41608043
63363435
00128346
45229617
77800961
70436505
00092279
76052750
47057003
43962617
00038679
63287123
62008609
62493878
75007596
75395800
40856481
73126787
44147061
71909178
00093329
63400064
73803683
41901514
71440561
00020338
71722862
21148078
72150381
46762253
40608665
75537766
00033259
75072697
70752523
77565831
74369741
16582510
60996543
78373087
41553384
71432657
71414623
72627213
60187568
75937885
71012069
72686674
75397720
72073208
73361009
00128101
40584881
80436294
76059835
78042021
47139402
42440695
60352431
00125943
43919910
47921789
76014478
61006007
47813060
00092577
74856187
21561966
00076275
80120768
44979450
73601525
73521833
00173747
72269021
60430395
45713940
70304521
73754722
71008447
61807962
43740795
61807965
42176151
41693607
21148468
75219870
73859409
48275597
00005589
61918189
72024185
70387629
41079641
44523915
48054468
47234999
73703961
73567902
71569828
00888455
72681616
75301139
62751110
21144441
74234949
74406835
72265528
76961411
40342597
21149668
75810877
43648303
44174058
72719799
62936449
00096955
41201014
41268343
45884387
72603797
76693207
71963181
00105720
77198833
00096952
42596171
47832601
44094971
76259195
41936493
00181807
80673853
76230861
05349588
78288351
45765769
43991091
41020328
48366086
60642531
77705506
72274111
79542995
41130819
72148915
60232472
44845403
44016286
46374828
80526041
81408474
09401074
75571294
43185836
75941212
80181588
42714229
71098508
44263069
75078429
44976419
22483971
44762818
48304467
73590037
76473158
61073666
75946809
60559071
62099775
00010044
00053740
76269445
23170537
72323868
81102035
70461453
46895373
70668385
00019759
76370878
00055860
80606207
72574179
73590039
76468739
76960709
43406646
76548189
45629467
60832336
00187556
41086173
75278278
80445010
71842472
70179255
00098468
76724990
40398754
76180014
70801284
48320265
47733179
45487957
80257999
80674931
21143053
00032325
45188646
45659679
40421739
73586928
40003120
46919593
74765535
00082890
44473816
43342359
76948192
79153399
44224245
61952905
22499472
77659879
45271392
76330041
72265489
61122747
76931801
41710530
44596070
73075622
44231763
71069457
00096906
47229985
77414860
22994977
60012560
76867575
43285604
00128486
00006696
40640636
70753597
77817994
21147994
00175949
09538176
46411054
74620204
80165177
44242069
05922877
00093839
42825883
46508144
63158758
60012486
60572192
00162774
44222341
76739081
75518348
60614380
44036715
72106069
40813919
00187880
77794242
74724952
47889000
76847383
00130355
80127029
42468125
80463334
22493690
48628685
74350328
05866091
47888996
61112954
76039186
41873638
44928493
42237459
45750888
60691995
45870268
75559111
77234251
42968306
75831329
23150924
03363525
75772255
70495148
62750982
43644737
00115107
71043314
42851038
25820716
81292069
46782521
76445647
42036019
72615031
60665875
70672973
71578689
00088262
72312346
41952678
40085248
00113597
00055038
41413009
47673777
71214402
73368578
00158705
76915242
00085149
00049194
60626968
72247171
07517142
09608534
00124491
71225122
77274261
72162144
76692819
07968896
42135169
00187482
80610989
76749600
19403264
75808263
48625094
41483618
00158973
43045032
73115462
42487600
43850141
00086123
41676823
75177561
80371878
47601407
00085240
75559112
43613361
01189344
75801423
75136486
71867761
09864653
90565574
75425622
40681304
73441399
45219403
00010532
00119815
42507038
73522616
45652286
00032565
61582327
80440870
47255749
48442957
00171696
41480547
70461440
75684873
73596567
43937008
70524716
45323350
46369546
00187555
46411933
42909465
00165739
73789188
71994295
33954534
00122482
46002368
74615324
76915998
42516716
23020093
77017377
45639966
72697467
46014424
42330309
60109887
00040895
62978419
48481372
71519829
61440982
42466802
80326140
62113426
48959621
75091257
44923206
05954036
80461924
80955528
42072205
76870064
73460998
00103118
00128438
41549780
75183947
00111064
80527389
43934986
76870327
46916265
76291911
74634671
42313524
73789028
42825696
47599612
72934587
41608009
60972077
60353075
73373466
47888994
75935617
00089400
43958332
42999400
43548433
60515308
73691720
23005512
72259599
76352528
80487979
74632705
00053622
62923581
00165293
43792363
42691463
46136680
76746120
77575105
76236115
61505256
44187186
00120274
46832549
74863473
00121991
21424917
62987054
75923886
47410042
61133702
48588032
62747454
71994299
75685454
45678066
00096040
75413060
80118936
10294282
78200254
06746032
00066226
10662224
71340278
43403226
73791289
43681391
63692749
41553414
41539855
00117659
60832230
76269712
46792130
75245807
44169662
71994210
75990076
61582318
72961690
61185294
40148453
76128101
00093722
72636614
75793863
48119934
77516918
76307243
43423592
